action,reason,facility_id,name,state,city,facility_type,days,ccn,new_id,slugs,gpo,address,phone
skipped-clinic,Urology Clinic,2290,WCM UROLOGY-INST FOR BLADDER&PROSTATE HLTH,NY,NEW YORK,Urology Clinic,75969,,,,Vizient (MS1301),525 E 68th St,2126807111
skipped-duplicate,acme:ccn:240010; sciotex:ccn:240010; steimel:ccn:240010,2197,MAYO CLINIC - ROCHESTER,MN,ROCHESTER,Rehabilitation Hospital,54718,240010,,,Vizient (MS1301),200 1st St Sw,5072842511
skipped-duplicate,acme:name+city+state; sciotex:name+city+state; steimel:name+city+state,203,MAYO CLINIC HOSPITAL ROCHESTER,MN,ROCHESTER,Hospital/ Medical Center,54718,240010,,,Vizient (MS1301),1216 SECOND STREET SOUTHWEST,5072555123
skipped-duplicate,activize:name+city+state; parkingangels:name+city+state; proactive:name+city+state; streamline:name+city+state; whisner:name+city+state,204,KALEIDA HEALTH,NY,BUFFALO,Hospital/ Medical Center,50971,330005,,,Premier (BT-NS-002),100 HIGH STREET,7168598620
skipped-duplicate,greatdane:campus; southern-surgical:campus,2198,UNIVERSITY OF ALABAMA AT BIRMINGHAM (SCI-MS),AL,BIRMINGHAM,Rehabilitation Hospital,50713,,,,Vizient (MS1301),1824 6th Ave South Wti102,2059344011
skipped-duplicate,grosjean:name+city+state; jimmerson:name+city+state; lifesource:name+city+state; zenecare:name+city+state,205,CEDARS-SINAI MEDICAL CENTER,CA,LOS ANGELES,Hospital/ Medical Center,47496,050625,,,"Vizient (MS1301), Premier (BT-NS-002)",8700 BEVERLY BLVD,3104235000
skipped-duplicate,activize:name+city+state; parkingangels:name+city+state; proactive:name+city+state; streamline:name+city+state; whisner:name+city+state,206,ALBANY MEDICAL CENTER HOSPITAL,NY,ALBANY,Hospital/ Medical Center,45404,330013,,,,"43 NEW SCOTLAND AVENUE, MAIL CODE 34",5182622400
skipped-duplicate,activize:name+city+state; parkingangels:name+city+state; proactive:name+city+state; streamline:name+city+state; whisner:name+city+state,4393,ALBANY VA MEDICAL CENTER,NY,ALBANY,VA Medical Center,45404,33009F,,,Marathon Medical (FFS Approval: 36F79718D0321),113 HOLLAND AVENUE,5186265000
skipped-duplicate,lucier:name+city+state; noreaster:name+city+state; parkingangels:name+city+state; pierro:name+city+state; signature-medical:name+city+state; whisner:name+city+state,207,MASSACHUSETTS GENERAL HOSPITAL,MA,BOSTON,Hospital/ Medical Center,44951,220071,,,Vizient (MS1301),55 FRUIT STREET,6177262000
skipped-duplicate,a3-biomedical:name+city+state; emina-taylor:name+city+state; expert-medical-sales:name+city+state; lamitina:name+city+state; salmons:name+city+state; southern-surgical:name+city+state; tplconsulting:name+city+state,208,ADVENTHEALTH ORLANDO,FL,ORLANDO,Hospital/ Medical Center,43390,100007,,,"Vizient (MS1301), Premier (BT-NS-002)",601 E ROLLINS ST,4073031976
skipped-duplicate,a3-biomedical:campus; emina-taylor:campus; expert-medical-sales:campus; lamitina:campus; salmons:campus; southern-surgical:campus; tplconsulting:campus,2199,NEXTSTEP ORLANDO,FL,ORLANDO,Rehabilitation Hospital,43390,,,,"Vizient (MS1301), Premier (BT-NS-002)",8701 Maitland Summit Blvd,785240090
skipped-duplicate,klea:name+city+state; streamline:name+city+state,4394,LOUIS STOKES CLEVELAND VA MEDICAL CENTER,OH,CLEVELAND,VA Medical Center,43354,36001F,,,Marathon Medical (FFS Approval: 36F79718D0321),10701 EAST BLVD,2167913800
skipped-duplicate,klea:name+city+state; streamline:name+city+state,209,CLEVELAND CLINIC,OH,CLEVELAND,Hospital/ Medical Center,43354,360180,,,"Vizient (MS1301), Premier (BT-NS-002)",9500 EUCLID AVENUE,2169529829
skipped-clinic,Urology Clinic,2291,CAMC GREENBRIER VALLEY UROLOGY,VA,LOW MOOR,Urology Clinic,41933,,,,Vizient (MS1301),1 ARH Ln Ste 101,3043885432
skipped-clinic,Urology Clinic,2292,CAMC UROLOGY CENTER OF CHARLESTON-GENERAL,WV,CHARLESTON,Urology Clinic,41933,,,,Vizient (MS1301),1220 Lee St E Ste 100,3043885432
skipped-clinic,Urology Clinic,2293,HOUSTON UROLOGY PARTNERS,TX,HOUSTON,Urology Clinic,41397,,,,Vizient (MS1301),1631 North Loop W Ste 500,7132446999
skipped-duplicate,activize:campus; parkingangels:campus; proactive:campus; streamline:campus; whisner:campus,2273,RUSK REHABILITATION AT NYU LANGONE MEDICAL CENTER,NY,NEW YORK,Rehabilitation Hospital,41311,,,,Premier (BT-NS-002),420 E 55th St Apt 1d,2122637300
skipped-duplicate,lucier:name+city+state; noreaster:name+city+state; parkingangels:name+city+state; pierro:name+city+state; signature-medical:name+city+state; whisner:name+city+state,210,YALE-NEW HAVEN HOSPITAL,CT,NEW HAVEN,Hospital/ Medical Center,41302,070022,,,"Vizient (MS1301), Premier (BT-NS-002)",20 YORK ST,2036884242
skipped-duplicate,lucier:name+city+state; noreaster:name+city+state; parkingangels:name+city+state; pierro:name+city+state; signature-medical:name+city+state; whisner:name+city+state,211,UMASS MEMORIAL MEDICAL CENTER/UNIVERSITY CAMPUS,MA,WORCESTER,Hospital/ Medical Center,40787,220163,,,Vizient (MS1301),55 LAKE AVENUE NORTH,5083341000
skipped-duplicate,activize:name+city+state; parkingangels:name+city+state; proactive:name+city+state; streamline:name+city+state; whisner:name+city+state,212,MOUNT SINAI HOSPITAL,NY,NEW YORK,Hospital/ Medical Center,40057,330024,,,"Vizient (MS1301), Premier (BT-NS-002)",ONE GUSTAVE L LEVY PLACE,2122417981
skipped-duplicate,a3-biomedical:ccn:100022; emina-taylor:ccn:100022; expert-medical-sales:ccn:100022; lamitina:ccn:100022; salmons:ccn:100022; southern-surgical:ccn:100022; tplconsulting:ccn:100022,1963,JACKSON REHABILITATION HOSPITAL,FL,MIAMI,Rehabilitation Hospital,38414,100022,,,Vizient (MS1301),1611 Nw 12th Ave,3055851111
skipped-duplicate,activize:campus; parkingangels:campus; proactive:campus; streamline:campus; whisner:campus,2200,STRONG MEMORIAL HOSPITAL OF THE UNIVERSITY OF ROCHESTER,NY,ROCHESTER,Rehabilitation Hospital,36631,,,,Vizient (MS1301),500 Red Creek Dr Ste 220,5852752113
skipped-duplicate,activize:name+city+state; parkingangels:name+city+state; proactive:name+city+state; streamline:name+city+state; whisner:name+city+state,213,STRONG MEMORIAL HOSPITAL,NY,ROCHESTER,Hospital/ Medical Center,36631,330285,,,"Vizient (MS1301), Premier (BT-NS-002)",601 ELMWOOD AVE,5852752121
skipped-clinic,Urology Clinic,2294,IUHP-UROLOGY IUH MPC 1,IN,INDIANAPOLIS,Urology Clinic,36393,,,,Vizient (MS1301),1801 N Senate Blvd Ste 220,3172744406
skipped-duplicate,gerrard:name+city+state; tbmedical:name+city+state,214,DUKE UNIVERSITY HOSPITAL,NC,DURHAM,Hospital/ Medical Center,36385,340030,,,Vizient (MS1301),2301  ERWIN RD,9196848111
skipped-clinic,Urology Clinic,2295,MEDICAL CENTER EAST ADULT UROLOGY,TN,NASHVILLE,Urology Clinic,36302,,,,Vizient (MS1301),1301 Medical Center Dr,6153223454
skipped-clinic,Urology Clinic,2296,B & W - UROLOGY,MA,BOSTON,Urology Clinic,35644,,,,Vizient (MS1301),45 Francis St Fl 3,6175257346
skipped-duplicate,activize:name+city+state; ghanem:name+city+state; streamline:name+city+state,215,LEHIGH VALLEY HOSPITAL,PA,ALLENTOWN,Hospital/ Medical Center,35477,390133,,,Premier (BT-NS-002),1200 SOUTH CEDAR CREST BOULEVARD,6104028000
skipped-duplicate,klea:name+city+state; streamline:name+city+state,216,OHIO STATE UNIVERSITY STATE HEALTH SYSTEM,OH,COLUMBUS,Hospital/ Medical Center,35290,360085,,,Vizient (MS1301),410 WEST 10TH AVENUE,6142939700
skipped-clinic,Urology Clinic,2297,UNC HOSPITALS UROLOGY EASTOWNE,NC,CHAPEL HILL,Urology Clinic,34887,,,,Vizient (MS1301),100 Eastowne Dr Fl 4,5555555555
skipped-duplicate,gerrard:name+city+state; tbmedical:name+city+state,217,UNC HOSPITALS,NC,CHAPEL HILL,Hospital/ Medical Center,34887,340061,,,"Vizient (MS1301), Premier (BT-NS-002)",101 MANNING DRIVE,9199664141
skipped-duplicate,activize:name+city+state; ghanem:name+city+state; streamline:name+city+state,218,UPMC PINNACLE HOSPITALS,PA,HARRISBURG,Hospital/ Medical Center,34617,390067,,,Premier (BT-NS-002),409 SOUTH SECOND STREET,7177823131
skipped-duplicate,klea:name+city+state; streamline:name+city+state,219,UNIVERSITY OF CINCINNATI MEDICAL CENTER LLC,OH,CINCINNATI,Hospital/ Medical Center,33449,360003,,,Vizient (MS1301),3188 BELLEVUE AVENUE,5135841000
skipped-duplicate,greatdane:name+city+state; southern-surgical:name+city+state,221,HUNTSVILLE HOSPITAL,AL,HUNTSVILLE,Hospital/ Medical Center,32985,010039,,,Vizient (MS1301),101 SIVLEY RD,2562651000
skipped-duplicate,dennehy:name+city+state; dowdy:name+city+state; hagarty:name+city+state; murray:name+city+state,222,HARBORVIEW MEDICAL CENTER,WA,SEATTLE,Hospital/ Medical Center,32739,500064,,,"Vizient (MS1301), Premier (BT-NS-002)",325 9TH AVENUE,2067449535
skipped-duplicate,klea:name+city+state,223,UNIVERSITY OF KENTUCKY HOSPITAL,KY,LEXINGTON,Hospital/ Medical Center,32587,180067,,,,800 ROSE STREET,8592572278
skipped-clinic,Urology Clinic,2298,MISSISSIPPI UROLOGY CLINIC PLLC-BLALOCK H JASON MD,MS,JACKSON,Urology Clinic,32339,,,,Vizient (MS1301),1421 N State St Ste 403,6013539900
skipped-clinic,Urology Clinic,2299,MEDSTAR UROLOGY-MWHC,DC,WASHINGTON,Urology Clinic,32282,,,,Vizient (MS1301),106 Irving St Nw Pob S Ste 315,2028777000
skipped-duplicate,klea:name+city+state; streamline:name+city+state,2202,MIAMI VALLEY HOSPITAL,OH,DAYTON,Rehabilitation Hospital,32051,360051,,,Vizient (MS1301),1 Wyoming St,9372088000
skipped-clinic,Urology Clinic,2300,MICHIGAN INSTITUTE OF UROLOGY,MI,ROYAL OAK,Urology Clinic,31629,,,,"Vizient (MS1301), Premier (BT-NS-002)",3535 W 13 Mile Rd Ste 407,5867714820
skipped-duplicate,chowning:name+city+state,225,THE UNIVERSITY OF CHICAGO MEDICAL CENTER,IL,CHICAGO,Hospital/ Medical Center,31452,140088,,,,5841 SOUTH MARYLAND,7737029785
skipped-duplicate,gerrard:name+city+state; tbmedical:name+city+state,226,NORTH CAROLINA BAPTIST HOSPITAL,NC,WINSTON-SALEM,Hospital/ Medical Center,31092,340047,,,Vizient (MS1301),MEDICAL CENTER BOULEVARD,3367162011
skipped-duplicate,franklin-mountain-group:name+city+state; greatdane:name+city+state; richards:name+city+state; southern-surgical:name+city+state; tbmedical:name+city+state,227,METHODIST HOSPITALS OF MEMPHIS,TN,MEMPHIS,Hospital/ Medical Center,30891,440049,,,"Vizient (MS1301), Premier (BT-NS-002)",1265 UNION AVE SUITE 700,9015168274
skipped-duplicate,ghanem:name+city+state,228,MEDICAL COLLEGE OF VIRGINIA HOSPITALS,VA,RICHMOND,Hospital/ Medical Center,30572,490032,,,,POST OFFICE BOX 980510   1250 EAST MARSHALL STREET,8048289000
skipped-clinic,Urology Clinic,2301,UROLOGY SPECIALISTS OF VIRGINIA,VA,RICHMOND,Urology Clinic,30572,,,,Vizient (MS1301),8720 Stony Point Pkwy Ste 120,8043230226
skipped-duplicate,grosjean:name+city+state; jimmerson:name+city+state; lifesource:name+city+state; zenecare:name+city+state,229,UNIVERSITY OF CALIFORNIA DAVIS MEDICAL CENTER,CA,SACRAMENTO,Hospital/ Medical Center,30516,050599,,,Vizient (MS1301),2315 STOCKTON BOULEVARD,9167342011
skipped-duplicate,healthcare-cellutions:name+city+state; sisco:name+city+state; southern-surgical:name+city+state,230,WILLIS KNIGHTON MEDICAL CENTER,LA,SHREVEPORT,Hospital/ Medical Center,30340,190111,,,"Vizient (MS1301), Premier (BT-NS-002)",2600 GREENWOOD ROAD,3182124000
skipped-duplicate,healthcare-cellutions:ccn:190111; sisco:ccn:190111; southern-surgical:ccn:190111,1967,WILLIS-KNIGHTON REHAB,LA,SHREVEPORT,Rehabilitation Hospital,30340,190111,,,Vizient (MS1301),1111 Line Ave,3182124000
skipped-duplicate,activize:ccn:390226; ghanem:ccn:390226; streamline:ccn:390226,2204,UNIVERSITY OF PENNSYLVANIA HEALTH SYSTEM,PA,PHILADELPHIA,Rehabilitation Hospital,30255,390226,,,Vizient (MS1301),3400 Spruce St Penn Tower 21st Flr,2156624000
skipped-duplicate,activize:name+city+state; ghanem:name+city+state; streamline:name+city+state,231,HOSPITAL OF UNIV OF PENNSYLVANIA,PA,PHILADELPHIA,Hospital/ Medical Center,30255,390111,,,Vizient (MS1301),34TH & SPRUCE STS,2156623227
skipped-duplicate,franklin-mountain-group:name+city+state; greatdane:name+city+state; richards:name+city+state; southern-surgical:name+city+state; tbmedical:name+city+state,232,UNIVERSITY HEALTH SYSTEM INC,TN,KNOXVILLE,Hospital/ Medical Center,30135,440015,,,"Vizient (MS1301), Premier (BT-NS-002)",1924 ALCOA HIGHWAY,8653059000
skipped-duplicate,activize:name+city+state; parkingangels:name+city+state; proactive:name+city+state; streamline:name+city+state; whisner:name+city+state,233,LONG ISLAND JEWISH MEDICAL CENTER,NY,NEW HYDE PARK,Hospital/ Medical Center,29645,330195,,,"Vizient (MS1301), Premier (BT-NS-002)",270 - 05 76TH AVENUE,7184707000
skipped-duplicate,activize:campus; parkingangels:campus; proactive:campus; streamline:campus; whisner:campus,234,MOUNT SINAI ST LUKE'S ROOSEVELT HOSPITAL,NY,NEW YORK,Hospital/ Medical Center,29644,,,,,1000 TENTH AVENUE,2125234000
skipped-duplicate,zenecare:name+city+state,235,BANNER - UNIVERSITY MEDICAL CENTER TUCSON CAMPUS,AZ,TUCSON,Hospital/ Medical Center,29451,030064,,,Premier (BT-NS-002),1625 NORTH CAMPBELL AVENUE,5208744189
skipped-clinic,Urology Clinic,2302,ARIZONA UROLOGIC SPECIALISTS,AZ,TUCSON,Urology Clinic,29451,,,,Vizient (MS1301),2954 N Campbell Ave Pmb 217,5207333030
skipped-duplicate,activize:name+city+state; parkingangels:name+city+state; proactive:name+city+state; streamline:name+city+state; whisner:name+city+state,236,UNIVERSITY HOSPITAL S U N Y HEALTH SCIENCE CENTER,NY,SYRACUSE,Hospital/ Medical Center,29330,330241,,,Premier (BT-NS-002),750 EAST ADAMS STREET,3154734240
skipped-duplicate,activize:name+city+state; parkingangels:name+city+state; proactive:name+city+state; streamline:name+city+state; whisner:name+city+state,237,NORTH SHORE UNIVERSITY HOSPITAL,NY,MANHASSET,Hospital/ Medical Center,28618,330106,,,"Vizient (MS1301), Premier (BT-NS-002)",300 COMMUNITY DRIVE,5165620100
skipped-clinic,Urology Clinic,2303,THE UROLOGY INSTITUTE-GREEN RUFUS,TX,DALLAS,Urology Clinic,28233,,,,Vizient (MS1301),5939 Harry Hines Blvd Ste 641,2146593070
skipped-clinic,Urology Clinic,2304,CONNECTICUT SURGICAL GROUP UROLOGY,CT,HARTFORD,Urology Clinic,27986,,,,Vizient (MS1301),85 Seymour St Ste 416,8609478500
skipped-duplicate,lucier:name+city+state; noreaster:name+city+state; parkingangels:name+city+state; pierro:name+city+state; signature-medical:name+city+state; whisner:name+city+state,238,HARTFORD HOSPITAL,CT,HARTFORD,Hospital/ Medical Center,27986,070025,,,"Vizient (MS1301), Premier (BT-NS-002)",80 SEYMOUR STREET,8605455000
skipped-duplicate,gptsurgical:name+city+state; healthcare-cellutions:name+city+state; martinez:name+city+state,239,SAINT FRANCIS HOSPITAL INC,OK,TULSA,Hospital/ Medical Center,27954,370091,,,"Vizient (MS1301), Premier (BT-NS-002)",6161 SOUTH YALE,9184948467
skipped-duplicate,steimel:name+city+state,240,AURORA ST LUKES MEDICAL CENTER,WI,MILWAUKEE,Hospital/ Medical Center,27373,520138,,,"Vizient (MS1301), Premier (BT-NS-002)",2900 W OKLAHOMA AVE,4146496000
skipped-duplicate,steimel:name+city+state,4395,MILWAUKEE VA MEDICAL CENTER,WI,MILWAUKEE,VA Medical Center,27373,52003F,,,Marathon Medical (FFS Approval: 36F79718D0321),5000 W. NATIONAL AVENUE,4143842000
skipped-clinic,Urology Clinic,2305,JOHNS HOPKINS HOSPITAL UROLOGY DEPT,MD,BALTIMORE,Urology Clinic,27269,,,,Vizient (MS1301),600 N Wolfe St Rm 249,5555555555
skipped-duplicate,a3-biomedical:name+city+state; emina-taylor:name+city+state; expert-medical-sales:name+city+state; lamitina:name+city+state; salmons:name+city+state; southern-surgical:name+city+state; tplconsulting:name+city+state,241,ST JOSEPHS HOSPITAL,FL,TAMPA,Hospital/ Medical Center,26830,100075,,,"Vizient (MS1301), Premier (BT-NS-002)",3001 W MARTIN LUTHER KING JR BLVD,8138704398
skipped-duplicate,a3-biomedical:campus; emina-taylor:campus; expert-medical-sales:campus; lamitina:campus; salmons:campus; southern-surgical:campus; tplconsulting:campus,1969,TAMPA GENERAL HOSPITAL - REHAB CENTER,FL,TAMPA,Rehabilitation Hospital,26520,,,,Vizient (MS1301),6 Tampa General Cir,8138447000
skipped-duplicate,activize:name+city+state; parkingangels:name+city+state; proactive:name+city+state; streamline:name+city+state; whisner:name+city+state,242,WESTCHESTER MEDICAL CENTER,NY,VALHALLA,Hospital/ Medical Center,26428,330234,,,"Vizient (MS1301), Premier (BT-NS-002)",100 WOODS RD,9144937000
skipped-duplicate,noreaster:name+city+state; parkingangels:name+city+state; signature-medical:name+city+state,243,RHODE ISLAND HOSPITAL,RI,PROVIDENCE,Hospital/ Medical Center,26103,410007,,,Vizient (MS1301),593 EDDY STREET,4014444000
skipped-duplicate,chowning:name+city+state; gptsurgical:name+city+state; greatdane:name+city+state; healthcare-cellutions:name+city+state,244,BAPTIST HEALTH MEDICAL CENTER-LITTLE ROCK,AR,LITTLE ROCK,Hospital/ Medical Center,26038,040114,,,"Vizient (MS1301), Premier (BT-NS-002)",9601 BAPTIST HEALTH DRIVE,5012022000
skipped-duplicate,franklin-mountain-group:ccn:450135; healthcare-cellutions:ccn:450135; ju:ccn:450135; martinez:ccn:450135; meinnovations:ccn:450135; sandia:ccn:450135; sisco:ccn:450135; streit:ccn:450135; uromobile:ccn:450135,245,TEXAS HEALTH HARRIS METHODIST HOSPITAL FORT WORTH,TX,FORT WORTH,Hospital/ Medical Center,25994,450135,,,"Vizient (MS1301), Premier (BT-NS-002)",1301 PENNSYLVANIA AVENUE,8172502100
skipped-duplicate,grosjean:name+city+state; jimmerson:name+city+state; lifesource:name+city+state; zenecare:name+city+state,246,UCSF MEDICAL CENTER,CA,SAN FRANCISCO,Hospital/ Medical Center,25916,050454,,,,"505 PARNASSUS AVE, BOX 0296",4153532733
skipped-duplicate,ghanem:name+city+state,247,INOVA FAIRFAX HOSPITAL,VA,FALLS CHURCH,Hospital/ Medical Center,25792,490063,,,"Vizient (MS1301), Premier (BT-NS-002)",3300 GALLOWS ROAD,7036981110
skipped-duplicate,klea:name+city+state,248,NORTON HOSPITALS INC,KY,LOUISVILLE,Hospital/ Medical Center,25653,180088,,,,200 EAST CHESTNUT STREET,5026298000
skipped-duplicate,chowning:name+city+state,249,LOYOLA UNIVERSITY MEDICAL CENTER,IL,MAYWOOD,Hospital/ Medical Center,25506,140276,,,Vizient (MS1301),2160 S 1ST AVENUE,7082169000
skipped-clinic,Urology Clinic,2306,UROLOGY GROUP,LA,BATON ROUGE,Urology Clinic,25254,,,,Vizient (MS1301),7777 Hennessy Blvd Ste 2004,2257692500
skipped-duplicate,chowning:name+city+state; stengel:name+city+state,250,COX MEDICAL CENTERS,MO,SPRINGFIELD,Hospital/ Medical Center,25228,260040,,,,3801 SOUTH NATIONAL AVENUE,4172696000
skipped-duplicate,intuitek:name+city+state,251,WELLSTAR KENNESTONE REGIONAL MEDICAL CENTER,GA,MARIETTA,Hospital/ Medical Center,25120,110035,,,,677 CHURCH STREET,7707935000
skipped-duplicate,whittiker:campus,2206,UNIVERSITY OF COLORADO HOSPITAL,CO,AURORA,Rehabilitation Hospital,24687,,,,Vizient (MS1301),13123 E 16th Ave,3037643457
skipped-duplicate,a3-biomedical:name+city+state; emina-taylor:name+city+state; expert-medical-sales:name+city+state; lamitina:name+city+state; salmons:name+city+state; southern-surgical:name+city+state; tplconsulting:name+city+state,252,LAKELAND REGIONAL MEDICAL CENTER,FL,LAKELAND,Hospital/ Medical Center,24431,100157,,,"Vizient (MS1301), Premier (BT-NS-002)",1324 LAKELAND HILLS BLVD,8636871100
skipped-duplicate,activize:name+city+state; ghanem:name+city+state; streamline:name+city+state,253,GEISINGER MEDICAL CENTER,PA,DANVILLE,Hospital/ Medical Center,24368,390006,,,"Vizient (MS1301), Premier (BT-NS-002)",100 NORTH ACADEMY AVENUE,5702716211
skipped-duplicate,gerrard:name+city+state; intuitek:name+city+state; tbmedical:name+city+state,254,MUSC MEDICAL CENTER,SC,CHARLESTON,Hospital/ Medical Center,24283,420004,,,"Vizient (MS1301), Premier (BT-NS-002)",169 ASHLEY AVE,8437922300
skipped-duplicate,chowning:campus,1972,NORTHWESTERN MEMORIAL HOSPITAL - INPATIENT CHEMICAL DEPENDENCE,IL,CHICAGO,Rehabilitation Hospital,24256,,,,Vizient (MS1301),320 E Huron St,3129262000
skipped-duplicate,gerrard:name+city+state; tbmedical:name+city+state,255,NOVANT HEALTH FORSYTH MEDICAL CENTER,NC,WINSTON-SALEM,Hospital/ Medical Center,24182,340014,,,Vizient (MS1301),3333 SILAS CREEK PARKWAY,3367185000
skipped-clinic,Urology Clinic,2307,NH CAROLINA UROLOGICAL-KVILLE,NC,KERNERSVILLE,Urology Clinic,24182,,,,Vizient (MS1301),445 Pineview Dr Ste 230,3367185000
skipped-clinic,Urology Clinic,2309,UCSD UROLOGY HILLCREST,CA,SAN DIEGO,Urology Clinic,24075,,,,"Vizient (MS1301), Premier (BT-NS-002)",200 W Arbor Dr Fl 4,6195433572
skipped-clinic,Urology Clinic,2308,UCSD ENCINITAS UROLOGY,CA,ENCINITAS,Urology Clinic,24075,,,,Vizient (MS1301),1200 Garden View Rd Ste 110a,6195436222
skipped-clinic,Urology Clinic,2310,BAYLOR COLLEGE OF MEDICINE-UROLOGY,TX,HOUSTON,Urology Clinic,23975,,,,Vizient (MS1301),6020 Main St Ste 1325,7137984951
skipped-duplicate,dowdy:name+city+state; hagarty:name+city+state,257,OHSU HOSPITAL AND CLINICS,OR,PORTLAND,Hospital/ Medical Center,23906,380009,,,"Vizient (MS1301), Premier (BT-NS-002)",3181 SW SAM JACKSON PARK ROAD,5034949000
skipped-duplicate,acme:name+city+state; sciotex:name+city+state; steimel:name+city+state; stengel:name+city+state,258,UNIVERSITY OF IOWA HOSPITAL & CLINICS,IA,IOWA CITY,Hospital/ Medical Center,23878,160058,,,Vizient (MS1301),200 HAWKINS DRIVE,3193561616
skipped-duplicate,activize:name+city+state; ghanem:name+city+state; streamline:name+city+state,260,ALLEGHENY GENERAL HOSPITAL,PA,PITTSBURGH,Hospital/ Medical Center,23589,390050,,,Vizient (MS1301),320 EAST NORTH AVENUE,4123593131
skipped-clinic,Urology Clinic,2311,RIVERSIDE UROLOGY,OH,COLUMBUS,Urology Clinic,23553,,,,Vizient (MS1301),4845 Knightsbridge Blvd Ste 200,6145665000
skipped-duplicate,lucier:name+city+state; noreaster:name+city+state; parkingangels:name+city+state; pierro:name+city+state; signature-medical:name+city+state; whisner:name+city+state,261,BAYSTATE MEDICAL CENTER,MA,SPRINGFIELD,Hospital/ Medical Center,23532,220077,,,"Vizient (MS1301), Premier (BT-NS-002)",759 CHESTNUT STREET,4137940000
skipped-duplicate,franklin-mountain-group:name+city+state; healthcare-cellutions:name+city+state; ju:name+city+state; martinez:name+city+state; meinnovations:name+city+state; sandia:name+city+state; sisco:name+city+state; streit:name+city+state; uromobile:name+city+state,262,UNIVERSITY OF TEXAS MEDICAL BRANCH GALVESTON,TX,GALVESTON,Hospital/ Medical Center,23501,450018,,,Vizient (MS1301),301 UNIVERSITY BOULEVARD,4097721011
skipped-clinic,Urology Clinic,2312,INTERMOUNTAIN UROLOGICAL INSTITUTE - IMC CAMPUS,UT,MURRAY,Urology Clinic,23376,,,,Vizient (MS1301),5171 S Cottonwood St Ste 720,8015073400
skipped-duplicate,dennehy:name+city+state; dowdy:name+city+state; hagarty:name+city+state; murray:name+city+state,263,UNIVERSITY OF WASHINGTON MEDICAL CTR,WA,SEATTLE,Hospital/ Medical Center,23333,500008,,,Vizient (MS1301),1959 NE PACIFIC ST  BOX 356151,2065983300
skipped-duplicate,grosjean:name+city+state; jimmerson:name+city+state; lifesource:name+city+state; zenecare:name+city+state,264,RONALD REAGAN UCLA MEDICAL CENTER,CA,LOS ANGELES,Hospital/ Medical Center,23136,050262,,,Vizient (MS1301),757 WESTWOOD PLAZA,3108256301
skipped-duplicate,franklin-mountain-group:name+city+state; healthcare-cellutions:name+city+state; ju:name+city+state; martinez:name+city+state; meinnovations:name+city+state; sandia:name+city+state; sisco:name+city+state; streit:name+city+state; uromobile:name+city+state,4396,SAN ANTONIO VA MEDICAL CENTER (VA SOUTH TEXAS HEALTHCARE SYSTEM),TX,SAN ANTONIO,VA Medical Center,23091,45090F,,,Marathon Medical (FFS Approval: 36F79718D0321),7400 MERTON MINTER BLVD.,2106175300
skipped-duplicate,franklin-mountain-group:name+city+state; healthcare-cellutions:name+city+state; ju:name+city+state; martinez:name+city+state; meinnovations:name+city+state; sandia:name+city+state; sisco:name+city+state; streit:name+city+state; uromobile:name+city+state,265,BAPTIST MEDICAL CENTER,TX,SAN ANTONIO,Hospital/ Medical Center,23091,450058,,,"Vizient (MS1301), Premier (BT-NS-002)",111 DALLAS STREET,2102978256
skipped-duplicate,franklin-mountain-group:campus; healthcare-cellutions:campus; ju:campus; martinez:campus; meinnovations:campus; sandia:campus; sisco:campus; streit:campus; uromobile:campus,1973,BAYLOR SCOTT & WHITE NEURO TRANSITIONAL CENTER,TX,DALLAS,Rehabilitation Hospital,22991,,,,Vizient (MS1301),3504 Swiss Ave,2148208082
skipped-clinic,Urology Clinic,2313,LAHEY CLINIC UROLOGY,MA,BURLINGTON,Urology Clinic,22821,,,,Vizient (MS1301),41 Mall Rd,6037425011
skipped-duplicate,activize:name+city+state; parkingangels:name+city+state; proactive:name+city+state; streamline:name+city+state; whisner:name+city+state,267,SUNY/STONY BROOK UNIVERSITY HOSPITAL,NY,STONY BROOK,Hospital/ Medical Center,22747,330393,,,"Vizient (MS1301), Premier (BT-NS-002)",HEALTH SCIENCES CENTER SUNY,6314444000
skipped-clinic,Urology Clinic,2314,NORTHSHORE MEDICAL GROUP GLENBROOK UROLOGY,IL,GLENVIEW,Urology Clinic,22640,,,,Vizient (MS1301),2180 Pfingston Rd Ste 3000,8475702000
skipped-duplicate,chowning:name+city+state,268,NORTHSHORE UNIVERSITY HEALTHSYSTEM - EVANSTON HOSPITAL,IL,EVANSTON,Hospital/ Medical Center,22640,140010,,,"Vizient (MS1301), Premier (BT-NS-002)",2650 RIDGE AVE,8475702000
skipped-duplicate,greatdane:name+city+state; southern-surgical:name+city+state,269,DCH REGIONAL MEDICAL CENTER,AL,TUSCALOOSA,Hospital/ Medical Center,22400,010092,,,,809 UNIVERSITY BOULEVARD EAST,2057597111
skipped-clinic,Urology Clinic,2315,ORLANDO UROLOGY ASSOCIATES,FL,ORLANDO,Urology Clinic,22298,,,,Vizient (MS1301),41 W Kaley St,4078436645
skipped-duplicate,a3-biomedical:name+city+state; emina-taylor:name+city+state; expert-medical-sales:name+city+state; lamitina:name+city+state; salmons:name+city+state; southern-surgical:name+city+state; tplconsulting:name+city+state,270,ORLANDO HEALTH,FL,ORLANDO,Hospital/ Medical Center,22298,100006,,,"Vizient (MS1301), Premier (BT-NS-002)",52 W UNDERWOOD ST,3218415111
skipped-duplicate,grosjean:name+city+state; jimmerson:name+city+state; lifesource:name+city+state; zenecare:name+city+state,271,COMMUNITY REGIONAL MEDICAL CENTER,CA,FRESNO,Hospital/ Medical Center,22174,050060,,,"Vizient (MS1301), Premier (BT-NS-002)",2823 FRESNO STREET,5594596000
skipped-duplicate,chowning:name+city+state; stengel:name+city+state,272,UNIVERSITY OF MISSOURI HEALTH CARE,MO,COLUMBIA,Hospital/ Medical Center,22111,260141,,,Vizient (MS1301),ONE HOSPITAL DRIVE,5738824141
skipped-duplicate,chowning:name+city+state; stengel:name+city+state,4397,COLUMBIA MO VA MEDICAL CENTER,MO,COLUMBIA,VA Medical Center,22111,26023F,,,Marathon Medical (FFS Approval: 36F79718D0321),800 HOSPITAL DR,5738146000
skipped-clinic,Urology Clinic,2316,THE UROLOGY GROUP - TUMT,TN,MEMPHIS,Urology Clinic,21993,,,,Vizient (MS1301),6029 Walnut Grove Rd Ste 300,9012265000
skipped-duplicate,activize:name+city+state; parkingangels:name+city+state; proactive:name+city+state; streamline:name+city+state; whisner:name+city+state,273,NEW YORK-PRESBYTERIAN/QUEENS,NY,FLUSHING,Hospital/ Medical Center,21963,330055,,,Vizient (MS1301),56-45 MAIN STREET,7186702000
skipped-clinic,Urology Clinic,2317,FLUSHING UROLOGICAL SERVICES,NY,FLUSHING,Urology Clinic,21963,,,,Vizient (MS1301),58 42 Main St,7183533710
skipped-duplicate,lucier:ccn:200009; noreaster:ccn:200009; pierro:ccn:200009; signature-medical:ccn:200009; whisner:ccn:200009,274,MAINE MEDICAL CENTER,ME,PORTLAND,Hospital/ Medical Center,21835,200009,,,Premier (BT-NS-002),22 BRAMHALL ST,2076620111
skipped-duplicate,zenecare:name+city+state,275,MAYO CLINIC HOSPITAL,AZ,PHOENIX,Hospital/ Medical Center,21713,030103,,,,5777 EAST MAYO BOULEVARD,4803424201
skipped-clinic,Urology Clinic,2318,TEMPLE UNIVERSITY - UROLOGY,PA,PHILADELPHIA,Urology Clinic,21619,,,,Vizient (MS1301),255 S 17th St Fl 7,2158759910
skipped-duplicate,activize:name+city+state; ghanem:name+city+state; streamline:name+city+state,276,TEMPLE UNIVERSITY HOSPITAL,PA,PHILADELPHIA,Hospital/ Medical Center,21619,390027,,,Vizient (MS1301),3401 NORTH BROAD STREET,2157072000
skipped-duplicate,acme:name+city+state; sciotex:name+city+state; steimel:name+city+state; stengel:name+city+state,277,UNITYPOINT HEALTH - DES MOINES IOWA METHODIST MEDI,IA,DES MOINES,Hospital/ Medical Center,21567,160082,,,"Vizient (MS1301), Premier (BT-NS-002)",1200 PLEASANT STREET,5152416212
skipped-duplicate,acme:name+city+state; sciotex:name+city+state; steimel:name+city+state; stengel:name+city+state,4398,VA CENTRAL IOWA HEALTHCARE SYSTEM,IA,DES MOINES,VA Medical Center,21567,16003F,,,Marathon Medical (FFS Approval: 36F79718D0321),3600 30TH STREET,5156995999
skipped-clinic,Urology Clinic,2319,PPG - FORT WAYNE UROLOGY - PARKVIEW PLAZA,IN,FORT WAYNE,Urology Clinic,21541,,,,Vizient (MS1301),11141 Parkview Plaza Dr Ste 320,2604828681
skipped-duplicate,intuitek:ccn:110132,278,MEMORIAL HOSPITAL AND MANOR,GA,SAVANNAH,Hospital/ Medical Center,21458,110132,,,"Vizient (MS1301), Premier (BT-NS-002)",4700 WATERS AVENUE,9123503691
skipped-clinic,Urology Clinic,2320,UNIVERSITY UROLOGY INC,NY,BUFFALO,Urology Clinic,21419,,,,Vizient (MS1301),462 Grider St,7168985008
skipped-duplicate,healthcare-cellutions:name+city+state; sisco:name+city+state; southern-surgical:name+city+state,279,OCHSNER MEDICAL CENTER ACUTE,LA,NEW ORLEANS,Hospital/ Medical Center,21415,190036,,,"Vizient (MS1301), Premier (BT-NS-002)",1516 JEFFERSON HWY,5048423000
skipped-duplicate,lifesource:name+city+state; zenecare:name+city+state,280,RENOWN REGIONAL MEDICAL CENTER,NV,RENO,Hospital/ Medical Center,21009,290001,,,"Vizient (MS1301), Premier (BT-NS-002)",1155 MILL STREET,7759824100
skipped-clinic,Urology Clinic,2321,UROLOGY CENTER OF SPARTANBURG PATH LAB,SC,SPARTANBURG,Urology Clinic,21008,,,,Vizient (MS1301),391 Serpentine Dr Ste 100,8645858221
skipped-duplicate,gerrard:name+city+state; intuitek:name+city+state; tbmedical:name+city+state,281,SPARTANBURG MEDICAL CENTER,SC,SPARTANBURG,Hospital/ Medical Center,21008,420007,,,"Vizient (MS1301), Premier (BT-NS-002)",101 E WOOD ST,8645606554
skipped-clinic,Urology Clinic,2322,LLUHC UROLOGY,CA,LOMA LINDA,Urology Clinic,20721,,,,Vizient (MS1301),11370 Anderson St Ste 1100,9096515681
skipped-duplicate,chowning:name+city+state,282,ADVOCATE CHRIST HOSPITAL & MEDICAL CENTER,IL,OAK LAWN,Hospital/ Medical Center,20465,140208,,,"Vizient (MS1301), Premier (BT-NS-002)",4440 W 95TH STREET,7086848000
skipped-duplicate,klea:name+city+state; streamline:name+city+state,283,WEST VIRGINIA UNIVERSITY HOSPITALS INC,WV,MORGANTOWN,Hospital/ Medical Center,20413,510001,,,"Vizient (MS1301), Premier (BT-NS-002)",MEDICAL CENTER DRIVE,3045984000
skipped-duplicate,activize:name+city+state; parkingangels:name+city+state; proactive:name+city+state; streamline:name+city+state; whisner:name+city+state,284,MAIMONIDES MEDICAL CENTER,NY,BROOKLYN,Hospital/ Medical Center,20350,330194,,,"Vizient (MS1301), Premier (BT-NS-002)",4802 TENTH AVENUE,7182836000
skipped-duplicate,franklin-mountain-group:name+city+state; healthcare-cellutions:name+city+state; ju:name+city+state; martinez:name+city+state; meinnovations:name+city+state; sandia:name+city+state; sisco:name+city+state; streit:name+city+state; uromobile:name+city+state,285,UNIVERSITY MEDICAL CENTER,TX,LUBBOCK,Hospital/ Medical Center,20245,450686,,,"Vizient (MS1301), Premier (BT-NS-002)",602 INDIANA AVENUE,8067758200
skipped-duplicate,intuitek:name+city+state,286,ATRIUM HEALTH NAVICENT THE MEDICAL CENTER,GA,MACON,Hospital/ Medical Center,20164,110107,,,"Vizient (MS1301), Premier (BT-NS-002)",777 HEMLOCK STREET,4786331000
skipped-duplicate,activize:name+city+state; parkingangels:name+city+state; proactive:name+city+state; streamline:name+city+state; whisner:name+city+state,287,ROCHESTER GENERAL HOSPITAL,NY,ROCHESTER,Hospital/ Medical Center,20118,330125,,,"Vizient (MS1301), Premier (BT-NS-002)",1425 PORTLAND AVENUE,5859224000
skipped-duplicate,gptsurgical:name+city+state; healthcare-cellutions:name+city+state; martinez:name+city+state,288,HILLCREST MEDICAL CENTER,OK,TULSA,Hospital/ Medical Center,19976,370001,,,Vizient (MS1301),1120 SOUTH UTICA AVENUE,9185791000
skipped-duplicate,grosjean:name+city+state; jimmerson:name+city+state; lifesource:name+city+state; zenecare:name+city+state,289,SANTA CLARA VALLEY MEDICAL CENTER,CA,SAN JOSE,Hospital/ Medical Center,19934,050038,,,Premier (BT-NS-002),751 SOUTH BASCOM AVENUE,4088855000
skipped-duplicate,lucier:name+city+state; noreaster:name+city+state; pierro:name+city+state; signature-medical:name+city+state; whisner:name+city+state,290,UNIV OF VERMONT - FLETCHER ALLEN HEALTH CARE,VT,BURLINGTON,Hospital/ Medical Center,19734,470003,,,"Vizient (MS1301), Premier (BT-NS-002)",111 COLCHESTER AVE,8028470000
skipped-duplicate,chowning:name+city+state,2208,MEMORIAL MEDICAL CENTER,IL,SPRINGFIELD,Rehabilitation Hospital,19690,140148,,,Vizient (MS1301),236 E Union St,2177572006
skipped-clinic,Urology Clinic,2323,OPG - OHIOHEALTH UROLOGY PHYSICIANS,OH,COLUMBUS,Urology Clinic,19640,,,,Vizient (MS1301),5141 W Broad St Ste 180,6142345000
skipped-duplicate,franklin-mountain-group:name+city+state; healthcare-cellutions:name+city+state; ju:name+city+state; martinez:name+city+state; meinnovations:name+city+state; sandia:name+city+state; sisco:name+city+state; streit:name+city+state; uromobile:name+city+state,4399,TEMPLE VA MEDICAL CENTER (VA CENTRAL TEXAS HEALTHCARE SYSTEM),TX,TEMPLE,VA Medical Center,19627,45086F,,,Marathon Medical (FFS Approval: 36F79718D0321),1901 VETERANS MEMORIAL DRIVE,2547784811
skipped-duplicate,franklin-mountain-group:name+city+state; healthcare-cellutions:name+city+state; ju:name+city+state; martinez:name+city+state; meinnovations:name+city+state; sandia:name+city+state; sisco:name+city+state; streit:name+city+state; uromobile:name+city+state,291,BAYLOR SCOTT & WHITE MEDICAL CENTER - TEMPLE,TX,TEMPLE,Hospital/ Medical Center,19627,450054,,,"Vizient (MS1301), Premier (BT-NS-002)",2401 S  31ST ST,2547242111
skipped-duplicate,lucier:name+city+state; noreaster:name+city+state; parkingangels:name+city+state; pierro:name+city+state; signature-medical:name+city+state; whisner:name+city+state,292,BETH ISRAEL DEACONESS MEDICAL CENTER,MA,BOSTON,Hospital/ Medical Center,19592,220086,,,"Vizient (MS1301), Premier (BT-NS-002)",330 BROOKLINE AVENUE,6176677000
skipped-duplicate,activize:name+city+state; whisner:name+city+state,293,HACKENSACK UNIVERSITY MEDICAL CENTER,NJ,HACKENSACK,Hospital/ Medical Center,19578,310001,,,"Vizient (MS1301), Premier (BT-NS-002)",30 PROSPECT AVE,5519962000
skipped-duplicate,activize:name+city+state; whisner:name+city+state,294,COOPER UNIVERSITY HOSPITAL,NJ,CAMDEN,Hospital/ Medical Center,19537,310014,,,"Vizient (MS1301), Premier (BT-NS-002)",1 COOPER PLAZA,8563422000
skipped-clinic,Urology Clinic,2324,TCH-UROLOGY-LIBERTY,OH,LIBERTY TOWNSHIP,Urology Clinic,19418,,,,Vizient (MS1301),6939 Cox Rd Ste 261,5135852000
skipped-duplicate,franklin-mountain-group:name+city+state; greatdane:name+city+state; richards:name+city+state; southern-surgical:name+city+state; tbmedical:name+city+state,295,ASCENSION SAINT THOMAS HOSPITAL,TN,NASHVILLE,Hospital/ Medical Center,19388,440082,,,,"4220 HARDING RD, PO BOX 380",6152222111
skipped-duplicate,activize:name+city+state; ghanem:name+city+state; streamline:name+city+state,296,JEFFERSON HEALTH- NORTHEAST,PA,PHILADELPHIA,Hospital/ Medical Center,19319,390115,,,"Vizient (MS1301), Premier (BT-NS-002)",10800 KNIGHTS ROAD,2156124000
skipped-clinic,Urology Clinic,2325,DESERT UROLOGY CONSULT,AZ,MESA,Urology Clinic,19195,,,,Vizient (MS1301),1520 S Dobson Rd,8288378877
skipped-duplicate,lucier:name+city+state; noreaster:name+city+state; pierro:name+city+state; signature-medical:name+city+state; whisner:name+city+state,297,MARY HITCHCOCK MEMORIAL HOSPITAL,NH,LEBANON,Hospital/ Medical Center,19192,300003,,,"Vizient (MS1301), Premier (BT-NS-002)",1 MEDICAL CENTER DRIVE,6036505000
skipped-clinic,Urology Clinic,2326,FIRST PHYSICIAN GROUP-UROLOGY,FL,VENICE,Urology Clinic,19138,,,,Vizient (MS1301),425 Commercial Court Ste A,9419179000
skipped-duplicate,a3-biomedical:name+city+state; emina-taylor:name+city+state; expert-medical-sales:name+city+state; lamitina:name+city+state; salmons:name+city+state; southern-surgical:name+city+state; tplconsulting:name+city+state,298,SARASOTA MEMORIAL HOSPITAL,FL,SARASOTA,Hospital/ Medical Center,19138,100087,,,"Vizient (MS1301), Premier (BT-NS-002)",1700 S TAMIAMI TRL,9419179000
skipped-duplicate,acme:ccn:240080; sciotex:ccn:240080; steimel:ccn:240080,299,M HEALTH FAIRVIEW UNIVERSITY OF MN,MN,MINNEAPOLIS,Hospital/ Medical Center,19112,240080,,,"Vizient (MS1301), Premier (BT-NS-002)",2450 RIVERSIDE AVENUE,6126241765
skipped-duplicate,activize:name+city+state; parkingangels:name+city+state; proactive:name+city+state; streamline:name+city+state; whisner:name+city+state,300,STATEN ISLAND UNIVERSITY HOSPITAL,NY,STATEN ISLAND,Hospital/ Medical Center,18782,330160,,,"Vizient (MS1301), Premier (BT-NS-002)",475 SEAVIEW AVENUE,4182269761
skipped-duplicate,klea:name+city+state; streamline:name+city+state,301,PROMEDICA TOLEDO HOSPITAL,OH,TOLEDO,Hospital/ Medical Center,18679,360068,,,Vizient (MS1301),2142 NORTH COVE BOULEVARD,4192917463
skipped-duplicate,greatdane:name+city+state; southern-surgical:name+city+state,302,BAPTIST MEDICAL CENTER SOUTH,AL,MONTGOMERY,Hospital/ Medical Center,18642,010023,,,Vizient (MS1301),2105 EAST SOUTH BOULEVARD,3342882100
skipped-clinic,Urology Clinic,2327,UAB MEDICINE UROLOGY,AL,MONTGOMERY,Urology Clinic,18642,,,,Vizient (MS1301),2119 E South Blvd Ste 200,3342862999
skipped-duplicate,activize:name+city+state; ghanem:name+city+state; streamline:name+city+state,303,MILTON S HERSHEY MEDICAL CENTER,PA,HERSHEY,Hospital/ Medical Center,18629,390256,,,"Vizient (MS1301), Premier (BT-NS-002)",500 UNIVERSITY DRIVE,7175318521
skipped-clinic,Urology Clinic,2328,MORRISTOWN UROLOGY,NJ,MORRISTOWN,Urology Clinic,18474,,,,Vizient (MS1301),261 James St Ste 2g,9739715450
skipped-duplicate,acme:name+city+state; sciotex:name+city+state; steimel:name+city+state; stengel:name+city+state,304,MERCYONE DES MOINES MEDICAL CENTER,IA,DES MOINES,Hospital/ Medical Center,18397,160083,,,"Vizient (MS1301), Premier (BT-NS-002)",1111 6TH AVE,5152474436
skipped-duplicate,steimel:name+city+state,305,UNIVERSITY OF WI  HOSPITALS & CLINICS AUTHORITY,WI,MADISON,Hospital/ Medical Center,18287,520098,,,Vizient (MS1301),600 HIGHLAND AVENUE,6082636400
skipped-duplicate,franklin-mountain-group:name+city+state; greatdane:name+city+state; richards:name+city+state; southern-surgical:name+city+state; tbmedical:name+city+state,306,ERLANGER MEDICAL CENTER,TN,CHATTANOOGA,Hospital/ Medical Center,18236,440104,,,"Vizient (MS1301), Premier (BT-NS-002)",975 E 3RD ST,4237787000
skipped-duplicate,klea:name+city+state,307,PIKEVILLE MEDICAL CENTER,KY,PIKEVILLE,Hospital/ Medical Center,18032,180044,,,"Vizient (MS1301), Premier (BT-NS-002)",911 BYPASS ROAD,6064373500
skipped-duplicate,gerrard:name+city+state; tbmedical:name+city+state,308,REX HOSPITAL,NC,RALEIGH,Hospital/ Medical Center,17980,340114,,,"Vizient (MS1301), Premier (BT-NS-002)",4420 LAKE BOONE TRAIL,9197843100
skipped-duplicate,klea:name+city+state; streamline:name+city+state,309,HILLCREST HOSPITAL,OH,MAYFIELD HEIGHTS,Hospital/ Medical Center,17948,360230,,,"Vizient (MS1301), Premier (BT-NS-002)",6780 MAYFIELD ROAD,4403124500
skipped-duplicate,intuitek:name+city+state,310,GRADY MEMORIAL HOSPITAL,GA,ATLANTA,Hospital/ Medical Center,17794,110079,,,Vizient (MS1301),"80 JESSE HILL, JR DRIVE SE",4046161000
skipped-duplicate,ghanem:name+city+state,311,SENTARA NORFOLK GENERAL HOSPITAL,VA,NORFOLK,Hospital/ Medical Center,17601,490007,,,"Vizient (MS1301), Premier (BT-NS-002)",600 GRESHAM DR,7573883000
skipped-duplicate,activize:ccn:390174; ghanem:ccn:390174; streamline:ccn:390174,2209,THOMAS JEFFERSON UNIVERSITY (SCI-MS),PA,PHILADELPHIA,Rehabilitation Hospital,17513,390174,,,Vizient (MS1301),111 S 11th St,2159556000
skipped-duplicate,ghanem:name+city+state,312,JOHNS HOPKINS BAYVIEW MEDICAL CENTER,MD,BALTIMORE,Hospital/ Medical Center,17481,210029,,,Vizient (MS1301),4940 EASTERN AVENUE,4105500123
skipped-clinic,Urology Clinic,2329,NEWARK OFFICE,DE,NEWARK,Urology Clinic,17467,,,,"Vizient (MS1301), Premier (BT-NS-002)",4923 Ogletown Stanton Rd Ste 200,3022250451
skipped-duplicate,ghanem:name+city+state,313,CHRISTIANA HOSPITAL,DE,NEWARK,Hospital/ Medical Center,17467,080001,,,"Vizient (MS1301), Premier (BT-NS-002)",4755 OGLETOWN-STANTON ROAD,3027333609
skipped-duplicate,gerrard:name+city+state; tbmedical:name+city+state,314,CAROLINAS MEDICAL CENTER-NORTHEAST,NC,CONCORD,Hospital/ Medical Center,17466,340001,,,"Vizient (MS1301), Premier (BT-NS-002)",920 CHURCH ST N,7047833000
skipped-clinic,Urology Clinic,2330,UROLOGY GRP DIV #4,OH,CINCINNATI,Urology Clinic,17415,,,,Vizient (MS1301),10550 Montgomery Rd Ste 22,5138655544
skipped-duplicate,activize:name+city+state; parkingangels:name+city+state; proactive:name+city+state; streamline:name+city+state; whisner:name+city+state,315,ST JOSEPH'S HOSPITAL HEALTH CENTER,NY,SYRACUSE,Hospital/ Medical Center,17372,330140,,,Vizient (MS1301),301 PROSPECT AVENUE,3154485111
skipped-duplicate,activize:name+city+state; whisner:name+city+state,316,COOPERMAN BARNABAS MEDICAL CENTER,NJ,LIVINGSTON,Hospital/ Medical Center,17321,310076,,,"Vizient (MS1301), Premier (BT-NS-002)",94 OLD SHORT HILLS ROAD,9733225000
skipped-duplicate,klea:name+city+state,317,SAINT JOSEPH HOSPITAL,KY,LEXINGTON,Hospital/ Medical Center,17308,180010,,,,ONE SAINT JOSEPH DRIVE,8593131000
skipped-duplicate,grosjean:name+city+state; jimmerson:name+city+state; lifesource:name+city+state; zenecare:name+city+state,318,EISENHOWER MEDICAL CENTER,CA,RANCHO MIRAGE,Hospital/ Medical Center,17263,050573,,,"Vizient (MS1301), Premier (BT-NS-002)",39-000 BOB HOPE DRIVE,7603403911
skipped-duplicate,grosjean:name+city+state; jimmerson:name+city+state; lifesource:name+city+state; zenecare:name+city+state,319,KAISER FOUNDATION HOSPITAL FONTANA/ONTARIO,CA,FONTANA,Hospital/ Medical Center,17229,050140,,,"Vizient (MS1301), Premier (BT-NS-002)",9961 SIERRA AVE,9094275000
skipped-duplicate,franklin-mountain-group:name+city+state; meinnovations:name+city+state; sandia:name+city+state,320,UNM HOSPITAL,NM,ALBUQUERQUE,Hospital/ Medical Center,17184,320001,,,"Vizient (MS1301), Premier (BT-NS-002)",2211 LOMAS BOULEVARD NE,5052722111
skipped-duplicate,gptsurgical:name+city+state; healthcare-cellutions:name+city+state; martinez:name+city+state,321,INTEGRIS BAPTIST MEDICAL CENTER INC,OK,OKLAHOMA CITY,Hospital/ Medical Center,17183,370028,,,"Vizient (MS1301), Premier (BT-NS-002)",3300 NORTHWEST EXPRESSWAY,4059493011
skipped-clinic,Urology Clinic,2331,MIDLANTIC UROLOGY ABINGTON,PA,ABINGTON,Urology Clinic,17172,,,,"Vizient (MS1301), Premier (BT-NS-002)",1235 Old York Rd Ste 218,4845300205
skipped-duplicate,activize:name+city+state; ghanem:name+city+state; streamline:name+city+state,322,JEFFERSON ABINGTON HOSPITAL,PA,ABINGTON,Hospital/ Medical Center,17172,390231,,,"Vizient (MS1301), Premier (BT-NS-002)",1200 OLD YORK ROAD,2154812000
skipped-duplicate,chowning:name+city+state; gptsurgical:name+city+state; greatdane:name+city+state; healthcare-cellutions:name+city+state,323,CHI-ST VINCENT INFIRMARY,AR,LITTLE ROCK,Hospital/ Medical Center,17065,040007,,,,TWO ST VINCENT CIRCLE,5015523000
skipped-clinic,Urology Clinic,2332,PPG UROLOGY JASPER,GA,JASPER,Urology Clinic,16947,,,,Vizient (MS1301),220 Jl White Dr Ste 110,4046055000
skipped-duplicate,klea:ccn:360077; streamline:ccn:360077,1982,GRACE FAIRVIEW,OH,CLEVELAND,Rehabilitation Hospital,16944,360077,,,Vizient (MS1301),18101 Lorain Ave,2164767000
skipped-duplicate,activize:name+city+state; parkingangels:name+city+state; proactive:name+city+state; streamline:name+city+state; whisner:name+city+state,324,CROUSE HOSPITAL,NY,SYRACUSE,Hospital/ Medical Center,16942,330203,,,"Vizient (MS1301), Premier (BT-NS-002)",736 IRVING AVENUE,3154707449
skipped-clinic,Urology Clinic,2333,GEORGIA UROLOGY LAWRENCEVILLE,GA,LAWRENCEVILLE,Urology Clinic,16907,,,,"Vizient (MS1301), Premier (BT-NS-002)",500 Medical Center Blvd Ste 345,7709632451
skipped-duplicate,greatdane:name+city+state; southern-surgical:name+city+state,325,NORTH MISSISSIPPI MEDICAL CENTER,MS,TUPELO,Hospital/ Medical Center,16903,250004,,,Vizient (MS1301),830 S GLOSTER STREET,6623776608
skipped-duplicate,franklin-mountain-group:name+city+state; greatdane:name+city+state; richards:name+city+state; southern-surgical:name+city+state; tbmedical:name+city+state,326,MEMORIAL HEALTHCARE SYSTEM INC,TN,CHATTANOOGA,Hospital/ Medical Center,16818,440091,,,"Vizient (MS1301), Premier (BT-NS-002)",2525 DESALES AVE,4234952525
skipped-duplicate,acme:name+city+state; sciotex:name+city+state; steimel:name+city+state,327,ABBOTT NORTHWESTERN HOSPITAL,MN,MINNEAPOLIS,Hospital/ Medical Center,16795,240057,,,Vizient (MS1301),800 EAST 28TH STREET,6128634000
skipped-duplicate,acme:name+city+state; sciotex:name+city+state; wood:name+city+state,4400,OMAHA VA MEDICAL CENTER (VA NEBRASKA WESTERN IOWA HEALTHCARE SYSTEM),NE,OMAHA,VA Medical Center,16777,28006F,,,Marathon Medical (FFS Approval: 36F79718D0321),4101 WOOLWORTH AVENUE,4023468800
skipped-duplicate,acme:name+city+state; sciotex:name+city+state; wood:name+city+state,328,THE NEBRASKA MEDICAL CENTER,NE,OMAHA,Hospital/ Medical Center,16777,280013,,,"Vizient (MS1301), Premier (BT-NS-002)",988102 Nebrasks Medical Center,4025594000
skipped-clinic,Urology Clinic,2334,UCI UROLOGY 7082,CA,ORANGE,Urology Clinic,16761,,,,Vizient (MS1301),101 The City Dr S,7144566011
skipped-duplicate,grosjean:name+city+state; jimmerson:name+city+state; lifesource:name+city+state; zenecare:name+city+state,329,ENLOE HEALTH,CA,CHICO,Hospital/ Medical Center,16739,050039,,,"Vizient (MS1301), Premier (BT-NS-002)",1531 ESPLANADE,5303327300
skipped-duplicate,klea:name+city+state; streamline:name+city+state,330,KETTERING HEALTH MAIN CAMPUS,OH,KETTERING,Hospital/ Medical Center,16703,360079,,,"Vizient (MS1301), Premier (BT-NS-002)",3535 SOUTHERN BOULEVARD,9372984331
skipped-duplicate,acme:name+city+state; sciotex:name+city+state; steimel:name+city+state,331,NORTH MEMORIAL HEALTH HOSPITAL,MN,ROBBINSDALE,Hospital/ Medical Center,16689,240001,,,,3300 OAKDALE NORTH,7635205200
skipped-duplicate,franklin-mountain-group:name+city+state; greatdane:name+city+state; richards:name+city+state; southern-surgical:name+city+state; tbmedical:name+city+state,332,COOKEVILLE REGIONAL MEDICAL CENTER,TN,COOKEVILLE,Hospital/ Medical Center,16666,440059,,,Vizient (MS1301),1 MEDICAL CENTER BOULEVARD,9317832000
skipped-duplicate,gerrard:name+city+state; intuitek:name+city+state; tbmedical:name+city+state,333,PRISMA HEALTH GREENVILLE MEMORIAL HOSPITAL,SC,GREENVILLE,Hospital/ Medical Center,16458,420078,,,"Vizient (MS1301), Premier (BT-NS-002)",701 GROVE ROAD,8644557000
skipped-clinic,Urology Clinic,2335,NORTHWEST METROPOLITAN UROLOGY,IL,PARK RIDGE,Urology Clinic,16266,,,,Vizient (MS1301),1875 Dempster St Ste 506,8478234700
skipped-duplicate,ghanem:name+city+state,335,UNIVERSITY OF VIRGINIA MEDICAL CENTER,VA,CHARLOTTESVILLE,Hospital/ Medical Center,16213,490009,,,"Vizient (MS1301), Premier (BT-NS-002)",1215 LEE STREET,4349240000
skipped-clinic,Urology Clinic,2336,UROLOGY OF STL - CREVE COEUR,MO,SAINT LOUIS,Urology Clinic,16163,,,,Vizient (MS1301),450 N New Ballas Rd Ste 150n,3142516000
skipped-duplicate,chowning:name+city+state,336,SAINT FRANCIS MEDICAL CENTER,IL,PEORIA,Hospital/ Medical Center,16156,140067,,,"Vizient (MS1301), Premier (BT-NS-002)",530 NE GLEN OAK AVE,3096552000
skipped-clinic,Urology Clinic,2337,MULTICARE UROLOGY PUYALLUP,WA,PUYALLUP,Urology Clinic,16107,,,,Vizient (MS1301),1450 5th St Se Ste 2200,2534031000
skipped-duplicate,activize:name+city+state; ghanem:name+city+state; streamline:name+city+state,337,UPMC PASSAVANT,PA,PITTSBURGH,Hospital/ Medical Center,16099,390107,,,Premier (BT-NS-002),9100 BABCOCK BOULEVARD,4123676700
skipped-duplicate,grosjean:name+city+state; jimmerson:name+city+state; lifesource:name+city+state; zenecare:name+city+state,338,SAINT AGNES MEDICAL CENTER,CA,FRESNO,Hospital/ Medical Center,16080,050093,,,"Vizient (MS1301), Premier (BT-NS-002)",1303 E HERNDON AVE,5594503000
skipped-duplicate,dennehy:name+city+state; dowdy:name+city+state; hagarty:name+city+state; murray:name+city+state,339,VIRGINIA MASON MEDICAL CENTER,WA,SEATTLE,Hospital/ Medical Center,16034,500005,,,"Vizient (MS1301), Premier (BT-NS-002)",925 SENECA ST,2062236600
skipped-clinic,Urology Clinic,2338,WWMG - UROLOGY DEPT #53,WA,EVERETT,Urology Clinic,15929,,,,Vizient (MS1301),4310 Colby Ave Ste 203,4252528102
skipped-duplicate,dennehy:name+city+state; dowdy:name+city+state; hagarty:name+city+state; murray:name+city+state,340,PROVIDENCE REGIONAL MEDICAL CENTER EVERETT,WA,EVERETT,Hospital/ Medical Center,15929,500014,,,Vizient (MS1301),1321 COLBY AVENUE,4252612000
skipped-duplicate,chowning:name+city+state; gptsurgical:name+city+state; greatdane:name+city+state; healthcare-cellutions:name+city+state,4402,VA CENTRAL AR VETERANS HEALTHCARE SYSTEM LR,AR,LITTLE ROCK,VA Medical Center,15865,04010F,,,Marathon Medical (FFS Approval: 36F79718D0321),4300 WEST SEVENTH STREET,5012571000
skipped-duplicate,grosjean:name+city+state; jimmerson:name+city+state; lifesource:name+city+state; zenecare:name+city+state,343,GROSSMONT HOSPITAL,CA,LA MESA,Hospital/ Medical Center,15782,050026,,,Vizient (MS1301),5555 GROSSMONT CENTER DRIVE BOX 58,6194650711
skipped-duplicate,a3-biomedical:name+city+state; emina-taylor:name+city+state; expert-medical-sales:name+city+state; lamitina:name+city+state; salmons:name+city+state; southern-surgical:name+city+state; tplconsulting:name+city+state,344,NAPLES COMMUNITY HOSPITAL,FL,NAPLES,Hospital/ Medical Center,15743,100018,,,Vizient (MS1301),350 7TH ST N,2396245000
skipped-clinic,Urology Clinic,2339,UF HEALTH UROLOGY - HALIFAX HEALTH,FL,DAYTONA BEACH,Urology Clinic,15540,,,,Vizient (MS1301),311 N Clyde Morris Blvd Ste 480,3522658309
skipped-clinic,Urology Clinic,2341,COMMUNITY UROLOGY PC-ALKEMA H DALE,MI,KALAMAZOO,Urology Clinic,15514,,,,Vizient (MS1301),905 John St,2693430978
skipped-clinic,Urology Clinic,2340,BBC UROLOGY SPECIALISTS BC,MI,BATTLE CREEK,Urology Clinic,15514,,,,Vizient (MS1301),4441 Capital Ave Sw,2693416000
skipped-clinic,Urology Clinic,2342,NORTHWEST UROLOGY ASSOCIATES - GLENDALE,AZ,GLENDALE,Urology Clinic,15466,,,,Vizient (MS1301),5620 W Thunderbird Rd Ste F1,6235461400
skipped-duplicate,activize:name+city+state; ghanem:name+city+state; streamline:name+city+state,345,GEISINGER WYOMING VALLEY MEDICAL CENTER,PA,WILKES BARRE,Hospital/ Medical Center,15463,390270,,,,1000 EAST MOUNTAIN BOULEVARD,5708267300
skipped-clinic,Urology Clinic,2343,ST BERNARDS UROLOGY ASSOCIATES,AR,JONESBORO,Urology Clinic,15316,,,,Vizient (MS1301),303 E Matthews Ave Ste 200,8709322926
skipped-duplicate,chowning:name+city+state; gptsurgical:name+city+state; greatdane:name+city+state; healthcare-cellutions:name+city+state,346,ST BERNARDS MEDICAL CENTER,AR,JONESBORO,Hospital/ Medical Center,15316,040020,,,"Vizient (MS1301), Premier (BT-NS-002)",225 E WASHINGTON AVE,8709724100
skipped-duplicate,klea:ccn:360085; streamline:ccn:360085,2274,OHIO STATE UNIVERSITY WEXNER MEDICAL CENTER,OH,COLUMBUS,Rehabilitation Hospital,15307,360085,,,Premier (BT-NS-002),2752 Cleveland Ave,6145669164
skipped-clinic,Urology Clinic,2344,UROLOGY ASSOCIATES,AL,DOTHAN,Urology Clinic,15272,,,,"Vizient (MS1301), Premier (BT-NS-002)",1118 Ross Clark Cir Ste 500,3347938701
skipped-clinic,Urology Clinic,2345,CA INST OF RENAL RESEARCH - KM,CA,SAN DIEGO,Urology Clinic,15268,,,,Vizient (MS1301),7927 Ostrow St Ste A,8588108000
skipped-duplicate,whittiker:name+city+state,347,UCH-MEMORIAL HEALTH SYSTEM,CO,COLORADO SPRINGS,Hospital/ Medical Center,15257,060022,,,"Vizient (MS1301), Premier (BT-NS-002)",1400 E BOULDER ST,7193655000
skipped-duplicate,whittiker:name+city+state,348,CENTURA HEALTH-ST ANTHONY HOSPITAL,CO,LAKEWOOD,Hospital/ Medical Center,15205,060015,,,"Vizient (MS1301), Premier (BT-NS-002)",11600 W 2ND PL,7203210000
skipped-duplicate,greatdane:name+city+state; southern-surgical:name+city+state,349,GRANDVIEW MEDICAL CENTER,AL,BIRMINGHAM,Hospital/ Medical Center,14916,010104,,,"Vizient (MS1301), Premier (BT-NS-002)",3690 GRANDVIEW PARKWAY,2059711000
skipped-duplicate,lucier:campus; noreaster:campus; parkingangels:campus; pierro:campus; signature-medical:campus; whisner:campus,4403,JAMAICA PLAIN VA MEDICAL CENTER (BOSTON) (VISN 1),MA,BOSTON,VA Medical Center,14914,,,,Marathon Medical (FFS Approval: 36F79718D0321),150 South Huntington Avenue,6176365000
skipped-duplicate,franklin-mountain-group:name+city+state; healthcare-cellutions:name+city+state; ju:name+city+state; martinez:name+city+state; meinnovations:name+city+state; sandia:name+city+state; sisco:name+city+state; streit:name+city+state; uromobile:name+city+state,350,CHRISTUS SPOHN HOSPITAL CORPUS CHRISTI,TX,CORPUS CHRISTI,Hospital/ Medical Center,14794,450046,,,Premier (BT-NS-002),600 ELIZABETH STREET,3619024103
skipped-clinic,Urology Clinic,2346,PMG UROLOGY - OLYMPIA,WA,OLYMPIA,Urology Clinic,14779,,,,Vizient (MS1301),149 Lilly Rd Ne,4255253355
skipped-clinic,Urology Clinic,2347,COVENANT MEDICAL GROUP - UROLOGY,TX,LUBBOCK,Urology Clinic,14778,,,,Vizient (MS1301),3612 23rd St,8067938787
skipped-duplicate,franklin-mountain-group:name+city+state; healthcare-cellutions:name+city+state; ju:name+city+state; martinez:name+city+state; meinnovations:name+city+state; sandia:name+city+state; sisco:name+city+state; streit:name+city+state; uromobile:name+city+state,351,COVENANT MEDICAL CENTER,TX,LUBBOCK,Hospital/ Medical Center,14778,450040,,,Vizient (MS1301),3615 19TH STREET,8067254431
skipped-clinic,Urology Clinic,2348,HUNTINGTON UROLOGY SPECIALISTS,CA,PASADENA,Urology Clinic,14777,,,,Vizient (MS1301),800 Fairmount Ave Ste 412,6263975000
skipped-duplicate,grosjean:name+city+state; jimmerson:name+city+state; lifesource:name+city+state; zenecare:name+city+state,352,REDLANDS COMMUNITY HOSPITAL,CA,REDLANDS,Hospital/ Medical Center,14755,050272,,,"Vizient (MS1301), Premier (BT-NS-002)",350 TERRACINA BLVD,9093355500
skipped-clinic,Urology Clinic,2349,UNIONTOWN GLICKMAN UROLOGIC KIDNEY INSTITUTE,OH,UNIONTOWN,Urology Clinic,14736,,,,Vizient (MS1301),1700 Boettler Rd Ste 200,3303753000
skipped-duplicate,klea:name+city+state; streamline:name+city+state,353,SUMMA HEALTH SYSTEM,OH,AKRON,Hospital/ Medical Center,14736,360020,,,,525 EAST MARKET STREET,3303753000
skipped-duplicate,activize:name+city+state; parkingangels:name+city+state; proactive:name+city+state; streamline:name+city+state; whisner:name+city+state,354,MERCY HOSPITAL OF BUFFALO,NY,BUFFALO,Hospital/ Medical Center,14686,330279,,,"Vizient (MS1301), Premier (BT-NS-002)",565 ABBOTT ROAD,7168267000
skipped-duplicate,klea:name+city+state; streamline:name+city+state,4404,HUNTINGTON VA MEDICAL CENTER,WV,HUNTINGTON,VA Medical Center,14674,51004F,,,Marathon Medical (FFS Approval: 36F79718D0321),1540 SPRING VALLEY ROAD,3044290241
skipped-duplicate,klea:name+city+state; streamline:name+city+state,355,CABELL HUNTINGTON HOSPITAL INC,WV,HUNTINGTON,Hospital/ Medical Center,14674,510055,,,"Vizient (MS1301), Premier (BT-NS-002)",1340 HAL GREER BOULEVARD,3045262000
skipped-clinic,Urology Clinic,2350,UROLOGY ASSOCIATES OF LA,LA,METAIRIE,Urology Clinic,14645,,,,Vizient (MS1301),4228 Houma Blvd Ste 310,5044540755
skipped-duplicate,acme:name+city+state; sciotex:name+city+state; steimel:name+city+state,356,ST CLOUD HOSPITAL,MN,SAINT CLOUD,Hospital/ Medical Center,14622,240036,,,Vizient (MS1301),1406 6TH AVE NORTH,3202555661
skipped-duplicate,activize:name+city+state; whisner:name+city+state,357,WEST JERSEY HOSPITAL,NJ,VOORHEES,Hospital/ Medical Center,14603,310022,,,"Vizient (MS1301), Premier (BT-NS-002)",100 BOWMAN DRIVE,8562473000
skipped-duplicate,acme:name+city+state; sciotex:name+city+state; steimel:name+city+state,4405,MINNEAPOLIS VA MEDICAL CENTER,MN,MINNEAPOLIS,VA Medical Center,14548,24003F,,,Marathon Medical (FFS Approval: 36F79718D0321),ONE VETERANS DRIVE,6127252000
skipped-duplicate,acme:name+city+state; sciotex:name+city+state; steimel:name+city+state,358,HENNEPIN COUNTY MEDICAL CENTER,MN,MINNEAPOLIS,Hospital/ Medical Center,14548,240004,,,Vizient (MS1301),701 PARK AVENUE,6128736422
skipped-clinic,Urology Clinic,2351,PIEDMONT UROLOGY,NC,GASTONIA,Urology Clinic,14547,,,,Vizient (MS1301),2555 Court Dr Ste 450,7047523730
skipped-clinic,Urology Clinic,2352,UROLOGY - OAKWOOD BLVD STE 103A,MI,DEARBORN,Urology Clinic,14513,,,,Vizient (MS1301),18181 Oakwood Blvd Ste 103a,3139932826
skipped-duplicate,activize:name+city+state; ghanem:name+city+state; streamline:name+city+state,359,WELLSPAN YORK HOSPITAL,PA,YORK,Hospital/ Medical Center,14472,390046,,,,1001 SOUTH GEORGE STREET,7178512345
skipped-duplicate,gerrard:name+city+state; intuitek:name+city+state; tbmedical:name+city+state,361,PRISMA HEALTH RICHLAND HOSPITAL,SC,COLUMBIA,Hospital/ Medical Center,14323,420018,,,Premier (BT-NS-002),5 MEDICAL PARK,8032962548
skipped-duplicate,franklin-mountain-group:name+city+state; healthcare-cellutions:name+city+state; ju:name+city+state; martinez:name+city+state; meinnovations:name+city+state; sandia:name+city+state; sisco:name+city+state; streit:name+city+state; uromobile:name+city+state,362,SOUTH TEXAS HEALTH SYSTEM,TX,EDINBURG,Hospital/ Medical Center,14280,450119,,,"Vizient (MS1301), Premier (BT-NS-002)",1102 W TRENTON ROAD,9566324000
skipped-clinic,Urology Clinic,2353,UROLOGY HEALTH SPECIALISTS LLC,PA,WYNNEWOOD,Urology Clinic,14275,,,,Vizient (MS1301),100 E Lancaster Ave,6106496420
skipped-duplicate,a3-biomedical:name+city+state; emina-taylor:name+city+state; expert-medical-sales:name+city+state; lamitina:name+city+state; salmons:name+city+state; southern-surgical:name+city+state; tplconsulting:name+city+state,363,TALLAHASSEE MEMORIAL HEALTHCARE,FL,TALLAHASSEE,Hospital/ Medical Center,14259,100135,,,"Vizient (MS1301), Premier (BT-NS-002)",1300 MICCOSUKEE RD,8504311155
skipped-duplicate,lucier:name+city+state; noreaster:name+city+state; parkingangels:name+city+state; pierro:name+city+state; signature-medical:name+city+state; whisner:name+city+state,364,SOUTHCOAST HOSPITALS GROUP,MA,FALL RIVER,Hospital/ Medical Center,14238,220074,,,"Vizient (MS1301), Premier (BT-NS-002)",363 HIGHLAND AVENUE,5086793131
skipped-clinic,Urology Clinic,2354,SOUTHERN UROLOGY LLC,LA,LAFAYETTE,Urology Clinic,14222,,,,Vizient (MS1301),1016 Coolidge Blvd,3372336665
skipped-duplicate,healthcare-cellutions:name+city+state; sisco:name+city+state; southern-surgical:name+city+state,365,OCHSNER LAFAYETTE GENERAL MEDICAL CENTER,LA,LAFAYETTE,Hospital/ Medical Center,14222,190002,,,Vizient (MS1301),1214 COOLIDGE AVENUE,3372897991
skipped-clinic,Urology Clinic,2355,ADVANCED UROLOGICAL CARE,CO,COLORADO SPRINGS,Urology Clinic,14213,,,,Vizient (MS1301),2222 N Nevada Ave Ste 5005,7193516115
skipped-duplicate,greatdane:name+city+state; southern-surgical:name+city+state,366,ST DOMINIC-JACKSON MEMORIAL HOSPITAL,MS,JACKSON,Hospital/ Medical Center,14178,250048,,,"Vizient (MS1301), Premier (BT-NS-002)",969 LAKELAND DR,6012002000
skipped-clinic,Urology Clinic,2356,OSTERGARD GYN & FEM UROLOGY,CA,LONG BEACH,Urology Clinic,14141,,,,Vizient (MS1301),3650 Atlantic Ave,5624265630
skipped-duplicate,franklin-mountain-group:name+city+state; healthcare-cellutions:name+city+state; ju:name+city+state; martinez:name+city+state; meinnovations:name+city+state; sandia:name+city+state; sisco:name+city+state; streit:name+city+state; uromobile:name+city+state,367,VHS HARLINGEN HOSPITAL COMPANY LLC,TX,HARLINGEN,Hospital/ Medical Center,14103,450033,,,"Vizient (MS1301), Premier (BT-NS-002)",2101 PEASE ST,9563891100
skipped-duplicate,grosjean:name+city+state; jimmerson:name+city+state; lifesource:name+city+state; zenecare:name+city+state,368,SCRIPPS MERCY HOSPITAL,CA,SAN DIEGO,Hospital/ Medical Center,14027,050077,,,Vizient (MS1301),4077 5TH AVE,6192948111
skipped-clinic,Urology Clinic,2357,UROLOGY ASSOCIATE OF MOBILE,AL,MOBILE,Urology Clinic,14016,,,,Vizient (MS1301),168 Mobile Infirmary Blvd,2514354700
skipped-clinic,Urology Clinic,2358,USC UROLOGY,CA,LOS ANGELES,Urology Clinic,13949,,,,Vizient (MS1301),1510 San Pablo St Ste 514,5555555555
skipped-duplicate,chowning:name+city+state,369,RUSH UNIVERSITY MEDICAL CENTER,IL,CHICAGO,Hospital/ Medical Center,13946,140119,,,Vizient (MS1301),1653 WEST CONGRESS PARKWAY,3129425000
skipped-duplicate,lucier:name+city+state; noreaster:name+city+state; parkingangels:name+city+state; pierro:name+city+state; signature-medical:name+city+state; whisner:name+city+state,370,SOUTH SHORE HOSPITAL,MA,SOUTH WEYMOUTH,Hospital/ Medical Center,13910,220100,,,Vizient (MS1301),55 FOGG ROAD,7813408000
skipped-clinic,Urology Clinic,2359,SOUTH SHORE UROLOGY,MA,SOUTH WEYMOUTH,Urology Clinic,13910,,,,"Vizient (MS1301), Premier (BT-NS-002)",780 Main St,7813314600
skipped-duplicate,activize:name+city+state; parkingangels:name+city+state; proactive:name+city+state; streamline:name+city+state; whisner:name+city+state,371,UNITY HOSPITAL,NY,ROCHESTER,Hospital/ Medical Center,13831,330226,,,"Vizient (MS1301), Premier (BT-NS-002)",1555 LONG POND ROAD,5857237000
skipped-duplicate,activize:name+city+state; ghanem:name+city+state; streamline:name+city+state,372,UPMC HAMOT,PA,ERIE,Hospital/ Medical Center,13790,390063,,,,201 STATE STREET,8148776000
skipped-duplicate,activize:name+city+state; parkingangels:name+city+state; proactive:name+city+state; streamline:name+city+state; whisner:name+city+state,373,WYNN HOSPITAL,NY,UTICA,Hospital/ Medical Center,13778,330044,,,"Vizient (MS1301), Premier (BT-NS-002)",1656 CHAMPLIN AVENUE,3156246002
skipped-duplicate,activize:name+city+state; parkingangels:name+city+state; proactive:name+city+state; streamline:name+city+state; whisner:name+city+state,374,ST FRANCIS HOSPITAL - THE HEART CENTER,NY,ROSLYN,Hospital/ Medical Center,13747,330182,,,Vizient (MS1301),100 PORT WASHINGTON BOULEVARD,5165626000
skipped-duplicate,chowning:name+city+state,4406,WICHITA VA MEDICAL CENTER,KS,WICHITA,VA Medical Center,13744,17008F,,,Marathon Medical (FFS Approval: 36F79718D0321),5500 E. KELLOG,3166852221
skipped-duplicate,chowning:name+city+state,375,WESLEY MEDICAL CENTER,KS,WICHITA,Hospital/ Medical Center,13744,170123,,,Vizient (MS1301),550 N HILLSIDE STREET,3169622000
skipped-duplicate,a3-biomedical:name+city+state; emina-taylor:name+city+state; expert-medical-sales:name+city+state; lamitina:name+city+state; salmons:name+city+state; southern-surgical:name+city+state; tplconsulting:name+city+state,376,MARION COMMUNTIY HOSPITAL,FL,OCALA,Hospital/ Medical Center,13617,100212,,,"Vizient (MS1301), Premier (BT-NS-002)",1431 SW 1ST AVE,3524011000
skipped-duplicate,chowning:name+city+state; stengel:name+city+state,377,ST LUKES HOSPITAL OF KANSAS CITY,MO,KANSAS CITY,Hospital/ Medical Center,13541,260138,,,"Vizient (MS1301), Premier (BT-NS-002)",4401 WORNALL ROAD,8169322000
skipped-duplicate,franklin-mountain-group:name+city+state; healthcare-cellutions:name+city+state; ju:name+city+state; martinez:name+city+state; meinnovations:name+city+state; sandia:name+city+state; sisco:name+city+state; streit:name+city+state; uromobile:name+city+state,378,HCA HOUSTON HEALTHCARE KINGWOOD,TX,KINGWOOD,Hospital/ Medical Center,13533,450775,,,"Vizient (MS1301), Premier (BT-NS-002)",22999 US HWY 59,2813597500
skipped-clinic,Urology Clinic,2360,SIU MEDICINE - UROLOGY - SCI,IL,SPRINGFIELD,Urology Clinic,13481,,,,Vizient (MS1301),315 W Carpenter St Fl 1,2175451881
skipped-clinic,Urology Clinic,2361,PH CD UROLOGY,NM,ALBUQUERQUE,Urology Clinic,13473,,,,Vizient (MS1301),1100 Central Ave Se,5057248386
skipped-duplicate,zenecare:name+city+state,379,CHANDLER REGIONAL MEDICAL CENTER,AZ,CHANDLER,Hospital/ Medical Center,13457,030036,,,"Vizient (MS1301), Premier (BT-NS-002)",1955 WEST FRYE ROAD,4807283000
skipped-duplicate,grosjean:ccn:050308; jimmerson:ccn:050308; lifesource:ccn:050308; zenecare:ccn:050308,380,EL CAMINO HOSPITAL,CA,MOUNTAIN VIEW,Hospital/ Medical Center,13457,050308,,,Vizient (MS1301),2500 GRANT ROAD,6509407000
skipped-clinic,Urology Clinic,2362,EL CAMINO UROLOGY MED GR,CA,MOUNTAIN VIEW,Urology Clinic,13457,,,,Vizient (MS1301),2490 Hospital Dr Ste 210,6509624662
skipped-duplicate,grosjean:name+city+state; jimmerson:name+city+state; lifesource:name+city+state; zenecare:name+city+state,381,KAISER FOUNDATION HOSP SO SACRAMENTO,CA,SACRAMENTO,Hospital/ Medical Center,13433,050674,,,Vizient (MS1301),6600 BRUCEVILLE ROAD,9166882000
skipped-duplicate,dennehy:name+city+state; dowdy:name+city+state; hagarty:name+city+state; murray:name+city+state,382,MULTICARE GOOD SAMARITAN HOSPITAL,WA,PUYALLUP,Hospital/ Medical Center,13422,500079,,,Vizient (MS1301),401 15TH AVENUE SE,2536972102
skipped-duplicate,grosjean:name+city+state; jimmerson:name+city+state; lifesource:name+city+state; zenecare:name+city+state,383,ANTELOPE VALLEY HOSPITAL,CA,LANCASTER,Hospital/ Medical Center,13421,050056,,,"Vizient (MS1301), Premier (BT-NS-002)",1600 W AVE J,6619495500
skipped-duplicate,grosjean:name+city+state; jimmerson:name+city+state; lifesource:name+city+state; zenecare:name+city+state,384,HOAG MEMORIAL HOSPITAL PRESBYTERIAN,CA,NEWPORT BEACH,Hospital/ Medical Center,13418,050224,,,Vizient (MS1301),ONE HOAG DRIVE,9497644624
skipped-clinic,Urology Clinic,2363,SUFFOLK UROLOGY ASSOCIATES PC,NY,BAY SHORE,Urology Clinic,13409,,,,Vizient (MS1301),332 E Main St Ste 2,6316653737
skipped-duplicate,grosjean:name+city+state; jimmerson:name+city+state; lifesource:name+city+state; zenecare:name+city+state,385,KAISER FOUNDATION HOSPITAL-SANTA CLARA,CA,SANTA CLARA,Hospital/ Medical Center,13381,050071,,,Vizient (MS1301),700 LAWRENCE EXPRESSWAY,4082366400
skipped-duplicate,franklin-mountain-group:name+city+state; greatdane:name+city+state; richards:name+city+state; southern-surgical:name+city+state; tbmedical:name+city+state,386,TRISTAR CENTENNIAL MEDICAL CENTER,TN,NASHVILLE,Hospital/ Medical Center,13346,440161,,,"Vizient (MS1301), Premier (BT-NS-002)",2300 PATTERSON STREET,6153421000
skipped-duplicate,franklin-mountain-group:name+city+state; healthcare-cellutions:name+city+state; ju:name+city+state; martinez:name+city+state; meinnovations:name+city+state; sandia:name+city+state; sisco:name+city+state; streit:name+city+state; uromobile:name+city+state,387,HARRIS HEALTH,TX,HOUSTON,Hospital/ Medical Center,13334,450289,,,"Vizient (MS1301), Premier (BT-NS-002)",2525 HOLLY HALL,7135666417
skipped-duplicate,grosjean:name+city+state; jimmerson:name+city+state; lifesource:name+city+state; zenecare:name+city+state,388,KAISER FOUNDATION HOSPITAL - OAKLAND/RICHMOND,CA,OAKLAND,Hospital/ Medical Center,13314,050075,,,,275 WEST MACARTHUR BOULEVARD,5107521000
skipped-duplicate,acme:name+city+state; sciotex:name+city+state; steimel:name+city+state,390,MERCY HOSPITAL,MN,COON RAPIDS,Hospital/ Medical Center,13194,240115,,,Vizient (MS1301),4050 COON RAPIDS BLVD,7622368100
skipped-clinic,Urology Clinic,2364,OCHSNER UROLOGY CLINIC OLSP KH02,LA,SHREVEPORT,Urology Clinic,13172,,,,Vizient (MS1301),1606 Kings Hwy Rm 3066,3186755058
skipped-duplicate,klea:name+city+state,391,UOFL HEALTH - JEWISH HOSPITAL AND MARY & ELIZABETH HOSPITAL,KY,LOUISVILLE,Hospital/ Medical Center,13101,180040,,,"Vizient (MS1301), Premier (BT-NS-002)",200 ABRAHAM FLEXNER WAY,5025874011
skipped-duplicate,lifesource:name+city+state; zenecare:name+city+state,392,SPRING VALLEY HOSPITAL MEDICAL CENTER,NV,LAS VEGAS,Hospital/ Medical Center,13067,290046,,,"Vizient (MS1301), Premier (BT-NS-002)",5400 SOUTH RAINBOW BLVD,7028533000
skipped-clinic,Urology Clinic,2365,SETHI PRITHIPAL,CA,STOCKTON,Urology Clinic,13041,,,,Vizient (MS1301),1805 N California St Ste 303,2094643627
skipped-duplicate,intuitek:name+city+state,393,PHOEBE PUTNEY MEMORIAL HOSPITAL,GA,ALBANY,Hospital/ Medical Center,12955,110007,,,Vizient (MS1301),417 THIRD AVENUE,2293124068
skipped-duplicate,zenecare:name+city+state,394,ABRAZO WEST CAMPUS,AZ,GOODYEAR,Hospital/ Medical Center,12908,030110,,,Vizient (MS1301),13677 WEST MCDOWELL ROAD,6238821970
skipped-clinic,Urology Clinic,2366,IMS UROLOGY,AZ,GOODYEAR,Urology Clinic,12908,,,,Vizient (MS1301),13555 W Mcdowell Rd Ste 203,6232290845
skipped-duplicate,grosjean:name+city+state; jimmerson:name+city+state; lifesource:name+city+state; zenecare:name+city+state,395,LOS ANGELES GENERAL MEDICAL CENTER,CA,LOS ANGELES,Hospital/ Medical Center,12900,050373,,,Vizient (MS1301),"2051 MARENGO ST, ROOM C2K100",3232262800
skipped-duplicate,dowdy:name+city+state; hagarty:name+city+state,396,SALEM HOSPITAL,OR,SALEM,Hospital/ Medical Center,12891,380051,,,Vizient (MS1301),"890 OAK STREET, SE",5035615200
skipped-duplicate,a3-biomedical:name+city+state; emina-taylor:name+city+state; expert-medical-sales:name+city+state; lamitina:name+city+state; salmons:name+city+state; southern-surgical:name+city+state; tplconsulting:name+city+state,397,GULF COAST MEDICAL CENTER LEE HEALTH,FL,FORT MYERS,Hospital/ Medical Center,12855,100220,,,Vizient (MS1301),13681 DOCTORS WAY,2393431000
skipped-duplicate,steimel:name+city+state,398,MARSHFIELD MEDICAL CENTER,WI,MARSHFIELD,Hospital/ Medical Center,12841,520037,,,Vizient (MS1301),611 ST JOSEPH AVE,7153879963
skipped-clinic,Urology Clinic,2367,UROPARTNERS WEST LOOP UROLOGY,IL,CHICAGO,Urology Clinic,12786,,,,Vizient (MS1301),1725 W Harrison St Ste 758,3128646000
skipped-clinic,Urology Clinic,2368,ALEXANDRIA UROLOGY ASSOCIATES LLP,LA,ALEXANDRIA,Urology Clinic,12720,,,,Vizient (MS1301),301 4th St,3187693000
skipped-clinic,Urology Clinic,2369,LOUISVILLE UROLOGY,KY,LOUISVILLE,Urology Clinic,12714,,,,"Vizient (MS1301), Premier (BT-NS-002)",3 Audubon Plaza Dr Ste 310,5023750009
skipped-duplicate,klea:name+city+state,399,UNIVERSITY OF LOUISVILLE HOSPITAL,KY,LOUISVILLE,Hospital/ Medical Center,12714,180141,,,"Vizient (MS1301), Premier (BT-NS-002)",530 SOUTH JACKSON STREET,5025623000
skipped-duplicate,grosjean:name+city+state; jimmerson:name+city+state; lifesource:name+city+state; zenecare:name+city+state,400,JOHN MUIR MEDICAL CENTER - WALNUT CREEK CAMPUS,CA,WALNUT CREEK,Hospital/ Medical Center,12667,050180,,,"Vizient (MS1301), Premier (BT-NS-002)",1601 YGNACIO VALLEY RD,9259393000
skipped-duplicate,activize:name+city+state; parkingangels:name+city+state; proactive:name+city+state; streamline:name+city+state; whisner:name+city+state,401,BROOKDALE HOSPITAL MEDICAL CENTER,NY,BROOKLYN,Hospital/ Medical Center,12638,330233,,,"Vizient (MS1301), Premier (BT-NS-002)",1 BROOKDALE PLAZA,7182405966
skipped-duplicate,lifesource:name+city+state; zenecare:name+city+state,402,UNIVERSITY MEDICAL CENTER,NV,LAS VEGAS,Hospital/ Medical Center,12616,290007,,,"Vizient (MS1301), Premier (BT-NS-002)",1800 W CHARLESTON BLVD,7023832000
skipped-duplicate,dennehy:name+city+state; dowdy:name+city+state; hagarty:name+city+state; murray:name+city+state,403,VALLEY MEDICAL CENTER,WA,RENTON,Hospital/ Medical Center,12603,500088,,,Vizient (MS1301),400 S 43RD ST,4252283450
skipped-duplicate,ghanem:name+city+state,404,HOLY CROSS HOSPITAL,MD,SILVER SPRING,Hospital/ Medical Center,12597,210004,,,"Vizient (MS1301), Premier (BT-NS-002)",1500 FOREST GLEN ROAD,3017547000
skipped-clinic,Urology Clinic,2370,UROLOGY TYLER,TX,TYLER,Urology Clinic,12568,,,,Vizient (MS1301),911 S Beckham Ave,9032623955
skipped-duplicate,activize:name+city+state; ghanem:name+city+state; streamline:name+city+state,405,READING HOSPITAL,PA,WEST READING,Hospital/ Medical Center,12564,390044,,,Vizient (MS1301),420 S 5TH AVENUE,6109888000
skipped-duplicate,hagarty:name+city+state,4407,BOISE VA MEDICAL CENTER,ID,BOISE,VA Medical Center,12550,13003F,,,Marathon Medical (FFS Approval: 36F79718D0321),500 W. FORT STREET,2084221000
skipped-duplicate,hagarty:name+city+state,406,ST LUKE'S REGIONAL MEDICAL CENTER,ID,BOISE,Hospital/ Medical Center,12550,130006,,,Vizient (MS1301),190 EAST BANNOCK STREET,2083812222
skipped-duplicate,dennehy:name+city+state; dowdy:name+city+state; hagarty:name+city+state; murray:name+city+state,407,PROV SACRED HRT MED CTR & CHILDS HOSP,WA,SPOKANE,Hospital/ Medical Center,12527,500054,,,,101 WEST 8TH AVENUE,5094743131
skipped-duplicate,steimel:name+city+state,408,SSM HEALTH ST MARY'S HOSPITAL - MADISON,WI,MADISON,Hospital/ Medical Center,12506,520083,,,Vizient (MS1301),700 SOUTH PARK ST,6082516100
skipped-duplicate,dowdy:name+city+state; hagarty:name+city+state,409,LEGACY EMANUEL MEDICAL CENTER,OR,PORTLAND,Hospital/ Medical Center,12487,380007,,,Vizient (MS1301),2801 N GANTENBEIN AVENUE,5034132200
skipped-duplicate,dennehy:name+city+state; dowdy:name+city+state; hagarty:name+city+state; murray:name+city+state,410,SWEDISH MEDICAL CENTER,WA,SEATTLE,Hospital/ Medical Center,12471,500027,,,"Vizient (MS1301), Premier (BT-NS-002)",747 BROADWAY,2063866000
skipped-duplicate,intuitek:name+city+state,411,NORTHSIDE HOSPITAL FORSYTH,GA,CUMMING,Hospital/ Medical Center,12470,110005,,,"Vizient (MS1301), Premier (BT-NS-002)",1200 NORTHSIDE FORSYTH DRIVE,7708443200
skipped-duplicate,greatdane:name+city+state; southern-surgical:name+city+state,412,PRINCETON BAPTIST MEDICAL CENTER,AL,BIRMINGHAM,Hospital/ Medical Center,12409,010103,,,,701 PRINCETON AVENUE SOUTHWEST,2057833800
skipped-clinic,Urology Clinic,2371,UROLOGY CLINIC OF WINCHESTER-LEVINSON MARK C MD,VA,WINCHESTER,Urology Clinic,12361,,,,Vizient (MS1301),1712 Amherst St,5406671712
skipped-clinic,Urology Clinic,2372,SPHP-UROLOGICAL DIAGNOSTIC LAB,NY,ALBANY,Urology Clinic,12346,,,,Vizient (MS1301),319 S Manning Blvd Ste 204,5185251550
skipped-duplicate,hagarty:ccn:130007,12,SAINT ALPHONSUS REGIONAL,ID,BOISE,Rehabilitation Hospital,12327,130007,,,Vizient (MS1301),711 N Curtis Rd,2086053000
skipped-clinic,Urology Clinic,2373,UM DEPARTMENT OF UROLOGY - BAPTIST MEDICAL ARTS BUILDING,FL,MIAMI,Urology Clinic,12269,,,,Vizient (MS1301),8940 N Kendall Dr,3052437014
skipped-duplicate,zenecare:name+city+state,413,INTERMOUNTAIN HEALTH UTAH VALLEY HOSPITAL,UT,PROVO,Hospital/ Medical Center,12258,460001,,,,1034 NORTH 500 WEST,8013737850
skipped-clinic,Urology Clinic,2374,IMP AUC-WEST ISLIP EAST OFFICE,NY,WEST ISLIP,Urology Clinic,12255,,,,Vizient (MS1301),747 Montauk Hwy,6313763000
skipped-clinic,Urology Clinic,2375,CORPUS CHRISTI UROLOGY GROUP,TX,CORPUS CHRISTI,Urology Clinic,12231,,,,"Vizient (MS1301), Premier (BT-NS-002)",601 Texan Trl Ste 100,3615614106
skipped-duplicate,franklin-mountain-group:ccn:450788; healthcare-cellutions:ccn:450788; ju:ccn:450788; martinez:ccn:450788; meinnovations:ccn:450788; sandia:ccn:450788; sisco:ccn:450788; streit:ccn:450788; uromobile:ccn:450788,414,CORPUS CHRISTI MEDICAL CENTERTHE,TX,CORPUS CHRISTI,Hospital/ Medical Center,12231,450788,,,,6629 WOODRIDGE ROAD,3617611501
skipped-duplicate,a3-biomedical:name+city+state; emina-taylor:name+city+state; expert-medical-sales:name+city+state; lamitina:name+city+state; salmons:name+city+state; southern-surgical:name+city+state; tplconsulting:name+city+state,415,MOUNT SINAI MEDICAL CENTER OF FLORIDA INC,FL,MIAMI BEACH,Hospital/ Medical Center,12196,100034,,,"Vizient (MS1301), Premier (BT-NS-002)",4300 ALTON RD,3056742121
skipped-duplicate,gerrard:name+city+state; intuitek:name+city+state; tbmedical:name+city+state,416,ST FRANCIS-DOWNTOWN,SC,GREENVILLE,Hospital/ Medical Center,12193,420023,,,Vizient (MS1301),ONE ST FRANCIS DR,8008055678
skipped-duplicate,grosjean:name+city+state; jimmerson:name+city+state; lifesource:name+city+state; zenecare:name+city+state,417,EMANATE HEALTH INTER-COMMUNITY HOSPITAL,CA,COVINA,Hospital/ Medical Center,12186,050382,,,"Vizient (MS1301), Premier (BT-NS-002)",210 W  SAN BERNARDINO ROAD,6268142468
skipped-duplicate,activize:name+city+state; ghanem:name+city+state; streamline:name+city+state,418,GEISINGER-COMMUNITY MEDICAL CENTER,PA,SCRANTON,Hospital/ Medical Center,12144,390001,,,,1822 MULBERRY STREET,5707038000
skipped-duplicate,klea:name+city+state,419,FRANCISCAN HEALTH INDIANAPOLIS,IN,INDIANAPOLIS,Hospital/ Medical Center,12140,150162,,,"Vizient (MS1301), Premier (BT-NS-002)",8111 S EMERSON AVE,3175285000
skipped-duplicate,grosjean:name+city+state; jimmerson:name+city+state; lifesource:name+city+state; zenecare:name+city+state,420,USC ARCADIA HOSPITAL,CA,ARCADIA,Hospital/ Medical Center,12123,050238,,,"Vizient (MS1301), Premier (BT-NS-002)",300 W HUNTINGTON DR,6268988000
skipped-duplicate,grosjean:name+city+state; jimmerson:name+city+state; lifesource:name+city+state; zenecare:name+city+state,421,ZUCKERBERG SAN FRANCISCO GENERAL HOSP & TRAUMA CTR,CA,SAN FRANCISCO,Hospital/ Medical Center,12117,050228,,,"Vizient (MS1301), Premier (BT-NS-002)",1001 POTRERO AVENUE,4152068000
skipped-duplicate,klea:name+city+state; streamline:name+city+state,422,MERCY ST VINCENT MEDICAL CENTER,OH,TOLEDO,Hospital/ Medical Center,12106,360112,,,"Vizient (MS1301), Premier (BT-NS-002)",2213 CHERRY STREET,4192513232
skipped-clinic,Urology Clinic,2376,UROLOGY PARTNERS-VORA KIRIT,MI,TROY,Urology Clinic,12065,,,,"Vizient (MS1301), Premier (BT-NS-002)",44199 Dequindre Rd Ste 202,2488795700
skipped-clinic,Urology Clinic,2377,NEPM UROLOGY BRIDGEPORT MAIN,CT,BRIDGEPORT,Urology Clinic,12031,,,,Vizient (MS1301),4695 Main St,2033843000
skipped-clinic,Urology Clinic,2378,KADLEC CLINIC - UROLOGY,WA,RICHLAND,Urology Clinic,11978,,,,Vizient (MS1301),780 Swift Blvd Fl 2,5099423165
skipped-clinic,Urology Clinic,2379,NORTH TEXAS UROLOGY,TX,RICHARDSON,Urology Clinic,11976,,,,Vizient (MS1301),2821 E President George Bush Hwy,2145759000
skipped-clinic,Urology Clinic,2380,BOCA UROLOGY INC,FL,BOCA RATON,Urology Clinic,11973,,,,"Vizient (MS1301), Premier (BT-NS-002)",851 Meadows Rd Ste 212,5613944500
skipped-clinic,Urology Clinic,2381,AU MEDICAL ASSOCIATES,GA,AUGUSTA,Urology Clinic,11935,,,,Vizient (MS1301),1220 West Wheeler Pkwy Ste A,7067210211
skipped-duplicate,intuitek:name+city+state,425,DOCTORS HOSPITAL,GA,AUGUSTA,Hospital/ Medical Center,11935,110177,,,"Vizient (MS1301), Premier (BT-NS-002)",3651 WHEELER ROAD,7066516008
skipped-duplicate,greatdane:name+city+state; southern-surgical:name+city+state,426,FLOWERS HOSPITAL,AL,DOTHAN,Hospital/ Medical Center,11931,010055,,,,4370 WEST MAIN STREET,3347935000
skipped-duplicate,greatdane:name+city+state; southern-surgical:name+city+state,427,FORREST GENERAL HOSPITAL,MS,HATTIESBURG,Hospital/ Medical Center,11920,250078,,,"Vizient (MS1301), Premier (BT-NS-002)",6051 US HIGHWAY 49,6012887000
skipped-duplicate,activize:name+city+state; ghanem:name+city+state; streamline:name+city+state,4408,JAMES E VAN ZANDT VA MEDICAL CENTER (ALTOONA),PA,ALTOONA,VA Medical Center,11909,39001F,,,Marathon Medical (FFS Approval: 36F79718D0321),2907 PLEASANT VALLEY BOULEVARD,8149438164
skipped-duplicate,activize:name+city+state; ghanem:name+city+state; streamline:name+city+state,428,UPMC ALTOONA,PA,ALTOONA,Hospital/ Medical Center,11909,390073,,,"Vizient (MS1301), Premier (BT-NS-002)",620 HOWARD AVENUE,8148892011
skipped-duplicate,lucier:name+city+state; noreaster:name+city+state; parkingangels:name+city+state; pierro:name+city+state; signature-medical:name+city+state; whisner:name+city+state,429,ST FRANCIS HOSPITAL & MEDICAL CENTER,CT,HARTFORD,Hospital/ Medical Center,11873,070002,,,Vizient (MS1301),114 WOODLAND STREET & 500 BLUE HILLS AVENUE,8607144000
skipped-duplicate,greatdane:name+city+state; southern-surgical:name+city+state,430,USA HEALTH UNIVERSITY HOSPITAL,AL,MOBILE,Hospital/ Medical Center,11860,010087,,,Vizient (MS1301),2451 FILLINGIM STREET,2514717110
skipped-duplicate,chowning:name+city+state; gptsurgical:name+city+state; greatdane:name+city+state; healthcare-cellutions:name+city+state,431,WASHINGTON REGIONAL MEDICAL CENTER,AR,FAYETTEVILLE,Hospital/ Medical Center,11840,040004,,,Vizient (MS1301),3215 N NORTH HILLS BOULEVARD,4794635113
skipped-clinic,Urology Clinic,2382,AUCU - GS1,SC,MYRTLE BEACH,Urology Clinic,11801,,,,Vizient (MS1301),823 82nd Pkwy,8436921000
skipped-clinic,Urology Clinic,2383,VALLEY ASSOCIATES UROLOGY MEDICAL GROUP,CA,MODESTO,Urology Clinic,11795,,,,Vizient (MS1301),1541 Florida Ave Ste 306,2095781211
skipped-duplicate,chowning:name+city+state,432,CARLE FOUNDATION HOSPITAL,IL,URBANA,Hospital/ Medical Center,11777,140091,,,Vizient (MS1301),611 WEST PARK STREET,2173833311
skipped-duplicate,acme:name+city+state; sciotex:name+city+state; steimel:name+city+state,433,ALLINA UNITED HOSPITAL,MN,SAINT PAUL,Hospital/ Medical Center,11751,240038,,,,333 NORTH SMITH AVENUE,7632368205
skipped-clinic,Urology Clinic,2384,COVENANT UROLOGY,MI,SAGINAW,Urology Clinic,11745,,,,Vizient (MS1301),3875 Bay Rd Ste 2S,9895830000
skipped-clinic,Urology Clinic,2385,TENNESSE UROLOGY LAB,TN,POWELL,Urology Clinic,11701,,,,Vizient (MS1301),7557 Dannaher Way Ste 230,8656379431
skipped-duplicate,activize:name+city+state; parkingangels:name+city+state; proactive:name+city+state; streamline:name+city+state; whisner:name+city+state,435,MOUNT SINAI BETH ISRAEL,NY,NEW YORK,Hospital/ Medical Center,11697,330169,,,"Vizient (MS1301), Premier (BT-NS-002)",281 1ST AVE,2124202000
skipped-duplicate,activize:name+city+state; ghanem:name+city+state; streamline:name+city+state,4410,ERIE VA MEDICAL CENTER,PA,ERIE,VA Medical Center,11673,39005F,,,Marathon Medical (FFS Approval: 36F79718D0321),135 EAST 38TH STREET,8148602576
skipped-duplicate,lucier:name+city+state; noreaster:name+city+state; parkingangels:name+city+state; pierro:name+city+state; signature-medical:name+city+state; whisner:name+city+state,436,THE HOSPITAL OF CENTRAL CONNECTICUT,CT,NEW BRITAIN,Hospital/ Medical Center,11629,070035,,,"Vizient (MS1301), Premier (BT-NS-002)",100 GRAND STREET,8602245011
skipped-duplicate,activize:name+city+state; parkingangels:name+city+state; proactive:name+city+state; streamline:name+city+state; whisner:name+city+state,437,UNITED HEALTH SERVICES HOSPITALS INC,NY,BINGHAMTON,Hospital/ Medical Center,11623,330394,,,Vizient (MS1301),10-42 MITCHELL AVENUE,6077636000
skipped-duplicate,franklin-mountain-group:name+city+state; greatdane:name+city+state; richards:name+city+state; southern-surgical:name+city+state; tbmedical:name+city+state,438,WELLMONT HOLSTON VALLEY MEDICAL CENTER,TN,KINGSPORT,Hospital/ Medical Center,11588,440017,,,"Vizient (MS1301), Premier (BT-NS-002)",130 WEST RAVINE ROAD,4232244000
skipped-duplicate,grosjean:name+city+state; jimmerson:name+city+state; lifesource:name+city+state; zenecare:name+city+state,439,SCRIPPS MEMORIAL HOSPITAL LA JOLLA,CA,LA JOLLA,Hospital/ Medical Center,11584,050324,,,Vizient (MS1301),9888 GENESEE AVENUE,8586264123
skipped-clinic,Urology Clinic,2386,ALBOA UNITED - LJ,CA,LA JOLLA,Urology Clinic,11584,,,,Vizient (MS1301),9834 Genesee Ave Ste 312,8585588150
skipped-duplicate,lucier:name+city+state; noreaster:name+city+state; pierro:name+city+state; signature-medical:name+city+state; whisner:name+city+state,440,NORTHERN LIGHT EASTERN MAINE MEDICAL CENTER,ME,BANGOR,Hospital/ Medical Center,11577,200033,,,,489 STATE STREET,2079737000
skipped-duplicate,zenecare:campus,4411,TUCSON VA MEDICAL CENTER (VISN 22),AZ,TUCSON,VA Medical Center,11555,,,,Marathon Medical (FFS Approval: 36F79718D0321),3601 South Sixth Avenue,5203241399
skipped-duplicate,grosjean:name+city+state; jimmerson:name+city+state; lifesource:name+city+state; zenecare:name+city+state,442,PROVIDENCE ST JUDE MEDICAL CENTER,CA,FULLERTON,Hospital/ Medical Center,11521,050168,,,"Vizient (MS1301), Premier (BT-NS-002)",101 E VALENCIA MESA DRIVE,7149923000
skipped-duplicate,gerrard:name+city+state; tbmedical:name+city+state,443,CAPE FEAR VALLEY MEDICAL CENTER,NC,FAYETTEVILLE,Hospital/ Medical Center,11521,340028,,,Premier (BT-NS-002),1638 OWEN DRIVE P O BOX 2000,9106094000
skipped-clinic,Urology Clinic,2387,CAPE FEAR REGIONAL UROLOGICAL CLINIC PA,NC,FAYETTEVILLE,Urology Clinic,11521,,,,Vizient (MS1301),1537 Owen Park Ln,9104858801
skipped-duplicate,whittiker:name+city+state,444,PARKVIEW MEDICAL CENTER INC,CO,PUEBLO,Hospital/ Medical Center,11504,060020,,,Vizient (MS1301),400 W 16TH ST,7195844000
skipped-duplicate,ghanem:name+city+state,446,CJW MEDICAL CENTER,VA,RICHMOND,Hospital/ Medical Center,11502,490112,,,"Vizient (MS1301), Premier (BT-NS-002)",7101 JAHNKE ROAD,8044830000
skipped-duplicate,ghanem:name+city+state,4412,RICHMOND VA MEDICAL CENTER,VA,RICHMOND,VA Medical Center,11502,49010F,,,Marathon Medical (FFS Approval: 36F79718D0321),1201 BROAD ROCK BOULEVARD,8046755000
skipped-duplicate,activize:name+city+state; whisner:name+city+state,447,ATLANTICARE REGIONAL MEDICAL CENTER - CITY CAMPUS,NJ,ATLANTIC CITY,Hospital/ Medical Center,11500,310064,,,Vizient (MS1301),1925 PACIFIC AVENUE,6094418020
skipped-duplicate,grosjean:name+city+state; jimmerson:name+city+state; lifesource:name+city+state; zenecare:name+city+state,448,ARROWHEAD REGIONAL MEDICAL CENTER,CA,COLTON,Hospital/ Medical Center,11464,050245,,,"Vizient (MS1301), Premier (BT-NS-002)",400 NORTH PEPPER AVENUE,9095801000
skipped-duplicate,lucier:campus; noreaster:campus; parkingangels:campus; pierro:campus; signature-medical:campus; whisner:campus,2211,BOSTON UNIVERSITY MEDICAL CENTER (SCI-MS),MA,BOSTON,Rehabilitation Hospital,11440,,,,Vizient (MS1301),44 Cummingtom St Rm 403,6173534358
skipped-duplicate,lucier:name+city+state; noreaster:name+city+state; parkingangels:name+city+state; pierro:name+city+state; signature-medical:name+city+state; whisner:name+city+state,449,BOSTON MEDICAL CENTER,MA,BOSTON,Hospital/ Medical Center,11440,220031,,,Vizient (MS1301),1 BOSTON MEDICAL CENTER PLACE,6176388000
skipped-duplicate,dennehy:name+city+state; dowdy:name+city+state; hagarty:name+city+state; murray:name+city+state,450,PEACEHEALTH SOUTHWEST MEDICAL CENTER,WA,VANCOUVER,Hospital/ Medical Center,11437,500050,,,"Vizient (MS1301), Premier (BT-NS-002)",400 NE MOTHER JOSEPH PLACE,3602562000
skipped-duplicate,activize:name+city+state; whisner:name+city+state,451,ST JOSEPH'S UNIVERSITY MEDICAL CENTER INC,NJ,PATERSON,Hospital/ Medical Center,11433,310019,,,"Vizient (MS1301), Premier (BT-NS-002)",703 MAIN ST,9737542010
skipped-duplicate,greatdane:name+city+state; southern-surgical:name+city+state,452,JACKSON HOSPITAL & CLINIC INC,AL,MONTGOMERY,Hospital/ Medical Center,11404,010024,,,Vizient (MS1301),1725 PINE STREET,3342938000
skipped-clinic,Urology Clinic,2388,JACKSON CLINIC UROLOGY EAST,AL,MONTGOMERY,Urology Clinic,11404,,,,Vizient (MS1301),226 Mitylene Park Dr,3342817666
skipped-clinic,Urology Clinic,2389,CCPN UROLOGY DALLAS,TX,DALLAS,Urology Clinic,11391,,,,"Vizient (MS1301), Premier (BT-NS-002)",8315 Walnut Hill Ln Ste 205,2147500808
skipped-duplicate,chowning:name+city+state,453,ADVOCATE CONDELL MEDICAL CENTER,IL,LIBERTYVILLE,Hospital/ Medical Center,11381,140202,,,"Vizient (MS1301), Premier (BT-NS-002)",801 S MILWAUKEE AVE,8473622900
skipped-duplicate,franklin-mountain-group:ccn:450358; healthcare-cellutions:ccn:450358; ju:ccn:450358; martinez:ccn:450358; meinnovations:ccn:450358; sandia:ccn:450358; sisco:ccn:450358; streit:ccn:450358; uromobile:ccn:450358,2212,HOUSTON METHODIST,TX,HOUSTON,Rehabilitation Hospital,11339,450358,,,Vizient (MS1301),7550 Greenbriar Dr Ste 230,2814771000
skipped-duplicate,a3-biomedical:name+city+state; emina-taylor:name+city+state; expert-medical-sales:name+city+state; lamitina:name+city+state; salmons:name+city+state; southern-surgical:name+city+state; tplconsulting:name+city+state,454,WINTER HAVEN HOSPITAL,FL,WINTER HAVEN,Hospital/ Medical Center,11336,100052,,,"Vizient (MS1301), Premier (BT-NS-002)",200 AVE F NE,8632931121
skipped-duplicate,franklin-mountain-group:name+city+state; greatdane:name+city+state; richards:name+city+state; southern-surgical:name+city+state; tbmedical:name+city+state,455,WELLMONT BRISTOL REGIONAL MEDICAL CENTER,TN,BRISTOL,Hospital/ Medical Center,11239,440012,,,"Vizient (MS1301), Premier (BT-NS-002)",ONE MEDICAL PARK BLVD,4238441121
skipped-clinic,Urology Clinic,2390,MCGOL ASSOCIATES,IN,INDIANAPOLIS,Urology Clinic,11236,,,,Vizient (MS1301),2160 W 86th St Ste 202,3179734200
skipped-clinic,Urology Clinic,2391,GENESISCARE - NU18/MLF2,FL,NAPLES,Urology Clinic,11227,,,,Vizient (MS1301),6376 Pine Ridge Rd Ste 420,2394348565
skipped-duplicate,a3-biomedical:name+city+state; emina-taylor:name+city+state; expert-medical-sales:name+city+state; lamitina:name+city+state; salmons:name+city+state; southern-surgical:name+city+state; tplconsulting:name+city+state,456,PHYSICIANS REGIONAL MEDICAL CENTER - PINE RIDGE,FL,NAPLES,Hospital/ Medical Center,11227,100286,,,,6101 PINE RIDGE ROAD,2393045145
skipped-duplicate,klea:name+city+state; streamline:name+city+state,457,AKRON GENERAL MEDICAL CENTER,OH,AKRON,Hospital/ Medical Center,11218,360027,,,Vizient (MS1301),1 AKRON GENERAL AVENUE,3303446000
skipped-clinic,Urology Clinic,2392,MIDDLE TENNESSEE UROLOGY SPECIALISTS,TN,MURFREESBORO,Urology Clinic,11209,,,,Vizient (MS1301),1747 Medical Center Pkwy Ste 210,6153964100
skipped-duplicate,chowning:name+city+state,458,ASCENSION VIA CHRISTI HOSPITALS WICHITA INC,KS,WICHITA,Hospital/ Medical Center,11196,170122,,,,929 NORTH ST FRANCIS STREET,3162685000
skipped-duplicate,a3-biomedical:name+city+state; emina-taylor:name+city+state; expert-medical-sales:name+city+state; lamitina:name+city+state; salmons:name+city+state; southern-surgical:name+city+state; tplconsulting:name+city+state,459,ADVENTHEALTH SEBRING,FL,SEBRING,Hospital/ Medical Center,11085,100109,,,"Vizient (MS1301), Premier (BT-NS-002)",4200 SUN N LAKE BLVD,8633144466
skipped-duplicate,chowning:name+city+state; stengel:name+city+state,460,SSM HEALTH SAINT LOUIS UNIVERSITY HOSPITAL,MO,SAINT LOUIS,Hospital/ Medical Center,11084,260105,,,"Vizient (MS1301), Premier (BT-NS-002)",3635 VISTA AVE,3145778000
skipped-duplicate,greatdane:name+city+state; southern-surgical:name+city+state,461,SINGING RIVER HEALTH SYSTEM,MS,PASCAGOULA,Hospital/ Medical Center,11082,250040,,,"Vizient (MS1301), Premier (BT-NS-002)",2809 DENNY AV,2288095000
skipped-duplicate,activize:name+city+state; whisner:name+city+state,462,JERSEY SHORE UNIVERSITY MEDICAL CENTER,NJ,NEPTUNE,Hospital/ Medical Center,11057,310073,,,Vizient (MS1301),1945 RTE 33,7327755500
skipped-duplicate,klea:name+city+state,463,METHODIST HOSPITALS INC,IN,GARY,Hospital/ Medical Center,11038,150002,,,"Vizient (MS1301), Premier (BT-NS-002)",600 GRANT ST,2198864000
skipped-duplicate,lifesource:name+city+state; zenecare:name+city+state,464,SAINT ROSE DOMINICAN HOSPITALS - SIENA CAMPUS,NV,HENDERSON,Hospital/ Medical Center,11033,290045,,,"Vizient (MS1301), Premier (BT-NS-002)",3001 ST ROSE PARKWAY,7026165000
skipped-duplicate,chowning:name+city+state,465,UNIVERSITY OF KANSAS HOSPITAL,KS,KANSAS CITY,Hospital/ Medical Center,11029,170040,,,Vizient (MS1301),4000 CAMBRIDGE STREET,9135887332
skipped-duplicate,chowning:name+city+state,466,STORMONT VAIL HOSPITAL,KS,TOPEKA,Hospital/ Medical Center,11021,170086,,,Vizient (MS1301),1500 SW 10TH AVENUE,7853546121
skipped-clinic,Urology Clinic,2393,MCGRAEL UROLOGY,TX,DENISON,Urology Clinic,10995,,,,Vizient (MS1301),5012 S Us Hwy 75 Ste 215,9035480011
skipped-duplicate,franklin-mountain-group:name+city+state; healthcare-cellutions:name+city+state; ju:name+city+state; martinez:name+city+state; meinnovations:name+city+state; sandia:name+city+state; sisco:name+city+state; streit:name+city+state; uromobile:name+city+state,467,TEXOMA MEDICAL CENTER,TX,DENISON,Hospital/ Medical Center,10995,450324,,,"Vizient (MS1301), Premier (BT-NS-002)",5016 S US HIGHWAY 75,9034164000
skipped-duplicate,activize:name+city+state; whisner:name+city+state,468,ROBERT WOOD JOHNSON UNIVERSITY HOSPITAL,NJ,NEW BRUNSWICK,Hospital/ Medical Center,10982,310038,,,Vizient (MS1301),ONE ROBERT WOOD JOHNSON PLACE,7328283000
skipped-duplicate,greatdane:name+city+state; southern-surgical:name+city+state,469,MEMORIAL HOSPITAL AT GULFPORT,MS,GULFPORT,Hospital/ Medical Center,10981,250019,,,Premier (BT-NS-002),4500 13TH STREET,2288674000
skipped-duplicate,activize:name+city+state; parkingangels:name+city+state; proactive:name+city+state; streamline:name+city+state; whisner:name+city+state,470,VASSAR BROTHERS MEDICAL CENTER,NY,POUGHKEEPSIE,Hospital/ Medical Center,10962,330023,,,"Vizient (MS1301), Premier (BT-NS-002)",45 READE PLACE,8454548500
skipped-duplicate,grosjean:name+city+state; jimmerson:name+city+state; lifesource:name+city+state; zenecare:name+city+state,471,KAISER FOUNDATION HOSPITAL - LOS ANGELES,CA,LOS ANGELES,Hospital/ Medical Center,10947,050138,,,"Vizient (MS1301), Premier (BT-NS-002)",4867 SUNSET BLVD,3237834011
skipped-duplicate,a3-biomedical:name+city+state; emina-taylor:name+city+state; expert-medical-sales:name+city+state; lamitina:name+city+state; salmons:name+city+state; southern-surgical:name+city+state; tplconsulting:name+city+state,472,MORTON PLANT HOSPITAL,FL,CLEARWATER,Hospital/ Medical Center,10930,100127,,,"Vizient (MS1301), Premier (BT-NS-002)",300 PINELLAS ST,7274627000
skipped-duplicate,hagarty:name+city+state,475,KOOTENAI HEALTH,ID,COEUR D'ALENE,Hospital/ Medical Center,10826,130049,,,,2003 KOOTENAI HEALTH WAY,2086254000
skipped-duplicate,intuitek:name+city+state,476,NORTHSIDE HOSPITAL,GA,ATLANTA,Hospital/ Medical Center,10803,110161,,,"Vizient (MS1301), Premier (BT-NS-002)","1000 JOHNSON FERRY ROAD, NE",4048518000
skipped-clinic,Urology Clinic,2394,GA UROLOGY - ROBOTICS NORTHSIDE TOWER,GA,ATLANTA,Urology Clinic,10803,,,,Vizient (MS1301),5670 Peachtree Dunwoody Rd Ste 1250,2488446000
skipped-duplicate,franklin-mountain-group:name+city+state; healthcare-cellutions:name+city+state; ju:name+city+state; martinez:name+city+state; meinnovations:name+city+state; sandia:name+city+state; sisco:name+city+state; streit:name+city+state; uromobile:name+city+state,477,ST DAVID'S MEDICAL CENTER,TX,AUSTIN,Hospital/ Medical Center,10802,450431,,,Vizient (MS1301),919 E 32ND ST,5124767111
skipped-duplicate,lifesource:name+city+state; zenecare:name+city+state,478,MOUNTAINVIEW HOSPITAL,NV,LAS VEGAS,Hospital/ Medical Center,10768,290039,,,"Vizient (MS1301), Premier (BT-NS-002)",3100 N TENAYA WAY,7022555000
skipped-duplicate,a3-biomedical:campus; emina-taylor:campus; expert-medical-sales:campus; lamitina:campus; salmons:campus; southern-surgical:campus; tplconsulting:campus,4413,JAMES A HALEY VETERANS' HOSPITAL (TAMPA) (VISN 8),FL,TAMPA,VA Medical Center,10745,,,,Marathon Medical (FFS Approval: 36F79718D0321),13000 Bruce B. Downs Boulevard,8139722000
skipped-duplicate,klea:name+city+state,479,UNION HOSPITAL INC,IN,TERRE HAUTE,Hospital/ Medical Center,10744,150023,,,"Vizient (MS1301), Premier (BT-NS-002)",1606 N SEVENTH ST,8122387606
skipped-clinic,Urology Clinic,2395,NEA BAPTIST CLINIC - UROLOGY,AR,JONESBORO,Urology Clinic,10738,,,,Vizient (MS1301),4802 E Johnson Ave Fl 2,8709727000
skipped-duplicate,activize:name+city+state; parkingangels:name+city+state; proactive:name+city+state; streamline:name+city+state; whisner:name+city+state,480,BELLEVUE HOSPITAL CENTER,NY,NEW YORK,Hospital/ Medical Center,10695,330204,,,Vizient (MS1301),462 FIRST AVENUE,2125614132
skipped-clinic,Urology Clinic,2396,TIDEWATER MEDICAL CENTER-UROLOGY,VA,NEWPORT NEWS,Urology Clinic,10667,,,,Vizient (MS1301),860 Omni Blvd Ste 205,7578732562
skipped-duplicate,ghanem:name+city+state,481,RIVERSIDE REGIONAL MEDICAL CENTER,VA,NEWPORT NEWS,Hospital/ Medical Center,10667,490052,,,"Vizient (MS1301), Premier (BT-NS-002)",500 J CLYDE MORRIS BLVD,7575942000
skipped-clinic,Urology Clinic,2397,SHELDON J FREEDMAN MD LTD,NV,LAS VEGAS,Urology Clinic,10637,,,,Vizient (MS1301),653 N Town Center Dr Ste 308,7027320282
skipped-duplicate,a3-biomedical:name+city+state; emina-taylor:name+city+state; expert-medical-sales:name+city+state; lamitina:name+city+state; salmons:name+city+state; southern-surgical:name+city+state; tplconsulting:name+city+state,482,MEMORIAL REGIONAL HOSPITAL,FL,HOLLYWOOD,Hospital/ Medical Center,10621,100038,,,"Vizient (MS1301), Premier (BT-NS-002)",3501 JOHNSON ST,9549872000
skipped-clinic,Urology Clinic,2398,BUR3 BROWARD UROLOGY CENTER,FL,FORT LAUDERDALE,Urology Clinic,10591,,,,Vizient (MS1301),2021 E Commercial Blvd Ste 302,9543554400
skipped-duplicate,gerrard:campus; tbmedical:campus,2214,CONE HEALTH SYSTEM,NC,GREENSBORO,Rehabilitation Hospital,10574,,,,Vizient (MS1301),1200 N Elm St,3368327000
skipped-duplicate,franklin-mountain-group:name+city+state; healthcare-cellutions:name+city+state; ju:name+city+state; martinez:name+city+state; meinnovations:name+city+state; sandia:name+city+state; sisco:name+city+state; streit:name+city+state; uromobile:name+city+state,483,CHRISTUS MOTHER FRANCES HOSPITAL,TX,TYLER,Hospital/ Medical Center,10543,450102,,,Premier (BT-NS-002),800 EAST DAWSON,9035938441
skipped-duplicate,grosjean:name+city+state; jimmerson:name+city+state; lifesource:name+city+state; zenecare:name+city+state,484,LAC/HARBOR-UCLA MED CENTER,CA,TORRANCE,Hospital/ Medical Center,10537,050376,,,"Vizient (MS1301), Premier (BT-NS-002)",1000 W CARSON ST,3102222345
skipped-duplicate,a3-biomedical:name+city+state; emina-taylor:name+city+state; expert-medical-sales:name+city+state; lamitina:name+city+state; salmons:name+city+state; southern-surgical:name+city+state; tplconsulting:name+city+state,485,CLEVELAND CLINIC MARTIN NORTH HOSPITAL,FL,STUART,Hospital/ Medical Center,10512,100044,,,"Vizient (MS1301), Premier (BT-NS-002)",200 SE HOSPITAL AVE,7722875200
skipped-duplicate,intuitek:name+city+state,486,CANDLER HOSPITAL,GA,SAVANNAH,Hospital/ Medical Center,10506,110024,,,"Vizient (MS1301), Premier (BT-NS-002)",5353 REYNOLDS STREET,9128195290
skipped-duplicate,franklin-mountain-group:name+city+state; greatdane:name+city+state; richards:name+city+state; southern-surgical:name+city+state; tbmedical:name+city+state,487,TRISTAR SKYLINE MEDICAL CENTER,TN,NASHVILLE,Hospital/ Medical Center,10443,440006,,,"Vizient (MS1301), Premier (BT-NS-002)",3441 DICKERSON PIKE,6157692000
skipped-duplicate,dowdy:name+city+state; hagarty:name+city+state,488,PROVIDENCE ST VINCENT MEDICAL CENTER,OR,PORTLAND,Hospital/ Medical Center,10404,380004,,,Vizient (MS1301),9205 SW BARNES ROAD,5032161234
skipped-clinic,Urology Clinic,2399,NORTHWEST UROLOGY,OR,PORTLAND,Urology Clinic,10404,,,,Vizient (MS1301),9155 Sw Barnes Rd Ste 663,5032971078
skipped-clinic,Urology Clinic,2400,YELLOWSTONE UROLOGY PLLC,MT,BILLINGS,Urology Clinic,10403,,,,Vizient (MS1301),2900 12th Ave N Ste 160w,4062375411
skipped-duplicate,hagarty:name+city+state,489,BILLINGS CLINIC,MT,BILLINGS,Hospital/ Medical Center,10403,270004,,,"Vizient (MS1301), Premier (BT-NS-002)",2800 10TH AVE N,4066574000
skipped-duplicate,chowning:name+city+state,490,SAINT ANTHONY MEDICAL CENTER,IL,ROCKFORD,Hospital/ Medical Center,10388,140233,,,Premier (BT-NS-002),5666 EAST STATE STREET,8152262000
skipped-duplicate,franklin-mountain-group:name+city+state; healthcare-cellutions:name+city+state; ju:name+city+state; martinez:name+city+state; meinnovations:name+city+state; sandia:name+city+state; sisco:name+city+state; streit:name+city+state; uromobile:name+city+state,491,UNIVERSITY MEDICAL CENTER OF EL PASO,TX,EL PASO,Hospital/ Medical Center,10366,450024,,,"Vizient (MS1301), Premier (BT-NS-002)",4815 ALAMEDA AVE,9155217602
skipped-clinic,Urology Clinic,2401,ADVANCED UROLOGY SPECIALISTS,IL,NEW LENOX,Urology Clinic,10360,,,,Vizient (MS1301),1851 Silver Cross Blvd Ste 250,8153001100
skipped-duplicate,dowdy:name+city+state; hagarty:name+city+state,492,SACRED HEART MEDICAL CENTER - RIVERBEND,OR,SPRINGFIELD,Hospital/ Medical Center,10355,380102,,,"Vizient (MS1301), Premier (BT-NS-002)",3333 RIVERBEND DRIVE,5412227300
skipped-duplicate,activize:name+city+state; ghanem:name+city+state; streamline:name+city+state,493,UPMC MERCY,PA,PITTSBURGH,Hospital/ Medical Center,10251,390028,,,Premier (BT-NS-002),1400 LOCUST STREET,4122328111
skipped-clinic,Urology Clinic,2402,CAPITAL PAVILION UROLOGY,CA,SACRAMENTO,Urology Clinic,10247,,,,Vizient (MS1301),2725 Capitol Ave Ste 400,9169247777
skipped-duplicate,a3-biomedical:name+city+state; emina-taylor:name+city+state; expert-medical-sales:name+city+state; lamitina:name+city+state; salmons:name+city+state; southern-surgical:name+city+state; tplconsulting:name+city+state,494,HOLMES REGIONAL MEDICAL CENTER,FL,MELBOURNE,Hospital/ Medical Center,10224,100019,,,"Vizient (MS1301), Premier (BT-NS-002)",1350 S HICKORY ST,3214347000
skipped-duplicate,activize:name+city+state; parkingangels:name+city+state; proactive:name+city+state; streamline:name+city+state; whisner:name+city+state,495,KINGS COUNTY HOSPITAL CENTER,NY,BROOKLYN,Hospital/ Medical Center,10190,330202,,,"Vizient (MS1301), Premier (BT-NS-002)",451 CLARKSON AVENUE,7182453901
skipped-duplicate,healthcare-cellutions:name+city+state; sisco:name+city+state; southern-surgical:name+city+state,496,BATON ROUGE GENERAL MEDICAL CENTER,LA,BATON ROUGE,Hospital/ Medical Center,10177,190065,,,"Vizient (MS1301), Premier (BT-NS-002)",8585 PICARDY AVE,2253877767
skipped-clinic,Urology Clinic,2403,UROLOGY CONSULTANTS LTD,IL,BELLEVILLE,Urology Clinic,10169,,,,Vizient (MS1301),4550 Memorial Dr Ste 280,6182773143
skipped-duplicate,chowning:name+city+state; gptsurgical:name+city+state; greatdane:name+city+state; healthcare-cellutions:name+city+state,497,BAPTIST HEALTH - FORT SMITH,AR,FORT SMITH,Hospital/ Medical Center,10168,040055,,,Vizient (MS1301),1001 TOWSON AVENUE,4794414000
skipped-duplicate,franklin-mountain-group:name+city+state; healthcare-cellutions:name+city+state; ju:name+city+state; martinez:name+city+state; meinnovations:name+city+state; sandia:name+city+state; sisco:name+city+state; streit:name+city+state; uromobile:name+city+state,498,METHODIST CHARLTON MEDICAL CENTER,TX,DALLAS,Hospital/ Medical Center,10156,450723,,,"Vizient (MS1301), Premier (BT-NS-002)",3500 W WHEATLAND ROAD,2149477777
skipped-duplicate,franklin-mountain-group:name+city+state; healthcare-cellutions:name+city+state; ju:name+city+state; martinez:name+city+state; meinnovations:name+city+state; sandia:name+city+state; sisco:name+city+state; streit:name+city+state; uromobile:name+city+state,4414,DALLAS VA MEDICAL CENTER (VA NORTH TEXAS HEALTHCARE SYSTEM),TX,DALLAS,VA Medical Center,10156,45066F,,,Marathon Medical (FFS Approval: 36F79718D0321),4500 S. LANCASTER ROAD,2147428387
skipped-duplicate,intuitek:name+city+state,499,ATRIUM HEALTH FLOYD MEDICAL CENTER,GA,ROME,Hospital/ Medical Center,10154,110054,,,Premier (BT-NS-002),304 TURNER MCCALL BOULEVARD,7065096900
skipped-clinic,Urology Clinic,2404,WASHINGTON NEPRHOLOGY ASSOC,MD,BALTIMORE,Urology Clinic,10149,,,,Vizient (MS1301),2411 W Belvedere Ave Ste 304,4106019000
skipped-duplicate,activize:name+city+state; parkingangels:name+city+state; proactive:name+city+state; streamline:name+city+state; whisner:name+city+state,4415,VA NEW YORK HARBOR HEALTHCARE SYSTEM - NY DIV,NY,NEW YORK,VA Medical Center,10147,33017F,,,Marathon Medical (FFS Approval: 36F79718D0321),423 EAST 23RD STREET,2126867500
skipped-duplicate,intuitek:name+city+state,500,ST FRANCIS HOSPITAL- EMORY HEALTHCARE,GA,COLUMBUS,Hospital/ Medical Center,10134,110129,,,"Vizient (MS1301), Premier (BT-NS-002)",2122 MANCHESTER EXPRESSWAY,7065964020
skipped-clinic,Urology Clinic,2405,HENDRICK MEDICAL CENTER-RINARD UROLOGY,TX,ABILENE,Urology Clinic,10119,,,,Vizient (MS1301),1924 Pine St Ste 505,3256706784
skipped-duplicate,franklin-mountain-group:name+city+state; healthcare-cellutions:name+city+state; ju:name+city+state; martinez:name+city+state; meinnovations:name+city+state; sandia:name+city+state; sisco:name+city+state; streit:name+city+state; uromobile:name+city+state,501,HENDRICK MEDICAL CENTER,TX,ABILENE,Hospital/ Medical Center,10119,450229,,,"Vizient (MS1301), Premier (BT-NS-002)",1900 PINE,3256702000
skipped-duplicate,zenecare:name+city+state,502,BANNER BOSWELL MEDICAL CENTER,AZ,SUN CITY,Hospital/ Medical Center,10117,030061,,,"Vizient (MS1301), Premier (BT-NS-002)",13632 N 99TH AVE,6238324000
skipped-clinic,Urology Clinic,2406,UROLOGY SPECIALISTS PC-NORTH KANSAS CITY,MO,NORTH KANSAS CITY,Urology Clinic,10112,,,,Vizient (MS1301),2700 Clay Edwards Dr Ste 370,8168420171
skipped-duplicate,acme:name+city+state; sciotex:name+city+state; steimel:name+city+state,503,M HEALTH FAIRVIEW SOUTHDALE HOSPITAL,MN,EDINA,Hospital/ Medical Center,10079,240078,,,Premier (BT-NS-002),6401 FRANCE AVENUE SOUTH,9529245000
skipped-clinic,Urology Clinic,2407,MIDWEST INST OF UROLOGY PA,MN,EDINA,Urology Clinic,10079,,,,Vizient (MS1301),6600 France Ave S Ste 660,9524222000
skipped-duplicate,grosjean:name+city+state; jimmerson:name+city+state; lifesource:name+city+state; zenecare:name+city+state,504,SAN ANTONIO REGIONAL HOSPITAL,CA,UPLAND,Hospital/ Medical Center,10076,050099,,,"Vizient (MS1301), Premier (BT-NS-002)",999 SAN BERNARDINO ROAD,9099852811
skipped-duplicate,grosjean:name+city+state; jimmerson:name+city+state; lifesource:name+city+state; zenecare:name+city+state,505,PROVIDENCE ST JOSEPH HOSPITAL,CA,ORANGE,Hospital/ Medical Center,10070,050069,,,"Vizient (MS1301), Premier (BT-NS-002)",1100 WEST STEWART DR,7146339111
skipped-duplicate,acme:name+city+state; sciotex:name+city+state; steimel:name+city+state,506,ESSENTIA HEALTH ST MARY'S MEDICAL CENTER,MN,DULUTH,Hospital/ Medical Center,10052,240002,,,Vizient (MS1301),402 EAST SECOND STREET,2187863574
skipped-duplicate,ghanem:name+city+state,507,CENTRA HEALTH -  LYNCHBURG GEN HOSPITAL,VA,LYNCHBURG,Hospital/ Medical Center,10038,490021,,,"Vizient (MS1301), Premier (BT-NS-002)",1901 TATE SPRINGS ROAD,4342004789
skipped-clinic,Urology Clinic,2408,BORDELON MD WILLIAM,TX,AMARILLO,Urology Clinic,10033,,,,Vizient (MS1301),1600 S Coulter St Bldg A Ste 100,8063595874
skipped-duplicate,zenecare:name+city+state,508,ABRAZO ARROWHEAD HOSPITAL,AZ,GLENDALE,Hospital/ Medical Center,10033,030094,,,,18701 NORTH 67TH AVENUE,6235611000
skipped-duplicate,chowning:name+city+state,509,ELMHURST MEMORIAL HOSPITAL,IL,ELMHURST,Hospital/ Medical Center,10021,140200,,,"Vizient (MS1301), Premier (BT-NS-002)",155 EAST BRUSH HILL ROAD,3312211000
skipped-duplicate,a3-biomedical:name+city+state; emina-taylor:name+city+state; expert-medical-sales:name+city+state; lamitina:name+city+state; salmons:name+city+state; southern-surgical:name+city+state; tplconsulting:name+city+state,510,HCA FLORIDA LARGO HOSPITAL,FL,LARGO,Hospital/ Medical Center,10015,100248,,,Vizient (MS1301),201 14TH ST SW,7275885200
skipped-duplicate,activize:ccn:313300; whisner:ccn:313300,2248,CHILDREN'S SPECIALIZED HOSPITAL,NJ,MOUNTAINSIDE,Rehabilitation Hospital,10000,313300,,,Vizient (MS1301),150 New Providence Rd,9082333720
skipped-duplicate,chowning:ccn:260005; stengel:ccn:260005,2242,SSM REHABILITATION HOSPITAL AT ST JOSEPH HEALTH CENTER,MO,ST CHARLES,Rehabilitation Hospital,10000,260005,,,,"100 Medical Plaza, Fifth Floor, Lake Saint Louis",0
skipped-duplicate,chowning:name+city+state; stengel:name+city+state,2239,BARNES JEWISH HOSPITAL,MO,ST LOUIS,Rehabilitation Hospital,10000,260032,,,,One Barnes Jewish Hospital Plaza,0
skipped-duplicate,chowning:name+city+state; gptsurgical:name+city+state; greatdane:name+city+state; healthcare-cellutions:name+city+state,2275,LEVI HOSPITAL,AR,HOT SPRINGS,Rehabilitation Hospital,10000,040132,,,Vizient (MS1301),300 Prospect Ave,5016241281
skipped-duplicate,acme:name+city+state; sciotex:name+city+state; steimel:name+city+state,2237,REGIONS HOSPITAL,MN,ST PAUL,Rehabilitation Hospital,10000,240106,,,,640 Jackson St,0
skipped-duplicate,activize:campus; whisner:campus,2282,JFK JOHNSON REHABILITATION INSTITUTE AT HACKENSACK MERIDIAN HEALTH-EDISON,NJ,EDISON,Rehabilitation Hospital,10000,,,,Vizient (MS1301),343 Thornall St,0
skipped-duplicate,lucier:campus; noreaster:campus; parkingangels:campus; pierro:campus; signature-medical:campus; whisner:campus,2231,SOUTHCOAST REHABILITATION CENTER,MA,FALL RIVER,Rehabilitation Hospital,10000,,,,Premier (BT-NS-002),235 Hanover St,0
skipped-duplicate,dennehy:name+city+state; dowdy:name+city+state; hagarty:name+city+state; murray:name+city+state,4416,SPOKANE VA MEDICAL CENTER,WA,SPOKANE,VA Medical Center,9993,50011F,,,Marathon Medical (FFS Approval: 36F79718D0321),4815 N. ASSEMBLY STREET,5094347000
skipped-duplicate,ghanem:name+city+state,511,MARY WASHINGTON HOSPITAL,VA,FREDERICKSBURG,Hospital/ Medical Center,9986,490022,,,Vizient (MS1301),1001 SAM PERRY BOULEVARD,5407411100
skipped-duplicate,zenecare:name+city+state,512,YAVAPAI REGIONAL MEDICAL CENTER,AZ,PRESCOTT,Hospital/ Medical Center,9982,030012,,,"Vizient (MS1301), Premier (BT-NS-002)",1003 WILLOW CREEK ROAD,9284452700
skipped-duplicate,a3-biomedical:name+city+state; emina-taylor:name+city+state; expert-medical-sales:name+city+state; lamitina:name+city+state; salmons:name+city+state; southern-surgical:name+city+state; tplconsulting:name+city+state,513,FLAGLER HOSPITAL,FL,SAINT AUGUSTINE,Hospital/ Medical Center,9968,100090,,,"Vizient (MS1301), Premier (BT-NS-002)",400 HEALTH PARK BLVD,9048195155
skipped-duplicate,klea:name+city+state; streamline:name+city+state,514,ST ELIZABETH YOUNGSTOWN HOSPITAL,OH,YOUNGSTOWN,Hospital/ Medical Center,9945,360064,,,"Vizient (MS1301), Premier (BT-NS-002)",1044 BELMONT AVENUE,3304803022
skipped-duplicate,intuitek:name+city+state,515,ADVENTHEALTH REDMOND,GA,ROME,Hospital/ Medical Center,9943,110168,,,Premier (BT-NS-002),501 REDMOND ROAD NW,7068023012
skipped-duplicate,whittiker:name+city+state,516,DENVER HEALTH & HOSPITAL AUTHORITY,CO,DENVER,Hospital/ Medical Center,9942,060011,,,"Vizient (MS1301), Premier (BT-NS-002)",777 BANNOCK ST,3034364927
skipped-duplicate,franklin-mountain-group:name+city+state; healthcare-cellutions:name+city+state; ju:name+city+state; martinez:name+city+state; meinnovations:name+city+state; sandia:name+city+state; sisco:name+city+state; streit:name+city+state; uromobile:name+city+state,517,METHODIST DALLAS MEDICAL CENTER,TX,DALLAS,Hospital/ Medical Center,9923,450051,,,"Vizient (MS1301), Premier (BT-NS-002)",1441 NORTH BECKLEY AVENUE,2149478181
skipped-duplicate,activize:name+city+state; ghanem:name+city+state; streamline:name+city+state,518,UPMC WILLIAMSPORT,PA,WILLIAMSPORT,Hospital/ Medical Center,9910,390045,,,,700 HIGH STREET,5703211000
skipped-duplicate,activize:name+city+state; parkingangels:name+city+state; proactive:name+city+state; streamline:name+city+state; whisner:name+city+state,519,RICHMOND UNIVERSITY MEDICAL CENTER,NY,STATEN ISLAND,Hospital/ Medical Center,9894,330028,,,Premier (BT-NS-002),355 BARD AVENUE,7183545047
skipped-duplicate,chowning:ccn:260179; stengel:ccn:260179,1992,ST LUKES REHABILITATION HOSPITAL,MO,CHESTERFIELD,Rehabilitation Hospital,9889,260179,,,Vizient (MS1301),14709 Olive Blvd,3144341500
skipped-duplicate,activize:name+city+state; parkingangels:name+city+state; proactive:name+city+state; streamline:name+city+state; whisner:name+city+state,520,JACOBI MEDICAL CENTER,NY,BRONX,Hospital/ Medical Center,9870,330127,,,Vizient (MS1301),1400 PELHAM PARKWAY SOUTH,7189185000
skipped-duplicate,acme:name+city+state; sciotex:name+city+state; wood:name+city+state,521,ALTRU HOSPITAL,ND,GRAND FORKS,Hospital/ Medical Center,9867,350019,,,"Vizient (MS1301), Premier (BT-NS-002)",1200 S COLUMBIA RD,7017805000
skipped-clinic,Urology Clinic,2409,MHMG UROLOGY MEMORIAL CITY,TX,HOUSTON,Urology Clinic,9840,,,,"Vizient (MS1301), Premier (BT-NS-002)",915 Gessner Rd Ste 720,7134487083
skipped-duplicate,acme:name+city+state; sciotex:name+city+state; steimel:name+city+state; stengel:name+city+state,522,MERCYONE NORTH IOWA MEDICAL CENTER,IA,MASON CITY,Hospital/ Medical Center,9839,160064,,,,1000 FOURTH STREET SW,6414287000
skipped-duplicate,activize:name+city+state; ghanem:name+city+state; streamline:name+city+state,523,ROBERT PACKER HOSPITAL,PA,SAYRE,Hospital/ Medical Center,9838,390079,,,,ONE GUTHRIE SQUARE,5708886666
skipped-clinic,Urology Clinic,2410,SGMC - UROLOGY,GA,VALDOSTA,Urology Clinic,9800,,,,Vizient (MS1301),3294 N Oak Street Ext,2293331020
skipped-duplicate,a3-biomedical:name+city+state; emina-taylor:name+city+state; expert-medical-sales:name+city+state; lamitina:name+city+state; salmons:name+city+state; southern-surgical:name+city+state; tplconsulting:name+city+state,524,HCA FLORIDA JFK HOSPITAL,FL,ATLANTIS,Hospital/ Medical Center,9781,100080,,,"Vizient (MS1301), Premier (BT-NS-002)",5301 S CONGRESS AVE,5619657300
skipped-clinic,Urology Clinic,2411,MEDSTAR UROLOGY-GPG-MGUH,DC,WASHINGTON,Urology Clinic,9770,,,,Vizient (MS1301),3800 Reservoir Rd Nw,4107726500
skipped-duplicate,ghanem:name+city+state,525,SENTARA LEIGH HOSPITAL,VA,NORFOLK,Hospital/ Medical Center,9756,490046,,,"Vizient (MS1301), Premier (BT-NS-002)",830 KEMPSVILLE ROAD,7572616700
skipped-duplicate,intuitek:name+city+state,526,TANNER MEDICAL CENTER - CARROLLTON,GA,CARROLLTON,Hospital/ Medical Center,9754,110011,,,"Vizient (MS1301), Premier (BT-NS-002)",705 DIXIE STREET,7708369580
skipped-duplicate,activize:name+city+state; ghanem:name+city+state; streamline:name+city+state,528,PENN HIGHLANDS DUBOIS,PA,DUBOIS,Hospital/ Medical Center,9728,390086,,,Vizient (MS1301),100 HOSPITAL AVENUE,8143712200
skipped-clinic,Urology Clinic,2412,RICE MD UROLOGY PA PEYTON E,AR,NORTH LITTLE ROCK,Urology Clinic,9728,,,,Vizient (MS1301),3401 Springhill Dr Ste 240,5017534593
skipped-duplicate,chowning:name+city+state; gptsurgical:name+city+state; greatdane:name+city+state; healthcare-cellutions:name+city+state,527,BAPTIST HEALTH MEDICAL CENTER NORTH LITTLE ROCK,AR,NORTH LITTLE ROCK,Hospital/ Medical Center,9728,040036,,,Vizient (MS1301),3333 SPRINGHILL DRIVE,5012023000
skipped-duplicate,activize:name+city+state; parkingangels:name+city+state; proactive:name+city+state; streamline:name+city+state; whisner:name+city+state,529,GARNET HEALTH MEDICAL CENTER,NY,MIDDLETOWN,Hospital/ Medical Center,9711,330126,,,Premier (BT-NS-002),707 EAST MAIN STREET,8453432424
skipped-clinic,Urology Clinic,2413,UROLOGY ASSOCIATES OF GREEN BAY SC,WI,GREEN BAY,Urology Clinic,9711,,,,Vizient (MS1301),720 S Van Buren St Ste 301,9204339400
skipped-clinic,Urology Clinic,2414,SMF-ROSEVILLE UROLOGY,CA,ROSEVILLE,Urology Clinic,9685,,,,Vizient (MS1301),3 Medical Plaza Dr Ste 250,5555555555
skipped-duplicate,activize:name+city+state; ghanem:name+city+state; streamline:name+city+state,531,ST MARY MEDICAL CENTER,PA,LANGHORNE,Hospital/ Medical Center,9681,390258,,,Vizient (MS1301),LANGHORNE-NEWTOWN RD,2157502003
skipped-duplicate,grosjean:name+city+state; jimmerson:name+city+state; lifesource:name+city+state; zenecare:name+city+state,532,DESERT REGIONAL MEDICAL CENTER,CA,PALM SPRINGS,Hospital/ Medical Center,9671,050243,,,"Vizient (MS1301), Premier (BT-NS-002)",1150 NORTH INDIAN CANYON DRIVE,7603236511
skipped-clinic,Urology Clinic,2415,TRI VALLEY UROLOGY MEDICAL GROUP,CA,MURRIETA,Urology Clinic,9658,,,,"Vizient (MS1301), Premier (BT-NS-002)",25495 Medical Center Dr Fl 2 Ste 204,9516981901
skipped-duplicate,ghanem:name+city+state,533,MEDSTAR FRANKLIN SQUARE MEDICAL CENTER,MD,ROSEDALE,Hospital/ Medical Center,9654,210015,,,Vizient (MS1301),9000 FRANKLIN SQUARE DRIVE,4437777850
skipped-duplicate,franklin-mountain-group:name+city+state; healthcare-cellutions:name+city+state; ju:name+city+state; martinez:name+city+state; meinnovations:name+city+state; sandia:name+city+state; sisco:name+city+state; streit:name+city+state; uromobile:name+city+state,535,HOUSTON METHODIST THE WOODLANDS HOSPITAL,TX,THE WOODLANDS,Hospital/ Medical Center,9640,670122,,,Vizient (MS1301),17201 INTERSTATE 45 SOUTH,9362702000
skipped-duplicate,grosjean:name+city+state; jimmerson:name+city+state; lifesource:name+city+state; zenecare:name+city+state,534,KAISER FOUNDATION HOSPITAL - ROSEVILLE,CA,ROSEVILLE,Hospital/ Medical Center,9640,050772,,,"Vizient (MS1301), Premier (BT-NS-002)",1600 EUREKA ROAD,9167844000
skipped-duplicate,klea:name+city+state,536,KING'S DAUGHTERS' MEDICAL CENTER,KY,ASHLAND,Hospital/ Medical Center,9634,180009,,,"Vizient (MS1301), Premier (BT-NS-002)",2201 LEXINGTON AVENUE,6064084401
skipped-clinic,Urology Clinic,2416,HOUSTON METHODIST UROLOGY ASSOCIATES-CLEAR LAKE,TX,HOUSTON,Urology Clinic,9624,,,,Vizient (MS1301),2060 Space Park Dr Ste 208,8325221000
skipped-clinic,Urology Clinic,2417,MICHIGAN INSTITUTE OF UROLOGY PC - PONTIAC,MI,PONTIAC,Urology Clinic,9622,,,,"Vizient (MS1301), Premier (BT-NS-002)",44200 Woodward Ave Ste 207,2483226103
skipped-duplicate,dowdy:name+city+state; hagarty:name+city+state,537,KAISER SUNNYSIDE MEDICAL CENTER,OR,CLACKAMAS,Hospital/ Medical Center,9620,380091,,,"Vizient (MS1301), Premier (BT-NS-002)",10180 SE SUNNYSIDE ROAD,5036522880
skipped-clinic,Urology Clinic,2418,UROGYNECOLOGY ASSOC OF PHILADELPHIA,PA,PAOLI,Urology Clinic,9611,,,,"Vizient (MS1301), Premier (BT-NS-002)",255 W Lancaster Ave,4843373000
skipped-duplicate,klea:name+city+state; streamline:name+city+state,538,METROHEALTH SYSTEM,OH,CLEVELAND,Hospital/ Medical Center,9608,360059,,,"Vizient (MS1301), Premier (BT-NS-002)",2500 METROHEALTH DRIVE,2167787089
skipped-duplicate,klea:campus; streamline:campus,2259,METROHEALTH REHABILITATION INSTITUTE,OH,CLEVELAND,Rehabilitation Hospital,9608,,,,Vizient (MS1301),2500 Metro Health Dr,2167787800
skipped-duplicate,grosjean:name+city+state; jimmerson:name+city+state; lifesource:name+city+state; zenecare:name+city+state,541,KAISER FOUNDATION HOSPITAL - SACRAMENTO,CA,SACRAMENTO,Hospital/ Medical Center,9591,050425,,,Vizient (MS1301),2025 MORSE AVENUE,9169735000
skipped-duplicate,klea:name+city+state,542,COMMUNITY HOSPITAL EAST,IN,INDIANAPOLIS,Hospital/ Medical Center,9581,150074,,,Vizient (MS1301),1500 N RITTER AVE,3173555411
skipped-duplicate,franklin-mountain-group:name+city+state; greatdane:name+city+state; richards:name+city+state; southern-surgical:name+city+state; tbmedical:name+city+state,543,JOHNSON CITY MEDICAL CENTER,TN,JOHNSON CITY,Hospital/ Medical Center,9577,440063,,,"Vizient (MS1301), Premier (BT-NS-002)",400 N STATE OF FRANKLIN RD,4234316111
skipped-duplicate,grosjean:name+city+state; jimmerson:name+city+state; lifesource:name+city+state; zenecare:name+city+state,544,KAWEAH HEALTH MEDICAL CENTER,CA,VISALIA,Hospital/ Medical Center,9550,050057,,,"Vizient (MS1301), Premier (BT-NS-002)",400 W MINERAL KING AVE,5596242000
skipped-duplicate,franklin-mountain-group:name+city+state; healthcare-cellutions:name+city+state; ju:name+city+state; martinez:name+city+state; meinnovations:name+city+state; sandia:name+city+state; sisco:name+city+state; streit:name+city+state; uromobile:name+city+state,546,CHRISTUS SANTA ROSA MEDICAL CENTER,TX,SAN ANTONIO,Hospital/ Medical Center,9538,450237,,,Vizient (MS1301),2827 BABCOCK ROAD,2107043342
skipped-duplicate,activize:name+city+state; ghanem:name+city+state; streamline:name+city+state,547,JEFFERSON HOSPITAL,PA,JEFFERSON HILLS,Hospital/ Medical Center,9507,390265,,,"Vizient (MS1301), Premier (BT-NS-002)",565 COAL VALLEY ROAD,4124695000
skipped-duplicate,gerrard:name+city+state; tbmedical:name+city+state,548,ATRIUM HEALTH PINEVILLE,NC,CHARLOTTE,Hospital/ Medical Center,9506,340098,,,"Vizient (MS1301), Premier (BT-NS-002)",10628 PARK RD,7043795000
skipped-duplicate,activize:name+city+state; ghanem:name+city+state; streamline:name+city+state,549,ST CLAIR HOSPITAL,PA,PITTSBURGH,Hospital/ Medical Center,9505,390228,,,"Vizient (MS1301), Premier (BT-NS-002)",1000 BOWER HILL ROAD,4129424000
skipped-clinic,Urology Clinic,2419,STEPT & ARNHEIM UROLOGIC ASSOC/BOWER,PA,PITTSBURGH,Urology Clinic,9505,,,,Vizient (MS1301),1145 Bower Hill Rd Ste 105,4125726194
skipped-clinic,Urology Clinic,2420,NORTH FLORIDA UROLOGY,FL,GAINESVILLE,Urology Clinic,9499,,,,Vizient (MS1301),6520 Nw 50th Ln,3523382089
skipped-duplicate,a3-biomedical:name+city+state; emina-taylor:name+city+state; expert-medical-sales:name+city+state; lamitina:name+city+state; salmons:name+city+state; southern-surgical:name+city+state; tplconsulting:name+city+state,550,HCA FLORIDA NORTH FLORIDA HOSPITAL,FL,GAINESVILLE,Hospital/ Medical Center,9499,100204,,,"Vizient (MS1301), Premier (BT-NS-002)",6500 W NEWBERRY RD,3523334100
skipped-duplicate,whittiker:name+city+state,551,INTERMOUNTAIN HEALTH ST MARY'S REGIONAL HOSPITAL,CO,GRAND JUNCTION,Hospital/ Medical Center,9496,060023,,,"Vizient (MS1301), Premier (BT-NS-002)",2635 N 7TH ST,9702982260
skipped-duplicate,acme:name+city+state; sciotex:name+city+state; wood:name+city+state,552,MONUMENT HEALTH RAPID CITY HOSPITAL,SD,RAPID CITY,Hospital/ Medical Center,9448,430077,,,"Vizient (MS1301), Premier (BT-NS-002)",353 FAIRMONT BLVD,6057551000
skipped-duplicate,dowdy:name+city+state; hagarty:name+city+state,553,PROVIDENCE PORTLAND MEDICAL CENTER,OR,PORTLAND,Hospital/ Medical Center,9442,380061,,,"Vizient (MS1301), Premier (BT-NS-002)",4805 NE GLISAN STREET,5032151111
skipped-duplicate,dowdy:name+city+state; hagarty:name+city+state,4417,PORTLAND VA MEDICAL CENTER,OR,PORTLAND,VA Medical Center,9442,38003F,,,Marathon Medical (FFS Approval: 36F79718D0321),3710 SW US VETERANS HOSPITAL,5032208262
skipped-duplicate,acme:name+city+state; sciotex:name+city+state; wood:name+city+state,554,AVERA MCKENNAN HOSPITAL & UNIVERSITY HEALTH CENTER,SD,SIOUX FALLS,Hospital/ Medical Center,9431,430016,,,Premier (BT-NS-002),1325 S CLIFF AVE  POST OFFICE BOX 5045,6053228000
skipped-duplicate,intuitek:name+city+state,555,PIEDMONT ATHENS REGIONAL MEDICAL CENTER,GA,ATHENS,Hospital/ Medical Center,9430,110074,,,Vizient (MS1301),1199 PRINCE AVENUE,7064757000
skipped-duplicate,lifesource:name+city+state; zenecare:name+city+state,556,VALLEY HOSPITAL MEDICAL CENTER,NV,LAS VEGAS,Hospital/ Medical Center,9396,290021,,,"Vizient (MS1301), Premier (BT-NS-002)",620 SHADOW LANE,7023884000
skipped-duplicate,franklin-mountain-group:name+city+state; healthcare-cellutions:name+city+state; ju:name+city+state; martinez:name+city+state; meinnovations:name+city+state; sandia:name+city+state; sisco:name+city+state; streit:name+city+state; uromobile:name+city+state,557,DOCTORS HOSPTAL AT RENAISSANCE,TX,EDINBURG,Hospital/ Medical Center,9381,450869,,,,5501 SOUTH MCCOLL,9563628677
skipped-clinic,Urology Clinic,2421,COMMONWEALTH UROLOGY PSC,KY,LEXINGTON,Urology Clinic,9371,,,,Vizient (MS1301),1760 Nicholasville Rd Ste 301,8592775766
skipped-duplicate,activize:name+city+state; ghanem:name+city+state; streamline:name+city+state,558,CROZER CHESTER MEDICAL CENTER,PA,UPLAND,Hospital/ Medical Center,9308,390180,,,,ONE MEDICAL CENTER BOULEVARD,6104472000
skipped-duplicate,franklin-mountain-group:name+city+state; healthcare-cellutions:name+city+state; ju:name+city+state; martinez:name+city+state; meinnovations:name+city+state; sandia:name+city+state; sisco:name+city+state; streit:name+city+state; uromobile:name+city+state,4418,HOUSTON VA MEDICAL CENTER,TX,HOUSTON,VA Medical Center,9265,45074F,,,Marathon Medical (FFS Approval: 36F79718D0321),2002 HOLCOMBE BLVD.,7137947100
skipped-duplicate,zenecare:name+city+state,559,NORTHWEST MEDICAL CENTER,AZ,TUCSON,Hospital/ Medical Center,9248,030085,,,"Vizient (MS1301), Premier (BT-NS-002)",6200 NORTH LA CHOLLA BOULEVARD,5204698100
skipped-duplicate,intuitek:name+city+state,560,NORTHSIDE HOSPITAL CHEROKEE,GA,CANTON,Hospital/ Medical Center,9235,110008,,,"Vizient (MS1301), Premier (BT-NS-002)",450 NORTHSIDE CHEROKEE BOULEVARD,7702441000
skipped-duplicate,acme:name+city+state; sciotex:name+city+state; wood:name+city+state,561,SANFORD MEDICAL CENTER FARGO,ND,FARGO,Hospital/ Medical Center,9198,350011,,,Vizient (MS1301),801 BROADWAY NORTH,7012342000
skipped-duplicate,ghanem:name+city+state,562,HENRICO DOCTORS' HOSPITAL,VA,RICHMOND,Hospital/ Medical Center,9191,490118,,,Vizient (MS1301),1602 SKIPWITH ROAD,8042894500
skipped-duplicate,dowdy:name+city+state; hagarty:name+city+state,563,ASANTE ROGUE REGIONAL MEDICAL CENTER,OR,MEDFORD,Hospital/ Medical Center,9159,380018,,,"Vizient (MS1301), Premier (BT-NS-002)",2825 E BARNETT ROAD,5417897000
skipped-duplicate,ghanem:name+city+state,564,TIDALHEALTH PENINSULA REGIONAL INC,MD,SALISBURY,Hospital/ Medical Center,9156,210019,,,Vizient (MS1301),100 EAST CARROLL AVENUE,4105466400
skipped-duplicate,acme:name+city+state; sciotex:name+city+state; steimel:name+city+state,565,PARK NICOLLET METHODIST HOSPITAL,MN,SAINT LOUIS PARK,Hospital/ Medical Center,9150,240053,,,"Vizient (MS1301), Premier (BT-NS-002)",6500 EXCELSIOR BLVD,9529935000
skipped-duplicate,zenecare:name+city+state,4419,PHOENIX VA MEDICAL CENTER,AZ,PHOENIX,VA Medical Center,9147,03012F,,,Marathon Medical (FFS Approval: 36F79718D0321),650 E. INDIAN SCHOOL ROAD,6022226444
skipped-duplicate,zenecare:name+city+state,566,HONOR HEALTH JOHN C LINCOLN MEDICAL CENTER,AZ,PHOENIX,Hospital/ Medical Center,9147,030014,,,Vizient (MS1301),250 EAST DUNLAP AVENUE,6029432381
skipped-duplicate,ghanem:name+city+state,567,CARILION MEDICAL CENTER,VA,ROANOKE,Hospital/ Medical Center,9118,490024,,,"Vizient (MS1301), Premier (BT-NS-002)","1906 BELLEVIEW AVENUE, SE",5409817000
skipped-duplicate,activize:name+city+state; whisner:name+city+state,568,COMMUNITY MEDICAL CENTER,NJ,TOMS RIVER,Hospital/ Medical Center,9086,310041,,,Vizient (MS1301),99 RT 37 WEST,7325578000
skipped-duplicate,franklin-mountain-group:name+city+state; healthcare-cellutions:name+city+state; ju:name+city+state; martinez:name+city+state; meinnovations:name+city+state; sandia:name+city+state; sisco:name+city+state; streit:name+city+state; uromobile:name+city+state,569,MEDICAL CENTER HOSPITAL,TX,ODESSA,Hospital/ Medical Center,9072,450132,,,Vizient (MS1301),500 W 4TH STREET,4326404000
skipped-clinic,Urology Clinic,2422,RPA DBA UROLOGICAL CARE CENTER,IN,RICHMOND,Urology Clinic,9067,,,,Vizient (MS1301),1050 Reid Pkwy Ste 325,7659628551
skipped-duplicate,activize:name+city+state; whisner:name+city+state,570,THE UNIVERSITY HOSPITAL,NJ,NEWARK,Hospital/ Medical Center,9056,310119,,,"Vizient (MS1301), Premier (BT-NS-002)",150 BERGEN ST,9739724300
skipped-duplicate,franklin-mountain-group:name+city+state; healthcare-cellutions:name+city+state; ju:name+city+state; martinez:name+city+state; meinnovations:name+city+state; sandia:name+city+state; sisco:name+city+state; streit:name+city+state; uromobile:name+city+state,571,THE HOSPITALS OF PROVIDENCE - EAST CAMPUS,TX,EL PASO,Hospital/ Medical Center,9052,670047,,,"Vizient (MS1301), Premier (BT-NS-002)",3280 JOE BATTLE BLVD,9158567349
skipped-duplicate,grosjean:name+city+state; jimmerson:name+city+state; lifesource:name+city+state; zenecare:name+city+state,572,PALOMAR HEALTH DOWNTOWN CAMPUS,CA,ESCONDIDO,Hospital/ Medical Center,9042,050115,,,,555 EAST VALLEY PARKWAY,7607393000
skipped-duplicate,grosjean:name+city+state; jimmerson:name+city+state; lifesource:name+city+state; zenecare:name+city+state,573,GLENDALE ADVENTIST MEDICAL CENTER,CA,GLENDALE,Hospital/ Medical Center,9037,050239,,,"Vizient (MS1301), Premier (BT-NS-002)",1509 E WILSON TERRACE,8184098202
skipped-duplicate,grosjean:name+city+state; jimmerson:name+city+state; lifesource:name+city+state; zenecare:name+city+state,574,RIVERSIDE UNIVERSITY HEALTH SYSTEM-MEDICAL CENTER,CA,MORENO VALLEY,Hospital/ Medical Center,9028,050292,,,"Vizient (MS1301), Premier (BT-NS-002)",26520 CACTUS AVENUE,9514864000
skipped-duplicate,acme:name+city+state; sciotex:name+city+state; wood:name+city+state,575,THE NEBRASKA METHODIST HOSPITAL,NE,OMAHA,Hospital/ Medical Center,8983,280040,,,"Vizient (MS1301), Premier (BT-NS-002)",8303 DODGE ST,4023544000
skipped-duplicate,grosjean:name+city+state; jimmerson:name+city+state; lifesource:name+city+state; zenecare:name+city+state,576,MERCY GENERAL HOSPITAL,CA,SACRAMENTO,Hospital/ Medical Center,8979,050017,,,Premier (BT-NS-002),4001 J ST,9164534453
skipped-duplicate,chowning:name+city+state,578,BLESSING HOSPITAL,IL,QUINCY,Hospital/ Medical Center,8933,140015,,,"Vizient (MS1301), Premier (BT-NS-002)",1005 BROADWAY ST,2172231200
skipped-duplicate,greatdane:ccn:010139; southern-surgical:ccn:010139,577,BROOKWOOD BAPTIST MEDICAL CENTER,AL,VESTAVIA,Hospital/ Medical Center,8933,010139,,,,1280 COLUMBIANA ROAD STE 102,2058771000
skipped-clinic,Urology Clinic,2423,THE UROLOGY CENTER PC - BERGAN OFFICE,NE,OMAHA,Urology Clinic,8927,,,,Vizient (MS1301),7710 Mercy Rd Ste 608,4023998166
skipped-clinic,Urology Clinic,2424,ADVANCED UROLOGY MEDICAL OFFICES/MARK W TAMARIN MD,CA,TORRANCE,Urology Clinic,8926,,,,Vizient (MS1301),3440 Lomita Blvd Ste 440,3105305050
skipped-duplicate,dennehy:name+city+state; dowdy:name+city+state; hagarty:name+city+state; murray:name+city+state,579,EVERGREENHEALTH MEDICAL CENTER,WA,KIRKLAND,Hospital/ Medical Center,8922,500124,,,"Vizient (MS1301), Premier (BT-NS-002)",12040 NE 128TH STREET,4258991000
skipped-clinic,Urology Clinic,2425,PHP UROLOGY,CA,WHITTIER,Urology Clinic,8906,,,,Vizient (MS1301),14350 Whittier Blvd Ste 100a,5626980811
skipped-duplicate,activize:name+city+state; parkingangels:name+city+state; proactive:name+city+state; streamline:name+city+state; whisner:name+city+state,580,BRONXCARE HOSPITAL CENTER,NY,BRONX,Hospital/ Medical Center,8900,330009,,,"Vizient (MS1301), Premier (BT-NS-002)",1276 FULTON AVENUE,2125887000
skipped-duplicate,grosjean:name+city+state; jimmerson:name+city+state; lifesource:name+city+state; zenecare:name+city+state,581,PROVIDENCE MISSION HOSPITAL,CA,MISSION VIEJO,Hospital/ Medical Center,8859,050567,,,"Vizient (MS1301), Premier (BT-NS-002)",27700 MEDICAL CENTER RD,9493641400
skipped-duplicate,grosjean:name+city+state; jimmerson:name+city+state; lifesource:name+city+state; zenecare:name+city+state,582,KAISER FOUNDATION HOSPITAL - DOWNEY,CA,DOWNEY,Hospital/ Medical Center,8851,050139,,,"Vizient (MS1301), Premier (BT-NS-002)",9333 IMPERIAL HIGHWAY,5624616007
skipped-duplicate,intuitek:name+city+state,583,ST JOSEPH'S HOSPITAL - SAVANNAH,GA,SAVANNAH,Hospital/ Medical Center,8849,110043,,,"Vizient (MS1301), Premier (BT-NS-002)",11705 MERCY BOULEVARD,9128194100
skipped-duplicate,grosjean:name+city+state; jimmerson:name+city+state; lifesource:name+city+state; zenecare:name+city+state,584,ORANGE COUNTY GLOBAL MEDICAL CENTER,CA,SANTA ANA,Hospital/ Medical Center,8841,050746,,,Vizient (MS1301),1001 NORTH TUSTIN AVENUE,7149533500
skipped-clinic,Urology Clinic,2426,VHC HEALTH PHYSICIAN GROUP UROGYNECOLOGY,VA,ARLINGTON,Urology Clinic,8827,,,,Vizient (MS1301),1851 N George Mason Dr Ste 5C,7035585000
skipped-duplicate,healthcare-cellutions:campus; sisco:campus; southern-surgical:campus,2261,REHABILITATION INSTITUTE OF NEW ORLEANS,LA,NEW ORLEANS,Rehabilitation Hospital,8824,,,,"Vizient (MS1301), Premier (BT-NS-002)",4502 General Meyer Ave,5047023000
skipped-clinic,Urology Clinic,2427,UROLOGY CENTERS OF ALABAMA AT SHELBY MEDICAL CENTER,AL,ALABASTER,Urology Clinic,8781,,,,Vizient (MS1301),408 First St N Hwy 31 Ste 100,2056208100
skipped-duplicate,acme:name+city+state; sciotex:name+city+state; steimel:name+city+state; stengel:name+city+state,585,ALLEN HOSPITAL,IA,WATERLOO,Hospital/ Medical Center,8779,160110,,,"Vizient (MS1301), Premier (BT-NS-002)",1825 LOGAN AVENUE,3192353941
skipped-clinic,Urology Clinic,2428,PSH HS - AMERICAN OFFICE CENTER NEUROSURGERY,PA,CAMP HILL,Urology Clinic,8764,,,,Vizient (MS1301),423 N 21st St Ste 300,7177632559
skipped-duplicate,activize:name+city+state; ghanem:name+city+state; streamline:name+city+state,586,PENN STATE HEALTH HOLY SPIRIT MEDICAL CENTER,PA,CAMP HILL,Hospital/ Medical Center,8764,390004,,,Vizient (MS1301),503 NORTH 21ST STREET,7177632100
skipped-clinic,Urology Clinic,2429,OKLAHOMA KIDNEY STONE CENTER,OK,OKLAHOMA CITY,Urology Clinic,8751,,,,Vizient (MS1301),5401 N Portland Ave Ste 650,4056044160
skipped-duplicate,a3-biomedical:name+city+state; emina-taylor:name+city+state; expert-medical-sales:name+city+state; lamitina:name+city+state; salmons:name+city+state; southern-surgical:name+city+state; tplconsulting:name+city+state,587,CLEVELAND CLINIC HOSPITAL,FL,WESTON,Hospital/ Medical Center,8746,100289,,,Vizient (MS1301),3100 WESTON RD,9546895000
skipped-duplicate,chowning:name+city+state; gptsurgical:name+city+state; greatdane:name+city+state; healthcare-cellutions:name+city+state,588,CHI ST VINCENT HOSPITAL HOT SPRINGS,AR,HOT SPRINGS,Hospital/ Medical Center,8742,040026,,,Premier (BT-NS-002),300 WERNER STREET,5016221000
skipped-duplicate,lifesource:name+city+state; zenecare:name+city+state,589,HENDERSON HOSPITAL,NV,HENDERSON,Hospital/ Medical Center,8727,290057,,,"Vizient (MS1301), Premier (BT-NS-002)",1050 WEST GALLERIA DRIVE,7029637000
skipped-duplicate,activize:name+city+state; whisner:name+city+state,590,JEFFERSON STRATFORD HOSPITAL,NJ,STRATFORD,Hospital/ Medical Center,8716,310086,,,"Vizient (MS1301), Premier (BT-NS-002)",18 EAST LAUREL ROAD,8563467802
skipped-duplicate,klea:name+city+state,591,OWENSBORO HEALTH REGIONAL HOSPITAL,KY,OWENSBORO,Hospital/ Medical Center,8689,180038,,,"Vizient (MS1301), Premier (BT-NS-002)",1201 PLEASANT VALLEY ROAD,2704172000
skipped-clinic,Urology Clinic,2430,OWENSBORO HEALTH UROLOGY,KY,OWENSBORO,Urology Clinic,8689,,,,Vizient (MS1301),1301 Breckenridge St Ste 302,2706881282
skipped-clinic,Urology Clinic,2431,THE UROLOGY CENTER OF ENGLEWOOD,NJ,ENGLEWOOD,Urology Clinic,8665,,,,Vizient (MS1301),75 S Dean St,2018161900
skipped-clinic,Urology Clinic,2432,THE UROLOGICAL CENTER PA,MD,HAGERSTOWN,Urology Clinic,8647,,,,Vizient (MS1301),11110 Medical Campus Rd Ste 228,3016654964
skipped-duplicate,franklin-mountain-group:name+city+state; healthcare-cellutions:name+city+state; ju:name+city+state; martinez:name+city+state; meinnovations:name+city+state; sandia:name+city+state; sisco:name+city+state; streit:name+city+state; uromobile:name+city+state,592,MEMORIAL HERMANN NORTHEAST HOSPITAL,TX,HUMBLE,Hospital/ Medical Center,8638,450684,,,Vizient (MS1301),18951 MEMORIAL NORTH,2815407700
skipped-duplicate,franklin-mountain-group:name+city+state; healthcare-cellutions:name+city+state; ju:name+city+state; martinez:name+city+state; meinnovations:name+city+state; sandia:name+city+state; sisco:name+city+state; streit:name+city+state; uromobile:name+city+state,593,DELL SETON  MED CENTER AT THE UNIVERSITY OF TX,TX,AUSTIN,Hospital/ Medical Center,8635,450124,,,,601 E 15TH STREET,5123247000
skipped-duplicate,grosjean:name+city+state; jimmerson:name+city+state; lifesource:name+city+state; zenecare:name+city+state,595,MERCY MEDICAL CENTER REDDING,CA,REDDING,Hospital/ Medical Center,8630,050280,,,Premier (BT-NS-002),"2175 ROSALINE AVE, CLAIRMONT HGTS",5302256102
skipped-duplicate,acme:name+city+state; sciotex:name+city+state; steimel:name+city+state; stengel:name+city+state,596,GENESIS MEDICAL CENTER-DAVENPORT,IA,DAVENPORT,Hospital/ Medical Center,8630,160033,,,,1227 EAST RUSHOLME STREET,5634211000
skipped-duplicate,intuitek:name+city+state,597,ARCHBOLD MEMORIAL HOSPITAL,GA,THOMASVILLE,Hospital/ Medical Center,8581,110038,,,Vizient (MS1301),915 GORDON AVENUE & MIMOSA DRIVE,2292282880
skipped-duplicate,lucier:name+city+state; noreaster:name+city+state; parkingangels:name+city+state; pierro:name+city+state; signature-medical:name+city+state; whisner:name+city+state,598,UMASS MEMORIAL HEALTHALLIANCE HOSPITALS,MA,LEOMINSTER,Hospital/ Medical Center,8563,220001,,,Vizient (MS1301),60 HOSPITAL ROAD,9784662000
skipped-clinic,Urology Clinic,2433,PHYSICIANS CLINIC OF IOWA P C UROLOGY DEPARTMENT,IA,CEDAR RAPIDS,Urology Clinic,8540,,,,Vizient (MS1301),202 10th St Se Ste 100,3193638171
skipped-duplicate,acme:name+city+state; sciotex:name+city+state; steimel:name+city+state; stengel:name+city+state,599,MERCY MEDICAL CENTER - CEDAR RAPIDS,IA,CEDAR RAPIDS,Hospital/ Medical Center,8540,160079,,,"Vizient (MS1301), Premier (BT-NS-002)",701 10TH STREET SE,3193986011
skipped-duplicate,steimel:name+city+state,600,ASPIRUS WAUSAU HOSPITAL,WI,WAUSAU,Hospital/ Medical Center,8536,520030,,,Vizient (MS1301),333 PINE RIDGE BLVD,7158472000
skipped-duplicate,greatdane:name+city+state; southern-surgical:name+city+state,601,RIVERVIEW REGIONAL MEDICAL CENTER,AL,GADSDEN,Hospital/ Medical Center,8517,010046,,,Vizient (MS1301),600 SOUTH THIRD STREET,2565435200
skipped-duplicate,grosjean:name+city+state; jimmerson:name+city+state; lifesource:name+city+state; zenecare:name+city+state,602,KAISER FOUNDATION HOSPITAL MANTECA,CA,MANTECA,Hospital/ Medical Center,8497,050748,,,Vizient (MS1301),1777 WEST YOSEMITE AVE,2098253700
skipped-duplicate,activize:name+city+state; ghanem:name+city+state; streamline:name+city+state,603,HOLY REDEEMER HOSPITAL AND MEDICAL CENTER,PA,MEADOWBROOK,Hospital/ Medical Center,8494,390097,,,"Vizient (MS1301), Premier (BT-NS-002)",1648 HUNTINGDON PIKE,2159473000
skipped-clinic,Urology Clinic,2434,HARRISON HEALTHPARTNER BREMERTON UROLOGY,WA,BREMERTON,Urology Clinic,8493,,,,Vizient (MS1301),2500 Cherry Ave Ste 302,3604795083
skipped-duplicate,grosjean:ccn:050782; jimmerson:ccn:050782; lifesource:ccn:050782; zenecare:ccn:050782,2262,CASA COLINA HOSPITAL AND CENTERS FOR HEALTHCARE,CA,POMONA,Rehabilitation Hospital,8480,050782,,,Vizient (MS1301),2850 N Garey Ave,9095965110
skipped-duplicate,activize:name+city+state; ghanem:name+city+state; streamline:name+city+state,604,CONEMAUGH MEMORIAL MEDICAL CENTER,PA,JOHNSTOWN,Hospital/ Medical Center,8479,390110,,,Vizient (MS1301),1086 FRANKLIN STREET,8145349000
skipped-clinic,Urology Clinic,2435,EAST HOUSTON UROLOGY PA,TX,BAYTOWN,Urology Clinic,8472,,,,Vizient (MS1301),4201 Garth Rd Ste 209,9899880910
skipped-duplicate,franklin-mountain-group:name+city+state; healthcare-cellutions:name+city+state; ju:name+city+state; martinez:name+city+state; meinnovations:name+city+state; sandia:name+city+state; sisco:name+city+state; streit:name+city+state; uromobile:name+city+state,605,HOUSTON METHODIST BAYTOWN HOSPITAL,TX,BAYTOWN,Hospital/ Medical Center,8472,450424,,,"Vizient (MS1301), Premier (BT-NS-002)",4401 GARTH ROAD,2814208600
skipped-duplicate,klea:name+city+state; streamline:name+city+state,606,WHEELING HOSPITAL INC,WV,WHEELING,Hospital/ Medical Center,8445,510050,,,"Vizient (MS1301), Premier (BT-NS-002)",1 MEDICAL PARK,3042433000
skipped-duplicate,grosjean:name+city+state; jimmerson:name+city+state; lifesource:name+city+state; zenecare:name+city+state,607,MEMORIALCARE ORANGE COAST MEDICAL CENTER,CA,FOUNTAIN VALLEY,Hospital/ Medical Center,8444,050678,,,"Vizient (MS1301), Premier (BT-NS-002)",9920 TALBERT AVENUE,7143787000
skipped-duplicate,chowning:name+city+state; gptsurgical:name+city+state; greatdane:name+city+state; healthcare-cellutions:name+city+state,608,CONWAY REGIONAL MEDICAL CENTER INC,AR,CONWAY,Hospital/ Medical Center,8432,040029,,,"Vizient (MS1301), Premier (BT-NS-002)",2302 COLLEGE AVENUE,5013293831
skipped-duplicate,klea:name+city+state; streamline:name+city+state,609,KETTERING HEALTH DAYTON,OH,DAYTON,Hospital/ Medical Center,8431,360133,,,Vizient (MS1301),405 GRAND AVENUE,9377233410
skipped-clinic,Urology Clinic,2436,PHOENIX UROLOGICAL SURGEONS PC,AZ,PHOENIX,Urology Clinic,8375,,,,"Vizient (MS1301), Premier (BT-NS-002)",19841 N 27th Ave Ste 201,6325826420
skipped-duplicate,zenecare:name+city+state,610,HONORHEALTH DEER VALLEY MEDICAL CENTER,AZ,PHOENIX,Hospital/ Medical Center,8375,030092,,,Vizient (MS1301),19829 NORTH 27TH AVENUE,6238796100
skipped-duplicate,chowning:name+city+state; stengel:name+city+state,611,RESEARCH MEDICAL CENTER,MO,KANSAS CITY,Hospital/ Medical Center,8368,260027,,,"Vizient (MS1301), Premier (BT-NS-002)",2316 E MEYER BLVD,8162764000
skipped-duplicate,chowning:name+city+state; stengel:name+city+state,4420,KANSAS CITY VA MEDICAL CENTER,MO,KANSAS CITY,VA Medical Center,8368,26004F,,,Marathon Medical (FFS Approval: 36F79718D0321),4801 LINWOOD BLVD.,8168614700
skipped-duplicate,ghanem:name+city+state,612,LUMINIS HEALTH ANNE ARUNDEL MEDICAL CENTER INC,MD,ANNAPOLIS,Hospital/ Medical Center,8340,210023,,,"Vizient (MS1301), Premier (BT-NS-002)",2001 MEDICAL PARKWAY,4434811000
skipped-duplicate,gerrard:name+city+state; tbmedical:name+city+state,613,NOVANT HEALTH PRESBYTERIAN MEDICAL CENTER,NC,CHARLOTTE,Hospital/ Medical Center,8316,340053,,,Vizient (MS1301),200 HAWTHORNE LANE BOX 33549,7043844000
skipped-duplicate,activize:name+city+state; ghanem:name+city+state; streamline:name+city+state,614,UPMC EAST,PA,MONROEVILLE,Hospital/ Medical Center,8305,390328,,,Premier (BT-NS-002),2775 MOSSIDE BOULEVARD,4123573000
skipped-duplicate,zenecare:name+city+state,615,YUMA REGIONAL MEDICAL CENTER,AZ,YUMA,Hospital/ Medical Center,8289,030013,,,Vizient (MS1301),2400 SOUTH AVENUE A,9283367600
skipped-duplicate,activize:name+city+state; ghanem:name+city+state; streamline:name+city+state,616,UPMC JAMESON,PA,NEW CASTLE,Hospital/ Medical Center,8286,390016,,,"Vizient (MS1301), Premier (BT-NS-002)",1211 WILMINGTON AVENUE,7246564100
skipped-duplicate,klea:name+city+state,617,BAPTIST HEALTH HARDIN,KY,ELIZABETHTOWN,Hospital/ Medical Center,8270,180012,,,"Vizient (MS1301), Premier (BT-NS-002)",913 NORTH DIXIE AVENUE,2707371212
skipped-clinic,Urology Clinic,2437,SALTZMAN UROLOGICAL ASSOCIATES - NEWTON,MA,NEWTON,Urology Clinic,8261,,,,Vizient (MS1301),2000 Washington St Ste 660,6173320116
skipped-duplicate,hagarty:ccn:270049,618,ST VINCENT HEALTHCARE,MT,BILLINGS,Hospital/ Medical Center,8241,270049,,,"Vizient (MS1301), Premier (BT-NS-002)",1233 N 30TH ST,4066577000
skipped-duplicate,franklin-mountain-group:name+city+state; healthcare-cellutions:name+city+state; ju:name+city+state; martinez:name+city+state; meinnovations:name+city+state; sandia:name+city+state; sisco:name+city+state; streit:name+city+state; uromobile:name+city+state,619,UNITED REGIONAL HEALTH CARE SYSTEM,TX,WICHITA FALLS,Hospital/ Medical Center,8236,450010,,,Vizient (MS1301),1600 11TH STREET,9407647000
skipped-duplicate,chowning:name+city+state; stengel:name+city+state,620,MOSAIC LIFE CARE AT ST JOSEPH,MO,SAINT JOSEPH,Hospital/ Medical Center,8228,260006,,,Vizient (MS1301),5325 FARAON STREET,8162716000
skipped-duplicate,franklin-mountain-group:name+city+state; healthcare-cellutions:name+city+state; ju:name+city+state; martinez:name+city+state; meinnovations:name+city+state; sandia:name+city+state; sisco:name+city+state; streit:name+city+state; uromobile:name+city+state,622,CHI ST JOSEPH HEALTH REGIONAL HOSPITAL,TX,BRYAN,Hospital/ Medical Center,8208,450011,,,"Vizient (MS1301), Premier (BT-NS-002)",2801 FRANCISCAN DR,9797763912
skipped-duplicate,zenecare:name+city+state,623,VALLEYWISE HEALTH MEDICAL CENTER,AZ,PHOENIX,Hospital/ Medical Center,8194,030022,,,Vizient (MS1301),2601 EAST ROOSEVELT STREET,6023445011
skipped-duplicate,steimel:name+city+state,624,MAYO CLINIC HEALTH SYSTEM EAU CLAIRE HOSPITAL,WI,EAU CLAIRE,Hospital/ Medical Center,8183,520070,,,"Vizient (MS1301), Premier (BT-NS-002)",1221 WHIPPLE ST,7158383311
skipped-duplicate,intuitek:name+city+state,625,PIEDMONT AUGUSTA HOSPITAL,GA,AUGUSTA,Hospital/ Medical Center,8181,110028,,,"Vizient (MS1301), Premier (BT-NS-002)",1350 WALTON WAY,7067229011
skipped-duplicate,grosjean:name+city+state; jimmerson:name+city+state; lifesource:name+city+state; zenecare:name+city+state,626,KAISER FOUNDATION HOSPITAL - SAN DIEGO,CA,SAN DIEGO,Hospital/ Medical Center,8177,050515,,,Vizient (MS1301),4647 ZION AVE,6195285000
skipped-clinic,Urology Clinic,2438,UROLOGY ASSOCIATES OF THE PALM BEACHES,FL,PALM BEACH GARDENS,Urology Clinic,8172,,,,"Vizient (MS1301), Premier (BT-NS-002)",3355 Burns Rd Ste 103,5616224900
skipped-duplicate,franklin-mountain-group:name+city+state; healthcare-cellutions:name+city+state; ju:name+city+state; martinez:name+city+state; meinnovations:name+city+state; sandia:name+city+state; sisco:name+city+state; streit:name+city+state; uromobile:name+city+state,627,SIERRA MEDICAL CENTER,TX,EL PASO,Hospital/ Medical Center,8171,450668,,,"Vizient (MS1301), Premier (BT-NS-002)",1625 MEDICAL CENTER DR,9157474000
skipped-duplicate,klea:name+city+state; streamline:name+city+state,628,AULTMAN HOSPITAL,OH,CANTON,Hospital/ Medical Center,8135,360084,,,Vizient (MS1301),2600 SIXTH STREET SW,3303639911
skipped-duplicate,lucier:name+city+state; noreaster:name+city+state; parkingangels:name+city+state; pierro:name+city+state; signature-medical:name+city+state; whisner:name+city+state,629,LAWRENCE & MEMORIAL HOSPITAL,CT,NEW LONDON,Hospital/ Medical Center,8132,070007,,,"Vizient (MS1301), Premier (BT-NS-002)",365 MONTAUK AVE,8604420711
skipped-duplicate,greatdane:name+city+state; southern-surgical:name+city+state,4421,BIRMINGHAM VA MEDICAL CENTER,AL,BIRMINGHAM,VA Medical Center,8125,01014F,,,Marathon Medical (FFS Approval: 36F79718D0321),700 SOUTH 19TH STREET,2059334515
skipped-duplicate,greatdane:name+city+state; southern-surgical:name+city+state,630,ST VINCENT'S BIRMINGHAM,AL,BIRMINGHAM,Hospital/ Medical Center,8125,010056,,,Premier (BT-NS-002),810 ST VINCENT'S DRIVE,2059397000
skipped-duplicate,ghanem:name+city+state,631,SENTARA VIRGINIA BEACH GENERAL HOSPITAL,VA,VIRGINIA BEACH,Hospital/ Medical Center,8111,490057,,,"Vizient (MS1301), Premier (BT-NS-002)",1060 FIRST COLONIAL ROAD,7573958000
skipped-duplicate,intuitek:name+city+state,632,WELLSTAR COBB MEDICAL CENTER,GA,AUSTELL,Hospital/ Medical Center,8103,110143,,,"Vizient (MS1301), Premier (BT-NS-002)",3950 AUSTELL RD,7707324000
skipped-duplicate,gerrard:name+city+state; intuitek:name+city+state; tbmedical:name+city+state,633,TRIDENT MEDICAL CENTER,SC,CHARLESTON,Hospital/ Medical Center,8093,420079,,,"Vizient (MS1301), Premier (BT-NS-002)",9330 MEDICAL PLAZA DR,8438474100
skipped-duplicate,grosjean:name+city+state; jimmerson:name+city+state; lifesource:name+city+state; zenecare:name+city+state,634,PROVIDENCE SAINT JOSEPH MEDICAL CTR,CA,BURBANK,Hospital/ Medical Center,8089,050235,,,Vizient (MS1301),501 SOUTH BUENA VISTA STREET,8188435111
skipped-duplicate,zenecare:name+city+state,635,KINGMAN REGIONAL MEDICAL CENTER,AZ,KINGMAN,Hospital/ Medical Center,8083,030055,,,"Vizient (MS1301), Premier (BT-NS-002)",3269 STOCKTON HILL ROAD,9287572101
skipped-duplicate,greatdane:name+city+state; southern-surgical:name+city+state,636,USA HEALTH HCA PROVIDENCE HOSPITAL LLC,AL,MOBILE,Hospital/ Medical Center,8044,010090,,,Premier (BT-NS-002),6801 AIRPORT BOULEVARD,2516331000
skipped-clinic,Urology Clinic,2439,MHMG-UROLOGY KATY,TX,KATY,Urology Clinic,8037,,,,Vizient (MS1301),23960 Katy Fwy Ste 401,2813921111
skipped-duplicate,lucier:name+city+state; noreaster:name+city+state; parkingangels:name+city+state; pierro:name+city+state; signature-medical:name+city+state; whisner:name+city+state,637,LOWELL GENERAL HOSPITAL,MA,LOWELL,Hospital/ Medical Center,8029,220063,,,"Vizient (MS1301), Premier (BT-NS-002)",295 VARNUM AVENUE,9789376000
skipped-duplicate,chowning:name+city+state; stengel:name+city+state,638,FREEMAN HEALTH SYSTEM - FREEMAN WEST,MO,JOPLIN,Hospital/ Medical Center,8012,260137,,,,1102 WEST 32ND STREET,4173471111
skipped-duplicate,collins:campus,4528,COLONEL MARY LOUISE RASMUSON CAMPUS OF THE ALASKA VA HEALTHCARE SYSTEM (VISN 20),AK,ANCHORAGE,VA Medical Center,8000,,,,Marathon Medical (FFS Approval: 36F79718D0321),1201 North Muldoon Road,0
skipped-duplicate,activize:ccn:39004F; ghanem:ccn:39004F; streamline:ccn:39004F,4527,COATESVILLE VA MEDICAL CENTER (VISN 4),PA,COATESVILLE,VA Medical Center,8000,39004F,,,Marathon Medical (FFS Approval: 36F79718D0321),1400 Black Horse Hill Road,6103847711
skipped-duplicate,greatdane:ccn:01021F; southern-surgical:ccn:01021F,4516,TUSCALOOSA VA MEDICAL CENTER (VISN 7),AL,TUSCALOOSA,VA Medical Center,8000,01021F,,,Marathon Medical (FFS Approval: 36F79718D0321),3701 Loop Road East,2055542000
skipped-duplicate,klea:campus,4517,MARION VA MEDICAL CENTER (VISN 10),IN,MARION,VA Medical Center,8000,,,,Marathon Medical (FFS Approval: 36F79718D0321),1700 East 38th Street,7656743321
skipped-duplicate,ghanem:name+city+state,4521,VA MARYLAND HEALTHCARE SYSTEM - PERRY POINT,MD,PERRY POINT,VA Medical Center,8000,21010F,,,Marathon Medical (FFS Approval: 36F79718D0321),VA MEDICAL CENTER,4106422411
skipped-duplicate,dowdy:name+city+state; hagarty:name+city+state,4526,VA ROSEBURG HEALTHCARE SYSTEM,OR,ROSEBURG,VA Medical Center,8000,38004F,,,Marathon Medical (FFS Approval: 36F79718D0321),913 NW GARDEN VALLEY BLVD.,5414401000
skipped-duplicate,chowning:campus,2045,MARIANJOY AT PROVIDENCE HEALTHCARE OF PALOS HEIGHTS,IL,PALOS HEIGHTS,Rehabilitation Hospital,8000,,,,Vizient (MS1301),13259 S Central Ave,0
skipped-duplicate,chowning:campus,2047,MARIANJOY AT PARK PLACE OF ELMHURST,IL,ELMHURST,Rehabilitation Hospital,8000,,,,Vizient (MS1301),1050 S Euclid Ave,0
skipped-duplicate,franklin-mountain-group:campus; healthcare-cellutions:campus; ju:campus; martinez:campus; meinnovations:campus; sandia:campus; sisco:campus; streit:campus; uromobile:campus,2011,VOYAGES OF DALLAS,TX,DALLAS,Rehabilitation Hospital,8000,,,,Vizient (MS1301),3320 Live Oak,2144567000
skipped-duplicate,franklin-mountain-group:ccn:450788; healthcare-cellutions:ccn:450788; ju:ccn:450788; martinez:ccn:450788; meinnovations:ccn:450788; sandia:ccn:450788; sisco:ccn:450788; streit:ccn:450788; uromobile:ccn:450788,2114,CORPUS CHRISTI REHABILITATION HOSPITAL,TX,CORPUS CHRISTI,Rehabilitation Hospital,8000,450788,,,Vizient (MS1301),5726 Esplanade Dr,0
skipped-duplicate,zenecare:ccn:030002,1999,BANNER REHABILITATION HOSPITAL PHOENIX,AZ,PHOENIX,Rehabilitation Hospital,8000,030002,,,Vizient (MS1301),775 E Willetta St,6029331000
skipped-duplicate,chowning:campus,2002,RUSH SPECIALTY HOSPITAL - ACUTE REHABILITATION UNIT,IL,CHICAGO,Rehabilitation Hospital,8000,,,,Vizient (MS1301),516 South Loomis St Flrs 4 & 5,8722989199
skipped-duplicate,whittiker:name+city+state,2000,NATIONAL JEWISH HEALTH,CO,DENVER,Rehabilitation Hospital,8000,060107,,,Vizient (MS1301),1400 Jackson St,3033884461
skipped-duplicate,lifesource:name+city+state; zenecare:name+city+state,2006,HARMON HOSPITAL,NV,LAS VEGAS,Rehabilitation Hospital,8000,290042,,,"Vizient (MS1301), Premier (BT-NS-002)",2170 E Harmon Ave,7027940100
skipped-duplicate,klea:campus; streamline:campus,2007,CLEVELAND CLINIC - CHILDRENS HOSPITAL FOR REH,OH,CLEVELAND,Rehabilitation Hospital,8000,,,,Vizient (MS1301),2801 Martin Luther King Jr Dr,2164486400
skipped-duplicate,klea:campus; streamline:campus,2008,GLENBEIGH HEALTH,OH,ROCK CREEK,Rehabilitation Hospital,8000,,,,"Vizient (MS1301), Premier (BT-NS-002)",2863 State Rt 45,4405633400
skipped-duplicate,klea:name+city+state; streamline:name+city+state,4525,CINCINNATI VA MEDICAL CENTER,OH,CINCINNATI,VA Medical Center,8000,36003F,,,Marathon Medical (FFS Approval: 36F79718D0321),3200 VINE STREET,5138613100
skipped-duplicate,klea:ccn:36008F; streamline:ccn:36008F,4524,CHILLICOTHE VA MEDICAL CENTER (VISN 10),OH,CHILLICOTHE,VA Medical Center,8000,36008F,,,Marathon Medical (FFS Approval: 36F79718D0321),17273 State Route 104,7407731141
skipped-duplicate,ghanem:name+city+state,2004,KENNEDY KRIEGER INSTITUTE,MD,BALTIMORE,Rehabilitation Hospital,8000,213301,,,Vizient (MS1301),707 N Broadway,4439239301
skipped-duplicate,acme:ccn:24002F; sciotex:ccn:24002F; steimel:ccn:24002F,4523,ST CLOUD VA MEDICAL CENTER (VISN 23),MN,ST CLOUD,VA Medical Center,8000,24002F,,,Marathon Medical (FFS Approval: 36F79718D0321),4801 Veterans Drive,3202521670
skipped-duplicate,lucier:ccn:22009F; noreaster:ccn:22009F; parkingangels:ccn:22009F; pierro:ccn:22009F; signature-medical:ccn:22009F; whisner:ccn:22009F,4520,NORTHAMPTON VA MEDICAL CENTER (VISN 1),MA,LEEDS,VA Medical Center,8000,22009F,,,Marathon Medical (FFS Approval: 36F79718D0321),421 North Main Street,4135844040
skipped-duplicate,chowning:name+city+state,639,NORTHWESTERN MEDICINE MCHENRY,IL,MCHENRY,Hospital/ Medical Center,7971,140116,,,"Vizient (MS1301), Premier (BT-NS-002)",4201 MEDICAL CENTER DRIVE,8153445000
skipped-duplicate,acme:name+city+state; sciotex:name+city+state; wood:name+city+state,640,SANFORD USD MEDICAL CENTER,SD,SIOUX FALLS,Hospital/ Medical Center,7968,430027,,,Vizient (MS1301),1305 W 18TH ST  POST OFFICE BOX 5039,6053331000
skipped-duplicate,franklin-mountain-group:name+city+state; healthcare-cellutions:name+city+state; ju:name+city+state; martinez:name+city+state; meinnovations:name+city+state; sandia:name+city+state; sisco:name+city+state; streit:name+city+state; uromobile:name+city+state,641,ST LUKE'S THE WOODLANDS HOSPITAL,TX,THE WOODLANDS,Hospital/ Medical Center,7961,450862,,,"Vizient (MS1301), Premier (BT-NS-002)",17200 ST LUKE'S WAY,9362664050
skipped-duplicate,gptsurgical:name+city+state; healthcare-cellutions:name+city+state; martinez:name+city+state,642,NORMAN REGIONAL,OK,NORMAN,Hospital/ Medical Center,7941,370008,,,"Vizient (MS1301), Premier (BT-NS-002)",3300 HEALTHPLEX PKWY,4053071050
skipped-clinic,Urology Clinic,2440,MID CAROLINA UROLOGY,NC,PINEHURST,Urology Clinic,7920,,,,Vizient (MS1301),46 Memorial Dr,9102956782
skipped-duplicate,intuitek:name+city+state,4422,DECATUR (ATLANTA) VA MEDICAL CENTER,GA,DECATUR,VA Medical Center,7919,11029F,,,Marathon Medical (FFS Approval: 36F79718D0321),1670 CLAIRMONT ROAD,4043216111
skipped-duplicate,intuitek:name+city+state,643,EMORY DECATUR HOSPITAL,GA,DECATUR,Hospital/ Medical Center,7919,110076,,,"Vizient (MS1301), Premier (BT-NS-002)",2701 N DECATUR ROAD,4045011000
skipped-duplicate,greatdane:name+city+state; southern-surgical:name+city+state,645,MAGNOLIA REGIONAL HEALTH CENTER,MS,CORINTH,Hospital/ Medical Center,7914,250009,,,"Vizient (MS1301), Premier (BT-NS-002)",611 ALCORN DRIVE,6622931000
skipped-duplicate,greatdane:name+city+state; southern-surgical:name+city+state,647,NORTH ALABAMA MEDICAL CENTER,AL,FLORENCE,Hospital/ Medical Center,7902,010006,,,,1701 VETERANS DRIVE,2567688400
skipped-clinic,Urology Clinic,2441,UROLOGY BLD H STE 150,NY,ROCHESTER,Urology Clinic,7900,,,,Vizient (MS1301),2400 South Clinton Ave,5852752100
skipped-duplicate,activize:name+city+state; parkingangels:name+city+state; proactive:name+city+state; streamline:name+city+state; whisner:name+city+state,648,HIGHLAND HOSPITAL,NY,ROCHESTER,Hospital/ Medical Center,7900,330164,,,Vizient (MS1301),1000 SOUTH AVENUE,5853416711
skipped-duplicate,activize:name+city+state; parkingangels:name+city+state; proactive:name+city+state; streamline:name+city+state; whisner:name+city+state,649,BASSETT HEALTHCARE,NY,COOPERSTOWN,Hospital/ Medical Center,7897,330136,,,,ONE ATWELL ROAD,6075473456
skipped-duplicate,lucier:name+city+state; noreaster:name+city+state; parkingangels:name+city+state; pierro:name+city+state; signature-medical:name+city+state; whisner:name+city+state,650,BERKSHIRE MEDICAL CENTER,MA,PITTSFIELD,Hospital/ Medical Center,7894,220046,,,"Vizient (MS1301), Premier (BT-NS-002)",725 NORTH STREET,4134472000
skipped-duplicate,activize:ccn:310108; whisner:ccn:310108,651,JFK MEDICAL CENTER,NJ,EDISON,Hospital/ Medical Center,7889,310108,,,Vizient (MS1301),65 JAMES STREET,7323217000
skipped-duplicate,grosjean:name+city+state; jimmerson:name+city+state; lifesource:name+city+state; zenecare:name+city+state,652,HENRY MAYO NEWHALL  HOSPITAL,CA,VALENCIA,Hospital/ Medical Center,7887,050624,,,"Vizient (MS1301), Premier (BT-NS-002)",23845  MCBEAN PKWY,6612538000
skipped-duplicate,gptsurgical:name+city+state; healthcare-cellutions:name+city+state; martinez:name+city+state,653,INTEGRIS SOUTHWEST MEDICAL CENTER,OK,OKLAHOMA CITY,Hospital/ Medical Center,7884,370106,,,Vizient (MS1301),4401 SOUTH WESTERN AVENUE,4056367000
skipped-clinic,Urology Clinic,2442,ASSOCIATED UROLOGISTS,MO,COLUMBIA,Urology Clinic,7883,,,,Vizient (MS1301),1705 E Broadway Ste 340,5734994990
skipped-clinic,Urology Clinic,2443,HOOFNAGLE UROLOGY CENTER,MD,BEL AIR,Urology Clinic,7881,,,,Vizient (MS1301),520 Upper Chesapeake Dr Ste 208,4436434456
skipped-duplicate,a3-biomedical:name+city+state; emina-taylor:name+city+state; expert-medical-sales:name+city+state; lamitina:name+city+state; salmons:name+city+state; southern-surgical:name+city+state; tplconsulting:name+city+state,654,ST MARY'S MEDICAL CENTER,FL,WEST PALM BEACH,Hospital/ Medical Center,7872,100288,,,Vizient (MS1301),901 45TH ST,5618406202
skipped-clinic,Urology Clinic,2444,ALLIED UROLOGICAL SERVICES LLC - EAST MEADOW,NY,EAST MEADOW,Urology Clinic,7871,,,,Vizient (MS1301),2578 Hempstead Tpke,5167318118
skipped-clinic,Urology Clinic,2445,ATLANTIC COAST UROLOGY,NJ,BRICK,Urology Clinic,7867,,,,Vizient (MS1301),525 Jack Martin Blvd Ste 304,7324553698
skipped-duplicate,chowning:name+city+state; stengel:name+city+state,655,MERCY HOSPITAL SOUTH,MO,SAINT LOUIS,Hospital/ Medical Center,7859,260077,,,"Vizient (MS1301), Premier (BT-NS-002)",10010 KENNERLY ROAD,3145251000
skipped-duplicate,chowning:name+city+state,656,EDWARD HOSPITAL,IL,NAPERVILLE,Hospital/ Medical Center,7858,140231,,,"Vizient (MS1301), Premier (BT-NS-002)",801 SOUTH WASHINGTON,6305273000
skipped-duplicate,activize:name+city+state; parkingangels:name+city+state; proactive:name+city+state; streamline:name+city+state; whisner:name+city+state,657,WHITE PLAINS HOSPITAL CENTER,NY,WHITE PLAINS,Hospital/ Medical Center,7854,330304,,,"Vizient (MS1301), Premier (BT-NS-002)",41 EAST POST R0AD,9146810600
skipped-clinic,Urology Clinic,2446,COASTAL BLUE WATER UROLOGY,FL,ORANGE PARK,Urology Clinic,7853,,,,Vizient (MS1301),1895 Kingsley Ave Ste 903,9042726417
skipped-duplicate,greatdane:name+city+state; southern-surgical:name+city+state,658,BAPTIST MEDICAL CENTER EAST,AL,MONTGOMERY,Hospital/ Medical Center,7852,010149,,,Vizient (MS1301),400 TAYLOR ROAD,3342448330
skipped-clinic,Urology Clinic,2447,UAB UROLOGY EAST,AL,MONTGOMERY,Urology Clinic,7852,,,,Vizient (MS1301),470 Taylor Rd Ste 201,3342734555
skipped-duplicate,gerrard:name+city+state; tbmedical:name+city+state,659,HIGH POINT REGIONAL HEALTH SYSTEM,NC,HIGH POINT,Hospital/ Medical Center,7844,340004,,,"Vizient (MS1301), Premier (BT-NS-002)",601 N ELM ST,3368786000
skipped-clinic,Urology Clinic,2448,ALABAMA UROLOGY AND ROBOTIC CENTER,AL,DECATUR,Urology Clinic,7840,,,,Vizient (MS1301),1320 14th Ave Se,2563530605
skipped-duplicate,greatdane:name+city+state; southern-surgical:name+city+state,660,DECATUR MORGAN HOSPITAL - DECATUR CAMPUS,AL,DECATUR,Hospital/ Medical Center,7840,010085,,,Vizient (MS1301),1201 7TH STREET SE,2563412000
skipped-duplicate,activize:name+city+state; parkingangels:name+city+state; proactive:name+city+state; streamline:name+city+state; whisner:name+city+state,661,LINCOLN MEDICAL & MENTAL HEALTH CENTER,NY,BRONX,Hospital/ Medical Center,7839,330080,,,Vizient (MS1301),234 EAST 149TH STREET,7185795000
skipped-duplicate,klea:name+city+state; streamline:name+city+state,662,CAMDEN CLARK MEDICAL CENTER,WV,PARKERSBURG,Hospital/ Medical Center,7808,510058,,,"Vizient (MS1301), Premier (BT-NS-002)",800 GARFIELD AVE,3044242111
skipped-duplicate,a3-biomedical:name+city+state; emina-taylor:name+city+state; expert-medical-sales:name+city+state; lamitina:name+city+state; salmons:name+city+state; southern-surgical:name+city+state; tplconsulting:name+city+state,663,ORLANDO HEALTH BAYFRONT HOSPITAL,FL,SAINT PETERSBURG,Hospital/ Medical Center,7803,100032,,,"Vizient (MS1301), Premier (BT-NS-002)",701 6TH ST S,7278231234
skipped-duplicate,lucier:name+city+state; noreaster:name+city+state; parkingangels:name+city+state; pierro:name+city+state; signature-medical:name+city+state; whisner:name+city+state,664,DANBURY HOSPITAL,CT,DANBURY,Hospital/ Medical Center,7795,070033,,,"Vizient (MS1301), Premier (BT-NS-002)",24 HOSPITAL AVE,2037397000
skipped-clinic,Urology Clinic,2449,UROLOGY ASSOCIATES OF DANBURY - GUY MANETTI,CT,DANBURY,Urology Clinic,7795,,,,Vizient (MS1301),51 53 Kenosia Ave,2037480330
skipped-duplicate,lucier:name+city+state; noreaster:name+city+state; parkingangels:name+city+state; pierro:name+city+state; signature-medical:name+city+state; whisner:name+city+state,665,GOOD SAMARITAN MEDICAL CENTER,MA,BROCKTON,Hospital/ Medical Center,7789,220111,,,Vizient (MS1301),235 NORTH PEARL STREET,5084273000
skipped-duplicate,grosjean:name+city+state; jimmerson:name+city+state; lifesource:name+city+state; zenecare:name+city+state,666,CLOVIS COMMUNITY MEDICAL CENTER,CA,CLOVIS,Hospital/ Medical Center,7783,050492,,,"Vizient (MS1301), Premier (BT-NS-002)",2755 HERNDON AVE,5593244000
skipped-duplicate,grosjean:name+city+state; jimmerson:name+city+state; lifesource:name+city+state; zenecare:name+city+state,667,SOUTHERN CALIFORNIA HOSPITAL AT HOLLYWOOD,CA,HOLLYWOOD,Hospital/ Medical Center,7764,050135,,,Vizient (MS1301),6245 DE LONGPRE AVE,3234622271
skipped-clinic,Urology Clinic,2450,UROLOGY CONSULTANTS OF THE NORTH SHORE - SALE,MA,SALEM,Urology Clinic,7747,,,,Vizient (MS1301),400 Highland Ave,7815990220
skipped-clinic,Urology Clinic,2451,UROLOGY CENTERS OF ALABAMA - BESSEMER,AL,BESSEMER,Urology Clinic,7687,,,,Vizient (MS1301),985 9th Ave Sw Ste 408,2054450133
skipped-duplicate,greatdane:name+city+state; southern-surgical:name+city+state,669,MEDICAL WEST AN AFFILIATE OF UAB HEALTH SYSTEM,AL,BESSEMER,Hospital/ Medical Center,7687,010114,,,,995 9TH AVENUE SOUTHWEST,2054817000
skipped-duplicate,acme:name+city+state; sciotex:name+city+state; steimel:name+city+state,670,M HEALTH FAIRVIEW ST JOHN'S HOSPITAL,MN,MAPLEWOOD,Hospital/ Medical Center,7685,240210,,,Premier (BT-NS-002),1575 BEAM AVENUE,6512327000
skipped-duplicate,noreaster:name+city+state; parkingangels:name+city+state; signature-medical:name+city+state,671,THE MIRIAM HOSPITAL,RI,PROVIDENCE,Hospital/ Medical Center,7682,410012,,,"Vizient (MS1301), Premier (BT-NS-002)",164 SUMMIT AVENUE,4017932500
skipped-clinic,Urology Clinic,2452,JAVIDAN UROLOGY INC,CA,CARMICHAEL,Urology Clinic,7680,,,,Vizient (MS1301),6600 Coyle Ave Ste 1,9043323186
skipped-duplicate,intuitek:name+city+state,672,PIEDMONT COLUMBUS REGIONAL MIDTOWN,GA,COLUMBUS,Hospital/ Medical Center,7671,110064,,,Vizient (MS1301),710 CENTER STREET,7065711000
skipped-duplicate,a3-biomedical:name+city+state; emina-taylor:name+city+state; expert-medical-sales:name+city+state; lamitina:name+city+state; salmons:name+city+state; southern-surgical:name+city+state; tplconsulting:name+city+state,673,ST ANTHONYS HOSPITAL,FL,SAINT PETERSBURG,Hospital/ Medical Center,7644,100067,,,Premier (BT-NS-002),1200 SEVENTH AVE N,7278251100
skipped-duplicate,klea:name+city+state; streamline:name+city+state,674,OHIOHEALTH MANSFIELD HOSPITAL,OH,MANSFIELD,Hospital/ Medical Center,7642,360118,,,Vizient (MS1301),335 GLESSNER AVENUE,4195268000
skipped-duplicate,franklin-mountain-group:name+city+state; greatdane:name+city+state; richards:name+city+state; southern-surgical:name+city+state; tbmedical:name+city+state,675,METHODIST MEDICAL CENTER OF OAK RIDGE,TN,OAK RIDGE,Hospital/ Medical Center,7638,440034,,,Vizient (MS1301),990 OAK RIDGE TURNPIKE BOX 529,8658351000
skipped-clinic,Urology Clinic,2453,MAURY REGIONAL MEDICAL GROUP UROLOGY,TN,COLUMBIA,Urology Clinic,7619,,,,Vizient (MS1301),1222 Trotwood Ave Ste 601,9318405088
skipped-duplicate,grosjean:name+city+state; jimmerson:name+city+state; lifesource:name+city+state; zenecare:name+city+state,676,UCLA WEST VALLEY MEDICAL CENTER,CA,WEST HILLS,Hospital/ Medical Center,7612,050481,,,"Vizient (MS1301), Premier (BT-NS-002)",7300 MEDICAL CENTER DR,8186764000
skipped-duplicate,a3-biomedical:ccn:100002; emina-taylor:ccn:100002; expert-medical-sales:ccn:100002; lamitina:ccn:100002; salmons:ccn:100002; southern-surgical:ccn:100002; tplconsulting:ccn:100002,677,BETHESDA  HOSPITAL INC,FL,BOYNTON BEACH,Hospital/ Medical Center,7576,100002,,,"Vizient (MS1301), Premier (BT-NS-002)",2815 S SEACREST BLVD,5617377733
skipped-duplicate,grosjean:name+city+state; jimmerson:name+city+state; lifesource:name+city+state; zenecare:name+city+state,678,SAINT FRANCIS MEDICAL CENTER,CA,LYNWOOD,Hospital/ Medical Center,7571,050104,,,Vizient (MS1301),3630 EAST IMPERIAL HIGHWAY,3109008900
skipped-duplicate,klea:name+city+state; streamline:name+city+state,679,SOUTHWEST GENERAL HEALTH CENTER,OH,MIDDLEBURG HEIGHTS,Hospital/ Medical Center,7543,360155,,,"Vizient (MS1301), Premier (BT-NS-002)",18697 BAGLEY ROAD,4408168000
skipped-duplicate,ghanem:name+city+state,680,CHESAPEAKE GENERAL HOSPITAL,VA,CHESAPEAKE,Hospital/ Medical Center,7500,490120,,,"Vizient (MS1301), Premier (BT-NS-002)","736 BATTLEFIELD BLVD, NORTH",7573128121
skipped-duplicate,grosjean:name+city+state; jimmerson:name+city+state; lifesource:name+city+state; zenecare:name+city+state,681,PALMDALE REGIONAL MEDICAL CENTER,CA,PALMDALE,Hospital/ Medical Center,7496,050204,,,"Vizient (MS1301), Premier (BT-NS-002)",38600 MEDICAL CENTER DRIVE,6613825000
skipped-duplicate,activize:name+city+state; parkingangels:name+city+state; proactive:name+city+state; streamline:name+city+state; whisner:name+city+state,682,NS/LIJ HS HUNTINGTON HOSPITAL,NY,HUNTINGTON,Hospital/ Medical Center,7493,330045,,,"Vizient (MS1301), Premier (BT-NS-002)",270 PARK AVENUE,6313512000
skipped-duplicate,healthcare-cellutions:name+city+state; sisco:name+city+state; southern-surgical:name+city+state,683,NORTH OAKS MEDICAL CENTER,LA,HAMMOND,Hospital/ Medical Center,7492,190015,,,"Vizient (MS1301), Premier (BT-NS-002)",15790 PAUL VEGA MD DRIVE,9853452700
skipped-duplicate,activize:name+city+state; whisner:name+city+state,684,OVERLOOK MEDICAL CENTER,NJ,SUMMIT,Hospital/ Medical Center,7484,310051,,,"Vizient (MS1301), Premier (BT-NS-002)",99 BEAUVOIR AVENUE,9085222000
skipped-clinic,Urology Clinic,2454,SWEDISH UROLOGY DEPARTMENT,IL,CHICAGO,Urology Clinic,7473,,,,Vizient (MS1301),5215 N California Ave Ste F801,7738788200
skipped-duplicate,chowning:name+city+state; gptsurgical:name+city+state; greatdane:name+city+state; healthcare-cellutions:name+city+state,685,MERCY HOSPITAL FORT SMITH,AR,FORT SMITH,Hospital/ Medical Center,7473,040062,,,"Vizient (MS1301), Premier (BT-NS-002)",7301 ROGERS AVE,4793146000
skipped-duplicate,chowning:name+city+state,686,MT SINAI HOSPITAL MEDICAL CENTER,IL,CHICAGO,Hospital/ Medical Center,7473,140018,,,"Vizient (MS1301), Premier (BT-NS-002)",15TH STREET AT CALIFORNIA,7735422000
skipped-duplicate,activize:name+city+state; parkingangels:name+city+state; proactive:name+city+state; streamline:name+city+state; whisner:name+city+state,687,SOUTH BROOKLYN HEALTH,NY,BROOKLYN,Hospital/ Medical Center,7473,330196,,,"Vizient (MS1301), Premier (BT-NS-002)",2601 OCEAN PARKWAY,7186163000
skipped-duplicate,activize:name+city+state; ghanem:name+city+state; streamline:name+city+state,688,FORBES HOSPITAL,PA,MONROEVILLE,Hospital/ Medical Center,7454,390267,,,"Vizient (MS1301), Premier (BT-NS-002)",2570 HAYMAKER ROAD,4128582000
skipped-duplicate,grosjean:name+city+state; jimmerson:name+city+state; lifesource:name+city+state; zenecare:name+city+state,689,OROVILLE HOSPITAL,CA,OROVILLE,Hospital/ Medical Center,7427,050030,,,Vizient (MS1301),2767 OLIVE HIGHWAY,5305338500
skipped-duplicate,grosjean:name+city+state; jimmerson:name+city+state; lifesource:name+city+state; zenecare:name+city+state,690,HEMET GLOBAL MEDICAL CENTER,CA,HEMET,Hospital/ Medical Center,7419,050390,,,Vizient (MS1301),1117 EAST DEVONSHIRE,9516522811
skipped-duplicate,lucier:name+city+state; noreaster:name+city+state; parkingangels:name+city+state; pierro:name+city+state; signature-medical:name+city+state; whisner:name+city+state,691,BETH ISRAEL DEACONESS HOSPITAL PLYMOUTH,MA,PLYMOUTH,Hospital/ Medical Center,7413,220060,,,"Vizient (MS1301), Premier (BT-NS-002)",275 SANDWICH STREET,5087462000
skipped-clinic,Urology Clinic,2455,FLORIDA UROLOGY,FL,KISSIMMEE,Urology Clinic,7403,,,,Vizient (MS1301),2400 N Orange Blossom Trl Ste 210,4079332500
skipped-duplicate,a3-biomedical:name+city+state; emina-taylor:name+city+state; expert-medical-sales:name+city+state; lamitina:name+city+state; salmons:name+city+state; southern-surgical:name+city+state; tplconsulting:name+city+state,692,HCA FLORIDA OSCEOLA HOSPITAL,FL,KISSIMMEE,Hospital/ Medical Center,7403,100110,,,Vizient (MS1301),700 WEST OAK STREET,4078462266
skipped-duplicate,klea:name+city+state,693,COMMUNITY HOSPITAL,IN,MUNSTER,Hospital/ Medical Center,7403,150125,,,"Vizient (MS1301), Premier (BT-NS-002)",901 MACARTHUR BLVD,2198361600
skipped-duplicate,franklin-mountain-group:name+city+state; healthcare-cellutions:name+city+state; ju:name+city+state; martinez:name+city+state; meinnovations:name+city+state; sandia:name+city+state; sisco:name+city+state; streit:name+city+state; uromobile:name+city+state,694,BROOKE ARMY MEDICAL CENTER  (FT SAM HOUSTON),TX,FORT SAM HOUSTON,Hospital/ Medical Center,7391,45069F,,,Vizient (MS1301),3551 Roger Brooke Drive,2109164141
skipped-duplicate,grosjean:name+city+state; jimmerson:name+city+state; lifesource:name+city+state; zenecare:name+city+state,695,SAN JOAQUIN GENERAL HOSPITAL,CA,FRENCH CAMP,Hospital/ Medical Center,7388,050167,,,"Vizient (MS1301), Premier (BT-NS-002)",500 W HOSPITAL ROAD,2094686000
skipped-duplicate,ghanem:name+city+state,696,UNIVERSITY OF MD CAPITAL REGION MEDICAL CENTER,MD,UPPER MARLBORO,Hospital/ Medical Center,7385,210003,,,,901 NORTH HARRY S TRUMAN DRIVE,3016182000
skipped-duplicate,whittiker:name+city+state,697,HCA-HEALTHONE DBA SWEDISH MEDICAL CENTER,CO,ENGLEWOOD,Hospital/ Medical Center,7380,060034,,,"Vizient (MS1301), Premier (BT-NS-002)",501 E HAMPDEN AVE,3037885000
skipped-duplicate,activize:name+city+state; whisner:name+city+state,698,VIRTUA OUR LADY OF LOURDES HOSPITAL,NJ,CAMDEN,Hospital/ Medical Center,7371,310029,,,"Vizient (MS1301), Premier (BT-NS-002)",1600 HADDON AVENUE,8568865373
skipped-clinic,Urology Clinic,2456,UROLOGY - MODESTO,CA,MODESTO,Urology Clinic,7358,,,,Vizient (MS1301),600 Coffee Rd,9167338800
skipped-duplicate,greatdane:name+city+state; southern-surgical:name+city+state,700,ANDERSON REGIONAL MEDICAL CENTER,MS,MERIDIAN,Hospital/ Medical Center,7317,250104,,,Vizient (MS1301),2124 14TH STREET,6015536000
skipped-clinic,Urology Clinic,2457,ANDERSON UROLOGY CLINIC OF MERIDIAN,MS,MERIDIAN,Urology Clinic,7317,,,,Vizient (MS1301),1600 22nd Ave,6016931055
skipped-duplicate,ghanem:name+city+state,701,SUBURBAN HOSPITAL,MD,BETHESDA,Hospital/ Medical Center,7312,210022,,,"Vizient (MS1301), Premier (BT-NS-002)",8600 OLD GEORGETOWN ROAD,3018962576
skipped-duplicate,franklin-mountain-group:name+city+state; healthcare-cellutions:name+city+state; ju:name+city+state; martinez:name+city+state; meinnovations:name+city+state; sandia:name+city+state; sisco:name+city+state; streit:name+city+state; uromobile:name+city+state,702,MIDLAND MEMORIAL HOSPITAL,TX,MIDLAND,Hospital/ Medical Center,7309,450133,,,"Vizient (MS1301), Premier (BT-NS-002)",400 ROSALIND REDFERN GROVER PARKWAY,4326851111
skipped-duplicate,a3-biomedical:name+city+state; emina-taylor:name+city+state; expert-medical-sales:name+city+state; lamitina:name+city+state; salmons:name+city+state; southern-surgical:name+city+state; tplconsulting:name+city+state,703,HOLY CROSS HOSPITAL,FL,FT LAUDERDALE,Hospital/ Medical Center,7305,100073,,,"Vizient (MS1301), Premier (BT-NS-002)",4725 N FEDERAL HWY,9547718000
skipped-duplicate,activize:name+city+state; ghanem:name+city+state; streamline:name+city+state,704,CHESTER COUNTY HOSPITAL,PA,WEST CHESTER,Hospital/ Medical Center,7277,390179,,,,701 EAST MARSHALL STREET,6104315000
skipped-duplicate,activize:name+city+state; whisner:name+city+state,705,NEWARK BETH ISRAEL MEDICAL CENTER,NJ,NEWARK,Hospital/ Medical Center,7276,310002,,,Vizient (MS1301),201 LYONS AVE,9739267000
skipped-duplicate,grosjean:name+city+state; jimmerson:name+city+state; lifesource:name+city+state; zenecare:name+city+state,706,GARFIELD MEDICAL CENTER,CA,MONTEREY PARK,Hospital/ Medical Center,7263,050737,,,Vizient (MS1301),525 N GARFIELD AVE,6265732222
skipped-duplicate,franklin-mountain-group:name+city+state; healthcare-cellutions:name+city+state; ju:name+city+state; martinez:name+city+state; meinnovations:name+city+state; sandia:name+city+state; sisco:name+city+state; streit:name+city+state; uromobile:name+city+state,707,MEDICAL CITY DENTON,TX,DENTON,Hospital/ Medical Center,7257,450634,,,Vizient (MS1301),3535 SOUTH I35 EAST,9403843535
skipped-clinic,Urology Clinic,2458,EDUARDO FERNANDEZ MD,TX,LAREDO,Urology Clinic,7251,,,,Vizient (MS1301),1710 E Saunders St Ste B660,9567958270
skipped-duplicate,chowning:name+city+state,708,TRINITY ROCK ISLAND,IL,ROCK ISLAND,Hospital/ Medical Center,7245,140280,,,"Vizient (MS1301), Premier (BT-NS-002)",2701 17TH ST,3097795000
skipped-duplicate,gerrard:name+city+state; tbmedical:name+city+state,709,UNC HEALTH CARE WAYNE,NC,GOLDSBORO,Hospital/ Medical Center,7239,340010,,,"Vizient (MS1301), Premier (BT-NS-002)",2700 WAYNE MEMORIAL DR,9197361110
skipped-duplicate,dennehy:name+city+state; dowdy:name+city+state; hagarty:name+city+state; murray:name+city+state,710,OVERLAKE HOSPITAL MEDICAL CENTER,WA,BELLEVUE,Hospital/ Medical Center,7227,500051,,,"Vizient (MS1301), Premier (BT-NS-002)",1035-116TH AVE NE,4256885000
skipped-clinic,Urology Clinic,2459,NORTHWEST CENTER FOR UROLOGY & MALE HEALTH,WA,BELLEVUE,Urology Clinic,7227,,,,Vizient (MS1301),1135 116th Ave Ne Ste Ll160,4252890577
skipped-duplicate,greatdane:name+city+state; southern-surgical:name+city+state,711,CULLMAN REGIONAL MEDICAL CENTER,AL,CULLMAN,Hospital/ Medical Center,7191,010035,,,Vizient (MS1301),1912 ALABAMA HIGHWAY 157,2567372000
skipped-clinic,Urology Clinic,2460,INTEGRATED MEDICAL SERVICES UROLOGY - SUN CITY WEST,AZ,SUN CITY WEST,Urology Clinic,7177,,,,Vizient (MS1301),14420 W Meeker Blvd Ste 211,6235124390
skipped-duplicate,ghanem:name+city+state,713,MERCY MEDICAL CENTER INC,MD,BALTIMORE,Hospital/ Medical Center,7176,210008,,,"Vizient (MS1301), Premier (BT-NS-002)",301 SAINT PAUL PLACE,4103329237
skipped-duplicate,grosjean:name+city+state; jimmerson:name+city+state; lifesource:name+city+state; zenecare:name+city+state,712,BAKERSFIELD MEMORIAL HOSPITAL,CA,BAKERSFIELD,Hospital/ Medical Center,7176,050036,,,"Vizient (MS1301), Premier (BT-NS-002)",420 34TH ST,6613271792
skipped-clinic,Urology Clinic,2461,UROLOGY CLINIC - LEGACY OFFICE,WA,VANCOUVER,Urology Clinic,7164,,,,Vizient (MS1301),2101 Ne 139th St Ste 285,3602568836
skipped-duplicate,grosjean:name+city+state; jimmerson:name+city+state; lifesource:name+city+state; zenecare:name+city+state,714,KAISER FOUNDATION HOSPITAL - WALNUT CREEK,CA,WALNUT CREEK,Hospital/ Medical Center,7160,050072,,,Vizient (MS1301),1425 S MAIN STREET,9252954000
skipped-clinic,Urology Clinic,2462,MDS-UROLOGY ASSOCIATES,FL,FORT WALTON BEACH,Urology Clinic,7157,,,,Vizient (MS1301),914b Mar Walt Dr,8508622555
skipped-duplicate,ghanem:name+city+state,715,LEWISGALE MEDICAL CENTER,VA,SALEM,Hospital/ Medical Center,7151,490048,,,"Vizient (MS1301), Premier (BT-NS-002)",1900 ELECTRIC ROAD,5407764100
skipped-duplicate,ghanem:name+city+state,4424,SALEM VA MEDICAL CENTER,VA,SALEM,VA Medical Center,7151,49011F,,,Marathon Medical (FFS Approval: 36F79718D0321),1970 ROANOKE BOULEVARD,5409822463
skipped-clinic,Urology Clinic,2463,ALASKA UROLOGICAL,AK,ANCHORAGE,Urology Clinic,7141,,,,Vizient (MS1301),3260 Providence Dr Ste 431,9075633153
skipped-duplicate,steimel:name+city+state,716,AURORA BAYCARE MEDICAL CTR,WI,GREEN BAY,Hospital/ Medical Center,7137,520193,,,"Vizient (MS1301), Premier (BT-NS-002)",2845 GREENBRIER RD,9202888000
skipped-duplicate,gerrard:name+city+state; intuitek:name+city+state; tbmedical:name+city+state,717,MCLEOD LORIS  HOSPITAL,SC,LORIS,Hospital/ Medical Center,7133,420105,,,Vizient (MS1301),3655 MITCHELL STREET,8437167000
skipped-duplicate,activize:name+city+state; parkingangels:name+city+state; proactive:name+city+state; streamline:name+city+state; whisner:name+city+state,718,ELMHURST HOSPITAL CENTER,NY,ELMHURST,Hospital/ Medical Center,7114,330128,,,"Vizient (MS1301), Premier (BT-NS-002)",79-01 BROADWAY,7183341141
skipped-duplicate,a3-biomedical:name+city+state; emina-taylor:name+city+state; expert-medical-sales:name+city+state; lamitina:name+city+state; salmons:name+city+state; southern-surgical:name+city+state; tplconsulting:name+city+state,719,MEASE COUNTRYSIDE HOSPITAL,FL,SAFETY HARBOR,Hospital/ Medical Center,7092,100265,,,"Vizient (MS1301), Premier (BT-NS-002)",3231 MCMULLEN BOOTH RD,7277346950
skipped-duplicate,chowning:name+city+state; stengel:name+city+state,720,MERCY HOSPITAL JOPLIN,MO,JOPLIN,Hospital/ Medical Center,7084,260001,,,Vizient (MS1301),100 MERCY WAY,4177812727
skipped-duplicate,activize:name+city+state; ghanem:name+city+state; streamline:name+city+state,721,PENNSYLVANIA HOSPITAL,PA,PHILADELPHIA,Hospital/ Medical Center,7078,390226,,,Vizient (MS1301),800 SPRUCE STREET,2158293000
skipped-duplicate,klea:name+city+state,722,ESKENAZI HEALTH,IN,INDIANAPOLIS,Hospital/ Medical Center,7074,150024,,,"Vizient (MS1301), Premier (BT-NS-002)",720 ESKENAZI AVENUE,3178804818
skipped-duplicate,a3-biomedical:name+city+state; emina-taylor:name+city+state; expert-medical-sales:name+city+state; lamitina:name+city+state; salmons:name+city+state; southern-surgical:name+city+state; tplconsulting:name+city+state,723,HCA FLORIDA FAWCETT HOSPITAL,FL,PORT CHARLOTTE,Hospital/ Medical Center,7071,100236,,,"Vizient (MS1301), Premier (BT-NS-002)",21298 OLEAN BLVD,9416291181
skipped-duplicate,activize:name+city+state; parkingangels:name+city+state; proactive:name+city+state; streamline:name+city+state; whisner:name+city+state,724,JAMAICA HOSPITAL MEDICAL CENTER,NY,JAMAICA,Hospital/ Medical Center,7069,330014,,,"Vizient (MS1301), Premier (BT-NS-002)",89TH AVENUE AND VAN WYCK EXPRESSWAY,7182626000
skipped-duplicate,dennehy:name+city+state; dowdy:name+city+state; hagarty:name+city+state; murray:name+city+state,725,YAKIMA VALLEY MEMORIAL,WA,YAKIMA,Hospital/ Medical Center,7056,500036,,,"Vizient (MS1301), Premier (BT-NS-002)",2811 TIETON DRIVE,5095758000
skipped-duplicate,healthcare-cellutions:name+city+state; sisco:name+city+state; southern-surgical:name+city+state,726,SLIDELL MEMORIAL HOSPITAL,LA,SLIDELL,Hospital/ Medical Center,7029,190040,,,"Vizient (MS1301), Premier (BT-NS-002)",1001 GAUSE BLVD,9856432200
skipped-duplicate,ghanem:name+city+state,727,BON SECOURS ST MARYS HOSPITAL,VA,RICHMOND,Hospital/ Medical Center,7016,490059,,,"Vizient (MS1301), Premier (BT-NS-002)",5801 BREMO RD,8042852011
skipped-duplicate,activize:name+city+state; parkingangels:name+city+state; proactive:name+city+state; streamline:name+city+state; whisner:name+city+state,728,KENMORE MERCY HOSPITAL,NY,KENMORE,Hospital/ Medical Center,7011,330102,,,"Vizient (MS1301), Premier (BT-NS-002)",2950 ELMWOOD AVENUE,7164476100
skipped-clinic,Urology Clinic,2464,UCHLTHMG UROL LVLD 1500 2037,CO,LOVELAND,Urology Clinic,7009,,,,Vizient (MS1301),2500 Rocky Mountain Ave Ste 2200,9706699100
skipped-duplicate,grosjean:name+city+state; jimmerson:name+city+state; lifesource:name+city+state; zenecare:name+city+state,729,ADVENTIST HEALTH BAKERSFIELD,CA,BAKERSFIELD,Hospital/ Medical Center,6990,050455,,,"Vizient (MS1301), Premier (BT-NS-002)",2615 CHESTER AVENUE,6613953000
skipped-duplicate,activize:name+city+state; parkingangels:name+city+state; proactive:name+city+state; streamline:name+city+state; whisner:name+city+state,730,ELLIS HOSPITAL,NY,SCHENECTADY,Hospital/ Medical Center,6963,330153,,,"Vizient (MS1301), Premier (BT-NS-002)",1101 NOTT STREET,5182434196
skipped-duplicate,franklin-mountain-group:name+city+state; healthcare-cellutions:name+city+state; ju:name+city+state; martinez:name+city+state; meinnovations:name+city+state; sandia:name+city+state; sisco:name+city+state; streit:name+city+state; uromobile:name+city+state,731,ROUND ROCK MEDICAL CENTER,TX,ROUND ROCK,Hospital/ Medical Center,6951,450718,,,"Vizient (MS1301), Premier (BT-NS-002)",2400 ROUND ROCK AVE,5123411000
skipped-duplicate,greatdane:name+city+state; southern-surgical:name+city+state,732,THOMAS HOSPITAL,AL,FAIRHOPE,Hospital/ Medical Center,6934,010100,,,Vizient (MS1301),750 MORPHY AVENUE,2519282375
skipped-duplicate,franklin-mountain-group:name+city+state; healthcare-cellutions:name+city+state; ju:name+city+state; martinez:name+city+state; meinnovations:name+city+state; sandia:name+city+state; sisco:name+city+state; streit:name+city+state; uromobile:name+city+state,733,BAYLOR SCOTT AND WHITE ALL SAINTS MEDICAL CENTER,TX,FORT WORTH,Hospital/ Medical Center,6920,450137,,,Vizient (MS1301),1400 EIGHTH AVE,8179262544
skipped-clinic,Urology Clinic,2465,SIH UROLOGY INSTITUTE,IL,CARBONDALE,Urology Clinic,6909,,,,Vizient (MS1301),305 W Jackson St Ste 303,6183519300
skipped-clinic,Urology Clinic,2466,UROLOGY ASSOCIATES OF SOUTH BEND,IN,SOUTH BEND,Urology Clinic,6899,,,,Vizient (MS1301),6301 University Commons Ste 350,5746471000
skipped-duplicate,steimel:name+city+state,734,BELLIN MEMORIAL HOSPITAL,WI,GREEN BAY,Hospital/ Medical Center,6884,520049,,,Vizient (MS1301),744 S WEBSTER AVE,9204333500
skipped-duplicate,hagarty:name+city+state,735,ST PATRICK HOSPITAL,MT,MISSOULA,Hospital/ Medical Center,6882,270014,,,"Vizient (MS1301), Premier (BT-NS-002)",500 W BROADWAY,4065437271
skipped-duplicate,greatdane:name+city+state; southern-surgical:name+city+state,736,THE EAST ALABAMA HEALTHCARE AUTHORITY,AL,OPELIKA,Hospital/ Medical Center,6874,010029,,,Vizient (MS1301),2000 PEPPERELL PARKWAY,3345281300
skipped-duplicate,grosjean:name+city+state; jimmerson:name+city+state; lifesource:name+city+state; zenecare:name+city+state,737,MERCY MEDICAL CENTER,CA,MERCED,Hospital/ Medical Center,6869,050444,,,Premier (BT-NS-002),333 MERCY AVENUE,2095645000
skipped-duplicate,activize:name+city+state; ghanem:name+city+state; streamline:name+city+state,738,UPMC ST MARGARET,PA,PITTSBURGH,Hospital/ Medical Center,6861,390102,,,Premier (BT-NS-002),815 FREEPORT ROAD,4127844000
skipped-clinic,Urology Clinic,2467,ASPIRUS ST LUKES UROLOGY ASSOCIATES,MN,DULUTH,Urology Clinic,6859,,,,Vizient (MS1301),1001 E Superior St Ste L201,2182492449
skipped-clinic,Urology Clinic,2468,SOUTHEAST TEXAS UROLOGY,TX,BEAUMONT,Urology Clinic,6857,,,,Vizient (MS1301),2900 North St Ste 204,4098994111
skipped-duplicate,franklin-mountain-group:name+city+state; healthcare-cellutions:name+city+state; ju:name+city+state; martinez:name+city+state; meinnovations:name+city+state; sandia:name+city+state; sisco:name+city+state; streit:name+city+state; uromobile:name+city+state,739,CHRISTUS SOUTHEAST TEXAS- ST ELIZABETH,TX,BEAUMONT,Hospital/ Medical Center,6857,450034,,,,2830 CALDER AVENUE,4098927171
skipped-duplicate,a3-biomedical:name+city+state; emina-taylor:name+city+state; expert-medical-sales:name+city+state; lamitina:name+city+state; salmons:name+city+state; southern-surgical:name+city+state; tplconsulting:name+city+state,740,HCA FLORIDA KENDALL HOSPITAL,FL,MIAMI,Hospital/ Medical Center,6846,100209,,,Vizient (MS1301),11750 BIRD RD,3052233000
skipped-duplicate,lucier:name+city+state; noreaster:name+city+state; pierro:name+city+state; signature-medical:name+city+state; whisner:name+city+state,742,PORTSMOUTH REGIONAL HOSPITAL,NH,PORTSMOUTH,Hospital/ Medical Center,6844,300029,,,"Vizient (MS1301), Premier (BT-NS-002)",333 BORTHWICK AVE,6034365110
skipped-duplicate,lucier:name+city+state; noreaster:name+city+state; parkingangels:name+city+state; pierro:name+city+state; signature-medical:name+city+state; whisner:name+city+state,741,CAPE COD HOSPITAL,MA,HYANNIS,Hospital/ Medical Center,6844,220012,,,,27 PARK STREET,5087711800
skipped-clinic,Urology Clinic,2469,UROLOGY ASSOC OF CAPE COD/EVANGEL,MA,HYANNIS,Urology Clinic,6844,,,,Vizient (MS1301),110 Main St,5087719550
skipped-duplicate,franklin-mountain-group:name+city+state; healthcare-cellutions:name+city+state; ju:name+city+state; martinez:name+city+state; meinnovations:name+city+state; sandia:name+city+state; sisco:name+city+state; streit:name+city+state; uromobile:name+city+state,743,SHANNON MEDICAL CENTER,TX,SAN ANGELO,Hospital/ Medical Center,6839,450571,,,"Vizient (MS1301), Premier (BT-NS-002)",120 E HARRIS AVE.,3256536741
skipped-duplicate,zenecare:name+city+state,744,FLAGSTAFF MEDICAL CENTER,AZ,FLAGSTAFF,Hospital/ Medical Center,6795,030023,,,"Vizient (MS1301), Premier (BT-NS-002)",1200 NORTH BEAVER STREET,9287793366
skipped-duplicate,acme:name+city+state; sciotex:name+city+state; wood:name+city+state,745,SANFORD MEDICAL CENTER BISMARCK,ND,BISMARCK,Hospital/ Medical Center,6795,350015,,,"Vizient (MS1301), Premier (BT-NS-002)",300 N 7TH ST,7013236000
skipped-duplicate,activize:name+city+state; parkingangels:name+city+state; proactive:name+city+state; streamline:name+city+state; whisner:name+city+state,746,OLEAN GENERAL HOSPITAL,NY,OLEAN,Hospital/ Medical Center,6791,330103,,,"Vizient (MS1301), Premier (BT-NS-002)",515 MAIN STREET,7163732600
skipped-duplicate,activize:name+city+state; ghanem:name+city+state; streamline:name+city+state,748,EXCELA HEALTH WESTMORELAND REGIONAL HOSPITAL,PA,GREENSBURG,Hospital/ Medical Center,6779,390145,,,Vizient (MS1301),532 WEST PITTSBURGH STREET,7248324000
skipped-duplicate,klea:name+city+state,749,MERCY HEALTH - LOURDES HOSPITAL,KY,PADUCAH,Hospital/ Medical Center,6762,180102,,,"Vizient (MS1301), Premier (BT-NS-002)",1530 LONE OAK ROAD,2704442444
skipped-duplicate,acme:name+city+state; sciotex:name+city+state; steimel:name+city+state; stengel:name+city+state,750,ST LUKES REGIONAL MEDICAL CENTER,IA,SIOUX CITY,Hospital/ Medical Center,6759,160146,,,Premier (BT-NS-002),2720 STONE PARK BOULEVARD,7122793500
skipped-duplicate,gerrard:name+city+state; tbmedical:name+city+state,751,CATAWBA VALLEY MEDICAL CENTER,NC,HICKORY,Hospital/ Medical Center,6728,340143,,,"Vizient (MS1301), Premier (BT-NS-002)",810 FAIRGROVE CHURCH RD,8283263809
skipped-duplicate,grosjean:name+city+state; jimmerson:name+city+state; lifesource:name+city+state; zenecare:name+city+state,752,CALIFORNIA PACIFIC MEDICAL CENTER- VAN NESS CAMPUS,CA,SAN FRANCISCO,Hospital/ Medical Center,6724,050047,,,"Vizient (MS1301), Premier (BT-NS-002)",1101 VAN NESS AVENUE,4156006000
skipped-duplicate,lucier:name+city+state; noreaster:name+city+state; pierro:name+city+state; signature-medical:name+city+state; whisner:name+city+state,753,CENTRAL MAINE MEDICAL CENTER,ME,LEWISTON,Hospital/ Medical Center,6722,200024,,,"Vizient (MS1301), Premier (BT-NS-002)",300 MAIN STREET,2077950111
skipped-duplicate,chowning:name+city+state; gptsurgical:name+city+state; greatdane:name+city+state; healthcare-cellutions:name+city+state,754,JEFFERSON REGIONAL MEDICAL CENTER,AR,PINE BLUFF,Hospital/ Medical Center,6711,040071,,,"Vizient (MS1301), Premier (BT-NS-002)",1600 WEST 40TH AVENUE,8705417100
skipped-duplicate,klea:name+city+state,755,HAZARD ARH REGIONAL MEDICAL CENTER,KY,HAZARD,Hospital/ Medical Center,6708,180029,,,Premier (BT-NS-002),100 MEDICAL CENTER DRIVE,6064391331
skipped-duplicate,activize:name+city+state; parkingangels:name+city+state; proactive:name+city+state; streamline:name+city+state; whisner:name+city+state,756,OUR LADY OF LOURDES MEMORIAL HOSPITAL INC,NY,BINGHAMTON,Hospital/ Medical Center,6703,330011,,,"Vizient (MS1301), Premier (BT-NS-002)",169 RIVERSIDE DRIVE,6077985111
skipped-duplicate,lucier:ccn:220010; noreaster:ccn:220010; parkingangels:ccn:220010; pierro:ccn:220010; signature-medical:ccn:220010; whisner:ccn:220010,757,LAWRENCE GENERAL HOSPITAL,MA,LAWRENCE,Hospital/ Medical Center,6677,220010,,,Vizient (MS1301),ONE GENERAL STREET,9786834000
skipped-duplicate,chowning:name+city+state,758,UNIVERSITY OF ILLINOIS HOSPITAL AND CLINICS,IL,CHICAGO,Hospital/ Medical Center,6671,140150,,,,1740 WEST TAYLOR ST SUITE 1400,3129963900
skipped-clinic,Urology Clinic,2470,MEDICAL CENTERS UROLOGY CLINIC-MARK L BURSON MD,AL,BOAZ,Urology Clinic,6668,,,,Vizient (MS1301),2525 Us Highway 431 Ste 260,2568404854
skipped-clinic,Urology Clinic,2471,SOUTHEASTERN OHIO UROLOGY INC,OH,ZANESVILLE,Urology Clinic,6661,,,,Vizient (MS1301),3089 Maple Ave,7404504580
skipped-clinic,Urology Clinic,2472,PENN MEDICINE PRINCETON MEDICINE PHYSICIANS UROLOGY,NJ,PLAINSBORO,Urology Clinic,6653,,,,Vizient (MS1301),5 Plainsboro Rd Ste 460,6098536500
skipped-duplicate,grosjean:name+city+state; jimmerson:name+city+state; lifesource:name+city+state; zenecare:name+city+state,759,KAISER FOUNDATION HOSPITAL - SAN FRANCISCO,CA,SAN FRANCISCO,Hospital/ Medical Center,6625,050076,,,"Vizient (MS1301), Premier (BT-NS-002)",2425 GEARY BLVD,4158332646
skipped-clinic,Urology Clinic,2473,UM UROLOGY,FL,MIAMI,Urology Clinic,6614,,,,Vizient (MS1301),1150 Nw 14th St,3052437206
skipped-duplicate,activize:name+city+state; whisner:name+city+state,760,INSPIRA MEDICAL CENTER MULLICA HILL,NJ,ELMER,Hospital/ Medical Center,6604,310069,,,,501 WEST FRONT STREET,8563631000
skipped-duplicate,zenecare:name+city+state,761,ST GEORGE REGIONAL HOSPITAL,UT,ST GEORGE,Hospital/ Medical Center,6602,460021,,,Vizient (MS1301),1380 EAST MEDICAL CENTER DRIVE,4352512100
skipped-duplicate,lucier:name+city+state; noreaster:name+city+state; parkingangels:name+city+state; pierro:name+city+state; signature-medical:name+city+state; whisner:name+city+state,4426,VA BOSTON HEALTHCARE SYSTEM - JAMAICA PLAIN,MA,JAMAICA PLAIN,VA Medical Center,6584,22010F,,,Marathon Medical (FFS Approval: 36F79718D0321),150 S. HUNTINGTON AVENUE,6172329500
skipped-duplicate,grosjean:name+city+state; jimmerson:name+city+state; lifesource:name+city+state; zenecare:name+city+state,762,MERCY HOSPITAL,CA,BAKERSFIELD,Hospital/ Medical Center,6583,050295,,,Premier (BT-NS-002),2215 TRUXTUN AVENUE,6616325000
skipped-clinic,Urology Clinic,2474,WKS/LSU UROLOGY CLINIC,LA,SHREVEPORT,Urology Clinic,6583,,,,Vizient (MS1301),2508 Bert Kouns Industrial Loop Ste 200,3182125063
skipped-clinic,Urology Clinic,2475,UROLOGY GRP DIV #5,OH,CINCINNATI,Urology Clinic,6581,,,,Vizient (MS1301),3301 Mercy Health Blvd Ste 525,5132155000
skipped-duplicate,grosjean:name+city+state; jimmerson:name+city+state; lifesource:name+city+state; zenecare:name+city+state,763,STANFORD HEALTH CARE TRI-VALLEY,CA,PLEASANTON,Hospital/ Medical Center,6576,050283,,,Vizient (MS1301),5555 WEST LAS POSITAS BOULEVARD,9258473000
skipped-duplicate,chowning:ccn:040027; gptsurgical:ccn:040027; greatdane:ccn:040027; healthcare-cellutions:ccn:040027,764,BAXTER REGIONAL MEDICAL CENTER,AR,MOUNTAIN HOME,Hospital/ Medical Center,6572,040027,,,Vizient (MS1301),624 HOSPITAL DRIVE,8705081000
skipped-duplicate,grosjean:name+city+state; jimmerson:name+city+state; lifesource:name+city+state; zenecare:name+city+state,765,MARINHEALTH MEDICAL CENTER,CA,GREENBRAE,Hospital/ Medical Center,6564,050360,,,"Vizient (MS1301), Premier (BT-NS-002)",250 BON AIR ROAD,4159257900
skipped-duplicate,franklin-mountain-group:name+city+state; healthcare-cellutions:name+city+state; ju:name+city+state; martinez:name+city+state; meinnovations:name+city+state; sandia:name+city+state; sisco:name+city+state; streit:name+city+state; uromobile:name+city+state,767,LONGVIEW REGIONAL MEDICAL CENTER,TX,LONGVIEW,Hospital/ Medical Center,6562,450702,,,Vizient (MS1301),2901 N FOURTH ST,9037581818
skipped-duplicate,activize:name+city+state; parkingangels:name+city+state; proactive:name+city+state; streamline:name+city+state; whisner:name+city+state,768,SAMARITAN HOSPITAL OF TROY NEW YORK,NY,TROY,Hospital/ Medical Center,6536,330180,,,"Vizient (MS1301), Premier (BT-NS-002)",2215 BURDETT AVENUE,5184273402
skipped-duplicate,franklin-mountain-group:name+city+state; healthcare-cellutions:name+city+state; ju:name+city+state; martinez:name+city+state; meinnovations:name+city+state; sandia:name+city+state; sisco:name+city+state; streit:name+city+state; uromobile:name+city+state,769,NORTH AUSTIN MEDICAL CENTER,TX,AUSTIN,Hospital/ Medical Center,6532,450809,,,,12221 MOPAC EXPRESSWAY NORTH,5129011000
skipped-clinic,Urology Clinic,2476,UROLOGY AUSTIN - NORTH MOPAC,TX,AUSTIN,Urology Clinic,6532,,,,"Vizient (MS1301), Premier (BT-NS-002)",12201 Renfert Way Ste 230,5123467150
skipped-duplicate,grosjean:name+city+state; jimmerson:name+city+state; lifesource:name+city+state; zenecare:name+city+state,770,UCI HEALTH-LAKEWOOD,CA,LAKEWOOD,Hospital/ Medical Center,6527,050581,,,"Vizient (MS1301), Premier (BT-NS-002)",3700 SOUTH ST,5626026751
skipped-duplicate,chowning:name+city+state,771,ADVOCATE GOOD SAMARITAN HOSPITAL,IL,DOWNERS GROVE,Hospital/ Medical Center,6524,140288,,,"Vizient (MS1301), Premier (BT-NS-002)",3815 HIGHLAND AVENUE,6302755900
skipped-duplicate,activize:name+city+state; ghanem:name+city+state; streamline:name+city+state,772,INDEPENDENCE HEALTH SYSTEM BUTLER MEMORIAL HOSPITA,PA,BUTLER,Hospital/ Medical Center,6521,390168,,,,ONE HOSPITAL WAY,7242836666
skipped-duplicate,activize:name+city+state; ghanem:name+city+state; streamline:name+city+state,773,REGIONAL HOSPITAL OF SCRANTON,PA,SCRANTON,Hospital/ Medical Center,6515,390237,,,"Vizient (MS1301), Premier (BT-NS-002)",746 JEFFERSON AVENUE,5703487100
skipped-duplicate,grosjean:name+city+state; jimmerson:name+city+state; lifesource:name+city+state; zenecare:name+city+state,774,COMMUNITY MEMORIAL HOSPITAL - VENTURA,CA,VENTURA,Hospital/ Medical Center,6509,050394,,,,147 NORTH BRENT STREET,8056525011
skipped-clinic,Urology Clinic,2477,DOYLESTOWN HEALTH UROLOGY,PA,DOYLESTOWN,Urology Clinic,6490,,,,Vizient (MS1301),102 Progress Dr Ste 101,2154417761
skipped-duplicate,grosjean:name+city+state; jimmerson:name+city+state; lifesource:name+city+state; zenecare:name+city+state,775,ALTA BATES SUMMIT MEDICAL CENTER,CA,OAKLAND,Hospital/ Medical Center,6481,050043,,,"Vizient (MS1301), Premier (BT-NS-002)",350 HAWTHORNE AVENUE,5106554000
skipped-clinic,Urology Clinic,2478,LOUISIANA UROLOGY CENTER,LA,LAFAYETTE,Urology Clinic,6478,,,,Vizient (MS1301),5000 Ambassador Caffery Pkwy Bldg 16,3379842106
skipped-duplicate,steimel:name+city+state,776,FROEDTERT SOUTH INC,WI,KENOSHA,Hospital/ Medical Center,6476,520021,,,,6308 EIGHTH AVE,2626562368
skipped-clinic,Urology Clinic,2479,KENOSHA UROLOGY CLINIC,WI,KENOSHA,Urology Clinic,6476,,,,Vizient (MS1301),6308 8th Ave Ste 503,2626568213
skipped-duplicate,steimel:ccn:520051,778,ASCENSION COLUMBIA ST MARY'S HOSPITAL MILWAUKEE,WI,MILWAUKEE,Hospital/ Medical Center,6473,520051,,,Vizient (MS1301),2323 N LAKE DR,4145851374
skipped-duplicate,grosjean:name+city+state; jimmerson:name+city+state; lifesource:name+city+state; zenecare:name+city+state,777,KAISER FOUNDATION HOSPITAL - BALDWIN PARK,CA,BALDWIN PARK,Hospital/ Medical Center,6473,050723,,,"Vizient (MS1301), Premier (BT-NS-002)",1011 BALDWIN PARK BLVD,6268511011
skipped-clinic,Urology Clinic,2480,SCOTTSDALE UROLOGY,AZ,SCOTTSDALE,Urology Clinic,6463,,,,Vizient (MS1301),10250 N 92nd St Ste 118,4808606486
skipped-duplicate,zenecare:name+city+state,779,HONORHEALTH SCOTTSDALE OSBORN MEDICAL CENTER,AZ,SCOTTSDALE,Hospital/ Medical Center,6463,030038,,,"Vizient (MS1301), Premier (BT-NS-002)",7400 EAST OSBORN ROAD,4808824004
skipped-duplicate,ghanem:name+city+state,780,MEDSTAR SOUTHERN MARYLAND HOSPITAL CENTER,MD,CLINTON,Hospital/ Medical Center,6424,210062,,,"Vizient (MS1301), Premier (BT-NS-002)",7503 SURRATTS ROAD,3018688000
skipped-duplicate,chowning:name+city+state,781,ADVOCATE GOOD SHEPHERD HOSPITAL,IL,BARRINGTON,Hospital/ Medical Center,6422,140291,,,"Vizient (MS1301), Premier (BT-NS-002)",450 WEST HIGHWAY 22,8473819600
skipped-clinic,Urology Clinic,2481,BTX PREMIER UROLOGY,TX,BROWNSVILLE,Urology Clinic,6419,,,,Vizient (MS1301),800 W Jefferson St Ste 170,9562555010
skipped-duplicate,klea:name+city+state,782,FRANCISCAN HEALTH CROWN POINT,IN,CROWN POINT,Hospital/ Medical Center,6413,150126,,,Vizient (MS1301),1201 S MAIN ST,2197576100
skipped-clinic,Urology Clinic,2482,FLATHEAD UROLOGY PLLC,MT,KALISPELL,Urology Clinic,6405,,,,Vizient (MS1301),210 Sunnyview Ln Ste 106,4067561433
skipped-clinic,Urology Clinic,2483,NCH MEDICAL GROUP UROLOGY,IL,ARLINGTON HEIGHTS,Urology Clinic,6400,,,,Vizient (MS1301),880 W Central Rd Ste 5000,8476182200
skipped-duplicate,chowning:name+city+state,783,NORTHWEST COMMUNITY HOSPITAL 1,IL,ARLINGTON HEIGHTS,Hospital/ Medical Center,6400,140252,,,"Vizient (MS1301), Premier (BT-NS-002)",800 W CENTRAL ROAD,8476181000
skipped-duplicate,chowning:name+city+state,784,MACNEAL  HOSPITAL,IL,BERWYN,Hospital/ Medical Center,6390,140054,,,Vizient (MS1301),3249 SOUTH OAK PARK AVENUE,7087839100
skipped-duplicate,lucier:name+city+state; noreaster:name+city+state; parkingangels:name+city+state; pierro:name+city+state; signature-medical:name+city+state; whisner:name+city+state,785,NORTHEAST HOSPITAL CORPORATION,MA,BEVERLY,Hospital/ Medical Center,6386,220033,,,Vizient (MS1301),85 HERRICK STREET,9789223000
skipped-clinic,Urology Clinic,2484,NORTH SHORE UROLOGICAL ASSOC,MA,BEVERLY,Urology Clinic,6386,,,,Vizient (MS1301),75 Herrick St Ste 219,9789270714
skipped-duplicate,a3-biomedical:name+city+state; emina-taylor:name+city+state; expert-medical-sales:name+city+state; lamitina:name+city+state; salmons:name+city+state; southern-surgical:name+city+state; tplconsulting:name+city+state,786,SARASOTA MEMORIAL HOSPITAL - VENICE,FL,NORTH VENICE,Hospital/ Medical Center,6372,100359,,,Vizient (MS1301),2600 LAUREL ROAD EAST,9419177299
skipped-duplicate,a3-biomedical:name+city+state; emina-taylor:name+city+state; expert-medical-sales:name+city+state; lamitina:name+city+state; salmons:name+city+state; southern-surgical:name+city+state; tplconsulting:name+city+state,787,HCA FLORIDA BAYONET POINT HOSPITAL,FL,HUDSON,Hospital/ Medical Center,6359,100256,,,,14000 FIVAY RD,7278192929
skipped-duplicate,ghanem:name+city+state,788,NORTHWEST HOSPITAL CENTER,MD,RANDALLSTOWN,Hospital/ Medical Center,6355,210040,,,"Vizient (MS1301), Premier (BT-NS-002)",5401 OLD COURT ROAD,4105212200
skipped-clinic,Urology Clinic,2485,SOUTHEASTERN UROLOGY ASSOCIATES,GA,MACON,Urology Clinic,6351,,,,Vizient (MS1301),380 Hospital Dr Ste 320,4787425331
skipped-duplicate,greatdane:name+city+state; southern-surgical:name+city+state,789,BAPTIST MEMORIAL HOSPITAL NORTH MS,MS,OXFORD,Hospital/ Medical Center,6341,250034,,,"Vizient (MS1301), Premier (BT-NS-002)",1100 BELK BLVD,6622328100
skipped-clinic,Urology Clinic,2486,UH SUROLOGY,PA,BRYN MAWR,Urology Clinic,6330,,,,"Vizient (MS1301), Premier (BT-NS-002)",245 S Bryn Mawr Ave,6105263000
skipped-duplicate,intuitek:name+city+state,790,WELLSTAR NORTH FULTON MEDICAL CENTER,GA,ROSWELL,Hospital/ Medical Center,6328,110198,,,Vizient (MS1301),3000 HOSPITAL BOULEVARD,7707512500
skipped-clinic,Urology Clinic,2487,WELLSTAR UROLOGY NORTH FULTON,GA,ROSWELL,Urology Clinic,6328,,,,Vizient (MS1301),2500 Hospital Blvd Ste 290,4706440242
skipped-duplicate,chowning:name+city+state; stengel:name+city+state,791,CHRISTIAN HOSPITAL NORTHEAST,MO,SAINT LOUIS,Hospital/ Medical Center,6313,260180,,,Vizient (MS1301),11133 DUNN ROAD,3146535000
skipped-duplicate,klea:name+city+state; streamline:name+city+state,792,GOOD SAMARITAN HOSPITAL,OH,CINCINNATI,Hospital/ Medical Center,6302,360134,,,"Vizient (MS1301), Premier (BT-NS-002)",375 DIXMYTH AVENUE,5138622601
skipped-duplicate,grosjean:name+city+state; jimmerson:name+city+state; lifesource:name+city+state; zenecare:name+city+state,793,DOMINICAN HOSPITAL,CA,SANTA CRUZ,Hospital/ Medical Center,6301,050242,,,"Vizient (MS1301), Premier (BT-NS-002)",1555 SOQUEL DRIVE,8314627700
skipped-clinic,Urology Clinic,2488,ADENA HC- UROLOGY,OH,CHILLICOTHE,Urology Clinic,6295,,,,Vizient (MS1301),4439 State Route 159 Ste 260,7407797500
skipped-clinic,Urology Clinic,2489,MDS MENS HEALTH GENERAL UROLOGY,CA,SANTA MONICA,Urology Clinic,6291,,,,Vizient (MS1301),2001 Santa Monica Blvd Ste 460w,3105827333
skipped-duplicate,grosjean:name+city+state; jimmerson:name+city+state; lifesource:name+city+state; zenecare:name+city+state,794,ADVENTIST HEALTH AND RIDEOUT,CA,MARYSVILLE,Hospital/ Medical Center,6286,050133,,,"Vizient (MS1301), Premier (BT-NS-002)",726 4TH ST,5307494300
skipped-duplicate,dennehy:name+city+state; dowdy:name+city+state; hagarty:name+city+state; murray:name+city+state,795,SWEDISH MEDICAL CENTER / CHERRY HILL,WA,SEATTLE,Hospital/ Medical Center,6284,500025,,,Vizient (MS1301),500 17TH AVENUE,2063202000
skipped-clinic,Urology Clinic,2490,SWEDISH UROLOGY,WA,SEATTLE,Urology Clinic,6284,,,,Vizient (MS1301),1101 Madison St Ste 1400,2063866266
skipped-duplicate,lucier:name+city+state; noreaster:name+city+state; pierro:name+city+state; signature-medical:name+city+state; whisner:name+city+state,796,WENTWORTH-DOUGLASS HOSPITAL,NH,DOVER,Hospital/ Medical Center,6283,300018,,,"Vizient (MS1301), Premier (BT-NS-002)",789 CENTRAL AVE,6037402580
skipped-duplicate,franklin-mountain-group:name+city+state; healthcare-cellutions:name+city+state; ju:name+city+state; martinez:name+city+state; meinnovations:name+city+state; sandia:name+city+state; sisco:name+city+state; streit:name+city+state; uromobile:name+city+state,797,JPS HEALTH NETWORK,TX,FORT WORTH,Hospital/ Medical Center,6278,450039,,,Vizient (MS1301),1500 S MAIN ST,8179213431
skipped-duplicate,gerrard:name+city+state; tbmedical:name+city+state,798,CAROLINA EAST MEDICAL CENTER,NC,NEW BERN,Hospital/ Medical Center,6276,340131,,,"Vizient (MS1301), Premier (BT-NS-002)",2000 NEUSE BLVD,2526338640
skipped-clinic,Urology Clinic,2491,MPPG- WEST COAST UROLOGY,CA,INGLEWOOD,Urology Clinic,6270,,,,"Vizient (MS1301), Premier (BT-NS-002)",575 E Hardy St Ste 215,3106734660
skipped-clinic,Urology Clinic,2492,UROLOGY CONSULTANTS LTD - STATE RT 162,IL,MARYVILLE,Urology Clinic,6270,,,,Vizient (MS1301),6800 State Rt 162 Box Ste 200,6182885711
skipped-duplicate,grosjean:name+city+state; jimmerson:name+city+state; lifesource:name+city+state; zenecare:name+city+state,799,ST BERNARDINE MEDICAL CENTER,CA,SAN BERNARDINO,Hospital/ Medical Center,6268,050129,,,"Vizient (MS1301), Premier (BT-NS-002)",2101 N WATERMAN AVE,9098838711
skipped-duplicate,klea:name+city+state; streamline:name+city+state,800,BLANCHARD VALLEY HOSPITAL,OH,FINDLAY,Hospital/ Medical Center,6261,360095,,,Vizient (MS1301),1900 SOUTH MAIN STREET,4194234500
skipped-clinic,Urology Clinic,2493,BV UROLOGY ASSOCIATES - OTTAWA,OH,OTTAWA,Urology Clinic,6261,,,,Vizient (MS1301),1740 N Perry St Ste D,4194234500
skipped-duplicate,a3-biomedical:name+city+state; emina-taylor:name+city+state; expert-medical-sales:name+city+state; lamitina:name+city+state; salmons:name+city+state; southern-surgical:name+city+state; tplconsulting:name+city+state,801,HCA FLORIDA LAWNWOOD HOSPITAL,FL,FORT PIERCE,Hospital/ Medical Center,6255,100246,,,Vizient (MS1301),1700 S 23RD ST,7724614000
skipped-duplicate,activize:name+city+state; whisner:name+city+state,802,VALLEY HOSPITAL,NJ,PARAMUS,Hospital/ Medical Center,6242,310012,,,"Vizient (MS1301), Premier (BT-NS-002)",4 VALLEY HEALTH PLAZA,2014478000
skipped-clinic,Urology Clinic,2494,UROLOGY OF AIKEN,SC,AIKEN,Urology Clinic,6242,,,,Vizient (MS1301),410 University Pkwy Ste 1500b,8036437311
skipped-duplicate,gerrard:name+city+state; intuitek:name+city+state; tbmedical:name+city+state,803,AIKEN REGIONAL MEDICAL CENTER,SC,AIKEN,Hospital/ Medical Center,6242,420082,,,"Vizient (MS1301), Premier (BT-NS-002)",302 UNIVERSITY PARKWAY,8036415900
skipped-duplicate,chowning:name+city+state,804,HSHS ST ELIZABETH'S HOSPITAL,IL,O FALLON,Hospital/ Medical Center,6225,140187,,,,ONE ST ELIZABETH BOULEVARD,6182342120
skipped-clinic,Urology Clinic,2495,UROLOGY OF STL - OFALLON IL,IL,O FALLON,Urology Clinic,6225,,,,Vizient (MS1301),3 Saint Elizabeth Blvd Ste 3200,6184898030
skipped-duplicate,grosjean:name+city+state; jimmerson:name+city+state; lifesource:name+city+state; zenecare:name+city+state,805,LOS ROBLES HOSPITAL & MEDICAL CENTER,CA,THOUSAND OAKS,Hospital/ Medical Center,6224,050549,,,Premier (BT-NS-002),215 W JANSS RD,8054972727
skipped-duplicate,zenecare:name+city+state,806,BANNER BAYWOOD MEDICAL CENTER,AZ,MESA,Hospital/ Medical Center,6218,030088,,,"Vizient (MS1301), Premier (BT-NS-002)",6644 EAST BAYWOOD AVENUE,4803212000
skipped-duplicate,grosjean:name+city+state; jimmerson:name+city+state; lifesource:name+city+state; zenecare:name+city+state,807,UCI HEALTH - FOUNTAIN VALLEY,CA,FOUNTAIN VALLEY,Hospital/ Medical Center,6216,050570,,,"Vizient (MS1301), Premier (BT-NS-002)",17100 EUCLID STREET,7149667200
skipped-duplicate,chowning:name+city+state,808,JAVON BEA HOSPITAL,IL,ROCKFORD,Hospital/ Medical Center,6216,140239,,,,2400 NORTH ROCKTON AVENUE,8159686861
skipped-duplicate,klea:name+city+state; streamline:name+city+state,809,WEST CHESTER HOSPITAL,OH,WEST CHESTER,Hospital/ Medical Center,6205,360354,,,Vizient (MS1301),7700 UNIVERSITY DRIVE,5132987701
skipped-duplicate,franklin-mountain-group:name+city+state; healthcare-cellutions:name+city+state; ju:name+city+state; martinez:name+city+state; meinnovations:name+city+state; sandia:name+city+state; sisco:name+city+state; streit:name+city+state; uromobile:name+city+state,810,TEXAS HEALTH HUGULEY HOSPITAL FORT WORTH SOUTH,TX,FORT WORTH,Hospital/ Medical Center,6188,450677,,,Premier (BT-NS-002),11801 SOUTH FREEWAY,8172939110
skipped-clinic,Urology Clinic,2496,AVENTURA UROLOGY,FL,AVENTURA,Urology Clinic,6186,,,,Vizient (MS1301),21100 Biscayne Blvd Ste 106,3055456685
skipped-duplicate,activize:name+city+state; parkingangels:name+city+state; proactive:name+city+state; streamline:name+city+state; whisner:name+city+state,811,SARATOGA HOSPITAL,NY,SARATOGA SPRINGS,Hospital/ Medical Center,6185,330222,,,Vizient (MS1301),211 CHURCH STREET,5185873222
skipped-duplicate,activize:name+city+state; ghanem:name+city+state; streamline:name+city+state,812,WASHINGTON HOSPITAL THE,PA,WASHINGTON,Hospital/ Medical Center,6173,390042,,,"Vizient (MS1301), Premier (BT-NS-002)",155 WILSON AVENUE,7242257000
skipped-clinic,Urology Clinic,2497,WASHINGTON UROLOGY,PA,WASHINGTON,Urology Clinic,6173,,,,Vizient (MS1301),125 N Franklin Dr Ste 3,7242228871
skipped-clinic,Urology Clinic,2498,CHABOT UROLOGY MEDICAL ASSOCIATES,CA,CASTRO VALLEY,Urology Clinic,6140,,,,Vizient (MS1301),20055 Lake Chabot Rd Ste 310,5108899166
skipped-duplicate,ghanem:name+city+state,813,BAYHEALTH MEDICAL CENTER KENT CAMPUS,DE,DOVER,Hospital/ Medical Center,6129,080004,,,Premier (BT-NS-002),640 S STATE STREET,3027447001
skipped-duplicate,franklin-mountain-group:name+city+state; greatdane:name+city+state; richards:name+city+state; southern-surgical:name+city+state; tbmedical:name+city+state,814,BLOUNT MEMORIAL HOSPITAL,TN,MARYVILLE,Hospital/ Medical Center,6117,440011,,,"Vizient (MS1301), Premier (BT-NS-002)",907 E LAMAR ALEXANDER PARKWAY,8659837211
skipped-clinic,Urology Clinic,2499,UROGYNECOLOGY ASSOC OF PHILADELPHIA,PA,MEDIA,Urology Clinic,6112,,,,Vizient (MS1301),1098 W Baltimore Pike Ste 3404,4843373000
skipped-duplicate,ghanem:name+city+state,815,UNIVERSITY OF MD BALTIMORE WASHINGTON MEDICAL CENTER,MD,GLEN BURNIE,Hospital/ Medical Center,6110,210043,,,"Vizient (MS1301), Premier (BT-NS-002)",301 HOSPITAL DRIVE,4105951967
skipped-duplicate,gerrard:name+city+state; tbmedical:name+city+state,816,SOUTHEASTERN REGIONAL MEDICAL CENTER,NC,LUMBERTON,Hospital/ Medical Center,6110,340050,,,Premier (BT-NS-002),300 W 27 ST  PO BOX 1408,9106715000
skipped-duplicate,klea:name+city+state; streamline:name+city+state,817,MOUNT CARMEL ST ANN'S,OH,WESTERVILLE,Hospital/ Medical Center,6109,360012,,,,500 SOUTH CLEVELAND AVENUE,6145464034
skipped-duplicate,dennehy:name+city+state; dowdy:name+city+state; hagarty:name+city+state; murray:name+city+state,819,SKAGIT VALLEY HOSPITAL,WA,MOUNT VERNON,Hospital/ Medical Center,6093,500003,,,Vizient (MS1301),1415 KINCAID STREET,3604244111
skipped-duplicate,gerrard:name+city+state; tbmedical:name+city+state,818,ATRIUM HEALTH UNION,NC,MONROE,Hospital/ Medical Center,6093,340130,,,"Vizient (MS1301), Premier (BT-NS-002)",600 HOSPITAL DR,7042833100
skipped-duplicate,klea:name+city+state; streamline:name+city+state,820,MARIETTA MEMORIAL HOSPITAL,OH,MARIETTA,Hospital/ Medical Center,6085,360147,,,Vizient (MS1301),401 MATTHEW STREET,7403741400
skipped-clinic,Urology Clinic,2500,ILLINOIS UROLOGICAL INSTITUTE SC,IL,WINFIELD,Urology Clinic,6080,,,,Vizient (MS1301),025 Winfield Rd Ste 407,6306906400
skipped-duplicate,chowning:name+city+state,821,NORTHWESTERN MEDICINE CENTRAL DUPAGE HOSPITAL,IL,WINFIELD,Hospital/ Medical Center,6080,140242,,,Vizient (MS1301),25 NORTH WINFIELD ROAD,6306821600
skipped-duplicate,a3-biomedical:name+city+state; emina-taylor:name+city+state; expert-medical-sales:name+city+state; lamitina:name+city+state; salmons:name+city+state; southern-surgical:name+city+state; tplconsulting:name+city+state,822,HCA FLORIDA GULF COAST HOSPITAL,FL,PANAMA CITY,Hospital/ Medical Center,6073,100242,,,Vizient (MS1301),449 W 23RD ST,8507477926
skipped-clinic,Urology Clinic,2501,UROLOGY ASSOC LLC,FL,HIALEAH,Urology Clinic,6067,,,,Vizient (MS1301),2140 W 68th St Ste 302,3058239120
skipped-duplicate,activize:ccn:330401; parkingangels:ccn:330401; proactive:ccn:330401; streamline:ccn:330401; whisner:ccn:330401,823,ST CATHERINE OF SIENA HOSPITAL MEDICAL CENTER,NY,SMITHTOWN,Hospital/ Medical Center,6059,330401,,,"Vizient (MS1301), Premier (BT-NS-002)",50 ROUTE 25A,6318623000
skipped-duplicate,ghanem:name+city+state,824,CARROLL HOSPITAL CENTER,MD,WESTMINSTER,Hospital/ Medical Center,6056,210033,,,"Vizient (MS1301), Premier (BT-NS-002)",200 MEMORIAL AVENUE,4108483000
skipped-duplicate,klea:name+city+state; streamline:name+city+state,825,MEDINA HOSPITAL,OH,MEDINA,Hospital/ Medical Center,6052,360091,,,"Vizient (MS1301), Premier (BT-NS-002)",1000 EAST WASHINGTON STREET,3307251000
skipped-clinic,Urology Clinic,2502,ADVANCED UROLOGIC ASSOCIATES SOUTH,MO,INDEPENDENCE,Urology Clinic,6044,,,,"Vizient (MS1301), Premier (BT-NS-002)",19001 E 48th St S,8162515111
skipped-duplicate,chowning:name+city+state; stengel:name+city+state,826,CENTERPOINT MEDICAL CENTER,MO,INDEPENDENCE,Hospital/ Medical Center,6044,260095,,,,19600 EAST 39TH STREET,8166987000
skipped-clinic,Urology Clinic,2503,AURORA UROLOGY (PHD),CO,AURORA,Urology Clinic,6041,,,,Vizient (MS1301),1411 S Potomac St Ste 210,3036956106
skipped-duplicate,franklin-mountain-group:name+city+state; healthcare-cellutions:name+city+state; ju:name+city+state; martinez:name+city+state; meinnovations:name+city+state; sandia:name+city+state; sisco:name+city+state; streit:name+city+state; uromobile:name+city+state,827,BAPTIST BEAUMONT HOSPITAL,TX,BEAUMONT,Hospital/ Medical Center,6036,450346,,,Vizient (MS1301),3080 COLLEGE STREET,4092125000
skipped-duplicate,activize:name+city+state; whisner:name+city+state,828,CENTRASTATE MEDICAL CENTER,NJ,FREEHOLD,Hospital/ Medical Center,6006,310111,,,,901 WEST MAIN STREET,7322947012
skipped-duplicate,greatdane:name+city+state; southern-surgical:name+city+state,829,NORTHEAST ALABAMA REGIONAL MEDICAL CENTER,AL,ANNISTON,Hospital/ Medical Center,5992,010078,,,Vizient (MS1301),400 EAST 10TH STREET,2562355121
skipped-duplicate,steimel:name+city+state,830,GUNDERSEN LUTHERAN MEDICAL CENTER,WI,LA CROSSE,Hospital/ Medical Center,5985,520087,,,Vizient (MS1301),1910 SOUTH AVE,6087827300
skipped-duplicate,ghanem:name+city+state,831,SENTARA PRINCESS ANNE HOSPITAL,VA,VIRGINIA BEACH,Hospital/ Medical Center,5980,490119,,,"Vizient (MS1301), Premier (BT-NS-002)",2025 GLENN MITCHELL DRIVE,7575071520
skipped-duplicate,activize:name+city+state; parkingangels:name+city+state; proactive:name+city+state; streamline:name+city+state; whisner:name+city+state,832,ST JOHN'S EPISCOPAL HOSPITAL AT SOUTH SHORE,NY,FAR ROCKAWAY,Hospital/ Medical Center,5979,330395,,,"Vizient (MS1301), Premier (BT-NS-002)",327 BEACH 19TH STREET,7188697000
skipped-duplicate,gptsurgical:ccn:37014F; healthcare-cellutions:ccn:37014F; martinez:ccn:37014F,4427,OKLAHOMA CITY VA MEDICAL CENTER (VISN 19),OK,OKLAHOMA CITY,VA Medical Center,5977,37014F,,,Marathon Medical (FFS Approval: 36F79718D0321),921 Northeast 13th Street,4052700501
skipped-clinic,Urology Clinic,2504,NW AMF UROLOGY,NY,ELMIRA,Urology Clinic,5977,,,,Vizient (MS1301),200 Madison Ave Ste 2b,6077374100
skipped-duplicate,steimel:name+city+state,833,WAUKESHA MEMORIAL HOSPITAL,WI,WAUKESHA,Hospital/ Medical Center,5973,520008,,,"Vizient (MS1301), Premier (BT-NS-002)",725 AMERICAN AVE,2629281000
skipped-clinic,Urology Clinic,2505,OCHSNER HEALTH CENTER - UROLOGY,LA,LAKE CHARLES,Urology Clinic,5969,,,,Vizient (MS1301),401 Doctor Michael Debakey Dr Fl 2,3374362511
skipped-duplicate,ghanem:name+city+state,834,UNIVERSITY OF MD CHARLES REGIONAL  MEDICAL CENTER,MD,LA PLATA,Hospital/ Medical Center,5966,210035,,,Vizient (MS1301),5 GARRETT AVENUE,3016094265
skipped-clinic,Urology Clinic,2506,THE CENTER FOR UROLOGICAL CARE-WEIRTON,WV,WEIRTON,Urology Clinic,5961,,,,Vizient (MS1301),651 Colliers Way Ste 509,3047234610
skipped-duplicate,activize:name+city+state; parkingangels:name+city+state; proactive:name+city+state; streamline:name+city+state; whisner:name+city+state,835,MOUNT SINAI SOUTH NASSAU,NY,OCEANSIDE,Hospital/ Medical Center,5960,330198,,,Premier (BT-NS-002),ONE HEALTHY WAY,5166323000
skipped-duplicate,franklin-mountain-group:name+city+state; healthcare-cellutions:name+city+state; ju:name+city+state; martinez:name+city+state; meinnovations:name+city+state; sandia:name+city+state; sisco:name+city+state; streit:name+city+state; uromobile:name+city+state,836,NACOGDOCHES MEDICAL CENTER,TX,NACOGDOCHES,Hospital/ Medical Center,5954,450656,,,"Vizient (MS1301), Premier (BT-NS-002)",4920 NE STALLINGS DRIVE,9365699481
skipped-duplicate,dennehy:name+city+state; dowdy:name+city+state; hagarty:name+city+state; murray:name+city+state,837,CONFLUENCE HEALTH HOSPITAL,WA,WENATCHEE,Hospital/ Medical Center,5951,500016,,,Premier (BT-NS-002),1201 S MILLER STREET,5096621511
skipped-duplicate,grosjean:name+city+state; jimmerson:name+city+state; lifesource:name+city+state; zenecare:name+city+state,838,MISSION COMMUNITY HOSPITAL,CA,PANORAMA CITY,Hospital/ Medical Center,5926,050704,,,"Vizient (MS1301), Premier (BT-NS-002)",14850 ROSCOE BLVD,8189043100
skipped-duplicate,franklin-mountain-group:name+city+state; healthcare-cellutions:name+city+state; ju:name+city+state; martinez:name+city+state; meinnovations:name+city+state; sandia:name+city+state; sisco:name+city+state; streit:name+city+state; uromobile:name+city+state,839,METHODIST HOSPITAL  STONE OAK,TX,SAN ANTONIO,Hospital/ Medical Center,5919,670055,,,"Vizient (MS1301), Premier (BT-NS-002)","1139 E SONTERRA BLVD,",2106382101
skipped-duplicate,gerrard:name+city+state; tbmedical:name+city+state,840,DUKE REGIONAL HOSPITAL,NC,DURHAM,Hospital/ Medical Center,5912,340155,,,Vizient (MS1301),3643 N ROXBORO STREET,9194704000
skipped-duplicate,a3-biomedical:name+city+state; emina-taylor:name+city+state; expert-medical-sales:name+city+state; lamitina:name+city+state; salmons:name+city+state; southern-surgical:name+city+state; tplconsulting:name+city+state,841,HCA FLORIDA WEST HOSPITAL,FL,PENSACOLA,Hospital/ Medical Center,5890,100231,,,"Vizient (MS1301), Premier (BT-NS-002)",8383 N DAVIS HWY,8504944000
skipped-duplicate,activize:name+city+state; ghanem:name+city+state; streamline:name+city+state,842,WELLSPAN GOOD SAMARITAN HOSPITAL,PA,LEBANON,Hospital/ Medical Center,5886,390066,,,,252 SOUTH 4TH STREET,7172707500
skipped-clinic,Urology Clinic,2507,UROLOGY GROUP OF PADUCAH PSC,KY,PADUCAH,Urology Clinic,5884,,,,Vizient (MS1301),2603 Kentucky Ave Ste 102,2707774545
skipped-duplicate,lucier:name+city+state; noreaster:name+city+state; parkingangels:name+city+state; pierro:name+city+state; signature-medical:name+city+state; whisner:name+city+state,843,WILLIAM W BACKUS HOSPITAL,CT,NORWICH,Hospital/ Medical Center,5880,070024,,,Premier (BT-NS-002),326 WASHINGTON ST,8608898331
skipped-duplicate,klea:name+city+state; streamline:name+city+state,844,MARYMOUNT HOSPITAL,OH,GARFIELD HEIGHTS,Hospital/ Medical Center,5877,360143,,,"Vizient (MS1301), Premier (BT-NS-002)",12300 MCCRACKEN ROAD,2165878210
skipped-duplicate,dowdy:name+city+state; hagarty:name+city+state,845,ADVENTIST HEALTH PORTLAND,OR,PORTLAND,Hospital/ Medical Center,5871,380060,,,"Vizient (MS1301), Premier (BT-NS-002)",10123 SE MARKET STREET,5032572500
skipped-clinic,Urology Clinic,2508,UROLOGY SPECIALISTS OF SANTA BARBARA,CA,SANTA BARBARA,Urology Clinic,5869,,,,"Vizient (MS1301), Premier (BT-NS-002)",504 W Pueblo St Ste 102,8056877719
skipped-duplicate,grosjean:name+city+state; jimmerson:name+city+state; lifesource:name+city+state; zenecare:name+city+state,846,SANTA BARBARA COTTAGE HOSPITAL,CA,SANTA BARBARA,Hospital/ Medical Center,5869,050396,,,Vizient (MS1301),400 WEST PUEBLO,8056827111
skipped-duplicate,klea:name+city+state; streamline:name+city+state,847,LAKE HEALTH,OH,CONCORD,Hospital/ Medical Center,5848,360098,,,Vizient (MS1301),7590 AUBURN ROAD,4409539600
skipped-duplicate,activize:name+city+state; ghanem:name+city+state; streamline:name+city+state,4428,VA PITTSBURGH HEALTHCARE SYSTEM - UNIV DR,PA,PITTSBURGH,VA Medical Center,5837,39012F,,,Marathon Medical (FFS Approval: 36F79718D0321),UNIVERSITY DRIVE,4126886100
skipped-duplicate,activize:name+city+state; ghanem:name+city+state; streamline:name+city+state,848,WELLSPAN CHAMBERSBURG HOSPITAL,PA,CHAMBERSBURG,Hospital/ Medical Center,5837,390151,,,,112 NORTH SEVENTH STREET,7172673000
skipped-clinic,Urology Clinic,2509,UNC UROLOGY AT SMITHFIELD,NC,SMITHFIELD,Urology Clinic,5826,,,,Vizient (MS1301),507 N Brightleaf Blvd Ste 100,9199343022
skipped-duplicate,franklin-mountain-group:name+city+state; greatdane:name+city+state; richards:name+city+state; southern-surgical:name+city+state; tbmedical:name+city+state,849,MORRISTOWN HAMBLEN HOSPITAL ASSOCIATION,TN,MORRISTOWN,Hospital/ Medical Center,5822,440030,,,"Vizient (MS1301), Premier (BT-NS-002)",908 W 4TH NORTH ST,4234926900
skipped-duplicate,steimel:name+city+state,850,THEDACARE REGIONAL MED CTR - NEENAH,WI,NEENAH,Hospital/ Medical Center,5815,520045,,,"Vizient (MS1301), Premier (BT-NS-002)",130 2ND ST,9207293100
skipped-duplicate,grosjean:name+city+state; jimmerson:name+city+state; lifesource:name+city+state; zenecare:name+city+state,851,KAISER FOUNDATION HOSPITAL-SAN JOSE,CA,SAN JOSE,Hospital/ Medical Center,5813,050604,,,Vizient (MS1301),250 HOSPITAL PARKWAY,4089727000
skipped-duplicate,klea:name+city+state; streamline:name+city+state,852,ASHTABULA COUNTY MEDICAL CENTER,OH,ASHTABULA,Hospital/ Medical Center,5804,360125,,,"Vizient (MS1301), Premier (BT-NS-002)",2420 LAKE AVENUE,4409972262
skipped-duplicate,klea:name+city+state; streamline:name+city+state,853,FAIRFIELD MEDICAL CENTER,OH,LANCASTER,Hospital/ Medical Center,5791,360072,,,Vizient (MS1301),401 NORTH EWING STREET,7406878000
skipped-duplicate,intuitek:name+city+state,854,PIEDMONT HENRY HOSPITAL,GA,STOCKBRIDGE,Hospital/ Medical Center,5785,110191,,,Vizient (MS1301),1133 EAGLE'S LANDING PARKWAY,6786041000
skipped-duplicate,a3-biomedical:name+city+state; emina-taylor:name+city+state; expert-medical-sales:name+city+state; lamitina:name+city+state; salmons:name+city+state; southern-surgical:name+city+state; tplconsulting:name+city+state,855,MORTON PLANT NORTH BAY HOSPITAL,FL,NEW PORT RICHEY,Hospital/ Medical Center,5779,100063,,,"Vizient (MS1301), Premier (BT-NS-002)",6600 MADISON STREET,7278428468
skipped-duplicate,acme:name+city+state; sciotex:name+city+state; wood:name+city+state,856,TRINITY HOSPITALS,ND,MINOT,Hospital/ Medical Center,5776,350006,,,Vizient (MS1301),407 3RD ST SE,7018575000
skipped-duplicate,franklin-mountain-group:name+city+state; healthcare-cellutions:name+city+state; ju:name+city+state; martinez:name+city+state; meinnovations:name+city+state; sandia:name+city+state; sisco:name+city+state; streit:name+city+state; uromobile:name+city+state,858,METHODIST MANSFIELD MEDICAL CENTER,TX,MANSFIELD,Hospital/ Medical Center,5773,670023,,,"Vizient (MS1301), Premier (BT-NS-002)",2700 E BROAD STREET,6826222059
skipped-duplicate,franklin-mountain-group:name+city+state; healthcare-cellutions:name+city+state; ju:name+city+state; martinez:name+city+state; meinnovations:name+city+state; sandia:name+city+state; sisco:name+city+state; streit:name+city+state; uromobile:name+city+state,857,PARIS REGIONAL MEDICAL CENTER,TX,PARIS,Hospital/ Medical Center,5773,450196,,,"Vizient (MS1301), Premier (BT-NS-002)",865 DESHONG DR,9037854521
skipped-duplicate,klea:name+city+state; streamline:name+city+state,859,ATRIUM MEDICAL CENTER,OH,FRANKLIN,Hospital/ Medical Center,5761,360076,,,,ONE MEDICAL CENTER DRIVE,5134205102
skipped-duplicate,activize:name+city+state; parkingangels:name+city+state; proactive:name+city+state; streamline:name+city+state; whisner:name+city+state,860,LONG ISLAND COMMUNITY HOSPITAL,NY,PATCHOGUE,Hospital/ Medical Center,5758,330141,,,"Vizient (MS1301), Premier (BT-NS-002)",101 HOSPITAL ROAD,6316547100
skipped-duplicate,activize:name+city+state; parkingangels:name+city+state; proactive:name+city+state; streamline:name+city+state; whisner:name+city+state,861,NYACK HOSPITAL,NY,NYACK,Hospital/ Medical Center,5751,330104,,,,160 NORTH MIDLAND AVENUE,8453482000
skipped-clinic,Urology Clinic,2510,ST CHARLES UROLOGY CLINIC,OR,BEND,Urology Clinic,5743,,,,Vizient (MS1301),2200 Ne Neff Rd Ste 302,5417065876
skipped-clinic,Urology Clinic,2511,COAST UROLOGICAL MEDICAL GROUP,CA,LOS ALAMITOS,Urology Clinic,5736,,,,Vizient (MS1301),3771 Katella Ave Ste 210,5624300581
skipped-clinic,Urology Clinic,2512,BON SECOURS UROLOGY,NY,SUFFERN,Urology Clinic,5734,,,,Vizient (MS1301),257 Lafayette Ave Ste 380,8457773569
skipped-clinic,Urology Clinic,2513,EAST BAY UROLOGY-HEINE JOHN P,CA,FREMONT,Urology Clinic,5733,,,,Vizient (MS1301),1999 Mowry Ave Ste 2m,5107933505
skipped-duplicate,gptsurgical:name+city+state; healthcare-cellutions:name+city+state; martinez:name+city+state,862,SAINT FRANCIS HOSPITAL MUSKOGEE,OK,MUSKOGEE,Hospital/ Medical Center,5731,370025,,,"Vizient (MS1301), Premier (BT-NS-002)",300 ROCKEFELLER DRIVE,9186825501
skipped-duplicate,intuitek:name+city+state,863,PIEDMONT FAYETTE HOSPITAL,GA,FAYETTEVILLE,Hospital/ Medical Center,5721,110215,,,"Vizient (MS1301), Premier (BT-NS-002)",1255 HIGHWAY 54 WEST,7707197000
skipped-clinic,Urology Clinic,2514,GEORGIA UROLOGY PIEDMONT FAYET,GA,FAYETTEVILLE,Urology Clinic,5721,,,,Vizient (MS1301),1267 Hwy 54 W Ste 5200,6782844040
skipped-clinic,Urology Clinic,2515,WSUPG UROLOGY,MI,SOUTHFIELD,Urology Clinic,5688,,,,Vizient (MS1301),26400 W 12 Mile Rd Ste 140,3135773021
skipped-duplicate,chowning:name+city+state; gptsurgical:name+city+state; greatdane:name+city+state; healthcare-cellutions:name+city+state,865,WHITE RIVER MEDICAL CENTER,AR,BATESVILLE,Hospital/ Medical Center,5682,040119,,,"Vizient (MS1301), Premier (BT-NS-002)",1710 HARRISON STREET,8702621200
skipped-duplicate,a3-biomedical:name+city+state; emina-taylor:name+city+state; expert-medical-sales:name+city+state; lamitina:name+city+state; salmons:name+city+state; southern-surgical:name+city+state; tplconsulting:name+city+state,866,WESTSIDE REGIONAL MEDICAL CENTER,FL,PLANTATION,Hospital/ Medical Center,5678,100228,,,"Vizient (MS1301), Premier (BT-NS-002)",8201 W BROWARD BLVD,9544736600
skipped-clinic,Urology Clinic,2516,BALBOA UNITED - CV2,CA,CHULA VISTA,Urology Clinic,5675,,,,Vizient (MS1301),752 Medical Center Ct Ste 302,6194213361
skipped-clinic,Urology Clinic,2517,BSW UROLOGY ASSOCIATES - FORT WORTH,TX,FORT WORTH,Urology Clinic,5674,,,,Vizient (MS1301),1101 6th Ave Ste 110,8173362100
skipped-duplicate,healthcare-cellutions:name+city+state; sisco:name+city+state; southern-surgical:name+city+state,867,ST TAMMANY PARISH HOSPITAL,LA,COVINGTON,Hospital/ Medical Center,5671,190045,,,"Vizient (MS1301), Premier (BT-NS-002)",1202 S TYLER STREET,9858984000
skipped-duplicate,steimel:name+city+state,868,THEDACARE REGIONAL MEDICAL CENTER - APPLETON INC,WI,APPLETON,Hospital/ Medical Center,5670,520160,,,"Vizient (MS1301), Premier (BT-NS-002)",1818 N MEADE ST,9207314101
skipped-clinic,Urology Clinic,2518,ARKANSAS UROLOGY MENS HEALTH,AR,LITTLE ROCK,Urology Clinic,5668,,,,Vizient (MS1301),801 S Bowman Rd Ste 4,5012197000
skipped-duplicate,ghanem:name+city+state,869,JOHNS HOPKINS HOWARD COUNTY MEDICAL CENTER,MD,COLUMBIA,Hospital/ Medical Center,5668,210048,,,"Vizient (MS1301), Premier (BT-NS-002)",5755 CEDAR LANE,4107407890
skipped-duplicate,franklin-mountain-group:name+city+state; healthcare-cellutions:name+city+state; ju:name+city+state; martinez:name+city+state; meinnovations:name+city+state; sandia:name+city+state; sisco:name+city+state; streit:name+city+state; uromobile:name+city+state,870,HCA HOUSTON HEALTHCARE NORTHWEST,TX,HOUSTON,Hospital/ Medical Center,5667,450638,,,"Vizient (MS1301), Premier (BT-NS-002)",710 CYPRESS CREEK PARKWAY,2814401000
skipped-duplicate,a3-biomedical:name+city+state; emina-taylor:name+city+state; expert-medical-sales:name+city+state; lamitina:name+city+state; salmons:name+city+state; southern-surgical:name+city+state; tplconsulting:name+city+state,871,HCA FLORIDA BLAKE HOSPITAL,FL,BRADENTON,Hospital/ Medical Center,5666,100213,,,"Vizient (MS1301), Premier (BT-NS-002)",2020 59TH ST W,9417986110
skipped-clinic,Urology Clinic,2519,CANTON GLICKMAN UROLOGIC KIDNEY INSTITUTE,OH,CANTON,Urology Clinic,5665,,,,Vizient (MS1301),1330 Mercy Dr Nw Ste 510,3304891000
skipped-duplicate,gerrard:name+city+state; intuitek:name+city+state; tbmedical:name+city+state,872,SELF REGIONAL HEALTHCARE,SC,GREENWOOD,Hospital/ Medical Center,5658,420071,,,Vizient (MS1301),1325 SPRING STREET,8642274111
skipped-duplicate,gerrard:name+city+state; intuitek:name+city+state; tbmedical:name+city+state,873,ROPER HOSPITAL,SC,CHARLESTON,Hospital/ Medical Center,5647,420087,,,"Vizient (MS1301), Premier (BT-NS-002)",316 CALHOUN ST,8437242800
skipped-duplicate,intuitek:name+city+state,874,COLQUITT REGIONAL MEDICAL CENTER,GA,MOULTRIE,Hospital/ Medical Center,5634,110105,,,Vizient (MS1301),3131 SOUTH MAIN STREET,2299853420
skipped-duplicate,a3-biomedical:name+city+state; emina-taylor:name+city+state; expert-medical-sales:name+city+state; lamitina:name+city+state; salmons:name+city+state; southern-surgical:name+city+state; tplconsulting:name+city+state,875,UF HEALTH LEESBURG HOSPITAL,FL,LEESBURG,Hospital/ Medical Center,5615,100084,,,"Vizient (MS1301), Premier (BT-NS-002)",600 E DIXIE AVE,3523235762
skipped-clinic,Urology Clinic,2520,MANCHESTER UROLOGY ASSOCIATES PA,NH,MANCHESTER,Urology Clinic,5610,,,,Vizient (MS1301),4 Elliot Way Ste 200,6036699200
skipped-duplicate,a3-biomedical:name+city+state; emina-taylor:name+city+state; expert-medical-sales:name+city+state; lamitina:name+city+state; salmons:name+city+state; southern-surgical:name+city+state; tplconsulting:name+city+state,876,HCA FLORIDA BRANDON HOSPITAL,FL,BRANDON,Hospital/ Medical Center,5609,100243,,,"Vizient (MS1301), Premier (BT-NS-002)",119 OAKFIELD DR,8139160600
skipped-clinic,Urology Clinic,2521,MIDWEST PROSTATE & UROLOGY,IL,CHICAGO,Urology Clinic,5609,,,,Vizient (MS1301),4646 N Marine Dr Ste A5500,7735645009
skipped-duplicate,klea:name+city+state,877,SAINT JOSEPH REGIONAL MEDICAL CENTER,IN,MISHAWAKA,Hospital/ Medical Center,5596,150012,,,"Vizient (MS1301), Premier (BT-NS-002)",5215 HOLY CROSS PKWY,5743355000
skipped-duplicate,chowning:name+city+state; stengel:name+city+state,878,SAINT FRANCIS MEDICAL CENTER,MO,CAPE GIRARDEAU,Hospital/ Medical Center,5593,260183,,,,211 ST FRANCIS DR,5733313000
skipped-duplicate,steimel:name+city+state,879,AURORA MEDICAL CENTER KENOSHA,WI,KENOSHA,Hospital/ Medical Center,5584,520189,,,"Vizient (MS1301), Premier (BT-NS-002)",10400 75TH ST,2629485600
skipped-duplicate,lifesource:name+city+state; zenecare:name+city+state,880,CARSON TAHOE REGIONAL MEDICAL CENTER,NV,CARSON CITY,Hospital/ Medical Center,5577,290019,,,"Vizient (MS1301), Premier (BT-NS-002)",1600 MEDICAL PARKWAY,7754458000
skipped-duplicate,grosjean:name+city+state; jimmerson:name+city+state; lifesource:name+city+state; zenecare:name+city+state,881,PROVIDENCE HOLY CROSS MEDICAL CENTER,CA,MISSION HILLS,Hospital/ Medical Center,5566,050278,,,"Vizient (MS1301), Premier (BT-NS-002)",15031 RINALDI ST,8183658051
skipped-duplicate,franklin-mountain-group:name+city+state; healthcare-cellutions:name+city+state; ju:name+city+state; martinez:name+city+state; meinnovations:name+city+state; sandia:name+city+state; sisco:name+city+state; streit:name+city+state; uromobile:name+city+state,882,TEXAS HEALTH PRESBYTERIAN HOSPITAL PLANO,TX,PLANO,Hospital/ Medical Center,5564,450771,,,"Vizient (MS1301), Premier (BT-NS-002)",6200 W PARKER RD,9729818000
skipped-duplicate,lucier:ccn:070036; noreaster:ccn:070036; parkingangels:ccn:070036; pierro:ccn:070036; signature-medical:ccn:070036; whisner:ccn:070036,883,JOHN DEMPSEY HOSPITAL,CT,FARMINGTON,Hospital/ Medical Center,5557,070036,,,"Vizient (MS1301), Premier (BT-NS-002)",263 FARMINGTON AVE,8606791145
skipped-duplicate,ghanem:name+city+state,884,SENTARA NORTHERN VIRGINIA MEDICAL CENTER,VA,WOODBRIDGE,Hospital/ Medical Center,5556,490113,,,Vizient (MS1301),2300 OPITZ BOULEVARD,7035231000
skipped-clinic,Urology Clinic,2522,PAMF UROLOGY,CA,BURLINGAME,Urology Clinic,5555,,,,"Vizient (MS1301), Premier (BT-NS-002)",1501 Trousdale Dr,9167338800
skipped-duplicate,greatdane:name+city+state; southern-surgical:name+city+state,886,BAPTIST MEMORIAL HOSPITAL DESOTO,MS,SOUTHAVEN,Hospital/ Medical Center,5546,250141,,,Vizient (MS1301),7601 SOUTHCREST PARKWAY,6627724000
skipped-duplicate,klea:name+city+state,885,NORTHWEST HEALTH - PORTER,IN,VALPARAISO,Hospital/ Medical Center,5546,150035,,,Vizient (MS1301),85 EAST US HWY 6,2199838300
skipped-duplicate,a3-biomedical:name+city+state; emina-taylor:name+city+state; expert-medical-sales:name+city+state; lamitina:name+city+state; salmons:name+city+state; southern-surgical:name+city+state; tplconsulting:name+city+state,887,ADVENTHEALTH TAMPA,FL,TAMPA,Hospital/ Medical Center,5539,100173,,,"Vizient (MS1301), Premier (BT-NS-002)",3100 E FLETCHER AVE,8136157200
skipped-duplicate,grosjean:name+city+state; jimmerson:name+city+state; lifesource:name+city+state; zenecare:name+city+state,888,REGIONAL MEDICAL CENTER OF SAN JOSE,CA,SAN JOSE,Hospital/ Medical Center,5533,050125,,,"Vizient (MS1301), Premier (BT-NS-002)",225 N JACKSON AVENUE,4082595000
skipped-duplicate,franklin-mountain-group:name+city+state; healthcare-cellutions:name+city+state; ju:name+city+state; martinez:name+city+state; meinnovations:name+city+state; sandia:name+city+state; sisco:name+city+state; streit:name+city+state; uromobile:name+city+state,890,THE HOSPITALS OF PROVIDENCE - MEMORIAL CAMPUS,TX,EL PASO,Hospital/ Medical Center,5529,450002,,,"Vizient (MS1301), Premier (BT-NS-002)",2001 N OREGON ST,9155776011
skipped-clinic,Urology Clinic,2523,RIO GRANDE UROLOGY,TX,EL PASO,Urology Clinic,5529,,,,Vizient (MS1301),2201 N Stanton St,9155330800
skipped-duplicate,a3-biomedical:name+city+state; emina-taylor:name+city+state; expert-medical-sales:name+city+state; lamitina:name+city+state; salmons:name+city+state; southern-surgical:name+city+state; tplconsulting:name+city+state,889,WELLINGTON REGIONAL MEDICAL CENTER,FL,WELLINGTON,Hospital/ Medical Center,5529,100275,,,"Vizient (MS1301), Premier (BT-NS-002)",10101 FOREST HILL BLVD,5617988500
skipped-clinic,Urology Clinic,2524,MMG-UROLOGY ASSOCIATES,LA,LAKE CHARLES,Urology Clinic,5519,,,,Vizient (MS1301),2770 3rd Ave Ste 240,3374943000
skipped-clinic,Urology Clinic,2525,UNIVERSITY OF TOLEDO PHYS LLC UROLOGY DEPT,OH,TOLEDO,Urology Clinic,5512,,,,Vizient (MS1301),3000 Arlington Ave Dowling Hall 2177,9378851705
skipped-duplicate,activize:name+city+state; parkingangels:name+city+state; proactive:name+city+state; streamline:name+city+state; whisner:name+city+state,891,GLENS FALLS HOSPITAL,NY,GLENS FALLS,Hospital/ Medical Center,5511,330191,,,Vizient (MS1301),100 PARK STREET,5189261000
skipped-clinic,Urology Clinic,2526,UROLOGY ASSOCIATES OF LOUISIANA PADDOCK RICHARD J MD,LA,MARRERO,Urology Clinic,5501,,,,Vizient (MS1301),1111 Medical Center Blvd Ste N311,5043496507
skipped-duplicate,acme:name+city+state; sciotex:name+city+state; steimel:name+city+state; stengel:name+city+state,893,MERCYONE WATERLOO MEDICAL CENTER,IA,WATERLOO,Hospital/ Medical Center,5489,160067,,,,3421 WEST NINTH STREET,3192728000
skipped-duplicate,klea:name+city+state,894,ST MARY MEDICAL CENTER INC,IN,HOBART,Hospital/ Medical Center,5477,150034,,,"Vizient (MS1301), Premier (BT-NS-002)",1500 S LAKE PARK AVE,2199476196
skipped-duplicate,franklin-mountain-group:name+city+state; healthcare-cellutions:name+city+state; ju:name+city+state; martinez:name+city+state; meinnovations:name+city+state; sandia:name+city+state; sisco:name+city+state; streit:name+city+state; uromobile:name+city+state,895,HARLINGEN MEDICAL CENTER,TX,HARLINGEN,Hospital/ Medical Center,5468,450855,,,"Vizient (MS1301), Premier (BT-NS-002)",5501 SOUTH EXPRESSWAY 77,9563651000
skipped-duplicate,klea:name+city+state; streamline:name+city+state,897,PARMA COMMUNITY GENERAL HOSPITAL,OH,PARMA,Hospital/ Medical Center,5458,360041,,,"Vizient (MS1301), Premier (BT-NS-002)",7007 POWERS BOULEVARD,4407433000
skipped-clinic,Urology Clinic,2527,GLYNN UROLOGISTS,GA,BRUNSWICK,Urology Clinic,5456,,,,Vizient (MS1301),2418 Parkwood Dr,9122646362
skipped-duplicate,grosjean:name+city+state; jimmerson:name+city+state; lifesource:name+city+state; zenecare:name+city+state,4432,LOMA LINDA VA MEDICAL CENTER,CA,LOMA LINDA,VA Medical Center,5455,05127F,,,Marathon Medical (FFS Approval: 36F79718D0321),11201 BENTON STREET,9098257084
skipped-duplicate,dennehy:name+city+state; dowdy:name+city+state; hagarty:name+city+state; murray:name+city+state,898,ST JOSEPH HOSPITAL,WA,BELLINGHAM,Hospital/ Medical Center,5452,500030,,,"Vizient (MS1301), Premier (BT-NS-002)",2901 SQUALICUM PARKWAY,3607345400
skipped-duplicate,activize:name+city+state; ghanem:name+city+state; streamline:name+city+state,899,PENN STATE HEALTH ST JOSEPH,PA,READING,Hospital/ Medical Center,5450,390096,,,"Vizient (MS1301), Premier (BT-NS-002)",2500 BERNVILLE ROAD,6103782000
skipped-duplicate,franklin-mountain-group:name+city+state; healthcare-cellutions:name+city+state; ju:name+city+state; martinez:name+city+state; meinnovations:name+city+state; sandia:name+city+state; sisco:name+city+state; streit:name+city+state; uromobile:name+city+state,901,HCA HOUSTON HEALTHCARE SOUTHEAST,TX,PASADENA,Hospital/ Medical Center,5444,450097,,,"Vizient (MS1301), Premier (BT-NS-002)",4000 SPENCER HWY,7133591000
skipped-duplicate,activize:name+city+state; whisner:name+city+state,902,CAPITAL HEALTH REGIONAL MEDICAL CENTER,NJ,TRENTON,Hospital/ Medical Center,5433,310092,,,"Vizient (MS1301), Premier (BT-NS-002)",750 BRUNSWICK AVE,6093946000
skipped-duplicate,franklin-mountain-group:name+city+state; greatdane:name+city+state; richards:name+city+state; southern-surgical:name+city+state; tbmedical:name+city+state,903,TENNOVA HEALTHCARE-CLARKSVILLE,TN,CLARKSVILLE,Hospital/ Medical Center,5404,440035,,,Vizient (MS1301),651 DUNLOP LANE,9315021000
skipped-duplicate,franklin-mountain-group:name+city+state; greatdane:name+city+state; richards:name+city+state; southern-surgical:name+city+state; tbmedical:name+city+state,904,AFFILIATE OF VITRUVIAN HEALTH,TN,CLEVELAND,Hospital/ Medical Center,5404,440185,,,"Vizient (MS1301), Premier (BT-NS-002)",2305 CHAMBLISS AVE NW,4233394100
skipped-duplicate,activize:name+city+state; parkingangels:name+city+state; proactive:name+city+state; streamline:name+city+state; whisner:name+city+state,905,JOHN T MATHER MEMORIAL HOSPITAL  OF PORT JEFFERSON,NY,PORT JEFFERSON,Hospital/ Medical Center,5399,330185,,,Premier (BT-NS-002),75 NORTH COUNTRY ROAD,6314731320
skipped-duplicate,a3-biomedical:name+city+state; emina-taylor:name+city+state; expert-medical-sales:name+city+state; lamitina:name+city+state; salmons:name+city+state; southern-surgical:name+city+state; tplconsulting:name+city+state,906,ADVENTHEALTH WATERMAN,FL,TAVARES,Hospital/ Medical Center,5378,100057,,,"Vizient (MS1301), Premier (BT-NS-002)",1000 WATERMAN WAY,3522533368
skipped-duplicate,zenecare:name+city+state,907,ST JOSEPH'S HOSPITAL,AZ,TUCSON,Hospital/ Medical Center,5375,030011,,,,350 NORTH WILMOT ROAD,5208733000
skipped-duplicate,dowdy:name+city+state; hagarty:name+city+state,908,MCKENZIE-WILLAMETTE MEDICAL CENTER,OR,SPRINGFIELD,Hospital/ Medical Center,5366,380020,,,,1460 G STREET,5417264402
skipped-duplicate,a3-biomedical:name+city+state; emina-taylor:name+city+state; expert-medical-sales:name+city+state; lamitina:name+city+state; salmons:name+city+state; southern-surgical:name+city+state; tplconsulting:name+city+state,909,CENTRAL FLORIDA LAKE MONROE HOSPITAL,FL,SANFORD,Hospital/ Medical Center,5358,100161,,,Vizient (MS1301),1401 W SEMINOLE BLVD,4073214500
skipped-duplicate,a3-biomedical:name+city+state; emina-taylor:name+city+state; expert-medical-sales:name+city+state; lamitina:name+city+state; salmons:name+city+state; southern-surgical:name+city+state; tplconsulting:name+city+state,910,SACRED HEART HOSPITAL,FL,PENSACOLA,Hospital/ Medical Center,5354,100025,,,"Vizient (MS1301), Premier (BT-NS-002)",5151 N 9TH AVE,8504167000
skipped-duplicate,grosjean:name+city+state; jimmerson:name+city+state; lifesource:name+city+state; zenecare:name+city+state,911,MARIAN REGIONAL MEDICAL CENTER,CA,SANTA MARIA,Hospital/ Medical Center,5350,050107,,,"Vizient (MS1301), Premier (BT-NS-002)",1400 E CHURCH ST,8057393100
skipped-duplicate,a3-biomedical:name+city+state; emina-taylor:name+city+state; expert-medical-sales:name+city+state; lamitina:name+city+state; salmons:name+city+state; southern-surgical:name+city+state; tplconsulting:name+city+state,912,ADVENTHEALTH DAYTONA BEACH,FL,DAYTONA BEACH,Hospital/ Medical Center,5347,100068,,,"Vizient (MS1301), Premier (BT-NS-002)",301 MEMORIAL MEDICAL PARKWAY,3862316000
skipped-duplicate,hagarty:name+city+state,913,EASTERN IDAHO REGIONAL MEDICAL CENTER,ID,IDAHO FALLS,Hospital/ Medical Center,5344,130018,,,"Vizient (MS1301), Premier (BT-NS-002)",3100 CHANNING WAY,2085296111
skipped-duplicate,collins:name+city+state,914,MAT-SU REGIONAL MEDICAL CENTER,AK,PALMER,Hospital/ Medical Center,5340,020006,,,"Vizient (MS1301), Premier (BT-NS-002)",2500 SOUTH WOODWORTH LOOP,9078616000
skipped-duplicate,activize:name+city+state; parkingangels:name+city+state; proactive:name+city+state; streamline:name+city+state; whisner:name+city+state,915,SISTERS OF CHARITY HOSPITAL,NY,BUFFALO,Hospital/ Medical Center,5338,330078,,,Premier (BT-NS-002),2157 MAIN STREET,7168621000
skipped-duplicate,whittiker:name+city+state,916,LUTHERAN MEDICAL CENTER,CO,WHEAT RIDGE,Hospital/ Medical Center,5334,060009,,,"Vizient (MS1301), Premier (BT-NS-002)",8300 W 38TH AVE,3034254500
skipped-duplicate,klea:name+city+state; streamline:name+city+state,917,MERCY HEALTH-ANDERSON HOSPITAL,OH,CINCINNATI,Hospital/ Medical Center,5329,360001,,,Premier (BT-NS-002),7500 STATE ROAD,5136244500
skipped-duplicate,grosjean:name+city+state; jimmerson:name+city+state; lifesource:name+city+state; zenecare:name+city+state,918,ST MARY MEDICAL CENTER,CA,LONG BEACH,Hospital/ Medical Center,5328,050191,,,"Vizient (MS1301), Premier (BT-NS-002)",1050 LINDEN AVE,5624919000
skipped-clinic,Urology Clinic,2528,BHCMW - UROLOGY - BATTLE CREEK,MI,BATTLE CREEK,Urology Clinic,5325,,,,Vizient (MS1301),710 North Ave Lowr Level,2692455620
skipped-clinic,Urology Clinic,2529,DR MITCHELL - WILLIAM C MITCHELL MD/PPN,TX,MCKINNEY,Urology Clinic,5307,,,,Vizient (MS1301),4501 Medical Center Dr Ste 100,9725488195
skipped-clinic,Urology Clinic,2530,UROLOGY ASSOCIATES OF SILICON VALLEY,CA,SAN JOSE,Urology Clinic,5295,,,,Vizient (MS1301),2581 Samaritan Dr Ste 200,4083582030
skipped-duplicate,dennehy:name+city+state; dowdy:name+city+state; hagarty:name+city+state; murray:name+city+state,920,ST FRANCIS COMMUNITY HOSPITAL,WA,FEDERAL WAY,Hospital/ Medical Center,5294,500141,,,,34515 9TH AVENUE SOUTH,2539448100
skipped-duplicate,grosjean:name+city+state; jimmerson:name+city+state; lifesource:name+city+state; zenecare:name+city+state,921,PROVIDENCE CEDARS SINAI TARZANA MEDICAL CENTER,CA,TARZANA,Hospital/ Medical Center,5289,050761,,,"Vizient (MS1301), Premier (BT-NS-002)",18321 CLARK STREET,8188810800
skipped-duplicate,gerrard:name+city+state; tbmedical:name+city+state,922,WAKEMED CARY HOSPITAL,NC,CARY,Hospital/ Medical Center,5280,340173,,,"Vizient (MS1301), Premier (BT-NS-002)",1900 KILDARE FARM ROAD,9193502550
skipped-duplicate,grosjean:name+city+state; jimmerson:name+city+state; lifesource:name+city+state; zenecare:name+city+state,923,VALLEY PRESBYTERIAN HOSPITAL,CA,VAN NUYS,Hospital/ Medical Center,5275,050126,,,"Vizient (MS1301), Premier (BT-NS-002)",15107 VANOWEN ST,8187826600
skipped-clinic,Urology Clinic,2531,SOUTH FLORIDA UROLOGY CENTER INC,FL,PEMBROKE PINES,Urology Clinic,5275,,,,Vizient (MS1301),601 N Flamingo Rd Ste 203,9543927770
skipped-duplicate,acme:name+city+state; sciotex:name+city+state; steimel:name+city+state; stengel:name+city+state,924,MERCYONE SIOUXLAND MEDICAL CENTER,IA,SIOUX CITY,Hospital/ Medical Center,5273,160153,,,"Vizient (MS1301), Premier (BT-NS-002)",801 5TH ST,7122792010
skipped-duplicate,intuitek:name+city+state,925,EAST GEORGIA REGIONAL MEDICAL CENTER,GA,STATESBORO,Hospital/ Medical Center,5266,110075,,,Vizient (MS1301),1499 FAIR ROAD,9124861500
skipped-clinic,Urology Clinic,2532,UAS - UROLOGICAL ASSOCIATES OF SAVANNAH,GA,STATESBORO,Urology Clinic,5266,,,,"Vizient (MS1301), Premier (BT-NS-002)",1497 Fair Rd Ste 204,9127904000
skipped-duplicate,chowning:name+city+state; gptsurgical:name+city+state; greatdane:name+city+state; healthcare-cellutions:name+city+state,926,NATIONAL PARK MEDICAL CENTER,AR,HOT SPRINGS,Hospital/ Medical Center,5263,040078,,,"Vizient (MS1301), Premier (BT-NS-002)",1910 MALVERN AVENUE,5013211000
skipped-duplicate,franklin-mountain-group:name+city+state; healthcare-cellutions:name+city+state; ju:name+city+state; martinez:name+city+state; meinnovations:name+city+state; sandia:name+city+state; sisco:name+city+state; streit:name+city+state; uromobile:name+city+state,927,HUNT REGIONAL MEDICAL CENTER,TX,GREENVILLE,Hospital/ Medical Center,5261,450352,,,"Vizient (MS1301), Premier (BT-NS-002)",4215 JOE RAMSEY BLVD E,9034085000
skipped-duplicate,klea:name+city+state; streamline:name+city+state,928,LICKING MEMORIAL HOSPITAL,OH,NEWARK,Hospital/ Medical Center,5260,360218,,,Vizient (MS1301),1320 WEST MAIN STREET,7403484000
skipped-duplicate,chowning:name+city+state,929,ADVOCATE SHERMAN HOSPITAL,IL,ELGIN,Hospital/ Medical Center,5259,140030,,,"Vizient (MS1301), Premier (BT-NS-002)",1425 NORTH RANDALL ROAD,8477429800
skipped-duplicate,a3-biomedical:name+city+state; emina-taylor:name+city+state; expert-medical-sales:name+city+state; lamitina:name+city+state; salmons:name+city+state; southern-surgical:name+city+state; tplconsulting:name+city+state,930,BROWARD HEALTH NORTH,FL,DEERFIELD BEACH,Hospital/ Medical Center,5241,100086,,,"Vizient (MS1301), Premier (BT-NS-002)",201 E SAMPLE RD,9547866400
skipped-duplicate,activize:name+city+state; ghanem:name+city+state; streamline:name+city+state,931,MOUNT NITTANY MEDICAL CENTER,PA,STATE COLLEGE,Hospital/ Medical Center,5239,390268,,,"Vizient (MS1301), Premier (BT-NS-002)",1800 EAST PARK AVE,8142317000
skipped-clinic,Urology Clinic,2533,UROLOGY ASSCOIATES-BRUNO ALBERT,IN,MUNCIE,Urology Clinic,5234,,,,Vizient (MS1301),2525 W University Ave Ste 504,7652897444
skipped-duplicate,greatdane:name+city+state; southern-surgical:name+city+state,933,MERIT HEALTH RIVER REGION,MS,VICKSBURG,Hospital/ Medical Center,5230,250031,,,Vizient (MS1301),2100 HWY 61 N,6018835000
skipped-duplicate,activize:name+city+state; ghanem:name+city+state; streamline:name+city+state,934,WEST PENN HOSPITAL,PA,PITTSBURGH,Hospital/ Medical Center,5227,390090,,,Vizient (MS1301),4800 FRIENDSHIP AVENUE,4125785000
skipped-clinic,Urology Clinic,2534,AHN WEST PENN PLZ- TRIANGLE UROLO-AC,PA,PITTSBURGH,Urology Clinic,5227,,,,Vizient (MS1301),1307 Federal St Ste 300,4122814492
skipped-duplicate,activize:name+city+state; parkingangels:name+city+state; proactive:name+city+state; streamline:name+city+state; whisner:name+city+state,936,SAMARITAN MEDICAL CENTER,NY,WATERTOWN,Hospital/ Medical Center,5225,330157,,,"Vizient (MS1301), Premier (BT-NS-002)",830 WASHINGTON STREET,3157854000
skipped-duplicate,chowning:name+city+state,937,INGALLS MEMORIAL HOSPITAL,IL,HARVEY,Hospital/ Medical Center,5219,140191,,,"Vizient (MS1301), Premier (BT-NS-002)",1 INGALLS DRIVE,7083332300
skipped-clinic,Urology Clinic,2535,KANSAS CITY UROLOGY CARE PA - LIBERTY,MO,LIBERTY,Urology Clinic,5209,,,,Vizient (MS1301),2529 Glenn Hendren Dr Ste 202,8167818324
skipped-duplicate,gerrard:ccn:420091; intuitek:ccn:420091; tbmedical:ccn:420091,2151,MUSC HEALTH FLORENCE REHABILITATION CENTER,SC,FLORENCE,Rehabilitation Hospital,5206,420091,,,Vizient (MS1301),121 E Cedar St,8436742500
skipped-duplicate,klea:name+city+state; streamline:name+city+state,938,RALEIGH GENERAL HOSPITAL,WV,BECKLEY,Hospital/ Medical Center,5204,510070,,,"Vizient (MS1301), Premier (BT-NS-002)",1710 HARPER ROAD,3042564100
skipped-duplicate,activize:name+city+state; parkingangels:name+city+state; proactive:name+city+state; streamline:name+city+state; whisner:name+city+state,939,QUEENS HOSPITAL CENTER,NY,JAMAICA,Hospital/ Medical Center,5196,330231,,,Vizient (MS1301),82-68 164TH STREET,7188833000
skipped-duplicate,franklin-mountain-group:name+city+state; meinnovations:name+city+state; sandia:name+city+state,940,SAN JUAN REGIONAL MEDICAL CENTER INC,NM,FARMINGTON,Hospital/ Medical Center,5192,320005,,,,801 WEST MAPLE STREET,5056092000
skipped-duplicate,activize:name+city+state; whisner:name+city+state,941,JERSEY CITY MEDICAL CENTER,NJ,JERSEY CITY,Hospital/ Medical Center,5191,310074,,,Vizient (MS1301),355 GRAND STREET,2019152000
skipped-clinic,Urology Clinic,2536,MORRIS UROLOGY,NJ,DENVILLE,Urology Clinic,5191,,,,Vizient (MS1301),16 Pocono Rd Ste 205,9736270060
skipped-duplicate,klea:ccn:360364; streamline:ccn:360364,2152,CLEVELAND CLINIC REHABILITATION HOSPITAL - AVON,OH,AVON,Rehabilitation Hospital,5182,360364,,,Vizient (MS1301),33355 Health Campus Blvd,4406955000
skipped-duplicate,healthcare-cellutions:name+city+state; sisco:name+city+state; southern-surgical:name+city+state,942,TERREBONNE GENERAL MEDICAL CENTER - PARISH,LA,HOUMA,Hospital/ Medical Center,5179,190008,,,"Vizient (MS1301), Premier (BT-NS-002)",8166 MAIN STREET,9858734141
skipped-duplicate,gerrard:name+city+state; tbmedical:name+city+state,4433,DURHAM VA MEDICAL CENTER,NC,DURHAM,VA Medical Center,5177,34012F,,,Marathon Medical (FFS Approval: 36F79718D0321),508 FULTON STREET,9192860411
skipped-duplicate,klea:name+city+state; streamline:name+city+state,944,UNIVERSITY HOSPITALS AHUJA MEDICAL CENTER,OH,BEACHWOOD,Hospital/ Medical Center,5174,360359,,,Premier (BT-NS-002),3999 RICHMOND ROAD,2165935511
skipped-duplicate,chowning:name+city+state; stengel:name+city+state,943,PHELPS COUNTY REGIONAL MEDICAL CENTER,MO,ROLLA,Hospital/ Medical Center,5174,260017,,,"Vizient (MS1301), Premier (BT-NS-002)",1000 W 10TH ST,5734588899
skipped-duplicate,ghanem:name+city+state,945,FREDERICK HEALTH HOSPITAL,MD,FREDERICK,Hospital/ Medical Center,5157,210005,,,Premier (BT-NS-002),400 WEST SEVENTH ST,2405663300
skipped-duplicate,chowning:name+city+state; stengel:name+city+state,946,TRUMAN MEDICAL CENTER HOSPITAL HILL,MO,KANSAS CITY,Hospital/ Medical Center,5155,260048,,,"Vizient (MS1301), Premier (BT-NS-002)",2301 HOLMES STREET,8164041000
skipped-duplicate,chowning:name+city+state,947,PALOS COMMUNITY HOSPITAL,IL,PALOS HEIGHTS,Hospital/ Medical Center,5154,140062,,,,12251 SOUTH 80TH AVENUE,7089234000
skipped-duplicate,gerrard:name+city+state; tbmedical:name+city+state,948,ATRIUM HEALTH CLEVELAND,NC,SHELBY,Hospital/ Medical Center,5153,340021,,,"Vizient (MS1301), Premier (BT-NS-002)",201 E GROVER ST,7044873000
skipped-duplicate,a3-biomedical:name+city+state; emina-taylor:name+city+state; expert-medical-sales:name+city+state; lamitina:name+city+state; salmons:name+city+state; southern-surgical:name+city+state; tplconsulting:name+city+state,949,MANATEE MEMORIAL HOSPITAL,FL,BRADENTON,Hospital/ Medical Center,5147,100035,,,"Vizient (MS1301), Premier (BT-NS-002)",206 2ND ST E,9417465111
skipped-duplicate,activize:name+city+state; whisner:name+city+state,950,HOLY NAME MEDICAL CENTER,NJ,TEANECK,Hospital/ Medical Center,5145,310008,,,"Vizient (MS1301), Premier (BT-NS-002)",718 TEANECK RD,2018333000
skipped-duplicate,activize:name+city+state; ghanem:name+city+state; streamline:name+city+state,951,UNIONTOWN HOSPITAL,PA,UNIONTOWN,Hospital/ Medical Center,5142,390041,,,Premier (BT-NS-002),500 WEST BERKELEY STREET,7244305000
skipped-clinic,Urology Clinic,2537,TRICOUNTY UROLOGY ASSOCIATES - UNIONTOWN OFFICE,PA,UNIONTOWN,Urology Clinic,5142,,,,Vizient (MS1301),205 Mary Higginson Ln,7244388765
skipped-duplicate,grosjean:name+city+state; jimmerson:name+city+state; lifesource:name+city+state; zenecare:name+city+state,952,NORTHBAY MEDICAL CENTER,CA,FAIRFIELD,Hospital/ Medical Center,5140,050367,,,"Vizient (MS1301), Premier (BT-NS-002)",1200 B  GALE WILSON BLVD,7076465000
skipped-duplicate,intuitek:name+city+state,953,TIFT REGIONAL MEDICAL CENTER,GA,TIFTON,Hospital/ Medical Center,5138,110095,,,Vizient (MS1301),901 E 18TH STREET,2293827120
skipped-duplicate,collins:name+city+state,954,ALASKA NATIVE MEDICAL CENTER,AK,ANCHORAGE,Hospital/ Medical Center,5137,020026,,,"Vizient (MS1301), Premier (BT-NS-002)",4315 DIPLOMACY DR,9075632662
skipped-duplicate,chowning:name+city+state,955,MENORAH MEDICAL CENTER,KS,OVERLAND PARK,Hospital/ Medical Center,5137,170182,,,Premier (BT-NS-002),5721 WEST 119TH STREET,9134986773
skipped-duplicate,a3-biomedical:name+city+state; emina-taylor:name+city+state; expert-medical-sales:name+city+state; lamitina:name+city+state; salmons:name+city+state; southern-surgical:name+city+state; tplconsulting:name+city+state,956,SOUTH FLORIDA BAPTIST HOSPITAL,FL,PLANT CITY,Hospital/ Medical Center,5111,100132,,,"Vizient (MS1301), Premier (BT-NS-002)",301 N ALEXANDER ST,8137571200
skipped-clinic,Urology Clinic,2538,SSMMG ST MARYS UROLOGY,MO,SAINT LOUIS,Urology Clinic,5092,,,,Vizient (MS1301),6400 Clayton Rd Ste 201,3145778925
skipped-duplicate,franklin-mountain-group:name+city+state; meinnovations:name+city+state; sandia:name+city+state,957,CHRISTUS ST VINCENT REGIONAL MEDICAL CENTER,NM,SANTA FE,Hospital/ Medical Center,5090,320002,,,,455 ST MICHAEL'S DRIVE,5059133361
skipped-duplicate,gerrard:name+city+state; tbmedical:name+city+state,958,FRYE REGIONAL MEDICAL CENTER,NC,HICKORY,Hospital/ Medical Center,5070,340116,,,"Vizient (MS1301), Premier (BT-NS-002)",420 N CENTER ST,8283226070
skipped-duplicate,zenecare:name+city+state,959,ST MARK'S HOSPITAL,UT,SALT LAKE CITY,Hospital/ Medical Center,5065,460047,,,Vizient (MS1301),1200 EAST 3900 SOUTH,8012687111
skipped-duplicate,healthcare-cellutions:name+city+state; sisco:name+city+state; southern-surgical:name+city+state,960,CHRISTUS ST FRANCES CABRINI HOSPITAL,LA,ALEXANDRIA,Hospital/ Medical Center,5061,190019,,,"Vizient (MS1301), Premier (BT-NS-002)",3330 MASONIC DRIVE,3184871122
skipped-duplicate,activize:name+city+state; parkingangels:name+city+state; proactive:name+city+state; streamline:name+city+state; whisner:name+city+state,961,HEALTHALLIANCE HOSPITAL MARYS AVENUE CAMPUS,NY,KINGSTON,Hospital/ Medical Center,5060,330224,,,Vizient (MS1301),105 MARY'S AVENUE,8453382500
skipped-duplicate,greatdane:name+city+state; southern-surgical:name+city+state,962,SOUTH CENTRAL REG MED CTR,MS,LAUREL,Hospital/ Medical Center,5058,250058,,,,1220 JEFFERSON ST BOX 607,6014264000
skipped-duplicate,zenecare:name+city+state,963,MERCY GILBERT MEDICAL CENTER,AZ,GILBERT,Hospital/ Medical Center,5054,030119,,,Premier (BT-NS-002),3555 SOUTH VAL VISTA DRIVE,4807288000
skipped-duplicate,grosjean:name+city+state; jimmerson:name+city+state; lifesource:name+city+state; zenecare:name+city+state,965,CALIFORNIA HOSPITAL MEDICAL CENTER LA,CA,LOS ANGELES,Hospital/ Medical Center,5044,050149,,,Premier (BT-NS-002),1401 SOUTH GRAND AVENUE,2137482411
skipped-clinic,Urology Clinic,2539,SOUTHERN WESTCHESTER UROLOGY LLC,NY,YONKERS,Urology Clinic,5038,,,,Vizient (MS1301),944 N Broadway Ste G6,9143781000
skipped-duplicate,franklin-mountain-group:name+city+state; healthcare-cellutions:name+city+state; ju:name+city+state; martinez:name+city+state; meinnovations:name+city+state; sandia:name+city+state; sisco:name+city+state; streit:name+city+state; uromobile:name+city+state,966,HOUSTON METHODIST CLEAR LAKE HOSPITAL,TX,NASSAU BAY,Hospital/ Medical Center,5024,450709,,,Vizient (MS1301),18300 ST JOHN DRIVE,2813335503
skipped-duplicate,grosjean:name+city+state; jimmerson:name+city+state; lifesource:name+city+state; zenecare:name+city+state,967,PROVIDENCE ST MARY MEDICAL CENTER,CA,APPLE VALLEY,Hospital/ Medical Center,5011,050300,,,"Vizient (MS1301), Premier (BT-NS-002)",18300 HIGHWAY 18,7602422311
skipped-duplicate,klea:ccn:360055; streamline:ccn:360055,968,TRUMBULL REGIONAL MEDICAL CENTER,OH,WARREN,Hospital/ Medical Center,5008,360055,,,,1350 EAST MARKET STREET,3308419011
skipped-clinic,Urology Clinic,2540,UW HEALTH - UROLOGY,WI,MADISON,Urology Clinic,4990,,,,Vizient (MS1301),1 S Park St Fl 2,6082872900
skipped-clinic,Urology Clinic,2541,CENTER FOR UROLOGY AT HOLMDEL,NJ,HOLMDEL,Urology Clinic,4983,,,,Vizient (MS1301),723 N Beers St Ste 1f,7328880809
skipped-duplicate,franklin-mountain-group:name+city+state; greatdane:name+city+state; richards:name+city+state; southern-surgical:name+city+state; tbmedical:name+city+state,969,TRISTAR SUMMIT MEDICAL CENTER,TN,HERMITAGE,Hospital/ Medical Center,4976,440150,,,"Vizient (MS1301), Premier (BT-NS-002)",5655 FRIST BLVD,6153163000
skipped-duplicate,grosjean:name+city+state; jimmerson:name+city+state; lifesource:name+city+state; zenecare:name+city+state,970,COMMUNITY HOSPITAL OF THE MONTEREY PENINSULA,CA,MONTEREY,Hospital/ Medical Center,4953,050145,,,Vizient (MS1301),23625 W R HOLMAN HIGHWAY,8316245311
skipped-duplicate,dennehy:name+city+state; dowdy:name+city+state; hagarty:name+city+state; murray:name+city+state,4434,SEATTLE VA MEDICAL CENTER (VA PUGET SOUND HEALTHCARE SYSTEM),WA,SEATTLE,VA Medical Center,4942,50030F,,,Marathon Medical (FFS Approval: 36F79718D0321),1660 S. COLUMBIAN WAY,2067642299
skipped-clinic,Urology Clinic,2542,MIDWEST SURGICAL SPECIALISTS UROLOGY,OH,LIMA,Urology Clinic,4940,,,,Vizient (MS1301),1005 Bellefontaine Ave Ste 125,4199988276
skipped-duplicate,whittiker:name+city+state,971,CENTURA HEALTH-ST ANTHONY NORTH HEALTH CAMPUS,CO,WESTMINSTER,Hospital/ Medical Center,4939,060104,,,"Vizient (MS1301), Premier (BT-NS-002)",14300 ORCHARD PKWY,7206270000
skipped-duplicate,greatdane:name+city+state; southern-surgical:name+city+state,972,HELEN KELLER HOSPITAL,AL,SHEFFIELD,Hospital/ Medical Center,4930,010019,,,Vizient (MS1301),1300 SOUTH MONTGOMERY AVENUE,2563864556
skipped-duplicate,gerrard:name+city+state; tbmedical:name+city+state,973,UNC HEALTH NASH,NC,ROCKY MOUNT,Hospital/ Medical Center,4921,340147,,,Vizient (MS1301),2460 CURTIS ELLIS DRIVE,2524438000
skipped-duplicate,healthcare-cellutions:name+city+state; sisco:name+city+state; southern-surgical:name+city+state,974,NORTHERN LOUISIANA MEDICAL CENTER,LA,RUSTON,Hospital/ Medical Center,4914,190086,,,Vizient (MS1301),401 EAST VAUGHN AVENUE,3182542100
skipped-duplicate,dennehy:name+city+state; dowdy:name+city+state; hagarty:name+city+state; murray:name+city+state,975,ST ANTHONY HOSPITAL,WA,GIG HARBOR,Hospital/ Medical Center,4912,500151,,,Premier (BT-NS-002),11567 CANTERWOOD BOULEVARD NW,2535302050
skipped-duplicate,zenecare:name+city+state,976,BANNER-UNIVERSITY MEDICAL CENTER SOUTH CAMPUS,AZ,TUCSON,Hospital/ Medical Center,4908,030111,,,"Vizient (MS1301), Premier (BT-NS-002)",2800 EAST AJO WAY,5208742000
skipped-clinic,Urology Clinic,2543,NE URO WARWICK,RI,WARWICK,Urology Clinic,4895,,,,Vizient (MS1301),176 Toll Gate Rd Ste 301,4017392984
skipped-duplicate,klea:name+city+state; streamline:name+city+state,977,SOIN MEDICAL CENTER,OH,BEAVER CREEK,Hospital/ Medical Center,4891,360360,,,,3535 PENTAGON PARK BLVD,9377024000
skipped-duplicate,grosjean:name+city+state; jimmerson:name+city+state; lifesource:name+city+state; zenecare:name+city+state,978,KAISER FOUNDATION HOSPITAL RIVERSIDE,CA,RIVERSIDE,Hospital/ Medical Center,4887,050686,,,Vizient (MS1301),10800 MAGNOLIA AVENUE,9513532000
skipped-duplicate,franklin-mountain-group:name+city+state; greatdane:name+city+state; richards:name+city+state; southern-surgical:name+city+state; tbmedical:name+city+state,979,SAINT FRANCIS BARTLETT MEDICAL CENTER,TN,BARTLETT,Hospital/ Medical Center,4874,440228,,,"Vizient (MS1301), Premier (BT-NS-002)",2986 KATE BOND RD,9018207050
skipped-duplicate,grosjean:name+city+state; jimmerson:name+city+state; lifesource:name+city+state; zenecare:name+city+state,980,KAISER FOUNDATION HOSPITAL - WOODLAND HILLS,CA,WOODLAND HILLS,Hospital/ Medical Center,4872,050677,,,Vizient (MS1301),5601 DE SOTO AVENUE,8187193800
skipped-duplicate,greatdane:name+city+state; southern-surgical:name+city+state,981,ST VINCENT'S EAST,AL,BIRMINGHAM,Hospital/ Medical Center,4871,010011,,,Vizient (MS1301),50 MEDICAL PARK EAST DRIVE,2058383122
skipped-duplicate,gerrard:name+city+state; intuitek:name+city+state; tbmedical:name+city+state,982,CONWAY MEDICAL CENTER,SC,CONWAY,Hospital/ Medical Center,4866,420049,,,"Vizient (MS1301), Premier (BT-NS-002)",300 SINGLETON RIDGE ROAD,8433478037
skipped-duplicate,grosjean:name+city+state; jimmerson:name+city+state; lifesource:name+city+state; zenecare:name+city+state,983,SUTTER SANTA ROSA REGIONAL HOSPITAL,CA,SANTA ROSA,Hospital/ Medical Center,4859,050291,,,Vizient (MS1301),30 MARK WEST SPRINGS ROAD,7075764000
skipped-duplicate,ghanem:name+city+state,985,MEDSTAR GOOD SAMARITAN HOSPITAL,MD,BALTIMORE,Hospital/ Medical Center,4851,210056,,,"Vizient (MS1301), Premier (BT-NS-002)",5601 LOCH RAVEN BOULEVARD,4434443902
skipped-duplicate,dowdy:name+city+state; hagarty:name+city+state,986,GOOD SAMARITAN REGIONAL MEDICAL CENTER,OR,CORVALLIS,Hospital/ Medical Center,4843,380014,,,"Vizient (MS1301), Premier (BT-NS-002)",3600 NW SAMARITAN DRIVE,5417685111
skipped-clinic,Urology Clinic,2544,CH UROLOGY SPECIALISTS,NJ,PENNINGTON,Urology Clinic,4843,,,,Vizient (MS1301),2 Capital Way Ste 407,6093034000
skipped-duplicate,ghanem:name+city+state,987,HOLY CROSS GERMANTOWN HOSPITAL,MD,GERMANTOWN,Hospital/ Medical Center,4839,210065,,,Vizient (MS1301),19801 OBSERVATION DRIVE,3015576020
skipped-duplicate,klea:name+city+state,988,ST CLAIRE REGIONAL MEDICAL CENTER,KY,MOREHEAD,Hospital/ Medical Center,4838,180018,,,"Vizient (MS1301), Premier (BT-NS-002)",222 MEDICAL CIRCLE,6067836500
skipped-duplicate,activize:name+city+state; whisner:name+city+state,989,SHORE MEDICAL CENTER,NJ,SOMERS POINT,Hospital/ Medical Center,4830,310047,,,"Vizient (MS1301), Premier (BT-NS-002)",100 MEDICAL CENTER WAY,6096533500
skipped-clinic,Urology Clinic,2545,UROLOGY CENTER LTD,IL,CHICAGO,Urology Clinic,4830,,,,Vizient (MS1301),6374 N Lincoln Ave Ste 303,7739751600
skipped-duplicate,a3-biomedical:name+city+state; emina-taylor:name+city+state; expert-medical-sales:name+city+state; lamitina:name+city+state; salmons:name+city+state; southern-surgical:name+city+state; tplconsulting:name+city+state,990,BROWARD HEALTH CORAL SPRINGS,FL,CORAL SPRINGS,Hospital/ Medical Center,4820,100276,,,"Vizient (MS1301), Premier (BT-NS-002)",3000 CORAL HILLS DR,9543443121
skipped-duplicate,activize:name+city+state; ghanem:name+city+state; streamline:name+city+state,991,WILKES-BARRE GENERAL HOSPITAL,PA,WILKES-BARRE,Hospital/ Medical Center,4818,390137,,,,575 NORTH RIVER STREET,5708298111
skipped-duplicate,activize:name+city+state; ghanem:name+city+state; streamline:name+city+state,4435,WILKES BARRE VA MEDICAL CENTER,PA,WILKES-BARRE,VA Medical Center,4818,39013F,,,Marathon Medical (FFS Approval: 36F79718D0321),1111 EAST END BOULEVARD,5708243521
skipped-clinic,Urology Clinic,2546,NORTH WOODS UROLOGY,TX,CONROE,Urology Clinic,4814,,,,Vizient (MS1301),506 Medical Center Blvd Ste 320,9365396976
skipped-duplicate,activize:name+city+state; ghanem:name+city+state; streamline:name+city+state,992,MEADVILLE MEDICAL CENTER,PA,MEADVILLE,Hospital/ Medical Center,4808,390113,,,"Vizient (MS1301), Premier (BT-NS-002)",751 LIBERTY STREET,8143335000
skipped-duplicate,acme:name+city+state; sciotex:name+city+state; steimel:name+city+state; stengel:name+city+state,993,MARY GREELEY MEDICAL CENTER,IA,AMES,Hospital/ Medical Center,4788,160030,,,"Vizient (MS1301), Premier (BT-NS-002)",1111 DUFF AVENUE,5152392011
skipped-clinic,Urology Clinic,2547,ABRAHAM STEINBERG MD A/K/A STEINBERG UROLOGICAL PC,IL,AURORA,Urology Clinic,4786,,,,Vizient (MS1301),2020 Ogden Ave Ste 400,6309780080
skipped-duplicate,klea:name+city+state,994,FRANCISCAN HEALTH MICHIGAN CITY,IN,MICHIGAN CITY,Hospital/ Medical Center,4785,150015,,,,3500 FRANCISCAN WAY,2198798511
skipped-clinic,Urology Clinic,2548,COMP UROLOGY -HOWARD KORMAN,MI,GARDEN CITY,Urology Clinic,4784,,,,"Vizient (MS1301), Premier (BT-NS-002)",6255 Inkster Rd Ste 201,7344257230
skipped-clinic,Urology Clinic,2549,UCHLTH-G URO GYN GREELEY 1500 2036B,CO,GREELEY,Urology Clinic,4774,,,,Vizient (MS1301),5881 W 16th St Ste D,3033991211
skipped-duplicate,lucier:name+city+state; noreaster:name+city+state; pierro:name+city+state; signature-medical:name+city+state; whisner:name+city+state,995,SOUTHERN NH MEDICAL CENTER,NH,NASHUA,Hospital/ Medical Center,4771,300020,,,Vizient (MS1301),8 PROSPECT STREET,6035772000
skipped-clinic,Urology Clinic,2550,NEW ENGLAND UROLOGY,NH,NASHUA,Urology Clinic,4771,,,,"Vizient (MS1301), Premier (BT-NS-002)",10 Prospect St Ste 302,6035773190
skipped-duplicate,klea:name+city+state; streamline:name+city+state,996,SOUTH POINTE HOSPITAL,OH,WARRENSVILLE HEIGHTS,Hospital/ Medical Center,4765,360144,,,Vizient (MS1301),20000 HARVARD ROAD,2164916523
skipped-clinic,Urology Clinic,2551,NYPMG BROOKLYN AVE U UROLOGY,NY,BROOKLYN,Urology Clinic,4764,,,,Vizient (MS1301),3041 Avenue U Ste 2,2123052500
skipped-duplicate,activize:name+city+state; parkingangels:name+city+state; proactive:name+city+state; streamline:name+city+state; whisner:name+city+state,997,BROOKLYN HOSPITAL CENTER - DOWNTOWN CAMPUS,NY,BROOKLYN,Hospital/ Medical Center,4764,330056,,,"Vizient (MS1301), Premier (BT-NS-002)",121 DEKALB AVENUE,7182508000
skipped-clinic,Urology Clinic,2552,CALDWELL UROLOGY ASSOCIATES,NC,LENOIR,Urology Clinic,4763,,,,Vizient (MS1301),401 Mulberry St Sw Ste 210,8287576431
skipped-duplicate,dennehy:name+city+state; dowdy:name+city+state; hagarty:name+city+state; murray:name+city+state,998,PROVIDENCE HOLY FAMILY HOSPITAL,WA,SPOKANE,Hospital/ Medical Center,4761,500077,,,Vizient (MS1301),5633 NORTH LIDGERWOOD,5094820111
skipped-duplicate,grosjean:ccn:05031F; jimmerson:ccn:05031F; lifesource:ccn:05031F; zenecare:ccn:05031F,4437,PALO ALTO VA MEDICAL CENTER (VISN 21),CA,PALO ALTO,VA Medical Center,4760,05031F,,,Marathon Medical (FFS Approval: 36F79718D0321),3801 Miranda Avenue,6508583939
skipped-duplicate,activize:name+city+state; parkingangels:name+city+state; proactive:name+city+state; streamline:name+city+state; whisner:name+city+state,999,F F THOMPSON HOSPITAL,NY,CANANDAIGUA,Hospital/ Medical Center,4753,330074,,,"Vizient (MS1301), Premier (BT-NS-002)",350 PARRISH STREET,5853966000
skipped-duplicate,grosjean:name+city+state; jimmerson:name+city+state; lifesource:name+city+state; zenecare:name+city+state,4438,VA LONG BEACH HEALTHCARE SYSTEM,CA,LONG BEACH,VA Medical Center,4738,05027F,,,Marathon Medical (FFS Approval: 36F79718D0321),5901 E. SEVENTH STREET,5628268000
skipped-duplicate,klea:name+city+state,1000,FRANCISCAN HEALTH LAFAYETTE,IN,LAFAYETTE,Hospital/ Medical Center,4735,150109,,,"Vizient (MS1301), Premier (BT-NS-002)",1701 S CREASY LN,7655024334
skipped-duplicate,activize:name+city+state; ghanem:name+city+state; streamline:name+city+state,1002,JEFFERSON EINSTEIN MONTGOMERY HOSPITAL,PA,EAST NORRITON,Hospital/ Medical Center,4733,390329,,,Premier (BT-NS-002),559 WEST GERMANTOWN PIKE,4846621000
skipped-duplicate,ghanem:name+city+state,1001,MEDSTAR UNION MEMORIAL HOSPITAL,MD,BALTIMORE,Hospital/ Medical Center,4733,210024,,,"Vizient (MS1301), Premier (BT-NS-002)",201 EAST UNIVERSITY PARKWAY,4105542227
skipped-clinic,Urology Clinic,2553,TEC UROLOGY JOHNS CREEK,GA,JOHNS CREEK,Urology Clinic,4731,,,,Vizient (MS1301),6300 Hospital Pkwy Ste 145,4046867248
skipped-duplicate,intuitek:name+city+state,1003,EMORY JOHNS CREEK HOSPITAL,GA,JOHNS CREEK,Hospital/ Medical Center,4731,110230,,,Vizient (MS1301),6325 HOSPITAL PARKWAY,6784747000
skipped-duplicate,acme:name+city+state; sciotex:name+city+state; steimel:name+city+state,1004,M HEALTH FAIRVIEW RIDGES HOSPITAL,MN,BURNSVILLE,Hospital/ Medical Center,4726,240207,,,,201 EAST NICOLLET BOULEVARD,9528922000
skipped-clinic,Urology Clinic,2554,UROLOGY CLINIC OF LUFKIN PA,TX,LUFKIN,Urology Clinic,4708,,,,Vizient (MS1301),1111 W Frank St Ste 201,9366396335
skipped-duplicate,grosjean:name+city+state; jimmerson:name+city+state; lifesource:name+city+state; zenecare:name+city+state,1007,ST JOHNS REGIONAL MEDICAL CENTER,CA,OXNARD,Hospital/ Medical Center,4705,050082,,,"Vizient (MS1301), Premier (BT-NS-002)",1600 N ROSE AVE,8059882500
skipped-duplicate,steimel:name+city+state,1008,MERCY HEALTH SYSTEM CORP,WI,JANESVILLE,Hospital/ Medical Center,4703,520066,,,"Vizient (MS1301), Premier (BT-NS-002)",1000 MINERAL POINT AVE,6087566161
skipped-clinic,Urology Clinic,2555,UCLA- NORTHRIDGE UROLOGY,CA,NORTHRIDGE,Urology Clinic,4676,,,,Vizient (MS1301),18350 Roscoe Blvd Ste 604,8188858500
skipped-duplicate,activize:ccn:330264; parkingangels:ccn:330264; proactive:ccn:330264; streamline:ccn:330264; whisner:ccn:330264,1009,ST LUKE'S CORNWALL HOSPITAL,NY,NEWBURGH,Hospital/ Medical Center,4675,330264,,,"Vizient (MS1301), Premier (BT-NS-002)",70 DUBOIS STREET,8455614400
skipped-duplicate,grosjean:name+city+state; jimmerson:name+city+state; lifesource:name+city+state; zenecare:name+city+state,1012,KAISER FOUNDATION HOSPITAL-SANTA ROSA,CA,SANTA ROSA,Hospital/ Medical Center,4651,050690,,,"Vizient (MS1301), Premier (BT-NS-002)",401 BICENTENNIAL WAY,7075714000
skipped-duplicate,franklin-mountain-group:name+city+state; healthcare-cellutions:name+city+state; ju:name+city+state; martinez:name+city+state; meinnovations:name+city+state; sandia:name+city+state; sisco:name+city+state; streit:name+city+state; uromobile:name+city+state,1013,BAYLOR SCOTT & WHITE MEDICAL CENTER PLANO,TX,PLANO,Hospital/ Medical Center,4650,450890,,,Vizient (MS1301),4700 ALLIANCE BOULEVARD,4698142000
skipped-duplicate,activize:ccn:390211; ghanem:ccn:390211; streamline:ccn:390211,1014,SHARON REGIONAL HEALTH SYSTEM,PA,SHARON,Hospital/ Medical Center,4648,390211,,,Vizient (MS1301),740 EAST STATE STREET,7249833911
skipped-clinic,Urology Clinic,2556,SYLORA MD HERME O,IL,EVERGREEN PARK,Urology Clinic,4648,,,,Vizient (MS1301),2850 W 95th St Ste 302,7084222242
skipped-clinic,Urology Clinic,2557,NORTHERN MICHIGAN UROLOGY,MI,PETOSKEY,Urology Clinic,4647,,,,Vizient (MS1301),560 W Mitchell St Ste 125,2314872270
skipped-clinic,Urology Clinic,2558,LAS VEGAS UROLOGY,NV,LAS VEGAS,Urology Clinic,4644,,,,Vizient (MS1301),7150 W Sunset Rd Ste 202b,3306038898
skipped-duplicate,lifesource:name+city+state; zenecare:name+city+state,1016,SOUTHERN HILLS HOSPITAL AND MEDICAL CENTER,NV,LAS VEGAS,Hospital/ Medical Center,4644,290047,,,"Vizient (MS1301), Premier (BT-NS-002)",9300 WEST SUNSET RD,7028802100
skipped-duplicate,ghanem:name+city+state,1017,INOVA LOUDOUN HOSPITAL,VA,LEESBURG,Hospital/ Medical Center,4632,490043,,,"Vizient (MS1301), Premier (BT-NS-002)",44045 RIVERSIDE PARKWAY,7038586600
skipped-duplicate,ghanem:name+city+state,1018,MEDSTAR MONTGOMERY MEDICAL CENTER,MD,OLNEY,Hospital/ Medical Center,4628,210018,,,"Vizient (MS1301), Premier (BT-NS-002)",18101 PRINCE PHILIP DRIVE,3017748771
skipped-clinic,Urology Clinic,2559,UROLOGY CLINICS OF NORTH TX,TX,GRAPEVINE,Urology Clinic,4625,,,,"Vizient (MS1301), Premier (BT-NS-002)",1600 W College St Ste 140,8173106644
skipped-duplicate,klea:name+city+state; streamline:name+city+state,1019,MARION GENERAL HOSPITAL,OH,MARION,Hospital/ Medical Center,4622,360011,,,Vizient (MS1301),1000 MCKINLEY PARK DRIVE,7403838400
skipped-clinic,Urology Clinic,2560,CENTRAL OHIO UROLOGY GROUP - MARION,OH,MARION,Urology Clinic,4622,,,,Vizient (MS1301),1069 Delaware Ave Ste 205,6143962684
skipped-duplicate,klea:name+city+state,1020,ELKHART GENERAL HOSPITAL,IN,ELKHART,Hospital/ Medical Center,4621,150018,,,Vizient (MS1301),600 E BLVD,5742942621
skipped-duplicate,grosjean:name+city+state; jimmerson:name+city+state; lifesource:name+city+state; zenecare:name+city+state,1022,MEMORIALCARE SADDLEBACK MEDICAL CENTER,CA,LAGUNA HILLS,Hospital/ Medical Center,4596,050603,,,"Vizient (MS1301), Premier (BT-NS-002)",24451 HEALTH CENTER DRIVE,9498374500
skipped-duplicate,greatdane:name+city+state; southern-surgical:name+city+state,1023,SOUTHWEST MS REGIONAL MEDICAL CENTER,MS,MCCOMB,Hospital/ Medical Center,4592,250097,,,"Vizient (MS1301), Premier (BT-NS-002)",215 MARION AV BOX 1307,6012495500
skipped-clinic,Urology Clinic,2561,MON HEALTH UROLOGY,WV,MORGANTOWN,Urology Clinic,4582,,,,Vizient (MS1301),1000 J D Anderson Dr Ste 400,3045981888
skipped-duplicate,activize:name+city+state; parkingangels:name+city+state; proactive:name+city+state; streamline:name+city+state; whisner:name+city+state,1024,ST BARNABAS HOSPITAL,NY,BRONX,Hospital/ Medical Center,4578,330399,,,"Vizient (MS1301), Premier (BT-NS-002)",4422 THIRD AVENUE,2129609000
skipped-duplicate,activize:name+city+state; parkingangels:name+city+state; proactive:name+city+state; streamline:name+city+state; whisner:name+city+state,1025,PLAINVIEW HOSPITAL,NY,PLAINVIEW,Hospital/ Medical Center,4570,330331,,,"Vizient (MS1301), Premier (BT-NS-002)",888 OLD COUNTRY ROAD,5167193000
skipped-duplicate,activize:name+city+state; parkingangels:name+city+state; proactive:name+city+state; streamline:name+city+state; whisner:name+city+state,1027,HARLEM HOSPITAL CENTER,NY,NEW YORK,Hospital/ Medical Center,4567,330240,,,Vizient (MS1301),506 LENOX AVENUE,2129391000
skipped-duplicate,lucier:name+city+state; noreaster:name+city+state; parkingangels:name+city+state; pierro:name+city+state; signature-medical:name+city+state; whisner:name+city+state,1026,WATERBURY HOSPITAL,CT,WATERBURY,Hospital/ Medical Center,4567,070005,,,"Vizient (MS1301), Premier (BT-NS-002)",64 ROBBINS ST,2035736000
skipped-duplicate,dowdy:name+city+state; hagarty:name+city+state,1028,BAY AREA HOSPITAL,OR,COOS BAY,Hospital/ Medical Center,4564,380090,,,"Vizient (MS1301), Premier (BT-NS-002)",1775 THOMPSON ROAD,5412698111
skipped-duplicate,activize:name+city+state; whisner:name+city+state,1029,CHILTON MEDICAL CENTER,NJ,POMPTON PLAINS,Hospital/ Medical Center,4551,310017,,,"Vizient (MS1301), Premier (BT-NS-002)",97 WEST PARKWAY,9738315000
skipped-duplicate,ghanem:name+city+state,1030,ADVENTIST HEALTHCARE WHITE OAK MEDICAL CENTER,MD,SILVER SPRING,Hospital/ Medical Center,4548,210016,,,"Vizient (MS1301), Premier (BT-NS-002)",11890 HEALING WAY,2406374000
skipped-clinic,Urology Clinic,2562,ADVANCED UROLOGY - SKY RIDGE,CO,LONE TREE,Urology Clinic,4525,,,,Vizient (MS1301),10103 Ridge Gate Pkwy Ste 121,3036956106
skipped-duplicate,a3-biomedical:name+city+state; emina-taylor:name+city+state; expert-medical-sales:name+city+state; lamitina:name+city+state; salmons:name+city+state; southern-surgical:name+city+state; tplconsulting:name+city+state,1031,HCA FLORIDA NORTHSIDE HOSPITAL,FL,SAINT PETERSBURG,Hospital/ Medical Center,4517,100238,,,"Vizient (MS1301), Premier (BT-NS-002)",6000 49TH ST N,7275215121
skipped-duplicate,intuitek:name+city+state,1032,WELLSTAR DOUGLAS MEDICAL CENTER,GA,DOUGLASVILLE,Hospital/ Medical Center,4505,110184,,,"Vizient (MS1301), Premier (BT-NS-002)",8954 HOSPITAL DRIVE,7709491500
skipped-clinic,Urology Clinic,2564,WELLSTAR UROLOGY - DOUGLASVILLE,GA,DOUGLASVILLE,Urology Clinic,4505,,,,Vizient (MS1301),4904 Timber Ridge Dr Ste 202,4709563650
skipped-clinic,Urology Clinic,2563,FIRST UROLOGY NEW ALBANY A,IN,NEW ALBANY,Urology Clinic,4505,,,,Vizient (MS1301),1919 State St Ste 205,8129447701
skipped-duplicate,grosjean:name+city+state; jimmerson:name+city+state; lifesource:name+city+state; zenecare:name+city+state,1033,SAN GABRIEL VALLEY MEDICAL CENTER,CA,SAN GABRIEL,Hospital/ Medical Center,4488,050132,,,Vizient (MS1301),438 W LAS TUNAS DRIVE,6262895454
skipped-clinic,Urology Clinic,2565,SPOKANE UROLOGY VALLEY CLINIC,WA,SPOKANE VALLEY,Urology Clinic,4487,,,,Vizient (MS1301),12525 E Mission Ave Ste 202,5097473147
skipped-duplicate,hagarty:name+city+state,1034,PORTNEUF MEDICAL CENTER,ID,POCATELLO,Hospital/ Medical Center,4484,130028,,,"Vizient (MS1301), Premier (BT-NS-002)",777 HOSPITAL WAY,2082391000
skipped-duplicate,intuitek:name+city+state,1035,FAIRVIEW PARK HOSPITAL,GA,DUBLIN,Hospital/ Medical Center,4473,110125,,,,200 INDUSTRIAL BOULEVARD,4782743100
skipped-duplicate,grosjean:name+city+state; jimmerson:name+city+state; lifesource:name+city+state; zenecare:name+city+state,1036,SANTA MONICA - UCLA MED CTR & ORTHOPAEDIC HOSPITAL,CA,SANTA MONICA,Hospital/ Medical Center,4472,050112,,,Vizient (MS1301),1250 16TH STREET,3103194000
skipped-clinic,Urology Clinic,2566,UCLA SOM UROLOGY SANTA MONICA,CA,SANTA MONICA,Urology Clinic,4472,,,,"Vizient (MS1301), Premier (BT-NS-002)",1260 15th St Ste 1200,3107947700
skipped-duplicate,gerrard:name+city+state; tbmedical:name+city+state,1037,NOVANT HEALTH MATTHEWS MEDICAL CENTER,NC,MATTHEWS,Hospital/ Medical Center,4470,340171,,,Vizient (MS1301),1500 MATTHEWS TWNSHP PRKWY BOX 3310,7043846500
skipped-duplicate,grosjean:name+city+state; jimmerson:name+city+state; lifesource:name+city+state; zenecare:name+city+state,1038,ADVENTIST HEALTH HANFORD,CA,HANFORD,Hospital/ Medical Center,4462,050121,,,"Vizient (MS1301), Premier (BT-NS-002)",115 MALL DRIVE,5595829000
skipped-duplicate,activize:name+city+state; parkingangels:name+city+state; proactive:name+city+state; streamline:name+city+state; whisner:name+city+state,1039,FLUSHING HOSPITAL MEDICAL CENTER,NY,FLUSHING,Hospital/ Medical Center,4457,330193,,,"Vizient (MS1301), Premier (BT-NS-002)",45TH AVENUE AND PARSONS BOULEVARD,7186705000
skipped-duplicate,lucier:name+city+state; noreaster:name+city+state; parkingangels:name+city+state; pierro:name+city+state; signature-medical:name+city+state; whisner:name+city+state,1040,STAMFORD HOSPITAL,CT,STAMFORD,Hospital/ Medical Center,4456,070006,,,Vizient (MS1301),ONE HOSPITAL PLAZA,2032761000
skipped-duplicate,activize:name+city+state; ghanem:name+city+state; streamline:name+city+state,1041,MAGEE WOMENS HOSPITAL OF UPMC HEALTH SYSTEM,PA,PITTSBURGH,Hospital/ Medical Center,4453,390114,,,Premier (BT-NS-002),300 HALKET STREET,4126414010
skipped-duplicate,grosjean:name+city+state; jimmerson:name+city+state; lifesource:name+city+state; zenecare:name+city+state,1042,DESERT VALLEY HOSPITAL,CA,VICTORVILLE,Hospital/ Medical Center,4448,050709,,,"Vizient (MS1301), Premier (BT-NS-002)",16850 BEAR VALLEY RD,7602418000
skipped-duplicate,grosjean:name+city+state; jimmerson:name+city+state; lifesource:name+city+state; zenecare:name+city+state,1043,SCRIPPS MEMORIAL HOSPITAL - ENCINITAS,CA,ENCINITAS,Hospital/ Medical Center,4446,050503,,,Vizient (MS1301),354 SANTA FE DRIVE,7607536501
skipped-clinic,Urology Clinic,2567,UROLOGY ASSOCIATES OF DECATUR,IL,DECATUR,Urology Clinic,4443,,,,Vizient (MS1301),302 W Hay St Ste 200,2178768121
skipped-duplicate,whittiker:name+city+state,1044,GOOD SAMARITAN MEDICAL CENTER LLC,CO,LAFAYETTE,Hospital/ Medical Center,4435,060116,,,"Vizient (MS1301), Premier (BT-NS-002)",200 EXEMPLA CIR,3036894000
skipped-clinic,Urology Clinic,2568,LRMG - LAKE REGIONAL UROLOGY,MO,OSAGE BEACH,Urology Clinic,4432,,,,Vizient (MS1301),1029 Nichols Rd Ste 401,5733488000
skipped-duplicate,intuitek:name+city+state,1045,PIEDMONT NEWNAN HOSPITAL INC,GA,NEWNAN,Hospital/ Medical Center,4426,110229,,,"Vizient (MS1301), Premier (BT-NS-002)",745 POPLAR ROAD,7704002300
skipped-clinic,Urology Clinic,2569,PIEDMONT PHYSICIAN UROLOGY - CAVENDER STREET,GA,NEWNAN,Urology Clinic,4426,,,,Vizient (MS1301),775 Poplar Rd Ste 160,7704004630
skipped-clinic,Urology Clinic,2570,BLUE RIDGE - UROLOGY - MORGANTON,NC,MORGANTON,Urology Clinic,4420,,,,Vizient (MS1301),2209 S Sterling St Ste 440,8285804334
skipped-duplicate,acme:name+city+state; sciotex:name+city+state; steimel:name+city+state,1046,MAYO CLINIC HEALTH SYSTEM - MANKATO,MN,MANKATO,Hospital/ Medical Center,4417,240093,,,"Vizient (MS1301), Premier (BT-NS-002)",1025 MARSH STREET,5076254031
skipped-duplicate,grosjean:name+city+state; jimmerson:name+city+state; lifesource:name+city+state; zenecare:name+city+state,1047,WEST ANAHEIM MEDICAL CENTER,CA,ANAHEIM,Hospital/ Medical Center,4402,050426,,,Vizient (MS1301),3033 W ORANGE AVENUE,7148273000
skipped-duplicate,lucier:name+city+state; noreaster:name+city+state; parkingangels:name+city+state; pierro:name+city+state; signature-medical:name+city+state; whisner:name+city+state,1048,MILFORD REGIONAL MEDICAL CENTER,MA,MILFORD,Hospital/ Medical Center,4401,220090,,,"Vizient (MS1301), Premier (BT-NS-002)",14 PROSPECT STREET,5084731190
skipped-duplicate,franklin-mountain-group:name+city+state; healthcare-cellutions:name+city+state; ju:name+city+state; martinez:name+city+state; meinnovations:name+city+state; sandia:name+city+state; sisco:name+city+state; streit:name+city+state; uromobile:name+city+state,1049,DE TAR HOSPITAL NAVARRO,TX,VICTORIA,Hospital/ Medical Center,4400,450147,,,"Vizient (MS1301), Premier (BT-NS-002)",506 E SAN ANTONIO ST,3615757441
skipped-duplicate,activize:name+city+state; parkingangels:name+city+state; proactive:name+city+state; streamline:name+city+state; whisner:name+city+state,1050,COLUMBIA MEMORIAL HOSPITAL,NY,HUDSON,Hospital/ Medical Center,4390,330094,,,Vizient (MS1301),71 PROSPECT AVENUE,5188287601
skipped-duplicate,lucier:name+city+state; noreaster:name+city+state; parkingangels:name+city+state; pierro:name+city+state; signature-medical:name+city+state; whisner:name+city+state,1051,SAINT ANNE'S HOSPITAL,MA,FALL RIVER,Hospital/ Medical Center,4389,220020,,,Vizient (MS1301),795 MIDDLE STREET,5086745600
skipped-duplicate,lucier:name+city+state; noreaster:name+city+state; parkingangels:name+city+state; pierro:name+city+state; signature-medical:name+city+state; whisner:name+city+state,1052,GREENWICH HOSPITAL ASSOCIATION -,CT,GREENWICH,Hospital/ Medical Center,4388,070018,,,"Vizient (MS1301), Premier (BT-NS-002)",5 PERRYRIDGE RD,2038633000
skipped-duplicate,klea:name+city+state; streamline:name+city+state,1053,TRINITY MEDICAL CTR EAST &TRINITY MEDICAL CTR WEST,OH,STEUBENVILLE,Hospital/ Medical Center,4376,360211,,,"Vizient (MS1301), Premier (BT-NS-002)",380 SUMMIT AVENUE,7402647212
skipped-clinic,Urology Clinic,2571,KHORSANDI DO MOEZ,CA,LOS ANGELES,Urology Clinic,4370,,,,Vizient (MS1301),1245 Wilshire Blvd Ste 408,2134822910
skipped-duplicate,activize:name+city+state; parkingangels:name+city+state; proactive:name+city+state; streamline:name+city+state; whisner:name+city+state,1054,AUBURN  COMMUNITY  HOSPITAL,NY,AUBURN,Hospital/ Medical Center,4368,330235,,,"Vizient (MS1301), Premier (BT-NS-002)",17 LANSING STREET,3152557011
skipped-duplicate,collins:name+city+state,1055,ALASKA REGIONAL HOSPITAL,AK,ANCHORAGE,Hospital/ Medical Center,4357,020017,,,Vizient (MS1301),2801 DEBARR ROAD,9072761131
skipped-duplicate,lucier:name+city+state; noreaster:name+city+state; pierro:name+city+state; signature-medical:name+city+state; whisner:name+city+state,1056,CATHOLIC MEDICAL CENTER,NH,MANCHESTER,Hospital/ Medical Center,4351,300034,,,"Vizient (MS1301), Premier (BT-NS-002)",100 MCGREGOR STREET,6036683545
skipped-duplicate,lucier:name+city+state; noreaster:name+city+state; parkingangels:name+city+state; pierro:name+city+state; signature-medical:name+city+state; whisner:name+city+state,1057,SAINT MARY'S HOSPITAL,CT,WATERBURY,Hospital/ Medical Center,4344,070016,,,"Vizient (MS1301), Premier (BT-NS-002)",56 FRANKLIN STREET,2037096020
skipped-duplicate,grosjean:campus; jimmerson:campus; lifesource:campus; zenecare:campus,4440,WEST LOS ANGELES VA MEDICAL CENTER (VISN 22),CA,LOS ANGELES,VA Medical Center,4324,,,,Marathon Medical (FFS Approval: 36F79718D0321),11301 Wilshire Boulevard,3104783711
skipped-duplicate,activize:name+city+state; parkingangels:name+city+state; proactive:name+city+state; streamline:name+city+state; whisner:name+city+state,1059,PECONIC BAY MEDICAL CENTER,NY,RIVERHEAD,Hospital/ Medical Center,4323,330107,,,"Vizient (MS1301), Premier (BT-NS-002)",1 HEROS WAY,6315486000
skipped-duplicate,ghanem:name+city+state,1060,SENTARA RMH MEDICAL CENTER,VA,HARRISONBURG,Hospital/ Medical Center,4320,490004,,,Vizient (MS1301),2010 HEALTH CAMPUS DRIVE,5406891000
skipped-duplicate,grosjean:name+city+state; jimmerson:name+city+state; lifesource:name+city+state; zenecare:name+city+state,1061,PROVIDENCE ST JOSEPH HOSPITAL,CA,EUREKA,Hospital/ Medical Center,4317,050006,,,Vizient (MS1301),2700 DOLBEER ST,7074458121
skipped-duplicate,klea:name+city+state,1062,COMMUNITY HOSPITAL OF ANDERSON AND MADISON COUNTY,IN,ANDERSON,Hospital/ Medical Center,4314,150113,,,"Vizient (MS1301), Premier (BT-NS-002)",1515 N MADISON AVE,7652984242
skipped-duplicate,chowning:name+city+state,1063,WEST SUBURBAN MEDICAL CENTER,IL,OAK PARK,Hospital/ Medical Center,4313,140049,,,"Vizient (MS1301), Premier (BT-NS-002)",3 ERIE COURT,7083836200
skipped-clinic,Urology Clinic,2572,MIDDLESEX UROLOGY PC,CT,MIDDLETOWN,Urology Clinic,4305,,,,"Vizient (MS1301), Premier (BT-NS-002)",520 Saybrook Rd Ste S100b,8603478850
skipped-duplicate,lucier:name+city+state; noreaster:name+city+state; parkingangels:name+city+state; pierro:name+city+state; signature-medical:name+city+state; whisner:name+city+state,1064,MIDDLESEX HOSPITAL,CT,MIDDLETOWN,Hospital/ Medical Center,4305,070020,,,"Vizient (MS1301), Premier (BT-NS-002)",28 CRESCENT ST,8603446000
skipped-duplicate,klea:name+city+state; streamline:name+city+state,1065,LOGAN REGIONAL MEDICAL CENTER,WV,LOGAN,Hospital/ Medical Center,4305,510048,,,"Vizient (MS1301), Premier (BT-NS-002)",20 HOSPITAL DRIVE,3048311101
skipped-clinic,Urology Clinic,2573,UROPARTNERS MIDWEST UROLOGY ASSOCIATES,IL,MELROSE PARK,Urology Clinic,4301,,,,Vizient (MS1301),501 W North Ave Ste 201,7084505055
skipped-duplicate,chowning:name+city+state; gptsurgical:name+city+state; greatdane:name+city+state; healthcare-cellutions:name+city+state,1066,NORTHWEST MEDICAL CENTER-SPRINGDALE,AR,SPRINGDALE,Hospital/ Medical Center,4296,040022,,,,609 WEST MAPLE AVENUE,4797515711
skipped-duplicate,acme:name+city+state; sciotex:name+city+state; wood:name+city+state,1067,BRYAN MEDICAL CENTER,NE,LINCOLN,Hospital/ Medical Center,4293,280003,,,"Vizient (MS1301), Premier (BT-NS-002)",1600 SOUTH 48TH ST,4024811111
skipped-duplicate,franklin-mountain-group:campus; greatdane:campus; richards:campus; southern-surgical:campus; tbmedical:campus,4441,LT COL LUKE WEATHERS JR VA MEDICAL CENTER (MEMPHIS) (VISN 9),TN,MEMPHIS,VA Medical Center,4289,,,,Marathon Medical (FFS Approval: 36F79718D0321),116 North Pauline Street,9015777200
skipped-duplicate,grosjean:name+city+state; jimmerson:name+city+state; lifesource:name+city+state; zenecare:name+city+state,1068,TEMECULA VALLEY HOSPITAL,CA,TEMECULA,Hospital/ Medical Center,4287,050775,,,"Vizient (MS1301), Premier (BT-NS-002)",31700 TEMECULA PKWY,9513312200
skipped-duplicate,activize:name+city+state; whisner:name+city+state,1069,RARITAN BAY MEDICAL CENTER,NJ,PERTH AMBOY,Hospital/ Medical Center,4282,310039,,,"Vizient (MS1301), Premier (BT-NS-002)",530 NEW BRUNSWICK AVE,7323245000
skipped-duplicate,hagarty:name+city+state,1070,ST LUKES MAGIC VALLEY MEDICAL CENTER,ID,TWIN FALLS,Hospital/ Medical Center,4279,130002,,,,801 POLE LINE ROAD WEST,2088141000
skipped-duplicate,greatdane:name+city+state; southern-surgical:name+city+state,1071,SPRINGHILL MEDICAL CENTER,AL,MOBILE,Hospital/ Medical Center,4274,010144,,,"Vizient (MS1301), Premier (BT-NS-002)",3719 DAUPHIN STREET,2514605220
skipped-clinic,Urology Clinic,2574,UROLOGY ASSOCIATES NRV,VA,CHRISTIANSBURG,Urology Clinic,4274,,,,Vizient (MS1301),2900 Lam Cir 380,5406390002
skipped-duplicate,hagarty:name+city+state,1072,SAINT ALPHONSUS MEDICAL CENTER - NAMPA,ID,NAMPA,Hospital/ Medical Center,4273,130013,,,"Vizient (MS1301), Premier (BT-NS-002)",4300 E FLAMINGO AVE,2084635000
skipped-duplicate,ghanem:name+city+state,1073,ATLANTIC GENERAL HOSPITAL,MD,BERLIN,Hospital/ Medical Center,4267,210061,,,"Vizient (MS1301), Premier (BT-NS-002)",9733 HEALTHWAY DRIVE,4106411100
skipped-duplicate,franklin-mountain-group:campus; healthcare-cellutions:campus; ju:campus; martinez:campus; meinnovations:campus; sandia:campus; sisco:campus; streit:campus; uromobile:campus,2159,LAREDO SPECIALITY HOSPITAL,TX,LAREDO,Rehabilitation Hospital,4251,,,,Vizient (MS1301),2005 E Bustamante St,9565232000
skipped-clinic,Urology Clinic,2575,BHMA UROLOGY ABINGDON,VA,ABINGDON,Urology Clinic,4247,,,,Vizient (MS1301),16000 Johnston Memorial Dr Ste 300,4234316708
skipped-duplicate,lucier:name+city+state; noreaster:name+city+state; parkingangels:name+city+state; pierro:name+city+state; signature-medical:name+city+state; whisner:name+city+state,1074,MIDSTATE MEDICAL CENTER,CT,MERIDEN,Hospital/ Medical Center,4245,070017,,,Premier (BT-NS-002),435 LEWIS AVENUE,2036948200
skipped-duplicate,a3-biomedical:name+city+state; emina-taylor:name+city+state; expert-medical-sales:name+city+state; lamitina:name+city+state; salmons:name+city+state; southern-surgical:name+city+state; tplconsulting:name+city+state,1075,ADVENTHEALTH FISH MEMORIAL,FL,ORANGE CITY,Hospital/ Medical Center,4243,100072,,,Premier (BT-NS-002),1055 SAXON BLVD,3869175000
skipped-duplicate,klea:name+city+state,1076,COMMUNITY HOSPITAL SOUTH INC,IN,INDIANAPOLIS,Hospital/ Medical Center,4240,150128,,,"Vizient (MS1301), Premier (BT-NS-002)",1402 E COUNTY LINE RD S,3178877000
skipped-duplicate,franklin-mountain-group:name+city+state; healthcare-cellutions:name+city+state; ju:name+city+state; martinez:name+city+state; meinnovations:name+city+state; sandia:name+city+state; sisco:name+city+state; streit:name+city+state; uromobile:name+city+state,1077,BAYLOR SCOTT & WHITE MEDICAL CENTER AT IRVING,TX,IRVING,Hospital/ Medical Center,4235,450079,,,"Vizient (MS1301), Premier (BT-NS-002)",1901 N MACARTHUR BLVD,9725798100
skipped-duplicate,grosjean:name+city+state; jimmerson:name+city+state; lifesource:name+city+state; zenecare:name+city+state,1078,KAISER FOUNDATION HOSPITAL - SOUTH BAY,CA,HARBOR CITY,Hospital/ Medical Center,4234,050411,,,,25825 SOUTH VERMONT AVENUE,3103255111
skipped-duplicate,grosjean:name+city+state; jimmerson:name+city+state; lifesource:name+city+state; zenecare:name+city+state,1079,GREATER EL MONTE COMMUNITY HOSPITAL,CA,SOUTH EL MONTE,Hospital/ Medical Center,4220,050738,,,Vizient (MS1301),1701 SANTA ANITA AVE,6263507975
skipped-duplicate,franklin-mountain-group:name+city+state; greatdane:name+city+state; richards:name+city+state; southern-surgical:name+city+state; tbmedical:name+city+state,1080,ST FRANCIS HOSPITAL,TN,MEMPHIS,Hospital/ Medical Center,4217,440183,,,"Vizient (MS1301), Premier (BT-NS-002)",5959 PARK AVE,9017651000
skipped-duplicate,chowning:name+city+state; gptsurgical:name+city+state; greatdane:name+city+state; healthcare-cellutions:name+city+state,1082,MERCY HOSPITAL NORTHWEST ARKANSAS,AR,ROGERS,Hospital/ Medical Center,4213,040010,,,Vizient (MS1301),2710 SOUTH RIFE MEDICAL LANE,4793388000
skipped-clinic,Urology Clinic,2576,GENESISCARE - ULW,FL,BRADENTON,Urology Clinic,4202,,,,Vizient (MS1301),5860 Ranch Lake Blvd Ste 200,9417822100
skipped-duplicate,chowning:name+city+state,1083,SARAH BUSH LINCOLN HEALTH CENTER,IL,MATTOON,Hospital/ Medical Center,4198,140189,,,Vizient (MS1301),1000 HEALTH CENTER DRIVE P O BOX 372,2172582513
skipped-duplicate,lucier:ccn:220119; noreaster:ccn:220119; parkingangels:ccn:220119; pierro:ccn:220119; signature-medical:ccn:220119; whisner:ccn:220119,1084,BRIGHAM AND WOMEN'S FAULKNER HOSPITAL,MA,JAMAICA PLAIN,Hospital/ Medical Center,4194,220119,,,Vizient (MS1301),1153 CENTRE STREET,6179837000
skipped-clinic,Urology Clinic,2577,MICHIGAN INSTITUTE OF UROLOGY PC - WARREN,MI,WARREN,Urology Clinic,4193,,,,"Vizient (MS1301), Premier (BT-NS-002)",13251 E Ten Mile Rd Ste 200,5867580123
skipped-duplicate,lucier:name+city+state; noreaster:name+city+state; parkingangels:name+city+state; pierro:name+city+state; signature-medical:name+city+state; whisner:name+city+state,1086,CHARLOTTE HUNGERFORD HOSPITAL,CT,TORRINGTON,Hospital/ Medical Center,4190,070011,,,"Vizient (MS1301), Premier (BT-NS-002)",540 LITCHFIELD ST,8604966666
skipped-clinic,Urology Clinic,2578,COMP UROLOGY -DONALD MOYLAN JR,MI,TAYLOR,Urology Clinic,4188,,,,Vizient (MS1301),12701 Telegraph Rd Ste 201,7342878444
skipped-duplicate,grosjean:name+city+state; jimmerson:name+city+state; lifesource:name+city+state; zenecare:name+city+state,1089,NATIVIDAD MEDICAL CENTER,CA,SALINAS,Hospital/ Medical Center,4185,050248,,,Vizient (MS1301),1441 CONSTITUTION BOULEVARD,8317554111
skipped-duplicate,greatdane:name+city+state; southern-surgical:name+city+state,1088,BALDWIN HEALTH,AL,FOLEY,Hospital/ Medical Center,4185,010083,,,,1613 NORTH MCKENZIE STREET,2519493400
skipped-clinic,Urology Clinic,2579,UROLOGY ASSOCIATE,AL,FOLEY,Urology Clinic,4185,,,,Vizient (MS1301),1506 N Mckenzie St Ste 107,2514331917
skipped-clinic,Urology Clinic,2580,PORT CHARLOTTE UROLOGY,FL,PORT CHARLOTTE,Urology Clinic,4183,,,,Vizient (MS1301),3161 Harbor Blvd Ste D,9417664122
skipped-duplicate,grosjean:name+city+state; jimmerson:name+city+state; lifesource:name+city+state; zenecare:name+city+state,1090,KERN MEDICAL CENTER,CA,BAKERSFIELD,Hospital/ Medical Center,4180,050315,,,"Vizient (MS1301), Premier (BT-NS-002)",1700 MOUNT VERNON AVENUE,6613262000
skipped-duplicate,klea:name+city+state; streamline:name+city+state,1091,UH ST JOHN MEDICAL CENTER,OH,WESTLAKE,Hospital/ Medical Center,4176,360123,,,"Vizient (MS1301), Premier (BT-NS-002)",29000 CENTER RIDGE ROAD,4408358000
skipped-duplicate,franklin-mountain-group:name+city+state; healthcare-cellutions:name+city+state; ju:name+city+state; martinez:name+city+state; meinnovations:name+city+state; sandia:name+city+state; sisco:name+city+state; streit:name+city+state; uromobile:name+city+state,1092,HCA HOUSTON HEALTHCARE MEDICAL CENTER,TX,HOUSTON,Hospital/ Medical Center,4173,450659,,,"Vizient (MS1301), Premier (BT-NS-002)",1313 HERMANN DR,7135275019
skipped-duplicate,acme:name+city+state; sciotex:name+city+state; steimel:name+city+state; stengel:name+city+state,1093,SOUTHEAST IOWA REGIONAL MEDICAL CENTER,IA,WEST BURLINGTON,Hospital/ Medical Center,4159,160057,,,,1221 SOUTH GEAR AVENUE,3197681000
skipped-duplicate,intuitek:name+city+state,1095,HAMILTON MEDICAL CENTER,GA,DALTON,Hospital/ Medical Center,4155,110001,,,Vizient (MS1301),1200 MEMORIAL DRIVE,7062726105
skipped-duplicate,zenecare:name+city+state,1094,ABRAZO CENTRAL CAMPUS,AZ,PHOENIX,Hospital/ Medical Center,4155,030030,,,"Vizient (MS1301), Premier (BT-NS-002)",2000 WEST BETHANY HOME ROAD,6022490212
skipped-duplicate,lucier:name+city+state; noreaster:name+city+state; parkingangels:name+city+state; pierro:name+city+state; signature-medical:name+city+state; whisner:name+city+state,1096,MELROSEWAKEFIELD HEALTHCARE,MA,MELROSE,Hospital/ Medical Center,4144,220070,,,"Vizient (MS1301), Premier (BT-NS-002)",585 LEBANON STREET,7819793000
skipped-duplicate,gptsurgical:name+city+state; healthcare-cellutions:name+city+state; martinez:name+city+state,1097,DUNCAN REGIONAL HOSPITAL INC,OK,DUNCAN,Hospital/ Medical Center,4144,370023,,,"Vizient (MS1301), Premier (BT-NS-002)",1407 WHISENANT DRIVE,5802525300
skipped-duplicate,ghanem:name+city+state,1098,INOVA ALEXANDRIA HOSPITAL,VA,ALEXANDRIA,Hospital/ Medical Center,4144,490040,,,"Vizient (MS1301), Premier (BT-NS-002)",4320 SEMINARY RD,7035043167
skipped-duplicate,grosjean:name+city+state; jimmerson:name+city+state; lifesource:name+city+state; zenecare:name+city+state,1099,LAC/OLIVE VIEW-UCLA MEDICAL CENTER,CA,SYLMAR,Hospital/ Medical Center,4141,050040,,,"Vizient (MS1301), Premier (BT-NS-002)",14445 OLIVE VIEW DRIVE,8183641555
skipped-duplicate,activize:name+city+state; ghanem:name+city+state; streamline:name+city+state,1101,MERCY CATHOLIC MEDICAL CENTER- MERCY FITZGERALD,PA,DARBY,Hospital/ Medical Center,4136,390156,,,"Vizient (MS1301), Premier (BT-NS-002)",1500 LANSDOWNE  AVE,2152374000
skipped-duplicate,chowning:name+city+state,1100,FRANCISCAN HEALTH OLYMPIA & CHICAGO HEIGHTS,IL,OLYMPIA FIELDS,Hospital/ Medical Center,4136,140172,,,Vizient (MS1301),20201 S CRAWFORD AVENUE,7087474000
skipped-duplicate,grosjean:name+city+state; jimmerson:name+city+state; lifesource:name+city+state; zenecare:name+city+state,1102,ALTA BATES SUMMIT MEDICAL CENTER - ALTA BATES CAMP,CA,BERKELEY,Hospital/ Medical Center,4123,050305,,,Vizient (MS1301),2450 ASHBY AVENUE,5102044444
skipped-clinic,Urology Clinic,2581,UROLOGICAL ASSOCIATES OF SOUTHERN ARIZONA,AZ,TUCSON,Urology Clinic,4117,,,,Vizient (MS1301),1701 W Saint Marys Rd Ste 120,5207701303
skipped-duplicate,zenecare:name+city+state,1103,ST MARY'S HOSPITAL,AZ,TUCSON,Hospital/ Medical Center,4117,030010,,,Vizient (MS1301),1601 WEST ST MARY'S ROAD,5208723000
skipped-duplicate,activize:name+city+state; ghanem:name+city+state; streamline:name+city+state,1104,INDIANA REGIONAL MEDICAL CENTER,PA,INDIANA,Hospital/ Medical Center,4111,390173,,,"Vizient (MS1301), Premier (BT-NS-002)",835 HOSPITAL ROAD,7243577000
skipped-clinic,Urology Clinic,2582,CUMBERLAND PHYSICIAN GROUP - UROLOGY,TN,CROSSVILLE,Urology Clinic,4109,,,,Vizient (MS1301),396 S Main St,9312105701
skipped-clinic,Urology Clinic,2583,ALPINE UROLOGY,CO,BOULDER,Urology Clinic,4108,,,,Vizient (MS1301),4743 Arapahoe Ave Ste 104,3034449000
skipped-duplicate,a3-biomedical:name+city+state; emina-taylor:name+city+state; expert-medical-sales:name+city+state; lamitina:name+city+state; salmons:name+city+state; southern-surgical:name+city+state; tplconsulting:name+city+state,1105,HCA FLORIDA MERCY HOSPITAL,FL,PLANTATION,Hospital/ Medical Center,4099,100167,,,"Vizient (MS1301), Premier (BT-NS-002)",401 NW 42ND AVE,9545875010
skipped-clinic,Urology Clinic,2584,ADVANCED UROLOGY INSTITUTE - INVERNESS,FL,INVERNESS,Urology Clinic,4096,,,,Vizient (MS1301),609 W Highland Blvd,3524361115
skipped-clinic,Urology Clinic,2585,HOUSTON METRO UROLOGY,TX,HOUSTON,Urology Clinic,4094,,,,Vizient (MS1301),4223 Richmond Ave,7133510630
skipped-duplicate,dennehy:name+city+state; dowdy:name+city+state; hagarty:name+city+state; murray:name+city+state,1106,GRAYS HARBOR COMMUNITY HOSPITAL,WA,ABERDEEN,Hospital/ Medical Center,4087,500031,,,Vizient (MS1301),915 ANDERSON DRIVE,3605328330
skipped-duplicate,chowning:name+city+state; stengel:name+city+state,1107,POPLAR BLUFF REGIONAL MEDICAL CENTER,MO,POPLAR BLUFF,Hospital/ Medical Center,4081,260119,,,,3100 OAK GROVE ROAD,5737857721
skipped-duplicate,franklin-mountain-group:name+city+state; healthcare-cellutions:name+city+state; ju:name+city+state; martinez:name+city+state; meinnovations:name+city+state; sandia:name+city+state; sisco:name+city+state; streit:name+city+state; uromobile:name+city+state,1109,BAYLOR SCOTT & WHITE MEDICAL CENTER - ROUND ROCK,TX,ROUND ROCK,Hospital/ Medical Center,4079,670034,,,"Vizient (MS1301), Premier (BT-NS-002)",300 UNIVERSITY BLVD,5125090401
skipped-duplicate,grosjean:name+city+state; jimmerson:name+city+state; lifesource:name+city+state; zenecare:name+city+state,1108,KAISER FOUNDATION HOSPITAL - PANORAMA CITY,CA,PANORAMA CITY,Hospital/ Medical Center,4079,050137,,,"Vizient (MS1301), Premier (BT-NS-002)",13652 CANTARA ST,8183752000
skipped-duplicate,franklin-mountain-group:name+city+state; greatdane:name+city+state; richards:name+city+state; southern-surgical:name+city+state; tbmedical:name+city+state,4442,VA MIDDLE TENNESSEE HEALTHCARE SYSTEM,TN,NASHVILLE,VA Medical Center,4066,44018F,,,Marathon Medical (FFS Approval: 36F79718D0321),1310 24TH AVENUE SOUTH,6153275332
skipped-duplicate,gerrard:name+city+state; intuitek:name+city+state; tbmedical:name+city+state,1110,MUSC HEALTH COLUMBIA MEDICAL CENTER DOWNTOWN,SC,COLUMBIA,Hospital/ Medical Center,4063,420026,,,"Vizient (MS1301), Premier (BT-NS-002)",2435 FOREST DRIVE,8032565300
skipped-duplicate,gerrard:name+city+state; tbmedical:name+city+state,1111,IREDELL MEMORIAL HOSPITAL INC,NC,STATESVILLE,Hospital/ Medical Center,4061,340039,,,"Vizient (MS1301), Premier (BT-NS-002)",557 BROOKDALE DR,7048785661
skipped-duplicate,activize:name+city+state; whisner:name+city+state,1112,ROBERT WOOD JOHNSON UNIVERSITY HOSPITAL - SOMERSET,NJ,SOMERVILLE,Hospital/ Medical Center,4053,310048,,,"Vizient (MS1301), Premier (BT-NS-002)",110 REHILL AVE,9086852200
skipped-duplicate,franklin-mountain-group:name+city+state; greatdane:name+city+state; richards:name+city+state; southern-surgical:name+city+state; tbmedical:name+city+state,1113,WILLIAMSON MEDICAL CENTER,TN,FRANKLIN,Hospital/ Medical Center,4038,440029,,,"Vizient (MS1301), Premier (BT-NS-002)",4321 CAROTHERS PARKWAY,6154355000
skipped-duplicate,ghanem:name+city+state,1114,UNIVERSITY OF MD ST JOSEPH MEDICAL CENTER,MD,TOWSON,Hospital/ Medical Center,4035,210063,,,"Vizient (MS1301), Premier (BT-NS-002)",7601 OSLER DRIVE,4103371000
skipped-clinic,Urology Clinic,2586,IUHP-UROLOGY IUH WEST HOSPITAL,IN,AVON,Urology Clinic,4035,,,,Vizient (MS1301),1115 N Ronald Reagan Pkwy Ste 364,3179624023
skipped-duplicate,activize:name+city+state; ghanem:name+city+state; streamline:name+city+state,1115,UPMC HANOVER,PA,HANOVER,Hospital/ Medical Center,4025,390233,,,"Vizient (MS1301), Premier (BT-NS-002)",300 HIGHLAND AVE,7176373711
skipped-duplicate,intuitek:campus,1116,HOUSTON HEALTHCARE,GA,WARNER ROBINS,Hospital/ Medical Center,4023,,,,Vizient (MS1301),1601 WATSON BOULEVARD,4789224281
skipped-duplicate,activize:name+city+state; whisner:name+city+state,1117,SAINT PETER'S UNIVERSITY HOSPITAL,NJ,NEW BRUNSWICK,Hospital/ Medical Center,4022,310070,,,"Vizient (MS1301), Premier (BT-NS-002)",254 EASTON AVE,7327458600
skipped-duplicate,steimel:name+city+state,1118,SSM HEALTH ST AGNES HOSPITAL-FOND DU LAC,WI,FOND DU LAC,Hospital/ Medical Center,4021,520088,,,Vizient (MS1301),430 E DIVISION ST,9209292300
skipped-duplicate,chowning:name+city+state,1119,ADVENTHEALTH SHAWNEE MISSION,KS,SHAWNEE MISSION,Hospital/ Medical Center,4020,170104,,,"Vizient (MS1301), Premier (BT-NS-002)",9100 W 74TH STREET,9136762152
skipped-duplicate,zenecare:name+city+state,1121,HOLY CROSS HOSPITAL-JORDAN VALLEY,UT,WEST JORDAN,Hospital/ Medical Center,4019,460051,,,,3580 WEST 9000 SOUTH,8015618888
skipped-duplicate,grosjean:name+city+state; jimmerson:name+city+state; lifesource:name+city+state; zenecare:name+city+state,1120,KAISER FOUNDATION HOSPITAL - WEST LA,CA,LOS ANGELES,Hospital/ Medical Center,4019,050561,,,"Vizient (MS1301), Premier (BT-NS-002)",6041 CADILLAC AVE,2138572201
skipped-duplicate,ghanem:name+city+state,1122,BON SECOURS MARYVIEW MEDICAL CENTER,VA,PORTSMOUTH,Hospital/ Medical Center,4010,490017,,,"Vizient (MS1301), Premier (BT-NS-002)",3636 HIGH STREET,7573982200
skipped-clinic,Urology Clinic,2587,UROLOGY CENTER OF WEST PLAINS,MO,WEST PLAINS,Urology Clinic,4008,,,,Vizient (MS1301),181 N Kentucky Ave Ste 200,4172558337
skipped-duplicate,a3-biomedical:name+city+state; emina-taylor:name+city+state; expert-medical-sales:name+city+state; lamitina:name+city+state; salmons:name+city+state; southern-surgical:name+city+state; tplconsulting:name+city+state,1123,ADVENTHEALTH WESLEY CHAPEL,FL,WESLEY CHAPEL,Hospital/ Medical Center,4008,100319,,,"Vizient (MS1301), Premier (BT-NS-002)",2600 BRUCE B DOWNS BLVD,8139295000
skipped-duplicate,ghanem:ccn:210037,2288,UM SHORE MEDICAL CENTER AT EASTON,MD,EASTON,Rehabilitation Hospital,4000,210037,,,Vizient (MS1301),219 S Washington St,4108221000
skipped-clinic,Urology Clinic,2588,OCHSNER LSU HEALTH SHREVEPORT-REGIONAL UROLOGY,LA,WEST MONROE,Urology Clinic,3993,,,,Vizient (MS1301),201 Mcmillan Rd,3186830411
skipped-clinic,Urology Clinic,2589,IMP AUCNY-NEW ROCHELLE,NY,NEW ROCHELLE,Urology Clinic,3989,,,,"Vizient (MS1301), Premier (BT-NS-002)",120 Warren St,9146325000
skipped-clinic,Urology Clinic,2590,IMPRIMIS UROLOGY PC,NC,BURLINGTON,Urology Clinic,3980,,,,Vizient (MS1301),1236 Huffman Mill Rd Ste 2550,3365846300
skipped-duplicate,healthcare-cellutions:name+city+state; sisco:name+city+state; southern-surgical:name+city+state,1124,IBERIA MEDICAL CENTER,LA,NEW IBERIA,Hospital/ Medical Center,3974,190054,,,"Vizient (MS1301), Premier (BT-NS-002)",2315 E MAIN STREET,3373640441
skipped-duplicate,grosjean:name+city+state; jimmerson:name+city+state; lifesource:name+city+state; zenecare:name+city+state,1125,ADVENTIST HEALTH LODI MEMORIAL,CA,LODI,Hospital/ Medical Center,3972,050336,,,"Vizient (MS1301), Premier (BT-NS-002)",975 S FAIRMONT AVENUE,2093343411
skipped-duplicate,steimel:name+city+state,1126,ASCENSION SE WISCONSIN HOSPITAL,WI,MILWAUKEE,Hospital/ Medical Center,3972,520136,,,Vizient (MS1301),5000 W CHAMBERS ST,4144472130
skipped-duplicate,chowning:name+city+state; stengel:name+city+state,1127,SSM ST CLARE HEALTH CENTER,MO,FENTON,Hospital/ Medical Center,3957,260081,,,,1015 BOWLES,6364962000
skipped-duplicate,klea:name+city+state,1128,LAKE CUMBERLAND REGIONAL HOSPITAL,KY,SOMERSET,Hospital/ Medical Center,3954,180132,,,"Vizient (MS1301), Premier (BT-NS-002)",305 LANGDON STREET,6066797441
skipped-clinic,Urology Clinic,2591,SCOTTSBLUFF UROLOGY ASSOCIATES PC,NE,SCOTTSBLUFF,Urology Clinic,3946,,,,Vizient (MS1301),3911 Ave B Ste 2200,3086325315
skipped-duplicate,acme:name+city+state; sciotex:name+city+state; wood:name+city+state,1129,REGIONAL WEST MEDICAL CENTER,NE,SCOTTSBLUFF,Hospital/ Medical Center,3946,280061,,,"Vizient (MS1301), Premier (BT-NS-002)",4021 AVE B,3086353711
skipped-clinic,Urology Clinic,2592,USC INSTITUTE OF UROLOGY,CA,GLENDALE,Urology Clinic,3942,,,,Vizient (MS1301),1808 Verdugo Blvd Ste 318,5555555555
skipped-duplicate,klea:campus,4446,ROBLEY REX DEPARTMENT OF VETERANS AFFAIRS MEDICAL CENTER (LOUISVILLE) (VISN 9),KY,LOUISVILLE,VA Medical Center,3940,,,,Marathon Medical (FFS Approval: 36F79718D0321),800 Zorn Avenue,5022874000
skipped-duplicate,steimel:name+city+state,1130,AURORA MEDICAL CENTER,WI,GRAFTON,Hospital/ Medical Center,3936,520207,,,Premier (BT-NS-002),975 PORT WASHINGTON ROAD,2623291000
skipped-duplicate,gerrard:name+city+state; tbmedical:name+city+state,1131,MARIA PARHAM MEDICAL CENTER,NC,HENDERSON,Hospital/ Medical Center,3930,340132,,,,PO BOX 59,2524313708
skipped-clinic,Urology Clinic,2593,CU UROLOGY - SOUTH DENVER,CO,HIGHLANDS RANCH,Urology Clinic,3929,,,,Vizient (MS1301),1500 Park Central Dr Ste 301,3034937000
skipped-duplicate,klea:name+city+state; streamline:name+city+state,1132,SOUTHERN OHIO MEDICAL CENTER,OH,PORTSMOUTH,Hospital/ Medical Center,3924,360008,,,Vizient (MS1301),1805 27TH STREET,7403565788
skipped-clinic,Urology Clinic,2594,OREGON UROLOGY ALLIANCE,OR,TUALATIN,Urology Clinic,3901,,,,Vizient (MS1301),19260 SW 65th Ave Ste 310,5037830208
skipped-duplicate,klea:name+city+state; streamline:name+city+state,1133,FIRELANDS REGIONAL MEDICAL CENTER,OH,SANDUSKY,Hospital/ Medical Center,3899,360025,,,"Vizient (MS1301), Premier (BT-NS-002)",1111 HAYES AVENUE,4195577400
skipped-duplicate,acme:name+city+state; sciotex:name+city+state; wood:name+city+state,1134,ESSENTIA HEALTH,ND,FARGO,Hospital/ Medical Center,3897,350070,,,"Vizient (MS1301), Premier (BT-NS-002)",3000 32ND AVE SOUTH,7013648000
skipped-clinic,Urology Clinic,2595,UROLOGY CLINIC - 136,AL,ATHENS,Urology Clinic,3895,,,,Vizient (MS1301),1005 W Market St Ste 1,2562622170
skipped-duplicate,greatdane:name+city+state; southern-surgical:name+city+state,1136,ATHENS LIMESTONE HOSPITAL,AL,ATHENS,Hospital/ Medical Center,3895,010079,,,,700 WEST MARKET STREET,2562339292
skipped-duplicate,chowning:name+city+state,1137,ST JOSEPH MEDICAL CENTER,IL,BLOOMINGTON,Hospital/ Medical Center,3887,140162,,,"Vizient (MS1301), Premier (BT-NS-002)",2200 E WASHINGTON,3096623311
skipped-duplicate,activize:name+city+state; parkingangels:name+city+state; proactive:name+city+state; streamline:name+city+state; whisner:name+city+state,1139,NEW YORK COMMUNITY HOSPITAL OF BROOKLYN INC,NY,BROOKLYN,Hospital/ Medical Center,3887,330019,,,"Vizient (MS1301), Premier (BT-NS-002)",2525 KINGS HIGHWAY,7186925302
skipped-duplicate,chowning:name+city+state,1138,HUTCHINSON REGIONAL MEDICAL CENTER INC,KS,HUTCHINSON,Hospital/ Medical Center,3887,170020,,,Vizient (MS1301),1701 E 23RD AVENUE,6206652001
skipped-duplicate,a3-biomedical:name+city+state; emina-taylor:name+city+state; expert-medical-sales:name+city+state; lamitina:name+city+state; salmons:name+city+state; southern-surgical:name+city+state; tplconsulting:name+city+state,1140,ASCENSION ST VINCENT'S RIVERSIDE,FL,JACKSONVILLE,Hospital/ Medical Center,3886,100040,,,"Vizient (MS1301), Premier (BT-NS-002)",1 SHIRCLIFF WAY,9043087300
skipped-duplicate,zenecare:campus,2160,MCKAY-DEE STEWART REHABILITATION CENTER - OGDEN,UT,OGDEN,Rehabilitation Hospital,3884,,,,Vizient (MS1301),3903 Harrison Blvd Ste 400,8013872800
skipped-duplicate,ghanem:name+city+state,1142,LUMINIS HEALTH DOCTORS COMMUNITY MEDICAL CTR INC,MD,LANHAM,Hospital/ Medical Center,3869,210051,,,"Vizient (MS1301), Premier (BT-NS-002)",8118 GOOD LUCK ROAD,3015528118
skipped-clinic,Urology Clinic,2596,PANAMA CITY UROLOGICAL CENTER - BONITA OFFICE,FL,PANAMA CITY,Urology Clinic,3861,,,,Vizient (MS1301),615 N Bonita Ave,8507858557
skipped-duplicate,activize:name+city+state; parkingangels:name+city+state; proactive:name+city+state; streamline:name+city+state; whisner:name+city+state,1143,CANTON-POTSDAM HOSPITAL,NY,POTSDAM,Hospital/ Medical Center,3861,330197,,,"Vizient (MS1301), Premier (BT-NS-002)",50 LEROY STREET,3152653300
skipped-duplicate,steimel:name+city+state,1144,COMMUNITY MEMORIAL HOSPITAL,WI,MENOMONEE FALLS,Hospital/ Medical Center,3858,520103,,,Vizient (MS1301),W180 N8085 TOWN HALL RD,2622511000
skipped-duplicate,a3-biomedical:name+city+state; emina-taylor:name+city+state; expert-medical-sales:name+city+state; lamitina:name+city+state; salmons:name+city+state; southern-surgical:name+city+state; tplconsulting:name+city+state,1145,ADVENTHEALTH DELAND,FL,DELAND,Hospital/ Medical Center,3855,100045,,,"Vizient (MS1301), Premier (BT-NS-002)",701 W PLYMOUTH AVE,3869434522
skipped-duplicate,ghanem:name+city+state,1146,WESTERN MARYLAND REGIONAL MEDICAL CENTER,MD,CUMBERLAND,Hospital/ Medical Center,3853,210027,,,"Vizient (MS1301), Premier (BT-NS-002)",12500 WILLOWBROOK ROAD,2409647000
skipped-duplicate,lucier:name+city+state; noreaster:name+city+state; parkingangels:name+city+state; pierro:name+city+state; signature-medical:name+city+state; whisner:name+city+state,1147,EMERSON HOSPITAL -,MA,W CONCORD,Hospital/ Medical Center,3850,220084,,,,133 OLD ROAD TO 9 ACRE CORNER,9783691400
skipped-duplicate,lucier:ccn:200021; noreaster:ccn:200021; pierro:ccn:200021; signature-medical:ccn:200021; whisner:ccn:200021,1148,MID COAST HOSPITAL,ME,BRUNSWICK,Hospital/ Medical Center,3849,200021,,,"Vizient (MS1301), Premier (BT-NS-002)",123 MEDICAL CENTER DRIVE,2077290181
skipped-duplicate,lifesource:name+city+state; zenecare:name+city+state,1149,NORTH VISTA HOSPITAL,NV,NORTH LAS VEGAS,Hospital/ Medical Center,3849,290005,,,Vizient (MS1301),1409 EAST LAKE MEAD BLVD,7026497711
skipped-duplicate,franklin-mountain-group:name+city+state; healthcare-cellutions:name+city+state; ju:name+city+state; martinez:name+city+state; meinnovations:name+city+state; sandia:name+city+state; sisco:name+city+state; streit:name+city+state; uromobile:name+city+state,1150,MEDICAL CITY NORTH HILLS,TX,NORTH RICHLAND HILLS,Hospital/ Medical Center,3847,450087,,,Vizient (MS1301),4401 BOOTH CALLOWAY ROAD,8172551000
skipped-clinic,Urology Clinic,2597,JASPER UROLOGY ASSOCIATES,AL,JASPER,Urology Clinic,3847,,,,Vizient (MS1301),3400 Highway 78 E,2053874000
skipped-clinic,Urology Clinic,2598,BEACHES UROLOGY-WILLIAMS JOHN C,FL,JACKSONVILLE BEACH,Urology Clinic,3845,,,,Vizient (MS1301),1370 13th Ave S Ste 121,9042494443
skipped-duplicate,grosjean:name+city+state; jimmerson:name+city+state; lifesource:name+city+state; zenecare:name+city+state,1151,EMANATE HEALTH FOOTHILL PRESBYTERIAN HOSPITAL,CA,GLENDORA,Hospital/ Medical Center,3842,050597,,,"Vizient (MS1301), Premier (BT-NS-002)",250 S GRAND AVE,6269638411
skipped-duplicate,klea:name+city+state,1152,T J SAMSON COMMUNITY HOSPITAL,KY,GLASGOW,Hospital/ Medical Center,3832,180017,,,Premier (BT-NS-002),1301 NORTH RACE STREET,2706514159
skipped-duplicate,acme:name+city+state; sciotex:name+city+state; wood:name+city+state,1153,CHI HEALTH IMMANUEL,NE,OMAHA,Hospital/ Medical Center,3831,280081,,,Premier (BT-NS-002),6901 NORTH 72ND ST,4025722121
skipped-duplicate,grosjean:name+city+state; jimmerson:name+city+state; lifesource:name+city+state; zenecare:name+city+state,1154,SHASTA REGIONAL MEDICAL CENTER,CA,REDDING,Hospital/ Medical Center,3829,050764,,,Vizient (MS1301),1100 BUTTE ST,5302445454
skipped-clinic,Urology Clinic,2599,BALBOA UNITED - EC,CA,EL CENTRO,Urology Clinic,3829,,,,Vizient (MS1301),2205 W Ross Ave Ste 101,7603530404
skipped-duplicate,grosjean:name+city+state; jimmerson:name+city+state; lifesource:name+city+state; zenecare:name+city+state,1155,EL CENTRO REGIONAL MEDICAL CENTER,CA,EL CENTRO,Hospital/ Medical Center,3829,050045,,,"Vizient (MS1301), Premier (BT-NS-002)",1415 ROSS AVENUE,7603397100
skipped-duplicate,ghanem:name+city+state,1156,RESTON HOSPITAL CENTER,VA,RESTON,Hospital/ Medical Center,3821,490107,,,"Vizient (MS1301), Premier (BT-NS-002)",1850 TOWN CENTER PARKWAY,7036899000
skipped-duplicate,franklin-mountain-group:name+city+state; healthcare-cellutions:name+city+state; ju:name+city+state; martinez:name+city+state; meinnovations:name+city+state; sandia:name+city+state; sisco:name+city+state; streit:name+city+state; uromobile:name+city+state,1157,WOODLAND HEIGHTS MEDICAL CENTER,TX,LUFKIN,Hospital/ Medical Center,3819,450484,,,Vizient (MS1301),505 SOUTH JOHN REDDITT DRIVE,9366348311
skipped-clinic,Urology Clinic,2600,UROLOGY OF NORTH TEXAS,TX,BEDFORD,Urology Clinic,3813,,,,Vizient (MS1301),1604 Hospital Pkwy,8178484000
skipped-duplicate,klea:name+city+state,1159,SAINT JOSEPH LONDON,KY,LONDON,Hospital/ Medical Center,3808,180011,,,"Vizient (MS1301), Premier (BT-NS-002)",1001 SAINT JOSEPH LANE,6063306000
skipped-clinic,Urology Clinic,2601,UROLOGY CENTER OF OLATHE,KS,OLATHE,Urology Clinic,3807,,,,Vizient (MS1301),20375 W 151st St Ste 270,9139137803
skipped-duplicate,chowning:ccn:170049,1160,OLATHE MEDICAL CENTER,KS,OLATHE,Hospital/ Medical Center,3807,170049,,,Vizient (MS1301),20333 WEST 151ST STREET,9137914200
skipped-clinic,Urology Clinic,2602,UROLOGY SPECIALTY CARE OF MIAMI LLC,FL,MIAMI,Urology Clinic,3803,,,,Vizient (MS1301),7600 Sw 87th Ave Ste 206,3052755525
skipped-duplicate,a3-biomedical:name+city+state; emina-taylor:name+city+state; expert-medical-sales:name+city+state; lamitina:name+city+state; salmons:name+city+state; southern-surgical:name+city+state; tplconsulting:name+city+state,1161,SOUTH MIAMI HOSPITAL,FL,MIAMI,Hospital/ Medical Center,3803,100154,,,,6200 SW 73RD ST,7866624000
skipped-duplicate,dennehy:name+city+state; dowdy:name+city+state; hagarty:name+city+state; murray:name+city+state,1162,MULTICARE AUBURN MEDICAL CENTER,WA,AUBURN,Hospital/ Medical Center,3800,500015,,,Vizient (MS1301),202 NORTH DIVISION STREET PLAZA ONE,2538337711
skipped-clinic,Urology Clinic,2604,SURGICAL ASSOCIATES NORTHWEST - UROLOGY,WA,AUBURN,Urology Clinic,3800,,,,Vizient (MS1301),202 N Division St Ste 100,2538333555
skipped-clinic,Urology Clinic,2603,CRH UROLOGY CLINIC,GA,DOUGLAS,Urology Clinic,3800,,,,Vizient (MS1301),2007 Ocilla Rd,9123840162
skipped-duplicate,gerrard:name+city+state; tbmedical:name+city+state,1164,PARDEE HOSPITAL HENDERSON COUNTY,NC,HENDERSONVILLE,Hospital/ Medical Center,3799,340017,,,"Vizient (MS1301), Premier (BT-NS-002)",800 N JUSTICE ST,8286961000
skipped-duplicate,grosjean:name+city+state; jimmerson:name+city+state; lifesource:name+city+state; zenecare:name+city+state,1163,PALOMAR MEDICAL CENTER POWAY,CA,POWAY,Hospital/ Medical Center,3799,050636,,,"Vizient (MS1301), Premier (BT-NS-002)",15615 POMERADO ROAD,8584856511
skipped-duplicate,acme:name+city+state; sciotex:name+city+state; steimel:name+city+state; stengel:name+city+state,1166,MERCYONE DUBUQUE MEDICAL CENTER,IA,DUBUQUE,Hospital/ Medical Center,3794,160069,,,Premier (BT-NS-002),250 MERCY DRIVE,5635898000
skipped-duplicate,grosjean:name+city+state; jimmerson:name+city+state; lifesource:name+city+state; zenecare:name+city+state,1165,VENTURA COUNTY MEDICAL CENTER,CA,VENTURA,Hospital/ Medical Center,3794,050159,,,"Vizient (MS1301), Premier (BT-NS-002)",300 HILLMONT AVENUE,8056526075
skipped-clinic,Urology Clinic,2605,RODOSTA DR FRED,LA,OPELOUSAS,Urology Clinic,3787,,,,Vizient (MS1301),305 E Prudhomme St,3379486511
skipped-duplicate,a3-biomedical:name+city+state; emina-taylor:name+city+state; expert-medical-sales:name+city+state; lamitina:name+city+state; salmons:name+city+state; southern-surgical:name+city+state; tplconsulting:name+city+state,1167,VILLAGES REGIONAL HOSPITAL THE,FL,THE VILLAGES,Hospital/ Medical Center,3769,100290,,,"Vizient (MS1301), Premier (BT-NS-002)",1451 EL CAMINO REAL,3527518000
skipped-duplicate,hagarty:name+city+state,1168,BENEFIS HOSPITALS INC,MT,GREAT FALLS,Hospital/ Medical Center,3766,270012,,,"Vizient (MS1301), Premier (BT-NS-002)",1101 26TH ST S,4064555000
skipped-duplicate,franklin-mountain-group:name+city+state; greatdane:name+city+state; richards:name+city+state; southern-surgical:name+city+state; tbmedical:name+city+state,1169,HIGHPOINT HEALTH-SUMNER WITH ASCENSION SAINT THOMA,TN,GALLATIN,Hospital/ Medical Center,3766,440003,,,"Vizient (MS1301), Premier (BT-NS-002)",555 HARTSVILLE PIKE,6153288888
skipped-duplicate,activize:name+city+state; whisner:name+city+state,1170,NEWTON MEDICAL CENTER,NJ,NEWTON,Hospital/ Medical Center,3762,310028,,,"Vizient (MS1301), Premier (BT-NS-002)",175 HIGH ST,9733832121
skipped-duplicate,whittiker:name+city+state,1171,POUDRE VALLEY HOSPITAL,CO,FORT COLLINS,Hospital/ Medical Center,3750,060010,,,"Vizient (MS1301), Premier (BT-NS-002)",1024 S LEMAY AVE,9704957000
skipped-clinic,Urology Clinic,2606,UCHMG UROLOGY CC 1530 2035V,CO,DENVER,Urology Clinic,3750,,,,Vizient (MS1301),100 Cook St Ste 408,9704957000
skipped-clinic,Urology Clinic,2607,BETHPAGE - UROLOGY,NY,BETHPAGE,Urology Clinic,3747,,,,Vizient (MS1301),4045 Hempstead Tpke Ste 202,5163961030
skipped-duplicate,activize:name+city+state; parkingangels:name+city+state; proactive:name+city+state; streamline:name+city+state; whisner:name+city+state,1172,CHSLI ST JOSEPH HOSPITAL,NY,BETHPAGE,Hospital/ Medical Center,3747,330332,,,"Vizient (MS1301), Premier (BT-NS-002)",4295 HEMPSTEAD TURNPIKE,5165796000
skipped-clinic,Urology Clinic,2608,THE UROLOGY CENTER PA,MS,HATTIESBURG,Urology Clinic,3737,,,,Vizient (MS1301),5003 Hardy St Ste 402,6012615800
skipped-clinic,Urology Clinic,2609,MID VERMONT UROLOGY,VT,RUTLAND,Urology Clinic,3733,,,,Vizient (MS1301),145 Allen St,8027756006
skipped-clinic,Urology Clinic,2610,ARIZONA ADVANCED UROLOGY-PATEL BIREN M MD,AZ,CASA GRANDE,Urology Clinic,3725,,,,Vizient (MS1301),1890 E Florence Blvd Ste G,5204212565
skipped-duplicate,grosjean:name+city+state; jimmerson:name+city+state; lifesource:name+city+state; zenecare:name+city+state,1173,ADVENTIST HEALTH WHITE MEMORIAL,CA,LOS ANGELES,Hospital/ Medical Center,3725,050103,,,"Vizient (MS1301), Premier (BT-NS-002)",1720 CESAR E CHAVEZ AVENUE,3232685000
skipped-duplicate,activize:name+city+state; parkingangels:name+city+state; proactive:name+city+state; streamline:name+city+state; whisner:name+city+state,1174,SUNY/DOWNSTATE UNIVERSITY HOSPITAL OF BROOKLYN,NY,BROOKLYN,Hospital/ Medical Center,3721,330350,,,"Vizient (MS1301), Premier (BT-NS-002)",445 LENOX ROAD,7182701000
skipped-clinic,Urology Clinic,2611,BROOKLYN UROLOGY,NY,BROOKLYN,Urology Clinic,3721,,,,Vizient (MS1301),38 6th Ave,7187803000
skipped-clinic,Urology Clinic,2612,PMG NW WA EDMONDS UROLOGY,WA,EDMONDS,Urology Clinic,3718,,,,Vizient (MS1301),21822 76th Ave West,4256708950
skipped-duplicate,franklin-mountain-group:name+city+state; healthcare-cellutions:name+city+state; ju:name+city+state; martinez:name+city+state; meinnovations:name+city+state; sandia:name+city+state; sisco:name+city+state; streit:name+city+state; uromobile:name+city+state,1175,RIO GRANDE REGIONAL HOSPITAL,TX,MCALLEN,Hospital/ Medical Center,3717,450711,,,"Vizient (MS1301), Premier (BT-NS-002)",101 E RIDGE RD,9566326000
skipped-duplicate,grosjean:name+city+state; jimmerson:name+city+state; lifesource:name+city+state; zenecare:name+city+state,1176,KAISER FOUNDATION HOSPITAL AND REHAB CENTER,CA,VALLEJO,Hospital/ Medical Center,3710,050073,,,Vizient (MS1301),975 SERENO DR,7076511000
skipped-duplicate,ghanem:name+city+state,1177,WALTER REED NATIONAL MILITARY MED CEN,MD,BETHESDA,Hospital/ Medical Center,3699,21007F,,,Vizient (MS1301),4494 Palmer Rd N,3012954000
skipped-clinic,Urology Clinic,2613,TUH FOX CHASE MEDICAL GROUP- BENIGN UROLOGY CHESTNUT HILL,PA,PHILADELPHIA,Urology Clinic,3694,,,,Vizient (MS1301),8815 Germantown Ave Ste 36,2157282196
skipped-duplicate,grosjean:name+city+state; jimmerson:name+city+state; lifesource:name+city+state; zenecare:name+city+state,1178,VICTOR VALLEY GLOBAL MEDICAL CENTER,CA,VICTORVILLE,Hospital/ Medical Center,3681,050517,,,"Vizient (MS1301), Premier (BT-NS-002)",15248 11TH ST,7602458691
skipped-duplicate,intuitek:name+city+state,1179,WELLSTAR SPALDING MEDICAL CENTER,GA,GRIFFIN,Hospital/ Medical Center,3677,110031,,,Vizient (MS1301),601 SOUTH 8TH STREET,7702282721
skipped-clinic,Urology Clinic,2614,OCHSNER HEALTH CENTER-ONEAL UROLOGY,LA,BATON ROUGE,Urology Clinic,3661,,,,Vizient (MS1301),16777 Medical Center Dr Fl 2,5048423999
skipped-clinic,Urology Clinic,2615,NOWZARI FARSHAD MD INC SOCAL ADVANCED UROLOGY-NOWZARI FARSHAD,CA,GARDENA,Urology Clinic,3651,,,,Vizient (MS1301),1141 W Redondo Beach Blvd Ste 303,3105382930
skipped-duplicate,steimel:name+city+state,1180,WEST ALLIS MEMORIAL HOSPITAL,WI,WEST ALLIS,Hospital/ Medical Center,3646,520139,,,"Vizient (MS1301), Premier (BT-NS-002)",8901 W LINCOLN AVE,4143286000
skipped-clinic,Urology Clinic,2616,FARHAD B NOWZARI MD,CA,TORRANCE,Urology Clinic,3646,,,,Vizient (MS1301),4305 Torrance Blvd Ste 500,3105407676
skipped-duplicate,activize:name+city+state; whisner:name+city+state,1181,HACKENSACK MERIDIAN MOUNTAINSIDE MEDICAL,NJ,MONTCLAIR,Hospital/ Medical Center,3643,310054,,,"Vizient (MS1301), Premier (BT-NS-002)",1 BAY AVENUE,9734296000
skipped-clinic,Urology Clinic,2617,ROSEBURG UROLOGY-CHIOU REI-KWEN MD,OR,ROSEBURG,Urology Clinic,3638,,,,Vizient (MS1301),2460 Nw Stewart Pkwy Ste 100,5416776141
skipped-duplicate,grosjean:name+city+state; jimmerson:name+city+state; lifesource:name+city+state; zenecare:name+city+state,1182,MARTIN LUTHER KING JR COMMUNITY HOSPITAL,CA,LOS ANGELES,Hospital/ Medical Center,3638,050779,,,Vizient (MS1301),1680 EAST 120TH STREET,4248356808
skipped-clinic,Urology Clinic,2618,THE METHODIST UROLOGY ASSOC - SUGAR LAND,TX,SUGAR LAND,Urology Clinic,3632,,,,Vizient (MS1301),16605 Sw Freeway,8326675398
skipped-duplicate,klea:name+city+state; streamline:name+city+state,1183,SPRINGFIELD REGIONAL MEDICAL CENTER,OH,SPRINGFIELD,Hospital/ Medical Center,3627,360086,,,"Vizient (MS1301), Premier (BT-NS-002)",100 MEDICAL CENTER DRIVE,9375235500
skipped-clinic,Urology Clinic,2619,SPRINGFIELD UROLOGY,OH,SPRINGFIELD,Urology Clinic,3627,,,,Vizient (MS1301),1164 E Home Rd,9373429260
skipped-duplicate,healthcare-cellutions:name+city+state; sisco:name+city+state; southern-surgical:name+city+state,4447,SOUTHEAST LOUISIANA VETERANS HEALTH CARE SYSTEM,LA,NEW ORLEANS,VA Medical Center,3625,19047F,,,Marathon Medical (FFS Approval: 36F79718D0321),2400 CANAL STREET,8009358387
skipped-duplicate,grosjean:name+city+state; jimmerson:name+city+state; lifesource:name+city+state; zenecare:name+city+state,1184,PARKVIEW COMMUNITY HOSPITAL MEDICAL CENTER,CA,RIVERSIDE,Hospital/ Medical Center,3620,050102,,,Vizient (MS1301),3865 JACKSON STREET,9516882211
skipped-duplicate,activize:name+city+state; parkingangels:name+city+state; proactive:name+city+state; streamline:name+city+state; whisner:name+city+state,1185,UPMC CHAUTAUQUA AT WCA,NY,JAMESTOWN,Hospital/ Medical Center,3619,330239,,,Premier (BT-NS-002),207 FOOTE AVENUE,7164870141
skipped-duplicate,franklin-mountain-group:name+city+state; healthcare-cellutions:name+city+state; ju:name+city+state; martinez:name+city+state; meinnovations:name+city+state; sandia:name+city+state; sisco:name+city+state; streit:name+city+state; uromobile:name+city+state,1186,HCA HOUSTON HEALTHCARE TOMBALL,TX,TOMBALL,Hospital/ Medical Center,3609,450670,,,"Vizient (MS1301), Premier (BT-NS-002)",605 HOLDERRIETH,2813517500
skipped-duplicate,chowning:name+city+state,1187,SALINA REGIONAL HEALTH CENTER,KS,SALINA,Hospital/ Medical Center,3608,170012,,,Vizient (MS1301),400 SOUTH SANTA FE AVENUE,7854527000
skipped-clinic,Urology Clinic,2620,MEMORIAL UROLOGY SPECIALISTS,PA,YORK,Urology Clinic,3608,,,,Vizient (MS1301),2930 Carol Rd,7177351919
skipped-duplicate,activize:name+city+state; ghanem:name+city+state; streamline:name+city+state,1188,UPMC MEMORIAL,PA,YORK,Hospital/ Medical Center,3608,390101,,,Premier (BT-NS-002),1701 INNOVATION DRIVE,7178438623
skipped-clinic,Urology Clinic,2621,UROLOGY OF VIRGINIA PLLC,VA,HAMPTON,Urology Clinic,3605,,,,Vizient (MS1301),4000 Coliseum Dr Ste 300,7572615115
skipped-clinic,Urology Clinic,2622,ADVANCED UROLOGY CENTER,IL,CHICAGO,Urology Clinic,3602,,,,Vizient (MS1301),2735 N Harlem Ave,7733856069
skipped-duplicate,a3-biomedical:name+city+state; emina-taylor:name+city+state; expert-medical-sales:name+city+state; lamitina:name+city+state; salmons:name+city+state; southern-surgical:name+city+state; tplconsulting:name+city+state,1189,CAPE CANAVERAL HOSPITAL,FL,COCOA BEACH,Hospital/ Medical Center,3598,100177,,,"Vizient (MS1301), Premier (BT-NS-002)",701 W COCOA BEACH CAUSEWAY,3217997111
skipped-clinic,Urology Clinic,2623,SEWICKLEY UROLOGY,PA,SEWICKLEY,Urology Clinic,3597,,,,Vizient (MS1301),111 Hazel Ln Ste 100,4127416600
skipped-duplicate,activize:name+city+state; ghanem:name+city+state; streamline:name+city+state,1190,HERITAGE VALLEY SEWICKLEY,PA,SEWICKLEY,Hospital/ Medical Center,3597,390037,,,"Vizient (MS1301), Premier (BT-NS-002)",720 BLACKBURN ROAD,4127416600
skipped-duplicate,acme:name+city+state; sciotex:name+city+state; wood:name+city+state,1192,CHI HEALTH LAKESIDE,NE,OMAHA,Hospital/ Medical Center,3587,280130,,,"Vizient (MS1301), Premier (BT-NS-002)",16901 LAKESIDE HILLS CT,4027178000
skipped-duplicate,chowning:name+city+state,1193,HERRIN HOSPITAL,IL,HERRIN,Hospital/ Medical Center,3581,140011,,,Vizient (MS1301),201 S 14TH ST,6189422171
skipped-clinic,Urology Clinic,2624,RIVERVIEW HEALTH UROLOGY,IN,NOBLESVILLE,Urology Clinic,3578,,,,Vizient (MS1301),355 Westfield Rd Ste 120B,3177768748
skipped-clinic,Urology Clinic,2625,ADULT UROLOGY CLINIC PA,FL,JUPITER,Urology Clinic,3575,,,,Vizient (MS1301),1002 S Old Dixie Hwy Ste 104,8003312716
skipped-duplicate,zenecare:name+city+state,1194,WESTERN ARIZONA REGIONAL MEDICAL CENTER,AZ,BULLHEAD CITY,Hospital/ Medical Center,3574,030101,,,Vizient (MS1301),2735 SILVER CREEK ROAD,9287632273
skipped-duplicate,activize:name+city+state; ghanem:name+city+state; streamline:name+city+state,1195,ST LUKE'S HOSPITAL - MONROE CAMPUS,PA,STROUDSBURG,Hospital/ Medical Center,3569,390330,,,Premier (BT-NS-002),100 ST LUKE'S LANE,2722121000
skipped-duplicate,dennehy:name+city+state; dowdy:name+city+state; hagarty:name+city+state; murray:name+city+state,1196,SWEDISH ISSAQUAH,WA,ISSAQUAH,Hospital/ Medical Center,3567,500152,,,"Vizient (MS1301), Premier (BT-NS-002)",751 NE BLAKELY DR,4253134000
skipped-duplicate,grosjean:name+city+state; jimmerson:name+city+state; lifesource:name+city+state; zenecare:name+city+state,1197,KAISER FOUNDATION HOSPITAL - FRESNO,CA,FRESNO,Hospital/ Medical Center,3565,050710,,,"Vizient (MS1301), Premier (BT-NS-002)",7300 NORTH FRESNO ST,5594484500
skipped-duplicate,activize:name+city+state; whisner:name+city+state,1199,MONMOUTH MEDICAL CENTER,NJ,LONG BRANCH,Hospital/ Medical Center,3553,310075,,,Vizient (MS1301),300 SECOND AVENUE,7322225200
skipped-duplicate,gerrard:name+city+state; tbmedical:name+city+state,1198,NOVANT HEALTH HUNTERSVILLE MEDICAL CENTER,NC,HUNTERSVILLE,Hospital/ Medical Center,3553,340183,,,"Vizient (MS1301), Premier (BT-NS-002)",10030 GILEAD ROAD,7043164000
skipped-duplicate,klea:name+city+state; streamline:name+city+state,1200,HMHP ST ELIZABETH BOARDMAN HEALTH CENTER,OH,BOARDMAN,Hospital/ Medical Center,3550,360276,,,"Vizient (MS1301), Premier (BT-NS-002)",8401 MARKET STREET,3307292929
skipped-duplicate,grosjean:ccn:05130F; jimmerson:ccn:05130F; lifesource:ccn:05130F; zenecare:ccn:05130F,4449,SAN FRANCISCO VA MEDICAL CENTER (VISN 21),CA,SAN FRANCISCO,VA Medical Center,3548,05130F,,,Marathon Medical (FFS Approval: 36F79718D0321),4150 Clement Street,4152214810
skipped-duplicate,steimel:name+city+state,1202,MARSHFIELD MEDICAL CENTER - WESTON,WI,WESTON,Hospital/ Medical Center,3533,520202,,,Vizient (MS1301),3400 MINISTRY PARKWAY,7153933000
skipped-clinic,Urology Clinic,2627,NEO UROLOGY ASSOCIATES,OH,WARREN,Urology Clinic,3531,,,,Vizient (MS1301),627 Eastland Ave Se,3307299214
skipped-duplicate,franklin-mountain-group:name+city+state; healthcare-cellutions:name+city+state; ju:name+city+state; martinez:name+city+state; meinnovations:name+city+state; sandia:name+city+state; sisco:name+city+state; streit:name+city+state; uromobile:name+city+state,1203,BAYLOR SCOTT & WHITE MEDICAL CENTER- COLLEGE STATI,TX,COLLEGE STATION,Hospital/ Medical Center,3531,670088,,,,700 SCOTT & WHITE DRIVE,9796913701
skipped-clinic,Urology Clinic,2626,MFA DEPT OF UROLOGY DR PATRICK MUFARRIJ,DC,WASHINGTON,Urology Clinic,3531,,,,Vizient (MS1301),5125 Loughboro Rd Nw Ste 150,2029030660
skipped-duplicate,zenecare:name+city+state,1204,ORO VALLEY HOSPITAL,AZ,ORO VALLEY,Hospital/ Medical Center,3528,030114,,,Vizient (MS1301),1551 EAST TANGERINE ROAD,5209013500
skipped-duplicate,grosjean:name+city+state; jimmerson:name+city+state; lifesource:name+city+state; zenecare:name+city+state,1205,HOLLYWOOD PRESBYTERIAN MEDICAL CENTER,CA,LOS ANGELES,Hospital/ Medical Center,3525,050063,,,"Vizient (MS1301), Premier (BT-NS-002)",1300 N VERMONT AVE,2134133000
skipped-duplicate,steimel:name+city+state,1208,BELOIT HEALTH SYSTEM,WI,BELOIT,Hospital/ Medical Center,3518,520100,,,"Vizient (MS1301), Premier (BT-NS-002)",1969 W HART RD,6083645011
skipped-duplicate,franklin-mountain-group:name+city+state; healthcare-cellutions:name+city+state; ju:name+city+state; martinez:name+city+state; meinnovations:name+city+state; sandia:name+city+state; sisco:name+city+state; streit:name+city+state; uromobile:name+city+state,1207,HUNTSVILLE MEMORIAL HOSPITAL,TX,HUNTSVILLE,Hospital/ Medical Center,3518,450347,,,,110 MEMORIAL HOSPITAL DRIVE,9362913411
skipped-duplicate,lucier:name+city+state; noreaster:name+city+state; parkingangels:name+city+state; pierro:name+city+state; signature-medical:name+city+state; whisner:name+city+state,1209,HOLY FAMILY HOSPITAL,MA,METHUEN,Hospital/ Medical Center,3513,220080,,,,70 EAST STREET,9786870156
skipped-duplicate,zenecare:name+city+state,1210,OGDEN REGIONAL MEDICAL CENTER,UT,OGDEN,Hospital/ Medical Center,3511,460005,,,Vizient (MS1301),5475 SOUTH 500 EAST,8014792111
skipped-duplicate,a3-biomedical:name+city+state; emina-taylor:name+city+state; expert-medical-sales:name+city+state; lamitina:name+city+state; salmons:name+city+state; southern-surgical:name+city+state; tplconsulting:name+city+state,4450,W PALM BEACH VA MEDICAL CENTER,FL,WEST PALM BEACH,VA Medical Center,3505,10065F,,,Marathon Medical (FFS Approval: 36F79718D0321),7305 N. MILITARY TRAIL,5614228600
skipped-duplicate,a3-biomedical:name+city+state; emina-taylor:name+city+state; expert-medical-sales:name+city+state; lamitina:name+city+state; salmons:name+city+state; southern-surgical:name+city+state; tplconsulting:name+city+state,1211,GOOD SAMARITAN MEDICAL CENTER,FL,WEST PALM BEACH,Hospital/ Medical Center,3505,100287,,,"Vizient (MS1301), Premier (BT-NS-002)",1309 N FLAGLER DR,5616555511
skipped-duplicate,dennehy:name+city+state; dowdy:name+city+state; hagarty:name+city+state; murray:name+city+state,1212,PROVIDENCE CENTRALIA HOSPITAL,WA,CENTRALIA,Hospital/ Medical Center,3503,500019,,,"Vizient (MS1301), Premier (BT-NS-002)",914 S SCHEUBER ROAD,3603308530
skipped-clinic,Urology Clinic,2628,PROVIDENCE UROLOGY CENTRALIA,WA,CENTRALIA,Urology Clinic,3503,,,,Vizient (MS1301),1800 Cooks Hill Rd Ste K,4255253355
skipped-duplicate,activize:name+city+state; parkingangels:name+city+state; proactive:name+city+state; streamline:name+city+state; whisner:name+city+state,1213,PHELPS HOSPITAL,NY,SLEEPY HOLLOW,Hospital/ Medical Center,3499,330261,,,"Vizient (MS1301), Premier (BT-NS-002)",701 NORTH BROADWAY,9143663000
skipped-duplicate,a3-biomedical:ccn:100053; emina-taylor:ccn:100053; expert-medical-sales:ccn:100053; lamitina:ccn:100053; salmons:ccn:100053; southern-surgical:ccn:100053; tplconsulting:ccn:100053,1214,STEWARD HIALEAH HOSPITAL,FL,HIALEAH,Hospital/ Medical Center,3485,100053,,,Vizient (MS1301),651 E 25TH ST,3056936100
skipped-duplicate,activize:name+city+state; parkingangels:name+city+state; proactive:name+city+state; streamline:name+city+state; whisner:name+city+state,1215,MERCY MEDICAL CENTER,NY,ROCKVILLE CENTRE,Hospital/ Medical Center,3481,330259,,,Vizient (MS1301),1000 NORTH VILLAGE AVENUE,5167052525
skipped-duplicate,activize:name+city+state; parkingangels:name+city+state; proactive:name+city+state; streamline:name+city+state; whisner:name+city+state,4451,SYRACUSE VA MEDICAL CENTER,NY,SYRACUSE,VA Medical Center,3478,33024F,,,Marathon Medical (FFS Approval: 36F79718D0321),800 IRVING AVE.,3154254400
skipped-duplicate,lucier:name+city+state; noreaster:name+city+state; pierro:name+city+state; signature-medical:name+city+state; whisner:name+city+state,1216,ST JOSEPH HOSPITAL,NH,NASHUA,Hospital/ Medical Center,3473,300011,,,"Vizient (MS1301), Premier (BT-NS-002)",172 KINSLEY ST,6038823000
skipped-duplicate,franklin-mountain-group:name+city+state; healthcare-cellutions:name+city+state; ju:name+city+state; martinez:name+city+state; meinnovations:name+city+state; sandia:name+city+state; sisco:name+city+state; streit:name+city+state; uromobile:name+city+state,1217,ASCENSION SETON WILLIAMSON,TX,ROUND ROCK,Hospital/ Medical Center,3469,670041,,,Vizient (MS1301),201 SETON PARKWAY,5123240000
skipped-clinic,Urology Clinic,2629,STILLWATER UROLOGY ASSOCIATES,OK,STILLWATER,Urology Clinic,3467,,,,Vizient (MS1301),816 S Pine St,4053773858
skipped-duplicate,klea:name+city+state; streamline:name+city+state,1219,MERCY REGIONAL MEDICAL CENTER,OH,LORAIN,Hospital/ Medical Center,3462,360172,,,"Vizient (MS1301), Premier (BT-NS-002)",3700 KOLBE ROAD,4409604000
skipped-duplicate,dennehy:name+city+state; dowdy:name+city+state; hagarty:name+city+state; murray:name+city+state,1220,PEACEHEALTH ST JOHN MEDICAL CENTER,WA,LONGVIEW,Hospital/ Medical Center,3460,500041,,,"Vizient (MS1301), Premier (BT-NS-002)",1615 DELAWARE STREET,3604142000
skipped-duplicate,franklin-mountain-group:name+city+state; healthcare-cellutions:name+city+state; ju:name+city+state; martinez:name+city+state; meinnovations:name+city+state; sandia:name+city+state; sisco:name+city+state; streit:name+city+state; uromobile:name+city+state,1221,ASCENSION PROVIDENCE,TX,WACO,Hospital/ Medical Center,3459,450042,,,"Vizient (MS1301), Premier (BT-NS-002)",6901 MEDICAL PARKWAY,2547514000
skipped-duplicate,activize:name+city+state; whisner:name+city+state,1222,MONMOUTH MEDICAL CENTER-SOUTHERN CAMPUS,NJ,LAKEWOOD,Hospital/ Medical Center,3449,310084,,,"Vizient (MS1301), Premier (BT-NS-002)",600 RIVER AVE,7323631900
skipped-duplicate,grosjean:name+city+state; jimmerson:name+city+state; lifesource:name+city+state; zenecare:name+city+state,1223,SCRIPPS GREEN HOSPITAL,CA,LA JOLLA,Hospital/ Medical Center,3448,050424,,,Vizient (MS1301),10666 NORTH TORREY PINES ROAD,8585543600
skipped-duplicate,grosjean:name+city+state; jimmerson:name+city+state; lifesource:name+city+state; zenecare:name+city+state,4452,FRESNO VA MEDICAL CENTER (VA CENTRAL CALIFORNIA HEALTHCARE SYSTEM),CA,FRESNO,VA Medical Center,3446,05025F,,,Marathon Medical (FFS Approval: 36F79718D0321),2615 E. CLINTON AVENUE,5592285338
skipped-clinic,Urology Clinic,2630,BLUE RIDGE UROLOGICAL,VA,FISHERSVILLE,Urology Clinic,3443,,,,Vizient (MS1301),70 Medical Center Cir Ste 208,7574132797
skipped-duplicate,activize:name+city+state; ghanem:name+city+state; streamline:name+city+state,1224,ACMH HOSPITAL,PA,KITTANNING,Hospital/ Medical Center,3442,390163,,,Vizient (MS1301),ONE NOLTE DRIVE,7245438500
skipped-duplicate,klea:name+city+state,1225,EPHRAIM MCDOWELL REGIONAL MEDICAL CENTER,KY,DANVILLE,Hospital/ Medical Center,3440,180048,,,"Vizient (MS1301), Premier (BT-NS-002)",217 SOUTH THIRD STREET,8592391000
skipped-duplicate,gptsurgical:name+city+state; healthcare-cellutions:name+city+state; martinez:name+city+state,1226,ALLIANCEHEALTH DURANT,OK,DURANT,Hospital/ Medical Center,3435,370014,,,Vizient (MS1301),1800 UNIVERSITY BOULEVARD,4059243080
skipped-duplicate,lucier:name+city+state; noreaster:name+city+state; parkingangels:name+city+state; pierro:name+city+state; signature-medical:name+city+state; whisner:name+city+state,1227,BETH ISRAEL DEACONESS HOSPITAL - NEEDHAM,MA,NEEDHAM,Hospital/ Medical Center,3423,220083,,,Premier (BT-NS-002),148 CHESTNUT STREET,7814533002
skipped-duplicate,franklin-mountain-group:name+city+state; healthcare-cellutions:name+city+state; ju:name+city+state; martinez:name+city+state; meinnovations:name+city+state; sandia:name+city+state; sisco:name+city+state; streit:name+city+state; uromobile:name+city+state,1229,PETERSON REGIONAL MEDICAL CENTER,TX,KERRVILLE,Hospital/ Medical Center,3417,450007,,,Vizient (MS1301),551 HILL COUNTRY DRIVE,8308964200
skipped-duplicate,ghanem:name+city+state,1230,INOVA FAIR OAKS HOSPITAL,VA,FAIRFAX,Hospital/ Medical Center,3416,490101,,,"Vizient (MS1301), Premier (BT-NS-002)",3600 JOSEPH SIEWICK DRIVE,7033914170
skipped-duplicate,chowning:name+city+state; gptsurgical:name+city+state; greatdane:name+city+state; healthcare-cellutions:name+city+state,1231,WHITE COUNTY MEDICAL CENTER,AR,SEARCY,Hospital/ Medical Center,3409,040014,,,"Vizient (MS1301), Premier (BT-NS-002)",3214 EAST RACE AVENUE,5012783100
skipped-duplicate,gerrard:name+city+state; intuitek:name+city+state; tbmedical:name+city+state,4453,CHARLESTON VA MEDICAL CENTER,SC,CHARLESTON,VA Medical Center,3397,42029F,,,Marathon Medical (FFS Approval: 36F79718D0321),109 BEE STREET,8435775011
skipped-clinic,Urology Clinic,2631,WESTSIDE UROLOGY ASSOCIATES,OR,HILLSBORO,Urology Clinic,3393,,,,Vizient (MS1301),333 Se 7th Ave Ste 4500,5036486611
skipped-duplicate,franklin-mountain-group:name+city+state; healthcare-cellutions:name+city+state; ju:name+city+state; martinez:name+city+state; meinnovations:name+city+state; sandia:name+city+state; sisco:name+city+state; streit:name+city+state; uromobile:name+city+state,1232,ST LUKE'S PATIENTS MEDICAL CENTER,TX,PASADENA,Hospital/ Medical Center,3391,670031,,,Vizient (MS1301),4600 EAST SAM HOUSTON PARKWAY SOUTH,2814870700
skipped-clinic,Urology Clinic,2632,APP UROLOGY - GRANTS PASS,OR,GRANTS PASS,Urology Clinic,3388,,,,Vizient (MS1301),700 Sw Ramsey Ave Ste 101,5415072020
skipped-duplicate,a3-biomedical:name+city+state; emina-taylor:name+city+state; expert-medical-sales:name+city+state; lamitina:name+city+state; salmons:name+city+state; southern-surgical:name+city+state; tplconsulting:name+city+state,1233,NORTH OKALOOSA MEDICAL CENTER,FL,CRESTVIEW,Hospital/ Medical Center,3387,100122,,,"Vizient (MS1301), Premier (BT-NS-002)",151 REDSTONE AVE SE,8506898100
skipped-duplicate,activize:name+city+state; whisner:name+city+state,1234,DEBORAH HEART AND LUNG CENTER,NJ,BROWNS MILLS,Hospital/ Medical Center,3384,310031,,,Vizient (MS1301),200 TRENTON ROAD,6098936611
skipped-duplicate,klea:name+city+state,1235,JENNIE STUART MEDICAL CENTER,KY,HOPKINSVILLE,Hospital/ Medical Center,3381,180051,,,"Vizient (MS1301), Premier (BT-NS-002)",320 WEST 18TH STREET,2708870100
skipped-duplicate,dowdy:name+city+state; hagarty:name+city+state,1236,PROVIDENCE MEDFORD MEDICAL CENTER,OR,MEDFORD,Hospital/ Medical Center,3374,380075,,,Vizient (MS1301),1111 CRATER LAKE AVENUE,5417325000
skipped-duplicate,activize:name+city+state; parkingangels:name+city+state; proactive:name+city+state; streamline:name+city+state; whisner:name+city+state,1237,UNITED MEMORIAL MEDICAL CENTER,NY,BATAVIA,Hospital/ Medical Center,3372,330073,,,"Vizient (MS1301), Premier (BT-NS-002)",127 NORTH STREET,5853436030
skipped-duplicate,klea:name+city+state; streamline:name+city+state,1238,UNIVERSITY HOSPITALS - ELYRIA MEDICAL CENTER,OH,ELYRIA,Hospital/ Medical Center,3370,360145,,,,630 EAST RIVER STREET,4403297500
skipped-duplicate,grosjean:name+city+state; jimmerson:name+city+state; lifesource:name+city+state; zenecare:name+city+state,1239,KAISER FOUNDATION HOSPITAL,CA,SAN RAFAEL,Hospital/ Medical Center,3364,050510,,,Vizient (MS1301),99 MONTECILLO RD,4154442000
skipped-duplicate,dennehy:name+city+state; dowdy:name+city+state; hagarty:name+city+state; murray:name+city+state,1240,TRIOS HEALTH,WA,KENNEWICK,Hospital/ Medical Center,3361,500053,,,"Vizient (MS1301), Premier (BT-NS-002)",3780 PLAZA WAY,5095866111
skipped-duplicate,hagarty:name+city+state,1241,ST PETERS HEALTH,MT,HELENA,Hospital/ Medical Center,3360,270003,,,Vizient (MS1301),2475 BROADWAY,4064422480
skipped-duplicate,acme:name+city+state; sciotex:name+city+state; steimel:name+city+state; stengel:name+city+state,1242,ST LUKES HOSPITAL,IA,CEDAR RAPIDS,Hospital/ Medical Center,3357,160045,,,"Vizient (MS1301), Premier (BT-NS-002)",1026 A AVE NE,3193697211
skipped-duplicate,gerrard:name+city+state; tbmedical:name+city+state,1243,NORTHERN REGIONAL HOSPITAL,NC,MOUNT AIRY,Hospital/ Medical Center,3354,340003,,,"Vizient (MS1301), Premier (BT-NS-002)",830 ROCKFORD ST,3367197000
skipped-duplicate,zenecare:name+city+state,1244,LDS HOSPITAL,UT,SALT LAKE CITY,Hospital/ Medical Center,3347,460006,,,Vizient (MS1301),8TH AVENUE AND C STREET,8014081100
skipped-duplicate,grosjean:name+city+state; jimmerson:name+city+state; lifesource:name+city+state; zenecare:name+city+state,1245,KAISER FOUNDATION HOSPITAL - SOUTH SAN FRANCISCO,CA,SOUTH SAN FRANCISCO,Hospital/ Medical Center,3340,050070,,,"Vizient (MS1301), Premier (BT-NS-002)",1200 EL CAMINO REAL,6507423200
skipped-clinic,Urology Clinic,2633,ALTON UROLOGICAL,IL,ALTON,Urology Clinic,3336,,,,Vizient (MS1301),2 Memorial Dr Ste 101,6184620730
skipped-duplicate,chowning:name+city+state,1246,ALTON MEMORIAL HOSPITAL,IL,ALTON,Hospital/ Medical Center,3336,140002,,,Vizient (MS1301),ONE MEMORIAL DRIVE,3142862227
skipped-duplicate,chowning:name+city+state; stengel:name+city+state,1247,COX MEDICAL CENTER BRANSON,MO,BRANSON,Hospital/ Medical Center,3336,260094,,,,"525 BRANSON LANDING BLVD, PO BOX 650",4173357000
skipped-duplicate,acme:name+city+state; sciotex:name+city+state; steimel:name+city+state; stengel:name+city+state,1248,FINLEY HOSPITAL,IA,DUBUQUE,Hospital/ Medical Center,3333,160117,,,Premier (BT-NS-002),350 NORTH GRANDVIEW AVENUE,5635821881
skipped-duplicate,franklin-mountain-group:name+city+state; healthcare-cellutions:name+city+state; ju:name+city+state; martinez:name+city+state; meinnovations:name+city+state; sandia:name+city+state; sisco:name+city+state; streit:name+city+state; uromobile:name+city+state,1250,DALLAS REGIONAL MEDICAL CENTER,TX,MESQUITE,Hospital/ Medical Center,3330,450688,,,"Vizient (MS1301), Premier (BT-NS-002)",1011 NORTH GALLOWAY AVENUE,2143207000
skipped-duplicate,dowdy:name+city+state; hagarty:name+city+state,1249,SKY LAKES MEDICAL CENTER,OR,KLAMATH FALLS,Hospital/ Medical Center,3330,380050,,,Vizient (MS1301),2865 DAGGETT AVENUE,5418826311
skipped-duplicate,chowning:name+city+state,1251,VISTA MEDICAL CENTER EAST,IL,WAUKEGAN,Hospital/ Medical Center,3328,140084,,,"Vizient (MS1301), Premier (BT-NS-002)",1324 NORTH SHERIDAN ROAD,8473603000
skipped-duplicate,franklin-mountain-group:name+city+state; healthcare-cellutions:name+city+state; ju:name+city+state; martinez:name+city+state; meinnovations:name+city+state; sandia:name+city+state; sisco:name+city+state; streit:name+city+state; uromobile:name+city+state,1252,MISSION REGIONAL MEDICAL CENTER,TX,MISSION,Hospital/ Medical Center,3327,450176,,,Vizient (MS1301),900 SOUTH BRYAN ROAD,9563239000
skipped-clinic,Urology Clinic,2634,SALAMEH UROLOGY INSTITUTE,TX,MISSION,Urology Clinic,3327,,,,Vizient (MS1301),910 S Bryan Rd Ste 202,9564671401
skipped-duplicate,ghanem:name+city+state,1253,MEDSTAR HARBOR HOSPITAL,MD,BALTIMORE,Hospital/ Medical Center,3319,210034,,,Vizient (MS1301),3001 SOUTH  HANOVER STREET,4103503201
skipped-duplicate,ghanem:name+city+state,1254,SENTARA OBICI HOSPITAL,VA,SUFFOLK,Hospital/ Medical Center,3317,490044,,,"Vizient (MS1301), Premier (BT-NS-002)",2800 GODWIN BOULEVARD,7579344000
skipped-duplicate,intuitek:name+city+state,1256,WELLSTAR PAULDING MEDICAL CENTER,GA,HIRAM,Hospital/ Medical Center,3315,110042,,,"Vizient (MS1301), Premier (BT-NS-002)",2518 JIMMY LEE SMITH PARKWAY,4706447000
skipped-clinic,Urology Clinic,2635,WELLSTAR UROLOGY - PAULDING,GA,HIRAM,Urology Clinic,3315,,,,Vizient (MS1301),144 Bill Carruth Pkwy Ste 2300,7704284475
skipped-duplicate,activize:name+city+state; ghanem:name+city+state; streamline:name+city+state,1255,LEHIGH VALLEY HOSPITAL - HAZLETON,PA,HAZLETON,Hospital/ Medical Center,3315,390185,,,Vizient (MS1301),700 EAST BROAD STREET,5705014000
skipped-duplicate,chowning:name+city+state; stengel:name+city+state,1257,MERCY HOSPITAL SOUTHEAST,MO,CAPE GIRARDEAU,Hospital/ Medical Center,3303,260110,,,,1701 LACEY ST,5733344822
skipped-duplicate,gerrard:name+city+state; tbmedical:name+city+state,1258,UNC LENOIR HEALTH CARE,NC,KINSTON,Hospital/ Medical Center,3290,340027,,,"Vizient (MS1301), Premier (BT-NS-002)",100 AIRPORT RD,2525227000
skipped-duplicate,greatdane:name+city+state; southern-surgical:name+city+state,1259,BMH-GOLDEN TRIANGLE,MS,COLUMBUS,Hospital/ Medical Center,3285,250100,,,Vizient (MS1301),2520 5TH STREET N,6622441000
skipped-clinic,Urology Clinic,2636,TRI CITY UROLOGY,MI,SAGINAW,Urology Clinic,3278,,,,Vizient (MS1301),1117 S Washington Ave,9897914020
skipped-duplicate,chowning:name+city+state; stengel:name+city+state,1260,SSM ST JOSEPH HEALTH CENTER,MO,SAINT CHARLES,Hospital/ Medical Center,3274,260005,,,Vizient (MS1301),300 1ST CAPITOL DR,6369475000
skipped-duplicate,franklin-mountain-group:name+city+state; greatdane:name+city+state; richards:name+city+state; southern-surgical:name+city+state; tbmedical:name+city+state,1261,DYERSBURG REGIONAL MEDICAL CENTER,TN,DYERSBURG,Hospital/ Medical Center,3271,440072,,,,400 EAST TICKLE STREET,7312852410
skipped-duplicate,ghanem:name+city+state,1262,BEEBE MEDICAL CENTER,DE,LEWES,Hospital/ Medical Center,3257,080007,,,"Vizient (MS1301), Premier (BT-NS-002)",424 SAVANNAH RD,3026453300
skipped-duplicate,grosjean:name+city+state; jimmerson:name+city+state; lifesource:name+city+state; zenecare:name+city+state,1263,KAISER FOUNDATION HOSPITAL - VACAVILLE,CA,VACAVILLE,Hospital/ Medical Center,3256,050767,,,Vizient (MS1301),1 QUALITY DRIVE,7076244000
skipped-duplicate,franklin-mountain-group:name+city+state; meinnovations:name+city+state; sandia:name+city+state,1264,EASTERN NEW MEXICO MEDICAL CENTER,NM,ROSWELL,Hospital/ Medical Center,3256,320006,,,"Vizient (MS1301), Premier (BT-NS-002)",405 W COUNTRY CLUB ROAD,5756248722
skipped-duplicate,activize:name+city+state; parkingangels:name+city+state; proactive:name+city+state; streamline:name+city+state; whisner:name+city+state,1265,NORTHERN WESTCHESTER HOSPITAL,NY,MOUNT KISCO,Hospital/ Medical Center,3249,330162,,,Premier (BT-NS-002),400 EAST MAIN STREET,9146661200
skipped-duplicate,intuitek:name+city+state,1266,WAYNE MEMORIAL HOSPITAL,GA,JESUP,Hospital/ Medical Center,3249,110124,,,"Vizient (MS1301), Premier (BT-NS-002)",865 SOUTH FIRST STREET,9124276811
skipped-clinic,Urology Clinic,2637,WESTCHESTER MEDICAL - NORTHWELL UROLOGY,NY,MOUNT KISCO,Urology Clinic,3249,,,,"Vizient (MS1301), Premier (BT-NS-002)",666 Lexington Ave Ste 100,9146664742
skipped-clinic,Urology Clinic,2638,HPS UROLOGY,MA,SOUTHBRIDGE,Urology Clinic,3238,,,,Vizient (MS1301),94 South St Ste 1,5083477585
skipped-duplicate,lucier:name+city+state; noreaster:name+city+state; parkingangels:name+city+state; pierro:name+city+state; signature-medical:name+city+state; whisner:name+city+state,1267,UMASS MEMORIAL HEALTH - HARRINGTON HOSPITAL,MA,SOUTHBRIDGE,Hospital/ Medical Center,3238,220019,,,"Vizient (MS1301), Premier (BT-NS-002)",100 SOUTH STREET,5087659771
skipped-duplicate,activize:name+city+state; ghanem:name+city+state; streamline:name+city+state,1268,EXCELA HEALTH LATROBE HOSPITAL,PA,LATROBE,Hospital/ Medical Center,3238,390219,,,,ONE MELLON WAY,7248324000
skipped-clinic,Urology Clinic,2639,UROLOGY TOURO CLINIC,LA,NEW ORLEANS,Urology Clinic,3232,,,,Vizient (MS1301),1430 Tulane Ave,5049882750
skipped-duplicate,healthcare-cellutions:name+city+state; sisco:name+city+state; southern-surgical:name+city+state,1269,TOURO INFIRMARY,LA,NEW ORLEANS,Hospital/ Medical Center,3232,190046,,,"Vizient (MS1301), Premier (BT-NS-002)",1401 FOUCHER STREET,5048978247
skipped-duplicate,a3-biomedical:name+city+state; emina-taylor:name+city+state; expert-medical-sales:name+city+state; lamitina:name+city+state; salmons:name+city+state; southern-surgical:name+city+state; tplconsulting:name+city+state,1270,ADVENTHEALTH HEART OF FLORIDA,FL,DAVENPORT,Hospital/ Medical Center,3230,100137,,,"Vizient (MS1301), Premier (BT-NS-002)",40100 HWY 27,8634224971
skipped-duplicate,grosjean:name+city+state; jimmerson:name+city+state; lifesource:name+city+state; zenecare:name+city+state,1271,LOS ANGELES COMMUNITY HOSPITAL,CA,LOS ANGELES,Hospital/ Medical Center,3229,050663,,,"Vizient (MS1301), Premier (BT-NS-002)",4081 E OLYMPIC BLVD,3232670477
skipped-duplicate,activize:name+city+state; whisner:name+city+state,1272,CLARA MAASS MEDICAL CENTER,NJ,BELLEVILLE,Hospital/ Medical Center,3229,310009,,,Vizient (MS1301),ONE CLARA MAASS DRIVE,9734502000
skipped-duplicate,dowdy:name+city+state; hagarty:name+city+state,1273,LEGACY MOUNT HOOD MEDICAL CENTER,OR,GRESHAM,Hospital/ Medical Center,3224,380025,,,Vizient (MS1301),24800 SE STARK STREET,5036741122
skipped-clinic,Urology Clinic,2640,UNIVERSITY UROLOGY ASSOCIATES OF NJ-HAMILTON,NJ,HAMILTON,Urology Clinic,3223,,,,Vizient (MS1301),1374 Whitehorse Hamilton Sq Rd,6095815900
skipped-duplicate,activize:name+city+state; whisner:name+city+state,1274,ROBERT WOOD JOHNSON UNIVERSITY HOSPITAL AT HAMILTON,NJ,HAMILTON,Hospital/ Medical Center,3223,310110,,,,ONE HAMILTON HEALTH PLACE,6095867900
skipped-clinic,Urology Clinic,2641,COASTAL CAROLINA UROLOGY,SC,BEAUFORT,Urology Clinic,3220,,,,Vizient (MS1301),1055 Ribaut Rd Ste 10,8435225200
skipped-duplicate,lucier:name+city+state; noreaster:name+city+state; parkingangels:name+city+state; pierro:name+city+state; signature-medical:name+city+state; whisner:name+city+state,1275,BETH ISRAEL DEACONESS HOSPITAL - MILTON,MA,MILTON,Hospital/ Medical Center,3217,220108,,,,199 REEDSDALE ROAD,6176964600
skipped-duplicate,chowning:name+city+state,1276,CARLE BROMENN MEDICAL CENTER,IL,NORMAL,Hospital/ Medical Center,3216,140127,,,"Vizient (MS1301), Premier (BT-NS-002)",1304 FRANKLIN AVENUE,3094541400
skipped-duplicate,franklin-mountain-group:name+city+state; healthcare-cellutions:name+city+state; ju:name+city+state; martinez:name+city+state; meinnovations:name+city+state; sandia:name+city+state; sisco:name+city+state; streit:name+city+state; uromobile:name+city+state,1277,UT HEALTH EAST TEXAS ATHENS HOSPITAL,TX,ATHENS,Hospital/ Medical Center,3214,450389,,,Premier (BT-NS-002),2000 SOUTH PALESTINE ST,9036761000
skipped-duplicate,noreaster:name+city+state; parkingangels:name+city+state; signature-medical:name+city+state,4454,PROVIDENCE VA MEDICAL CENTER,RI,PROVIDENCE,VA Medical Center,3210,41005F,,,Marathon Medical (FFS Approval: 36F79718D0321),830 CHALKSTONE AVENUE,4014573042
skipped-clinic,Urology Clinic,2642,NORTHWEST SUBURBAN UROLOGY ASSOCIATES,IL,ELK GROVE VILLAGE,Urology Clinic,3209,,,,Vizient (MS1301),800 Biesterfield Rd Ste 303,8475930404
skipped-duplicate,chowning:name+city+state,4455,JESSE BROWN VA MEDICAL CENTER - VA CHICAGO HEALTHCARE SYSTEM,IL,CHICAGO,VA Medical Center,3209,14003F,,,Marathon Medical (FFS Approval: 36F79718D0321),820 S DAMEN STREET,3125698387
skipped-duplicate,chowning:name+city+state,1278,COMMUNITY FIRST MEDICAL CENTER,IL,CHICAGO,Hospital/ Medical Center,3209,140251,,,"Vizient (MS1301), Premier (BT-NS-002)",5645 W ADDISON STREET,7732827000
skipped-duplicate,gptsurgical:name+city+state; healthcare-cellutions:name+city+state; martinez:name+city+state,1279,NORTHEASTERN HEALTH SYSTEM,OK,TAHLEQUAH,Hospital/ Medical Center,3201,370089,,,,1400 EAST DOWNING STREET,9184560641
skipped-duplicate,a3-biomedical:name+city+state; emina-taylor:name+city+state; expert-medical-sales:name+city+state; lamitina:name+city+state; salmons:name+city+state; southern-surgical:name+city+state; tplconsulting:name+city+state,1280,ORLANDO HEALTH SOUTH LAKE HOSPITAL,FL,CLERMONT,Hospital/ Medical Center,3200,100051,,,"Vizient (MS1301), Premier (BT-NS-002)",1900 DON WICKHAM DR,3523944071
skipped-duplicate,activize:name+city+state; ghanem:name+city+state; streamline:name+city+state,1281,UPMC CARLISLE,PA,CARLISLE,Hospital/ Medical Center,3199,390058,,,"Vizient (MS1301), Premier (BT-NS-002)",361 ALEXANDER SPRING ROAD,7172491212
skipped-clinic,Urology Clinic,2643,ARKANSAS UROLOGY BENTON,AR,BENTON,Urology Clinic,3195,,,,Vizient (MS1301),5 Medical Park Dr Ste Gl3,5017763288
skipped-clinic,Urology Clinic,2644,ATLANTIC UROLOGICAL INSTITUTE - NEW SMYRNA B,FL,NEW SMYRNA BEACH,Urology Clinic,3195,,,,Vizient (MS1301),506 Palmetto St,3864279554
skipped-duplicate,lucier:name+city+state; noreaster:name+city+state; parkingangels:name+city+state; pierro:name+city+state; signature-medical:name+city+state; whisner:name+city+state,1283,FALMOUTH HOSPITAL,MA,FALMOUTH,Hospital/ Medical Center,3194,220135,,,,67 & 100 TER HEUN DRIVE,5085485300
skipped-duplicate,activize:name+city+state; whisner:name+city+state,1284,PALISADES MEDICAL CENTER,NJ,NORTH BERGEN,Hospital/ Medical Center,3191,310003,,,"Vizient (MS1301), Premier (BT-NS-002)",7600 RIVER RD,2018545000
skipped-duplicate,lucier:name+city+state; noreaster:name+city+state; parkingangels:name+city+state; pierro:name+city+state; signature-medical:name+city+state; whisner:name+city+state,1285,UMASS MEMORIAL HEALTHCARE-MARLBOROUGH HOSPITAL,MA,MARLBOROUGH,Hospital/ Medical Center,3188,220049,,,"Vizient (MS1301), Premier (BT-NS-002)",157 UNION STREET,5084815000
skipped-duplicate,klea:name+city+state,1286,DEACONESS HENDERSON HOSPITAL,KY,HENDERSON,Hospital/ Medical Center,3185,180056,,,Vizient (MS1301),1305 N ELM ST,2708277700
skipped-duplicate,activize:name+city+state; ghanem:name+city+state; streamline:name+city+state,1288,AHN WEXFORD HOSPITAL,PA,WEXFORD,Hospital/ Medical Center,3178,390334,,,Vizient (MS1301),12351 PERRY HIGHWAY,4122953319
skipped-duplicate,lucier:name+city+state; noreaster:name+city+state; parkingangels:name+city+state; pierro:name+city+state; signature-medical:name+city+state; whisner:name+city+state,1289,ST VINCENT HOSPITAL,MA,WORCESTER,Hospital/ Medical Center,3174,220176,,,"Vizient (MS1301), Premier (BT-NS-002)",123 SUMMER STREET,5083635000
skipped-duplicate,klea:name+city+state,1290,NORTON-KING'S DAUGHTERS' HEALTH,IN,MADISON,Hospital/ Medical Center,3172,150069,,,Premier (BT-NS-002),1373 EAST SR 62,8128010800
skipped-duplicate,klea:name+city+state; streamline:name+city+state,1292,UPPER VALLEY MEDICAL CENTER,OH,TROY,Hospital/ Medical Center,3167,360174,,,"Vizient (MS1301), Premier (BT-NS-002)",3130 N DIXIE HIGHWAY,9374407853
skipped-duplicate,chowning:name+city+state,1293,FHN MEMORIAL HOSPITAL,IL,FREEPORT,Hospital/ Medical Center,3163,140160,,,Vizient (MS1301),1045 WEST STEPHENSON STREET,8155996000
skipped-duplicate,grosjean:name+city+state; jimmerson:name+city+state; lifesource:name+city+state; zenecare:name+city+state,1294,GLENDALE MEM HOSPITAL & HLTH CENTER,CA,GLENDALE,Hospital/ Medical Center,3155,050058,,,"Vizient (MS1301), Premier (BT-NS-002)",1420 S CENTRAL AVE,8185021900
skipped-duplicate,chowning:name+city+state; stengel:name+city+state,1295,HANNIBAL REGIONAL HOSPITAL,MO,HANNIBAL,Hospital/ Medical Center,3151,260025,,,"Vizient (MS1301), Premier (BT-NS-002)",6000 HOSPITAL DR,5732481300
skipped-clinic,Urology Clinic,2645,UROLOGICAL CLINIC OF TITUSVILLE,FL,TITUSVILLE,Urology Clinic,3146,,,,Vizient (MS1301),500 N Washington Ave Ste 206,3212676796
skipped-clinic,Urology Clinic,2646,CAMBRIDGE UROLOGICAL ASSOCIATES,MA,CAMBRIDGE,Urology Clinic,3144,,,,Vizient (MS1301),300 Mount Auburn St Ste 519,6175474400
skipped-duplicate,intuitek:name+city+state,1296,PIEDMONT CARTERSVILLE MEDICAL CENTER,GA,CARTERSVILLE,Hospital/ Medical Center,3143,110030,,,"Vizient (MS1301), Premier (BT-NS-002)",960 JOE FRANK HARRIS PARKWAY,4704901000
skipped-duplicate,activize:name+city+state; whisner:name+city+state,1297,ROBERT WOOD JOHNSON UNIVERSITY HOSPITAL AT RAHWAY,NJ,RAHWAY,Hospital/ Medical Center,3137,310024,,,"Vizient (MS1301), Premier (BT-NS-002)",865 STONE ST,7323814200
skipped-duplicate,lucier:name+city+state; noreaster:name+city+state; parkingangels:name+city+state; pierro:name+city+state; signature-medical:name+city+state; whisner:name+city+state,1298,WINCHESTER HOSPITAL,MA,WINCHESTER,Hospital/ Medical Center,3130,220105,,,"Vizient (MS1301), Premier (BT-NS-002)",41 HIGHLAND AVENUE,7817299000
skipped-duplicate,activize:name+city+state; ghanem:name+city+state; streamline:name+city+state,1299,PENN STATE HEALTH LANCASTER MEDICAL CENTER,PA,LANCASTER,Hospital/ Medical Center,3124,390339,,,Vizient (MS1301),2160 STATE ROAD,2232879000
skipped-duplicate,franklin-mountain-group:name+city+state; healthcare-cellutions:name+city+state; ju:name+city+state; martinez:name+city+state; meinnovations:name+city+state; sandia:name+city+state; sisco:name+city+state; streit:name+city+state; uromobile:name+city+state,1300,TEXAS HEALTH PRESBYTERIAN HOSPITAL DENTON,TX,DENTON,Hospital/ Medical Center,3117,450743,,,Premier (BT-NS-002),3000 N I-35,9408987000
skipped-clinic,Urology Clinic,2647,NEWARK WAYNE UROLOGY PLLC,NY,NEWARK,Urology Clinic,3113,,,,Vizient (MS1301),1201 Driving Park Ave,3153592690
skipped-duplicate,greatdane:name+city+state; southern-surgical:name+city+state,1302,MERIT HEALTH RIVER OAKS,MS,FLOWOOD,Hospital/ Medical Center,3101,250138,,,"Vizient (MS1301), Premier (BT-NS-002)",1030 RIVER OAKS DRIVE,6019321030
skipped-duplicate,a3-biomedical:name+city+state; emina-taylor:name+city+state; expert-medical-sales:name+city+state; lamitina:name+city+state; salmons:name+city+state; southern-surgical:name+city+state; tplconsulting:name+city+state,1301,HCA FLORIDA NORTHWEST HOSPITAL,FL,MARGATE,Hospital/ Medical Center,3101,100189,,,"Vizient (MS1301), Premier (BT-NS-002)",2801 N STATE RD 7,9549740400
skipped-clinic,Urology Clinic,2648,SENTARA UROLOGY SPEC-CHARLOTTESVILLE,VA,CHARLOTTESVILLE,Urology Clinic,3098,,,,Vizient (MS1301),500 Martha Jefferson Dr,7574132700
skipped-duplicate,activize:name+city+state; whisner:name+city+state,1303,SOUTHERN OCEAN MEDICAL CENTER,NJ,MANAHAWKIN,Hospital/ Medical Center,3098,310113,,,Vizient (MS1301),1140 RT 72 W,6095976011
skipped-duplicate,dennehy:name+city+state; dowdy:name+city+state; hagarty:name+city+state; murray:name+city+state,1305,CAPITAL MEDICAL CENTER,WA,OLYMPIA,Hospital/ Medical Center,3091,500139,,,Vizient (MS1301),3900 CAPITAL MALL DR SW,3609562550
skipped-clinic,Urology Clinic,2649,THE CENTER FOR UROLOGICAL CARE,PA,MONONGAHELA,Urology Clinic,3086,,,,Vizient (MS1301),1029 Country Club Rd Ste 205,7242580102
skipped-duplicate,gptsurgical:name+city+state; healthcare-cellutions:name+city+state; martinez:name+city+state,1306,SSM HEALTH ST ANTHONY HOSPITAL - MIDWEST,OK,MIDWEST CITY,Hospital/ Medical Center,3079,370094,,,"Vizient (MS1301), Premier (BT-NS-002)",2825 PARKLAWN DRIVE,4056104411
skipped-duplicate,chowning:name+city+state,1307,ST MARY MEDICAL CENTER,IL,GALESBURG,Hospital/ Medical Center,3078,140064,,,Premier (BT-NS-002),3333 NORTH SEMINARY,3093443161
skipped-duplicate,gerrard:name+city+state; tbmedical:name+city+state,1308,NOVANT HEALTH ROWAN MEDICAL CENTER,NC,SALISBURY,Hospital/ Medical Center,3072,340015,,,"Vizient (MS1301), Premier (BT-NS-002)",612 MOCKSVILLE AVE,7042105000
skipped-duplicate,gerrard:ccn:34017F; tbmedical:ccn:34017F,4457,WG (BILL) HEFNER SALISBURY VA MEDICAL CENTER (SALSBURY),NC,SALISBURY,VA Medical Center,3072,34017F,,,Marathon Medical (FFS Approval: 36F79718D0321),1601 BRENNER AVENUE,7046389000
skipped-duplicate,chowning:name+city+state,1309,HEARTLAND REGIONAL MEDICAL CENTER,IL,MARION,Hospital/ Medical Center,3071,140184,,,Vizient (MS1301),3333 W DEYOUNG,6189987000
skipped-duplicate,intuitek:name+city+state,1311,PIEDMONT ROCKDALE HOSPITAL,GA,CONYERS,Hospital/ Medical Center,3071,110091,,,Vizient (MS1301),"1412 MILSTEAD AVENUE, NE",7709183000
skipped-duplicate,chowning:name+city+state,4458,MARION IL VA MEDICAL CENTER,IL,MARION,VA Medical Center,3071,14008F,,,Marathon Medical (FFS Approval: 36F79718D0321),2401 WEST MAIN,6189975311
skipped-clinic,Urology Clinic,2650,GEORGIA UROLOGY CONYERS,GA,CONYERS,Urology Clinic,3071,,,,Vizient (MS1301),1501 Milstead Rd Ne Ste 100,4042923727
skipped-duplicate,klea:name+city+state; streamline:name+city+state,1310,DAVIS MEDICAL CENTER,WV,ELKINS,Hospital/ Medical Center,3071,510030,,,"Vizient (MS1301), Premier (BT-NS-002)",812 GORMAN AVENUE,3046363300
skipped-duplicate,dowdy:name+city+state; hagarty:name+city+state,1312,KAISER FOUNDATION HOSPITAL WESTSIDE,OR,HILLSBORO,Hospital/ Medical Center,3069,380103,,,Vizient (MS1301),2875 NW STUCKI AVE,9713100100
skipped-clinic,Urology Clinic,2651,CANCER CLINICS OF NORTH TEXAS,TX,SUNNYVALE,Urology Clinic,3058,,,,Vizient (MS1301),129 N Collins Rd Ste 2207,4695476541
skipped-duplicate,franklin-mountain-group:name+city+state; healthcare-cellutions:name+city+state; ju:name+city+state; martinez:name+city+state; meinnovations:name+city+state; sandia:name+city+state; sisco:name+city+state; streit:name+city+state; uromobile:name+city+state,1313,BAYLOR SCOTT AND WHITE MEDICAL CENTER SUNNYVALE,TX,SUNNYVALE,Hospital/ Medical Center,3058,670060,,,,231 SOUTH COLLINS ROAD,9728923000
skipped-duplicate,franklin-mountain-group:name+city+state; greatdane:name+city+state; richards:name+city+state; southern-surgical:name+city+state; tbmedical:name+city+state,1314,GREENEVILLE COMMUNITY HOSPITAL,TN,GREENEVILLE,Hospital/ Medical Center,3052,440050,,,"Vizient (MS1301), Premier (BT-NS-002)",1420 TUSCULUM BOULEVARD,4236393151
skipped-duplicate,klea:name+city+state; streamline:name+city+state,1315,WOOSTER COMMUNITY HOSPITAL,OH,WOOSTER,Hospital/ Medical Center,3051,360036,,,,1761 BEALL AVENUE,3302638348
skipped-duplicate,greatdane:name+city+state; southern-surgical:name+city+state,1316,CRESTWOOD MEDICAL CENTER,AL,HUNTSVILLE,Hospital/ Medical Center,3050,010131,,,,ONE HOSPITAL DR SE,2564294000
skipped-duplicate,acme:name+city+state; sciotex:name+city+state; steimel:name+city+state; stengel:name+city+state,1317,MERCYONE CLINTON MEDICAL CENTER,IA,CLINTON,Hospital/ Medical Center,3049,160080,,,,1410 NORTH 4TH STREET,5632445555
skipped-duplicate,activize:name+city+state; ghanem:name+city+state; streamline:name+city+state,1318,GEISINGER-LEWISTOWN HOSPITAL,PA,LEWISTOWN,Hospital/ Medical Center,3047,390048,,,Vizient (MS1301),400 HIGHLAND AVENUE,7172485411
skipped-duplicate,grosjean:name+city+state; jimmerson:name+city+state; lifesource:name+city+state; zenecare:name+city+state,1319,SHERMAN OAKS HOSPITAL,CA,SHERMAN OAKS,Hospital/ Medical Center,3039,050755,,,"Vizient (MS1301), Premier (BT-NS-002)",4929 VAN NUYS BLVD,8189817111
skipped-duplicate,a3-biomedical:name+city+state; emina-taylor:name+city+state; expert-medical-sales:name+city+state; lamitina:name+city+state; salmons:name+city+state; southern-surgical:name+city+state; tplconsulting:name+city+state,1320,HCA FLORIDA SOUTH SHORE HOSPITAL,FL,SUN CITY CENTER,Hospital/ Medical Center,3038,100259,,,"Vizient (MS1301), Premier (BT-NS-002)",4016 SUN CITY CENTER BLVD,8136343301
skipped-duplicate,activize:name+city+state; parkingangels:name+city+state; proactive:name+city+state; streamline:name+city+state; whisner:name+city+state,1321,WYCKOFF HEIGHTS MEDICAL CENTER,NY,BROOKLYN,Hospital/ Medical Center,3030,330221,,,"Vizient (MS1301), Premier (BT-NS-002)",374 STOCKHOLM STREET,7189637272
skipped-duplicate,acme:name+city+state; sciotex:name+city+state; wood:name+city+state,1322,AVERA ST LUKES,SD,ABERDEEN,Hospital/ Medical Center,3028,430014,,,,305 S STATE ST  POST OFFICE BOX 4450,6056225000
skipped-clinic,Urology Clinic,2652,COVINA VALLEY UROLOGY,CA,SAN DIMAS,Urology Clinic,3022,,,,Vizient (MS1301),1330 W Covina Blvd Ste 104,2157459203
skipped-duplicate,gerrard:name+city+state; intuitek:name+city+state; tbmedical:name+city+state,1323,BON SECOURS-ST FRANCIS XAVIER HOSPITAL,SC,CHARLESTON,Hospital/ Medical Center,3019,420065,,,"Vizient (MS1301), Premier (BT-NS-002)",2095 HENRY TECKLENBURG DRIVE,8434021006
skipped-duplicate,activize:ccn:390012; ghanem:ccn:390012; streamline:ccn:390012,1324,LANSDALE HOSPITAL,PA,LANSDALE,Hospital/ Medical Center,3017,390012,,,"Vizient (MS1301), Premier (BT-NS-002)",100 MEDICAL CAMPUS DRIVE,2153682100
skipped-duplicate,chowning:name+city+state; gptsurgical:name+city+state; greatdane:name+city+state; healthcare-cellutions:name+city+state,1325,BAPTIST HEALTH MEDICAL CENTER- CONWAY,AR,CONWAY,Hospital/ Medical Center,3013,040154,,,Vizient (MS1301),1555 EXCHANGE AVENUE,5015852000
skipped-clinic,Urology Clinic,2653,GRMG UROLOGY,TX,SEGUIN,Urology Clinic,3011,,,,Vizient (MS1301),1255 Ashby St Ste A,8303792411
skipped-duplicate,gerrard:name+city+state; intuitek:name+city+state; tbmedical:name+city+state,1327,MUSC HEALTH LANCASTER MEDICAL CENTER,SC,LANCASTER,Hospital/ Medical Center,3003,420036,,,"Vizient (MS1301), Premier (BT-NS-002)",800 W MEETING ST,8032861481
skipped-duplicate,acme:name+city+state; sciotex:name+city+state; steimel:name+city+state; stengel:name+city+state,1326,TRINITY REGIONAL MEDICAL CENTER,IA,FORT DODGE,Hospital/ Medical Center,3003,160016,,,"Vizient (MS1301), Premier (BT-NS-002)",802 KENYON RD,5155733101
skipped-clinic,Urology Clinic,2654,UROLOGY ASSOCIATES SOUTHERN HILLS,TN,NASHVILLE,Urology Clinic,2998,,,,"Vizient (MS1301), Premier (BT-NS-002)",393 Wallace Rd Ste 400,6152509350
skipped-clinic,Urology Clinic,2655,UROLOGY CENTER OF PALM BEACH,FL,LOXAHATCHEE,Urology Clinic,2997,,,,Vizient (MS1301),13005 Southern Blvd Ste 135 Bldg 1,5616151234
skipped-duplicate,zenecare:name+city+state,1328,HONORHEALTH SCOTTSDALE THOMPSON PEAK MED CTR,AZ,SCOTTSDALE,Hospital/ Medical Center,2993,030123,,,Vizient (MS1301),7400 EAST THOMPSON PEAK PARKWAY,4803247001
skipped-duplicate,grosjean:name+city+state; jimmerson:name+city+state; lifesource:name+city+state; zenecare:name+city+state,1329,KAISER FOUNDATION HOSPITAL - ANTIOCH,CA,ANTIOCH,Hospital/ Medical Center,2992,050760,,,"Vizient (MS1301), Premier (BT-NS-002)",4501 SAND CREEK ROAD,9258136500
skipped-duplicate,klea:name+city+state,1330,THE MEDICAL CENTER (BOWLING GREEN),KY,BOWLING GREEN,Hospital/ Medical Center,2982,180013,,,Premier (BT-NS-002),250 PARK STREET,2707451000
skipped-clinic,Urology Clinic,2656,ADVANCED UROLOGY OF CENTRAL FLORIDA-REINE JR ALDEN H,FL,OCOEE,Urology Clinic,2976,,,,Vizient (MS1301),10000 W Colonial Dr Ste 382,4072968082
skipped-duplicate,lucier:name+city+state; noreaster:name+city+state; parkingangels:name+city+state; pierro:name+city+state; signature-medical:name+city+state; whisner:name+city+state,1331,BRISTOL HOSPITAL,CT,BRISTOL,Hospital/ Medical Center,2974,070029,,,"Vizient (MS1301), Premier (BT-NS-002)",41 BREWSTER RD,8605853000
skipped-duplicate,whittiker:name+city+state,1332,LONGS PEAK HOSPITAL,CO,LONGMONT,Hospital/ Medical Center,2970,060128,,,"Vizient (MS1301), Premier (BT-NS-002)",1750 E KEN PRATT BLVD,7207183005
skipped-clinic,Urology Clinic,2657,SOUTHEAST IDAHO UROLOGY,ID,IDAHO FALLS,Urology Clinic,2970,,,,"Vizient (MS1301), Premier (BT-NS-002)",2330 Coronado,2085281000
skipped-clinic,Urology Clinic,2658,BALBOA UNITED - OS,CA,OCEANSIDE,Urology Clinic,2969,,,,Vizient (MS1301),3300 Vista Way Ste B,7609679900
skipped-clinic,Urology Clinic,2659,UROLOGY PONCA CITY,OK,PONCA CITY,Urology Clinic,2962,,,,Vizient (MS1301),1908 N 14th St Ste 202,5807653321
skipped-duplicate,lucier:name+city+state; noreaster:name+city+state; parkingangels:name+city+state; pierro:name+city+state; signature-medical:name+city+state; whisner:name+city+state,1334,STURDY MEMORIAL HOSPITAL,MA,ATTLEBORO,Hospital/ Medical Center,2953,220008,,,"Vizient (MS1301), Premier (BT-NS-002)",211 PARK STREET,5082225200
skipped-clinic,Urology Clinic,2660,CENTRAL OHIO UROLOGY GROUP - MT VERNON,OH,MOUNT VERNON,Urology Clinic,2952,,,,Vizient (MS1301),1330 Coshocton Ave,6143962684
skipped-duplicate,gptsurgical:name+city+state; healthcare-cellutions:name+city+state; martinez:name+city+state,4459,MUSKOGEE VA MEDICAL CENTER,OK,MUSKOGEE,VA Medical Center,2952,37012F,,,Marathon Medical (FFS Approval: 36F79718D0321),1011 HONOR HEIGHTS DRIVE,9185773000
skipped-clinic,Urology Clinic,2661,ADVANCED UROLOGY & WELLNESS CENTER MUSKOGEE,OK,MUSKOGEE,Urology Clinic,2952,,,,Vizient (MS1301),4200 W Okmulgee St,9185773000
skipped-clinic,Urology Clinic,2662,UROLOGY OF INDIANA - HOLLENSBE,IN,CARMEL,Urology Clinic,2946,,,,Vizient (MS1301),12188a N Meridian St Ste 200,3175645100
skipped-duplicate,grosjean:name+city+state; jimmerson:name+city+state; lifesource:name+city+state; zenecare:name+city+state,1335,KAISER FOUNDATION HOSPITAL - REDWOOD CITY,CA,REDWOOD CITY,Hospital/ Medical Center,2937,050541,,,Vizient (MS1301),1100 VETERANS BOULEVARD,6502992000
skipped-duplicate,ghanem:name+city+state,1336,COMMUNITY MEMORIAL HOSPITAL,VA,SOUTH HILL,Hospital/ Medical Center,2934,490098,,,"Vizient (MS1301), Premier (BT-NS-002)",1755 NORTH MECKLENBURG AVENUE,4344473151
skipped-clinic,Urology Clinic,2663,HUNTERDON UROLOGICAL ASSOCIATES-KERN ALLEN MD,NJ,FLEMINGTON,Urology Clinic,2932,,,,Vizient (MS1301),121 State Route 31 Ste 1200,9087820019
skipped-clinic,Urology Clinic,2664,HUNTERDON UROLOGICAL ASSOC - BRIDGEWATER,NJ,BRIDGEWATER,Urology Clinic,2932,,,,Vizient (MS1301),1121 Us Highway 22 Ste 202,9087886100
skipped-duplicate,activize:name+city+state; whisner:name+city+state,1337,HUNTERDON MEDICAL CENTER,NJ,FLEMINGTON,Hospital/ Medical Center,2932,310005,,,Vizient (MS1301),2100 WESCOTT DRIVE,9087886100
skipped-clinic,Urology Clinic,2665,SIERRA VIEW UROLOGY CENTER,CA,PORTERVILLE,Urology Clinic,2926,,,,Vizient (MS1301),557 W Morton Ave Unit C,5597899973
skipped-duplicate,grosjean:name+city+state; jimmerson:name+city+state; lifesource:name+city+state; zenecare:name+city+state,1338,SIERRA VIEW MEDICAL CENTER,CA,PORTERVILLE,Hospital/ Medical Center,2926,050261,,,"Vizient (MS1301), Premier (BT-NS-002)",465 W PUTNAM AVE,5597841110
skipped-duplicate,greatdane:name+city+state; southern-surgical:name+city+state,1339,OCHSNER RUSH HOSPITAL,MS,MERIDIAN,Hospital/ Medical Center,2926,250069,,,"Vizient (MS1301), Premier (BT-NS-002)",1314 19TH AVE,6014830011
skipped-duplicate,klea:ccn:150009,1340,CLARK MEMORIAL HOSPITAL,IN,JEFFERSONVILLE,Hospital/ Medical Center,2924,150009,,,"Vizient (MS1301), Premier (BT-NS-002)",1220 MISSOURI AVE,8122832147
skipped-duplicate,acme:name+city+state; sciotex:name+city+state; wood:name+city+state,1341,CHI ST ALEXIUS HEALTH,ND,BISMARCK,Hospital/ Medical Center,2918,350002,,,"Vizient (MS1301), Premier (BT-NS-002)",900 E BROADWAY,7015307000
skipped-duplicate,activize:name+city+state; ghanem:name+city+state; streamline:name+city+state,1342,PHOENIXVILLE HOSPITAL,PA,PHOENIXVILLE,Hospital/ Medical Center,2914,390127,,,Vizient (MS1301),140 NUTT ROAD,6109831000
skipped-duplicate,intuitek:name+city+state,1343,PIEDMONT COLUMBUS REGIONAL NORTHSIDE,GA,COLUMBUS,Hospital/ Medical Center,2912,110200,,,Vizient (MS1301),100 FRIST COURT,7064942101
skipped-duplicate,activize:name+city+state; parkingangels:name+city+state; proactive:name+city+state; streamline:name+city+state; whisner:name+city+state,1344,NICHOLAS H NOYES MEMORIAL HOSPITAL,NY,DANSVILLE,Hospital/ Medical Center,2910,330238,,,"Vizient (MS1301), Premier (BT-NS-002)",111  CLARA BARTON STREET,5853356001
skipped-duplicate,grosjean:name+city+state; jimmerson:name+city+state; lifesource:name+city+state; zenecare:name+city+state,1345,ADVENTIST HEALTH SIMI VALLEY,CA,SIMI VALLEY,Hospital/ Medical Center,2909,050236,,,"Vizient (MS1301), Premier (BT-NS-002)",2975 N SYCAMORE DR,8059556000
skipped-duplicate,intuitek:name+city+state,1346,PIEDMONT EASTSIDE MEDICAL CENTER,GA,SNELLVILLE,Hospital/ Medical Center,2906,110192,,,"Vizient (MS1301), Premier (BT-NS-002)",1700 MEDICAL WAY,7709790200
skipped-duplicate,lucier:name+city+state; noreaster:name+city+state; parkingangels:name+city+state; pierro:name+city+state; signature-medical:name+city+state; whisner:name+city+state,1347,CAMBRIDGE HEALTH ALLIANCE,MA,CAMBRIDGE,Hospital/ Medical Center,2903,220011,,,Vizient (MS1301),1493 CAMBRIDGE STREET,6176651000
skipped-duplicate,grosjean:name+city+state; jimmerson:name+city+state; lifesource:name+city+state; zenecare:name+city+state,1348,ADVENTIST HEALTH SONORA,CA,SONORA,Hospital/ Medical Center,2899,050335,,,"Vizient (MS1301), Premier (BT-NS-002)",1000 GREENLEY ROAD,2095365000
skipped-clinic,Urology Clinic,2666,OCONEE UROLOGY,SC,SENECA,Urology Clinic,2895,,,,"Vizient (MS1301), Premier (BT-NS-002)",135 Professional Park Dr,8288378877
skipped-duplicate,a3-biomedical:name+city+state; emina-taylor:name+city+state; expert-medical-sales:name+city+state; lamitina:name+city+state; salmons:name+city+state; southern-surgical:name+city+state; tplconsulting:name+city+state,1349,SANTA ROSA MEDICAL CENTER,FL,MILTON,Hospital/ Medical Center,2895,100124,,,"Vizient (MS1301), Premier (BT-NS-002)",6002 BERRYHILL RD,8506267762
skipped-duplicate,gerrard:name+city+state; intuitek:name+city+state; tbmedical:name+city+state,1350,PRISMA HEALTH OCONEE MEMORIAL HOSPITAL,SC,SENECA,Hospital/ Medical Center,2895,420009,,,"Vizient (MS1301), Premier (BT-NS-002)",298 MEMORIAL DR,8644823100
skipped-duplicate,franklin-mountain-group:name+city+state; greatdane:name+city+state; richards:name+city+state; southern-surgical:name+city+state; tbmedical:name+city+state,1351,SWEETWATER HOSPITAL ASSOCIATION,TN,SWEETWATER,Hospital/ Medical Center,2881,440084,,,"Vizient (MS1301), Premier (BT-NS-002)",304 WRIGHT ST,8652138200
skipped-clinic,Urology Clinic,2667,FAIRBANKS UROLOGY,AK,FAIRBANKS,Urology Clinic,2881,,,,Vizient (MS1301),2485 Chief William Dr,9074528181
skipped-duplicate,a3-biomedical:name+city+state; emina-taylor:name+city+state; expert-medical-sales:name+city+state; lamitina:name+city+state; salmons:name+city+state; southern-surgical:name+city+state; tplconsulting:name+city+state,1352,HCA FLORIDA TRINITY HOSPITAL,FL,TRINITY,Hospital/ Medical Center,2879,100191,,,,9330 SR 54,7278344900
skipped-clinic,Urology Clinic,2668,UROLOGY SPECIALISTS OF WEST FLORIDA - TRINITY,FL,TRINITY,Urology Clinic,2879,,,,"Vizient (MS1301), Premier (BT-NS-002)",2102 Trinity Oaks Blvd Ste 205,7273764555
skipped-duplicate,activize:name+city+state; parkingangels:name+city+state; proactive:name+city+state; streamline:name+city+state; whisner:name+city+state,1353,ONEIDA HEALTH HOSPITAL,NY,ONEIDA,Hospital/ Medical Center,2877,330115,,,"Vizient (MS1301), Premier (BT-NS-002)",321 GENESEE STREET,3153636000
skipped-duplicate,chowning:name+city+state,1354,SOUTH SHORE HOSPITAL,IL,CHICAGO,Hospital/ Medical Center,2873,140181,,,Vizient (MS1301),8012 SOUTH CRANDON AVENUE,7733565000
skipped-duplicate,klea:name+city+state; streamline:name+city+state,1355,MERCY HEALTH - CLERMONT HOSPITAL,OH,BATAVIA,Hospital/ Medical Center,2868,360236,,,"Vizient (MS1301), Premier (BT-NS-002)",3000 HOSPITAL DRIVE,5137328278
skipped-duplicate,chowning:ccn:140007,1356,PRESENCE SAINT JOSEPH MEDICAL CENTER,IL,JOLIET,Hospital/ Medical Center,2864,140007,,,"Vizient (MS1301), Premier (BT-NS-002)",333 N MADISON ST,8157257133
skipped-duplicate,gerrard:name+city+state; tbmedical:name+city+state,1357,HAYWOOD REGIONAL MEDICAL CENTER,NC,CLYDE,Hospital/ Medical Center,2863,340184,,,"Vizient (MS1301), Premier (BT-NS-002)",262 LEROY GEORGE DRIVE,8284567311
skipped-duplicate,chowning:name+city+state,1358,GOOD SAMARITAN REGIONAL HLTH CENTER,IL,MOUNT VERNON,Hospital/ Medical Center,2859,140046,,,Vizient (MS1301),1 GOOD SAMARITAN WAY,6188992201
skipped-duplicate,dennehy:name+city+state; dowdy:name+city+state; hagarty:name+city+state; murray:name+city+state,1360,HIGHLINE MEDICAL CENTER,WA,BURIEN,Hospital/ Medical Center,2857,500011,,,"Vizient (MS1301), Premier (BT-NS-002)",16251 SYLVESTER ROAD SW,2064315237
skipped-duplicate,activize:name+city+state; ghanem:name+city+state; streamline:name+city+state,1359,GETTYSBURG HOSPITAL,PA,GETTYSBURG,Hospital/ Medical Center,2857,390065,,,,147 GETTYS STREET,7173342121
skipped-duplicate,klea:name+city+state,1361,INDIANA UNIVERSITY HEALTH BLOOMINGTON HOSPITAL,IN,BLOOMINGTON,Hospital/ Medical Center,2853,150051,,,,601 W SECOND ST,8123539554
skipped-duplicate,chowning:name+city+state,1362,UCHICAGO MEDICINE ADVENTHEALTH BOLINGBROOK,IL,BOLINGBROOK,Hospital/ Medical Center,2852,140304,,,"Vizient (MS1301), Premier (BT-NS-002)",500 REMINGTON BOULEVARD,6303125000
skipped-duplicate,klea:name+city+state,1363,FRANCISCAN HEALTH MUNSTER,IN,MUNSTER,Hospital/ Medical Center,2848,150165,,,"Vizient (MS1301), Premier (BT-NS-002)",701 SUPERIOR AVE,2199224200
skipped-duplicate,greatdane:name+city+state; southern-surgical:name+city+state,1364,PRATTVILLE BAPTIST HOSPITAL,AL,PRATTVILLE,Hospital/ Medical Center,2845,010108,,,"Vizient (MS1301), Premier (BT-NS-002)",124 S MEMORIAL DR,3343614267
skipped-clinic,Urology Clinic,2669,GENEVA UROLOGY,NY,GENEVA,Urology Clinic,2839,,,,Vizient (MS1301),293 W North St,3157874175
skipped-duplicate,greatdane:name+city+state; southern-surgical:name+city+state,1366,DELTA HEALTH SYSTEM - THE MEDICAL CENTER,MS,GREENVILLE,Hospital/ Medical Center,2838,250082,,,"Vizient (MS1301), Premier (BT-NS-002)",1400 E UNION ST,6623783783
skipped-duplicate,franklin-mountain-group:name+city+state; healthcare-cellutions:name+city+state; ju:name+city+state; martinez:name+city+state; meinnovations:name+city+state; sandia:name+city+state; sisco:name+city+state; streit:name+city+state; uromobile:name+city+state,1367,BAYLOR SCOTT AND WHITE  MEDICAL CENTER  MCKINNEY,TX,MC KINNEY,Hospital/ Medical Center,2838,670082,,,,5252 WEST UNIVERSITY DRIVE,4697422200
skipped-duplicate,grosjean:name+city+state; jimmerson:name+city+state; lifesource:name+city+state; zenecare:name+city+state,1365,PIONEERS MEMORIAL HEALTHCARE DISTRICT,CA,BRAWLEY,Hospital/ Medical Center,2838,050342,,,Vizient (MS1301),207 WEST LEGION ROAD,7603513333
skipped-duplicate,grosjean:name+city+state; jimmerson:name+city+state; lifesource:name+city+state; zenecare:name+city+state,4461,VA N CALIFORNIA HEALTHCARE SYSTEM,CA,MATHER,VA Medical Center,2834,05030F,,,Marathon Medical (FFS Approval: 36F79718D0321),10535 HOSPITAL WAY,8003828387
skipped-duplicate,chowning:name+city+state,1368,CGH MEDICAL CENTER,IL,STERLING,Hospital/ Medical Center,2832,140043,,,"Vizient (MS1301), Premier (BT-NS-002)",100 EAST LEFEVRE ROAD,8156250400
skipped-duplicate,franklin-mountain-group:name+city+state; healthcare-cellutions:name+city+state; ju:name+city+state; martinez:name+city+state; meinnovations:name+city+state; sandia:name+city+state; sisco:name+city+state; streit:name+city+state; uromobile:name+city+state,1369,KNAPP MEDICAL CENTER,TX,WESLACO,Hospital/ Medical Center,2829,450128,,,"Vizient (MS1301), Premier (BT-NS-002)",1401 EAST EIGHT STREET,9569688567
skipped-clinic,Urology Clinic,2670,GUTHRIE REGIONAL MEDICAL PRAC UROLOGY,NY,CORTLAND,Urology Clinic,2825,,,,Vizient (MS1301),11 Alvena Ave Ste 204,6077563501
skipped-duplicate,lucier:ccn:220015; noreaster:ccn:220015; parkingangels:ccn:220015; pierro:ccn:220015; signature-medical:ccn:220015; whisner:ccn:220015,1370,COOLEY DICKINSON HOSPITAL INCTHE,MA,NORTHAMPTON,Hospital/ Medical Center,2819,220015,,,"Vizient (MS1301), Premier (BT-NS-002)",30 LOCUST STREET,4135822000
skipped-duplicate,klea:name+city+state; streamline:name+city+state,4462,MARTINSBURG VA MEDICAL CENTER,WV,MARTINSBURG,VA Medical Center,2817,51005F,,,Marathon Medical (FFS Approval: 36F79718D0321),510 BUTLER AVE.,3042630811
skipped-duplicate,klea:name+city+state; streamline:name+city+state,1371,BERKELEY MEDICAL CENTER,WV,MARTINSBURG,Hospital/ Medical Center,2817,510008,,,Premier (BT-NS-002),2500 HOSPITAL DRIVE,3042641000
skipped-clinic,Urology Clinic,2671,KERSHAW UROLOGY,SC,CAMDEN,Urology Clinic,2799,,,,"Vizient (MS1301), Premier (BT-NS-002)",1327 Haile St,8032720501
skipped-duplicate,gerrard:name+city+state; intuitek:name+city+state; tbmedical:name+city+state,1373,KERSHAWHEALTH,SC,CAMDEN,Hospital/ Medical Center,2799,420048,,,Vizient (MS1301),1315 ROBERTS STREET,8034324311
skipped-clinic,Urology Clinic,2672,COLUMBUS REGIONAL HEALTH UROLOGY CHRP,IN,COLUMBUS,Urology Clinic,2796,,,,Vizient (MS1301),2326 18th St Ste 230,9378851705
skipped-duplicate,klea:name+city+state,1374,COLUMBUS REGIONAL HOSPITAL,IN,COLUMBUS,Hospital/ Medical Center,2796,150112,,,Vizient (MS1301),2400 E 17TH ST,8123794441
skipped-duplicate,chowning:name+city+state,1375,RIVERSIDE MEDICAL CENTER,IL,KANKAKEE,Hospital/ Medical Center,2792,140186,,,Premier (BT-NS-002),350 N WALL ST,8159331671
skipped-clinic,Urology Clinic,2673,SJHH QVMA TRANCAS OBGYN AND UROLOGY,CA,NAPA,Urology Clinic,2790,,,,Vizient (MS1301),1100 Trancas St Ste 209,7072511850
skipped-duplicate,klea:name+city+state,1376,HIGHLANDS ARH REGIONAL MEDICAL CENTER,KY,PRESTONSBURG,Hospital/ Medical Center,2788,180005,,,"Vizient (MS1301), Premier (BT-NS-002)",5000 KENTUCKY ROUTE 321,6068868511
skipped-duplicate,lucier:name+city+state; noreaster:name+city+state; parkingangels:name+city+state; pierro:name+city+state; signature-medical:name+city+state; whisner:name+city+state,1377,MERCY MEDICAL CTR,MA,SPRINGFIELD,Hospital/ Medical Center,2780,220066,,,"Vizient (MS1301), Premier (BT-NS-002)",271 CAREW STREET,4137489000
skipped-duplicate,chowning:name+city+state; stengel:name+city+state,1378,MISSOURI DELTA MEDICAL CENTER,MO,SIKESTON,Hospital/ Medical Center,2779,260113,,,Vizient (MS1301),1008 NORTH MAIN ST,5734727586
skipped-clinic,Urology Clinic,2674,CHAMPION UROLOGY,RI,WESTERLY,Urology Clinic,2774,,,,Vizient (MS1301),35 Wells St,4015960964
skipped-duplicate,chowning:name+city+state; stengel:name+city+state,1379,SSM HEALTH ST MARY'S HOSPITAL - JEFFERSON CITY,MO,JEFFERSON CITY,Hospital/ Medical Center,2773,260011,,,Vizient (MS1301),2505 MISSION DRIVE,5736813000
skipped-duplicate,franklin-mountain-group:name+city+state; healthcare-cellutions:name+city+state; ju:name+city+state; martinez:name+city+state; meinnovations:name+city+state; sandia:name+city+state; sisco:name+city+state; streit:name+city+state; uromobile:name+city+state,1380,ADVENTHEALTH CENTRAL TEXAS,TX,KILLEEN,Hospital/ Medical Center,2770,450152,,,"Vizient (MS1301), Premier (BT-NS-002)",2201 S CLEAR CREEK ROAD,2545267523
skipped-duplicate,steimel:name+city+state,1381,AURORA MEDICAL CENTER - SUMMIT,WI,SUMMIT,Hospital/ Medical Center,2759,520206,,,"Vizient (MS1301), Premier (BT-NS-002)",36500 AURORA DRIVE,2624341600
skipped-clinic,Urology Clinic,2675,PMG SE WA KIDNEY,WA,WALLA WALLA,Urology Clinic,2754,,,,Vizient (MS1301),301 W Poplar St Ste 100,5095225824
skipped-duplicate,activize:name+city+state; ghanem:name+city+state; streamline:name+city+state,1382,WELLSPAN EPHRATA COMMUNITY HOSPITAL,PA,EPHRATA,Hospital/ Medical Center,2745,390225,,,Vizient (MS1301),169 MARTIN AVENUE,7177330311
skipped-duplicate,grosjean:name+city+state; jimmerson:name+city+state; lifesource:name+city+state; zenecare:name+city+state,1383,SALINAS VALLEY MEMORIAL HOSPITAL,CA,SALINAS,Hospital/ Medical Center,2741,050334,,,Vizient (MS1301),450 EAST ROMIE LANE,8317574333
skipped-clinic,Urology Clinic,2676,SEDMED PA DBA DUNN UROLOGY,NC,DUNN,Urology Clinic,2736,,,,Vizient (MS1301),700 Tilghman Dr Ste 722,9108921068
skipped-duplicate,grosjean:name+city+state; jimmerson:name+city+state; lifesource:name+city+state; zenecare:name+city+state,1384,SAN GORGONIO MEMORIAL HOSPITAL,CA,BANNING,Hospital/ Medical Center,2733,050054,,,"Vizient (MS1301), Premier (BT-NS-002)",600 NORTH HIGHLAND SPRINGS AVENUE,9517692101
skipped-clinic,Urology Clinic,2677,HENRY HEYWOOD MEMORIAL HOSPITAL - UROLOGY,MA,GARDNER,Urology Clinic,2727,,,,Vizient (MS1301),250 Green St Ste 104,9786323420
skipped-duplicate,chowning:name+city+state; stengel:name+city+state,1385,BOTHWELL REGIONAL HEALTH CENTER,MO,SEDALIA,Hospital/ Medical Center,2725,260009,,,Vizient (MS1301),601 E 14TH ST,6608268833
skipped-duplicate,franklin-mountain-group:name+city+state; healthcare-cellutions:name+city+state; ju:name+city+state; martinez:name+city+state; meinnovations:name+city+state; sandia:name+city+state; sisco:name+city+state; streit:name+city+state; uromobile:name+city+state,1386,ODESSA REGIONAL MEDICAL CENTER,TX,ODESSA,Hospital/ Medical Center,2723,450661,,,Vizient (MS1301),520 E 6TH STREET,4325828340
skipped-clinic,Urology Clinic,2678,UROLOGY ASSOCIATES SOUTHERN MISSISSIPPI,MS,GULFPORT,Urology Clinic,2723,,,,Vizient (MS1301),15190 Community Rd Ste 370,2285757000
skipped-clinic,Urology Clinic,2679,W TEXAS UROLOGY ODESSA,TX,ODESSA,Urology Clinic,2723,,,,Vizient (MS1301),504 W 5th St,4326870311
skipped-clinic,Urology Clinic,2680,ADULT AND PEDIATRIC UROLOGICAL ASSOCIATES,PA,SELLERSVILLE,Urology Clinic,2722,,,,Vizient (MS1301),920 Lawn Ave Ste 3,2152573066
skipped-duplicate,activize:campus; ghanem:campus; streamline:campus,1387,GRAND VIEW HEALTH,PA,SELLERSVILLE,Hospital/ Medical Center,2722,,,,Vizient (MS1301),700 LAWN AVENUE,2154534000
skipped-clinic,Urology Clinic,2681,THIBODAUX UROLOGICAL SPECIALISTS,LA,THIBODAUX,Urology Clinic,2718,,,,Vizient (MS1301),504 N Acadia Rd,9854483055
skipped-duplicate,grosjean:name+city+state; jimmerson:name+city+state; lifesource:name+city+state; zenecare:name+city+state,1388,COLLEGE MEDICAL CENTER,CA,LONG BEACH,Hospital/ Medical Center,2714,050776,,,"Vizient (MS1301), Premier (BT-NS-002)",2776 PACIFIC AVENUE,5625951911
skipped-duplicate,greatdane:name+city+state; southern-surgical:name+city+state,1389,COOSA VALLEY MEDICAL CENTER,AL,SYLACAUGA,Hospital/ Medical Center,2713,010164,,,"Vizient (MS1301), Premier (BT-NS-002)",315 W HICKORY ST,2562495000
skipped-clinic,Urology Clinic,2682,UROLOGY OF VA PLLC,VA,WILLIAMSBURG,Urology Clinic,2712,,,,Vizient (MS1301),400 Sentara Cir,7574523418
skipped-duplicate,grosjean:name+city+state; jimmerson:name+city+state; lifesource:name+city+state; zenecare:name+city+state,1390,WHITTIER HOSPITAL MEDICAL CENTER,CA,WHITTIER,Hospital/ Medical Center,2708,050735,,,"Vizient (MS1301), Premier (BT-NS-002)",9080 COLIMA RD,5629453561
skipped-duplicate,acme:name+city+state; sciotex:name+city+state; steimel:name+city+state; stengel:name+city+state,4463,IOWA CITY VA MEDICAL CENTER,IA,IOWA CITY,VA Medical Center,2698,16004F,,,Marathon Medical (FFS Approval: 36F79718D0321),601 HIGHWAY 6 WEST,3193380581
skipped-clinic,Urology Clinic,2683,UROLOGY SPECIALIST OF NEVADA WARM SPRINGS,NV,LAS VEGAS,Urology Clinic,2695,,,,Vizient (MS1301),8410 W Warm Springs Rd Ste 10,7026325608
skipped-duplicate,dennehy:name+city+state; dowdy:name+city+state; hagarty:name+city+state; murray:name+city+state,1391,OLYMPIC MEDICAL CENTER,WA,PORT ANGELES,Hospital/ Medical Center,2694,500072,,,Vizient (MS1301),939 CAROLINE ST,3604177000
skipped-duplicate,activize:ccn:330246; parkingangels:ccn:330246; proactive:ccn:330246; streamline:ccn:330246; whisner:ccn:330246,2268,ST CHARLES HOSPITAL REHABILITATION CENTER,NY,PORT JEFFERSON,Rehabilitation Hospital,2692,330246,,,Vizient (MS1301),200 Belle Terre Rd,6314746000
skipped-duplicate,klea:name+city+state; streamline:name+city+state,1392,EUCLID HOSPITAL,OH,EUCLID,Hospital/ Medical Center,2691,360082,,,Vizient (MS1301),18901 LAKE SHORE BOULEVARD,2165319000
skipped-duplicate,klea:name+city+state,1394,NORTHWEST HEALTH-LA PORTE,IN,LA PORTE,Hospital/ Medical Center,2686,150006,,,"Vizient (MS1301), Premier (BT-NS-002)",1007 LINCOLNWAY,2193261234
skipped-duplicate,activize:name+city+state; parkingangels:name+city+state; proactive:name+city+state; streamline:name+city+state; whisner:name+city+state,1395,NORTHERN DUTCHESS HOSPITAL,NY,RHINEBECK,Hospital/ Medical Center,2676,330049,,,Vizient (MS1301),6511 SPRINGBROOK AVENUE,8458713391
skipped-duplicate,activize:name+city+state; parkingangels:name+city+state; proactive:name+city+state; streamline:name+city+state; whisner:name+city+state,1396,ROME MEMORIAL HOSPITAL INC,NY,ROME,Hospital/ Medical Center,2675,330215,,,"Vizient (MS1301), Premier (BT-NS-002)",1500 NORTH JAMES STREET,3153387000
skipped-clinic,Urology Clinic,2684,HMA/GULF SOUTH UROLOGY,MS,BILOXI,Urology Clinic,2671,,,,Vizient (MS1301),147 Reynoir St Ste 306,2284327817
skipped-clinic,Urology Clinic,2685,CAROLINA UROLOGY CLINIC,NC,WHITEVILLE,Urology Clinic,2665,,,,Vizient (MS1301),720 Jefferson St,9106425832
skipped-duplicate,noreaster:name+city+state; parkingangels:name+city+state; signature-medical:name+city+state,1398,LANDMARK MEDICAL CENTER,RI,WOONSOCKET,Hospital/ Medical Center,2664,410011,,,Premier (BT-NS-002),115 CASS AVENUE,4017694100
skipped-duplicate,lucier:name+city+state; noreaster:name+city+state; parkingangels:name+city+state; pierro:name+city+state; signature-medical:name+city+state; whisner:name+city+state,1399,BROWN UNIVERSITY HEALTH MORTON HOSPITAL,MA,TAUNTON,Hospital/ Medical Center,2662,220073,,,"Vizient (MS1301), Premier (BT-NS-002)",88 WASHINGTON STREET,5088287000
skipped-duplicate,chowning:name+city+state; gptsurgical:name+city+state; greatdane:name+city+state; healthcare-cellutions:name+city+state,1400,ARKANSAS METHODIST MEDICAL CENTER,AR,PARAGOULD,Hospital/ Medical Center,2660,040039,,,"Vizient (MS1301), Premier (BT-NS-002)",900 WEST KINGSHIGHWAY,8702397000
skipped-duplicate,grosjean:name+city+state; jimmerson:name+city+state; lifesource:name+city+state; zenecare:name+city+state,1401,LOMA LINDA UNIVERSITY MEDICAL CENTER-MURRIETA,CA,MURRIETA,Hospital/ Medical Center,2652,050770,,,"Vizient (MS1301), Premier (BT-NS-002)",28062 BAXTER ROAD,9512904000
skipped-duplicate,activize:name+city+state; parkingangels:name+city+state; proactive:name+city+state; streamline:name+city+state; whisner:name+city+state,1402,CAYUGA MEDICAL CENTER AT ITHACA,NY,ITHACA,Hospital/ Medical Center,2647,330307,,,"Vizient (MS1301), Premier (BT-NS-002)",101 DATES DRIVE,6072744401
skipped-clinic,Urology Clinic,2686,ITHACA UROLOGY,NY,ITHACA,Urology Clinic,2647,,,,Vizient (MS1301),1301 Trumansburg Rd Ste L,6072738502
skipped-duplicate,activize:name+city+state; parkingangels:name+city+state; proactive:name+city+state; streamline:name+city+state; whisner:name+city+state,1403,NIAGARA FALLS MEMORIAL MEDICAL CENTER,NY,NIAGARA FALLS,Hospital/ Medical Center,2642,330065,,,"Vizient (MS1301), Premier (BT-NS-002)",621 TENTH STREET,7162784000
skipped-duplicate,steimel:name+city+state,1404,AURORA MEDICAL CTR OSHKOSH,WI,OSHKOSH,Hospital/ Medical Center,2639,520198,,,"Vizient (MS1301), Premier (BT-NS-002)",855 N WESTHAVEN DRIVE,9204566000
skipped-clinic,Urology Clinic,2687,WISCONSIN INST OF UROLOGY OSHKOSH,WI,OSHKOSH,Urology Clinic,2639,,,,Vizient (MS1301),600 N Westhaven Dr Fl 2,9207227747
skipped-duplicate,lucier:name+city+state; noreaster:name+city+state; pierro:name+city+state; signature-medical:name+city+state; whisner:name+city+state,1405,CENTRAL VERMONT MEDICAL CENTER,VT,BARRE,Hospital/ Medical Center,2638,470001,,,,BOX 547,8023714100
skipped-duplicate,chowning:name+city+state,1406,NMC HEALTH,KS,NEWTON,Hospital/ Medical Center,2623,170103,,,"Vizient (MS1301), Premier (BT-NS-002)",600 MEDICAL CENTER DRIVE,3162832700
skipped-duplicate,lucier:name+city+state; noreaster:name+city+state; parkingangels:name+city+state; pierro:name+city+state; signature-medical:name+city+state; whisner:name+city+state,1407,MANCHESTER MEMORIAL HOSPITAL,CT,MANCHESTER,Hospital/ Medical Center,2620,070027,,,"Vizient (MS1301), Premier (BT-NS-002)",71 HAYNES ST,8606474780
skipped-duplicate,chowning:name+city+state; stengel:name+city+state,1408,PARKLAND HEALTH CENTER,MO,FARMINGTON,Hospital/ Medical Center,2616,260163,,,"Vizient (MS1301), Premier (BT-NS-002)",1101 W LIBERTY,5734316005
skipped-duplicate,activize:name+city+state; parkingangels:name+city+state; proactive:name+city+state; streamline:name+city+state; whisner:name+city+state,1409,CORNING HOSPITAL,NY,CORNING,Hospital/ Medical Center,2616,330277,,,Vizient (MS1301),1 GUTHRIE DRIVE,6079377200
skipped-clinic,Urology Clinic,2688,CAROLINA UROLOGY HEALTHCARE PLLC,NC,CLINTON,Urology Clinic,2615,,,,Vizient (MS1301),1021 Beaman St,9105903569
skipped-clinic,Urology Clinic,2689,MEDICAL EDGE TEXAS UROLOGY - CARROLLTON,TX,CARROLLTON,Urology Clinic,2610,,,,Vizient (MS1301),4333 N Josey Ln Ste 104,2143944500
skipped-duplicate,franklin-mountain-group:campus; healthcare-cellutions:campus; ju:campus; martinez:campus; meinnovations:campus; sandia:campus; sisco:campus; streit:campus; uromobile:campus,1410,SANA HEALTHCARE CARROLLTON D/B/A CARROLLTON REGIONAL MEDICAL CENTER,TX,CARROLLTON,Hospital/ Medical Center,2610,,,,,4343 NORTH JOSEY LANE,9723942255
skipped-duplicate,dennehy:ccn:50005F; dowdy:ccn:50005F; hagarty:ccn:50005F; murray:ccn:50005F,1411,MADIGAN AMC (FT LEWIS),WA,MCCHORD,Hospital/ Medical Center,2608,50005F,,,,9040A Jackson Ave - Joint Base Lewis,2539681110
skipped-duplicate,intuitek:name+city+state,1412,ST MARY'S HOSPITAL,GA,ATHENS,Hospital/ Medical Center,2607,110006,,,"Vizient (MS1301), Premier (BT-NS-002)",1230 BAXTER STREET,7063893000
skipped-duplicate,klea:name+city+state,1413,BAPTIST HEALTH CORBIN,KY,CORBIN,Hospital/ Medical Center,2605,180080,,,"Vizient (MS1301), Premier (BT-NS-002)",ONE TRILLIUM WAY,6065281212
skipped-duplicate,a3-biomedical:name+city+state; emina-taylor:name+city+state; expert-medical-sales:name+city+state; lamitina:name+city+state; salmons:name+city+state; southern-surgical:name+city+state; tplconsulting:name+city+state,4466,VA NORTH FLORIDA/SOUTH GEORGIA HEALTHCARE SYSTEM - LAKE CITY,FL,LAKE CITY,VA Medical Center,2597,10015F,,,Marathon Medical (FFS Approval: 36F79718D0321),619 SOUTH MARION AVENUE,3867553016
skipped-duplicate,a3-biomedical:name+city+state; emina-taylor:name+city+state; expert-medical-sales:name+city+state; lamitina:name+city+state; salmons:name+city+state; southern-surgical:name+city+state; tplconsulting:name+city+state,1415,HCA FLORIDA LAKE CITY HOSPITAL,FL,LAKE CITY,Hospital/ Medical Center,2597,100156,,,,340 NW COMMERCE DR,3867199000
skipped-clinic,Urology Clinic,2690,UROLOGY SERVICES - NORWALK,OH,NORWALK,Urology Clinic,2593,,,,"Vizient (MS1301), Premier (BT-NS-002)",278 Benedict Ave Ste 650,4196092900
skipped-clinic,Urology Clinic,2691,UPSON UROLOGY,GA,THOMASTON,Urology Clinic,2589,,,,Vizient (MS1301),915 W Gordon St Ste A,7066478111
skipped-duplicate,steimel:name+city+state,1417,ASCENSION ALL SAINTS HOSPITAL,WI,RACINE,Hospital/ Medical Center,2586,520096,,,Premier (BT-NS-002),3801 SPRING ST,2626874011
skipped-clinic,Urology Clinic,2692,UROLOGY ASSOCIATES OF NORWALK,CT,NORWALK,Urology Clinic,2582,,,,Vizient (MS1301),12 Elmcrest Ter,2038534200
skipped-duplicate,lucier:name+city+state; noreaster:name+city+state; parkingangels:name+city+state; pierro:name+city+state; signature-medical:name+city+state; whisner:name+city+state,1418,NORWALK HOSPITAL,CT,NORWALK,Hospital/ Medical Center,2582,070034,,,,24 STEVENS STREET,2038522000
skipped-clinic,Urology Clinic,2693,ADVANCED UROLOGY MEDICAL CENTER,CA,ANAHEIM,Urology Clinic,2577,,,,Vizient (MS1301),1211 W La Palma Ave Ste 502,7147767090
skipped-duplicate,intuitek:name+city+state,1419,PIEDMONT MOUNTAINSIDE HOSPITAL INC,GA,JASPER,Hospital/ Medical Center,2577,110225,,,Vizient (MS1301),1266 HIGHWAY 515 SOUTH,7066922441
skipped-clinic,Urology Clinic,2694,PHYSICIAN PARTNERS UROLOGY SPECIALISTS,FL,TALLAHASSEE,Urology Clinic,2569,,,,Vizient (MS1301),2619 Centennial Blvd,8504312875
skipped-duplicate,activize:name+city+state; parkingangels:name+city+state; proactive:name+city+state; streamline:name+city+state; whisner:name+city+state,1421,WOODHULL MEDICAL & MENTAL HEALTH CENTER,NY,BROOKLYN,Hospital/ Medical Center,2569,330396,,,"Vizient (MS1301), Premier (BT-NS-002)",760 BROADWAY,7189638100
skipped-duplicate,a3-biomedical:name+city+state; emina-taylor:name+city+state; expert-medical-sales:name+city+state; lamitina:name+city+state; salmons:name+city+state; southern-surgical:name+city+state; tplconsulting:name+city+state,1420,HCA FLORIDA CAPITAL HOSPITAL,FL,TALLAHASSEE,Hospital/ Medical Center,2569,100254,,,"Vizient (MS1301), Premier (BT-NS-002)",2626 CAPITAL MEDICAL BLVD,8506565000
skipped-duplicate,steimel:name+city+state,1422,MAYO CLINIC HEALTH SYSTEM-FRANCISCAN MEDICAL CENTER INC,WI,LA CROSSE,Hospital/ Medical Center,2556,520004,,,,700 WEST AVENUE SOUTH,6087850940
skipped-duplicate,zenecare:name+city+state,1423,HAVASU REGIONAL MEDICAL CENTER,AZ,LAKE HAVASU CITY,Hospital/ Medical Center,2553,030069,,,Vizient (MS1301),101 CIVIC CENTER LANE,9288558185
skipped-duplicate,chowning:name+city+state,1424,HUMBOLDT PARK HEALTH,IL,CHICAGO,Hospital/ Medical Center,2547,140206,,,"Vizient (MS1301), Premier (BT-NS-002)",1044 N FRANCISCO AVE,7732928200
skipped-duplicate,lucier:name+city+state; noreaster:name+city+state; parkingangels:name+city+state; pierro:name+city+state; signature-medical:name+city+state; whisner:name+city+state,1425,GRIFFIN HOSPITAL,CT,DERBY,Hospital/ Medical Center,2537,070031,,,"Vizient (MS1301), Premier (BT-NS-002)",130 DIVISION ST,2037327500
skipped-clinic,Urology Clinic,2695,GRIFFIN FACULTY PRACTICE UROLOGY,CT,DERBY,Urology Clinic,2537,,,,Vizient (MS1301),300 Seymour Ave Ste 202,2037322651
skipped-duplicate,grosjean:name+city+state; jimmerson:name+city+state; lifesource:name+city+state; zenecare:name+city+state,1426,ST ROSE HOSPITAL,CA,HAYWARD,Hospital/ Medical Center,2531,050002,,,"Vizient (MS1301), Premier (BT-NS-002)",27200 CALAROGA AVE,5107826200
skipped-duplicate,gerrard:name+city+state; tbmedical:name+city+state,1427,WILKES REGIONAL MEDICAL CENTER,NC,NORTH WILKESBORO,Hospital/ Medical Center,2529,340064,,,"Vizient (MS1301), Premier (BT-NS-002)",1370 WEST D ST,3366518100
skipped-duplicate,klea:name+city+state; streamline:name+city+state,1428,CAMC GREENBRIER VALLEY MEDICAL CENTER INC,WV,RONCEVERTE,Hospital/ Medical Center,2524,510002,,,"Vizient (MS1301), Premier (BT-NS-002)",1320 MAPLEWOOD AVENUE,3046474411
skipped-duplicate,activize:name+city+state; ghanem:name+city+state; streamline:name+city+state,1429,SCHUYLKILL MEDICAL CENTER - SOUTH JACKSON STREET,PA,POTTSVILLE,Hospital/ Medical Center,2521,390030,,,,420 SOUTH JACKSON STREET,5706215102
skipped-clinic,Urology Clinic,2696,UROGYNECOLOGY CONSULTANTS,CA,FOLSOM,Urology Clinic,2517,,,,Vizient (MS1301),1739 Creekside Dr Ste 100,9169837400
skipped-clinic,Urology Clinic,2697,WISCONSIN INST OF UROLOGY,WI,APPLETON,Urology Clinic,2514,,,,Vizient (MS1301),2500 E Capitol Dr Ste 2600,9207227747
skipped-duplicate,steimel:name+city+state,1430,ASCENSION NE WISCONSIN - ST ELIZABETH CAMPUS,WI,APPLETON,Hospital/ Medical Center,2514,520009,,,"Vizient (MS1301), Premier (BT-NS-002)",1506 S ONEIDA ST,9207382000
skipped-duplicate,ghanem:name+city+state,1431,CALVERTHEALTH MEDICAL CENTER,MD,PRINCE FREDERICK,Hospital/ Medical Center,2511,210039,,,"Vizient (MS1301), Premier (BT-NS-002)",100 HOSPITAL ROAD,4105358240
skipped-duplicate,chowning:name+city+state; stengel:name+city+state,1433,LEE'S SUMMIT MEDICAL CENTER,MO,LEES SUMMIT,Hospital/ Medical Center,2501,260190,,,Vizient (MS1301),2100 SE BLUE PARKWAY,8162825000
skipped-duplicate,grosjean:name+city+state; jimmerson:name+city+state; lifesource:name+city+state; zenecare:name+city+state,1434,KAISER FOUNDATION HOSPITAL - FREMONT,CA,FREMONT,Hospital/ Medical Center,2498,050512,,,"Vizient (MS1301), Premier (BT-NS-002)",39400 PASEO PADRE PKWY,5107844000
skipped-duplicate,grosjean:name+city+state; jimmerson:name+city+state; lifesource:name+city+state; zenecare:name+city+state,1435,CEDAR-SINAI MARINA DEL REY HOSPITAL,CA,MARINA DEL REY,Hospital/ Medical Center,2498,050740,,,"Vizient (MS1301), Premier (BT-NS-002)",4650 LINCOLN BLVD,3108238911
skipped-duplicate,franklin-mountain-group:name+city+state; healthcare-cellutions:name+city+state; ju:name+city+state; martinez:name+city+state; meinnovations:name+city+state; sandia:name+city+state; sisco:name+city+state; streit:name+city+state; uromobile:name+city+state,1436,WILLIAM BEAUMONT AMG (FT BLISS),TX,EL PASO,Hospital/ Medical Center,2492,45068F,,,,18511 Highlander Medics Street,9157427777
skipped-duplicate,lifesource:name+city+state; zenecare:name+city+state,1437,RENOWN SOUTH MEADOWS MEDICAL CENTER,NV,RENO,Hospital/ Medical Center,2487,290049,,,"Vizient (MS1301), Premier (BT-NS-002)",10101 DOUBLE R BLVD,7759827063
skipped-duplicate,zenecare:name+city+state,1438,SUMMIT HEALTHCARE REGIONAL MEDICAL CENTER,AZ,SHOW LOW,Hospital/ Medical Center,2485,030062,,,Vizient (MS1301),2200 EAST SHOW LOW LAKE ROAD,9285374375
skipped-duplicate,grosjean:name+city+state; jimmerson:name+city+state; lifesource:name+city+state; zenecare:name+city+state,1439,PACIFICA HOSPITAL OF THE VALLEY,CA,SUN VALLEY,Hospital/ Medical Center,2485,050378,,,"Vizient (MS1301), Premier (BT-NS-002)",9449 SAN FERNANDO RD,8187673310
skipped-clinic,Urology Clinic,2698,SUMMIT HEALTHCARE - UROLOGY 8053,AZ,SHOW LOW,Urology Clinic,2485,,,,Vizient (MS1301),2051 Evergreen Ln Ste B,9285377557
skipped-duplicate,klea:name+city+state,1440,ST ELIZABETH FLORENCE,KY,FLORENCE,Hospital/ Medical Center,2471,180045,,,"Vizient (MS1301), Premier (BT-NS-002)",4900 HOUSTON ROAD,8592125220
skipped-duplicate,lifesource:name+city+state; zenecare:name+city+state,1441,SAINT MARY'S REGIONAL MEDICAL CENTER,NV,RENO,Hospital/ Medical Center,2469,290009,,,"Vizient (MS1301), Premier (BT-NS-002)",235 W 6TH ST,7757703000
skipped-duplicate,intuitek:name+city+state,1442,PHOEBE SUMTER MEDICAL CENTER,GA,AMERICUS,Hospital/ Medical Center,2465,110044,,,Vizient (MS1301),126 HIGHWAY 280 W,2299311280
skipped-clinic,Urology Clinic,2699,CARROLLWOOD UROLOGY,FL,TAMPA,Urology Clinic,2460,,,,"Vizient (MS1301), Premier (BT-NS-002)",14499 N Dale Mabry Hwy Ste 180,8139630017
skipped-duplicate,klea:name+city+state; streamline:name+city+state,1443,HOLZER MEDICAL CENTER,OH,GALLIPOLIS,Hospital/ Medical Center,2457,360054,,,"Vizient (MS1301), Premier (BT-NS-002)",100 JACKSON PIKE,7404465030
skipped-duplicate,gerrard:name+city+state; tbmedical:name+city+state,1444,ATRIUM HEALTH LINCOLN,NC,LINCOLNTON,Hospital/ Medical Center,2454,340145,,,"Vizient (MS1301), Premier (BT-NS-002)",433 MCALISTER RD,9802122000
skipped-duplicate,franklin-mountain-group:name+city+state; healthcare-cellutions:name+city+state; ju:name+city+state; martinez:name+city+state; meinnovations:name+city+state; sandia:name+city+state; sisco:name+city+state; streit:name+city+state; uromobile:name+city+state,1445,TEXAS HEALTH PRESBYTERIAN HOSPITAL ROCKWALL,TX,ROCKWALL,Hospital/ Medical Center,2453,670044,,,"Vizient (MS1301), Premier (BT-NS-002)",3150 HORIZON ROAD,4696981000
skipped-duplicate,activize:name+city+state; ghanem:name+city+state; streamline:name+city+state,1446,LEHIGH VALLEY HOSPITAL - POCONO,PA,EAST STROUDSBURG,Hospital/ Medical Center,2451,390201,,,,206 EAST BROWN STREET,5704214000
skipped-duplicate,activize:name+city+state; whisner:name+city+state,1447,ST LUKE'S WARREN HOSPITAL,NJ,PHILLIPSBURG,Hospital/ Medical Center,2450,310060,,,"Vizient (MS1301), Premier (BT-NS-002)",185 ROSEBERRY ST,9088476700
skipped-duplicate,lucier:name+city+state; noreaster:name+city+state; pierro:name+city+state; signature-medical:name+city+state; whisner:name+city+state,1448,CONCORD HOSPITAL- LACONIA,NH,LACONIA,Hospital/ Medical Center,2447,300005,,,"Vizient (MS1301), Premier (BT-NS-002)",80 HIGHLAND ST,6035243211
skipped-duplicate,acme:name+city+state; sciotex:name+city+state; wood:name+city+state,1449,BELLEVUE MEDICAL CENTER LLC,NE,BELLEVUE,Hospital/ Medical Center,2446,280132,,,"Vizient (MS1301), Premier (BT-NS-002)",2500 BELLEVUE MEDICAL CENTER DR,4027633600
skipped-duplicate,gerrard:name+city+state; tbmedical:name+city+state,1450,ECU HEALTH NORTH HOSPITAL,NC,ROANOKE RAPIDS,Hospital/ Medical Center,2445,340151,,,"Vizient (MS1301), Premier (BT-NS-002)",250 SMITH CHURCH ROAD,2525358005
skipped-duplicate,chowning:name+city+state,1451,LMH,KS,LAWRENCE,Hospital/ Medical Center,2443,170137,,,Vizient (MS1301),325 MAINE STREET,7855056100
skipped-duplicate,franklin-mountain-group:name+city+state; meinnovations:name+city+state; sandia:name+city+state,1452,CHRISTUS SOUTHERN NEW MEXICO,NM,ALAMOGORDO,Hospital/ Medical Center,2442,320004,,,"Vizient (MS1301), Premier (BT-NS-002)",2669 SCENIC DRIVE,5754396100
skipped-duplicate,a3-biomedical:name+city+state; emina-taylor:name+city+state; expert-medical-sales:name+city+state; lamitina:name+city+state; salmons:name+city+state; southern-surgical:name+city+state; tplconsulting:name+city+state,1453,PALM BAY HOSPITAL,FL,PALM BAY,Hospital/ Medical Center,2440,100316,,,"Vizient (MS1301), Premier (BT-NS-002)","1425 MALABAR RD, NE",3214348000
skipped-clinic,Urology Clinic,2700,COLORADO UROLOGY ASSOC PC,CO,DENVER,Urology Clinic,2435,,,,Vizient (MS1301),1721 E 19th Ave Ste 302,3038396000
skipped-duplicate,dowdy:name+city+state; hagarty:name+city+state,1454,PROVIDENCE WILLAMETTE FALLS MEDICAL CENTER,OR,OREGON CITY,Hospital/ Medical Center,2435,380038,,,Vizient (MS1301),1500 DIVISION STREET,5036561631
skipped-duplicate,chowning:name+city+state,1455,GENESIS HLTH SYSTEM DBA GENESIS MDL CTR-ILLINI,IL,SILVIS,Hospital/ Medical Center,2431,140275,,,"Vizient (MS1301), Premier (BT-NS-002)",801 ILLINI DR,3092814000
skipped-duplicate,gptsurgical:name+city+state; healthcare-cellutions:name+city+state; martinez:name+city+state,1456,MCALESTER REGIONAL HEALTH CENTER,OK,MCALESTER,Hospital/ Medical Center,2430,370034,,,Vizient (MS1301),ONE CLARK BASS BOULEVARD,9184261800
skipped-duplicate,activize:name+city+state; ghanem:name+city+state; streamline:name+city+state,1457,WELLSPAN EVANGELICAL COMMUNITY HOSPITAL,PA,LEWISBURG,Hospital/ Medical Center,2430,390013,,,"Vizient (MS1301), Premier (BT-NS-002)",ONE HOSPITAL DRIVE,5705222000
skipped-clinic,Urology Clinic,2701,ADVANCED UROLOGIC ASSOCIATES,MO,LEES SUMMIT,Urology Clinic,2428,,,,"Vizient (MS1301), Premier (BT-NS-002)",110 NE Saint Lukes Blvd Ste 255,8168366875
skipped-duplicate,zenecare:ccn:460015,1459,LOGAN REGIONAL HOSPITAL,UT,LOGAN,Hospital/ Medical Center,2428,460015,,,Vizient (MS1301),1400 NORTH 500 EAST,4357161000
skipped-duplicate,chowning:name+city+state; stengel:name+city+state,1458,SAINT LUKE'S EAST  HOSPITAL,MO,LEES SUMMIT,Hospital/ Medical Center,2428,260216,,,Vizient (MS1301),100 N E SAINT LUKE'S BOULEVARD,8163475000
skipped-duplicate,zenecare:ccn:46002F,4468,GEORGE E WAHLEN DEPARTMENT OF VETERANS AFFAIRS MEDICAL CENTER (SALT LAKE CITY) (VISN 19),UT,SALT LAKE CITY,VA Medical Center,2417,46002F,,,Marathon Medical (FFS Approval: 36F79718D0321),500 Foothill Boulevard,8015841211
skipped-duplicate,acme:name+city+state; sciotex:name+city+state; wood:name+city+state,1460,KEARNEY REGIONAL MEDICAL CENTER,NE,KEARNEY,Hospital/ Medical Center,2416,280134,,,"Vizient (MS1301), Premier (BT-NS-002)",804 22ND AVENUE,3084553600
skipped-duplicate,healthcare-cellutions:name+city+state; sisco:name+city+state; southern-surgical:name+city+state,1461,OCHSNER LSU HEALTH MONROE,LA,MONROE,Hospital/ Medical Center,2414,190011,,,Vizient (MS1301),4864 JACKSON STREET,3183887000
skipped-duplicate,activize:name+city+state; ghanem:name+city+state; streamline:name+city+state,1462,WAYNE MEMORIAL HOSPITAL,PA,HONESDALE,Hospital/ Medical Center,2413,390125,,,"Vizient (MS1301), Premier (BT-NS-002)",601 PARK STREET,5702538100
skipped-duplicate,gerrard:name+city+state; tbmedical:name+city+state,1463,ADVENTHEALTH HENDERSONVILLE,NC,HENDERSONVILLE,Hospital/ Medical Center,2410,340023,,,"Vizient (MS1301), Premier (BT-NS-002)",100 HOSPITAL DRIVE,8286848501
skipped-duplicate,healthcare-cellutions:name+city+state; sisco:name+city+state; southern-surgical:name+city+state,1464,CLAIBORNE MEMORIAL MEDICAL CENTER,LA,HOMER,Hospital/ Medical Center,2409,190114,,,Vizient (MS1301),620 EAST COLLEGE STREET,3189272024
skipped-duplicate,lucier:name+city+state; noreaster:name+city+state; pierro:name+city+state; signature-medical:name+city+state; whisner:name+city+state,1465,EXETER HOSPITAL INC,NH,EXETER,Hospital/ Medical Center,2406,300023,,,"Vizient (MS1301), Premier (BT-NS-002)",5 ALUMNI DRIVE,6037787311
skipped-clinic,Urology Clinic,2702,ATLANTIC UROLOGICAL ASSOCIATION,NH,EXETER,Urology Clinic,2406,,,,Vizient (MS1301),3 Alumni Dr Ste 204,6036581277
skipped-clinic,Urology Clinic,2703,CAROLINA UROLOGY PA,NC,LAURINBURG,Urology Clinic,2404,,,,Vizient (MS1301),521 Lauchwood Dr,9106101113
skipped-duplicate,franklin-mountain-group:name+city+state; healthcare-cellutions:name+city+state; ju:name+city+state; martinez:name+city+state; meinnovations:name+city+state; sandia:name+city+state; sisco:name+city+state; streit:name+city+state; uromobile:name+city+state,1466,MEDICAL CITY LEWISVILLE,TX,LEWISVILLE,Hospital/ Medical Center,2401,450669,,,,500 WEST MAIN STREET,9724201000
skipped-clinic,Urology Clinic,2704,UTSW UROLOGY CLINIC AT LEWISVILLE,TX,LEWISVILLE,Urology Clinic,2401,,,,Vizient (MS1301),541 W Main St Ste 150,7135004861
skipped-clinic,Urology Clinic,2705,BOLIVAR UROLOGY CLINIC PA,MS,CLEVELAND,Urology Clinic,2396,,,,Vizient (MS1301),907 E Sunflower Rd Ste 103,6628469990
skipped-duplicate,gerrard:name+city+state; tbmedical:name+city+state,1467,ATRIUM HEALTH UNIVERSITY CITY,NC,CHARLOTTE,Hospital/ Medical Center,2392,340166,,,Premier (BT-NS-002),8800 NORTH TYRON STREET,7045486000
skipped-duplicate,activize:name+city+state; whisner:name+city+state,1468,CAPE REGIONAL MEDICAL CENTER INC,NJ,CAPE MAY COURT HOUSE,Hospital/ Medical Center,2392,310011,,,Vizient (MS1301),TWO STONE HARBOR BLVD,6094632000
skipped-clinic,Urology Clinic,2706,NYP/HVMG UROLOGY,NY,CORTLANDT MANOR,Urology Clinic,2390,,,,Vizient (MS1301),1985 Crompond Rd Bldg B,9147343611
skipped-duplicate,intuitek:name+city+state,1469,WELLSTAR WEST GEORGIA MEDICAL CENTER,GA,LAGRANGE,Hospital/ Medical Center,2389,110016,,,"Vizient (MS1301), Premier (BT-NS-002)",1514 VERNON ROAD,7068821411
skipped-duplicate,gerrard:name+city+state; tbmedical:name+city+state,1470,NOVANT HEALTH BRUNSWICK MEDICAL CENTER,NC,SUPPLY,Hospital/ Medical Center,2388,340158,,,,1 MEDICAL CENTER DR  PO BOX 139,9107558121
skipped-duplicate,grosjean:name+city+state; jimmerson:name+city+state; lifesource:name+city+state; zenecare:name+city+state,1471,ALHAMBRA HOSPITAL MEDICAL CENTER,CA,ALHAMBRA,Hospital/ Medical Center,2384,050281,,,Vizient (MS1301),100 S RAYMOND AVE,6265701606
skipped-duplicate,lucier:ccn:07003F; noreaster:ccn:07003F; parkingangels:ccn:07003F; pierro:ccn:07003F; signature-medical:ccn:07003F; whisner:ccn:07003F,4470,WEST HAVEN VA MEDICAL CENTER (VISN 1),CT,WEST HAVEN,VA Medical Center,2383,07003F,,,Marathon Medical (FFS Approval: 36F79718D0321),950 Campbell Avenue,2039325711
skipped-duplicate,activize:name+city+state; whisner:name+city+state,1472,TRINITAS REGIONAL MEDICAL CENTER,NJ,ELIZABETH,Hospital/ Medical Center,2381,310027,,,Vizient (MS1301),225 WILLIAMSON STREET,9089945000
skipped-clinic,Urology Clinic,2707,ABRAHAM STEINBERG MD,IL,GENEVA,Urology Clinic,2379,,,,Vizient (MS1301),302 Randall Rd Ste 207,6302327444
skipped-duplicate,intuitek:name+city+state,1473,NORTHSIDE HOSPITAL DULUTH,GA,DULUTH,Hospital/ Medical Center,2377,110252,,,"Vizient (MS1301), Premier (BT-NS-002)",3620 HOWELL FERRY ROAD,6783121000
skipped-clinic,Urology Clinic,2708,GULF COAST UROLOGY,TX,HOUSTON,Urology Clinic,2374,,,,Vizient (MS1301),1315 St Joseph Pkwy Ste 1502,7136501502
skipped-duplicate,franklin-mountain-group:name+city+state; healthcare-cellutions:name+city+state; ju:name+city+state; martinez:name+city+state; meinnovations:name+city+state; sandia:name+city+state; sisco:name+city+state; streit:name+city+state; uromobile:name+city+state,1474,ST JOSEPH MEDICAL CENTER,TX,HOUSTON,Hospital/ Medical Center,2374,450035,,,Vizient (MS1301),1401 ST. JOSEPH PARKWAY,7137571000
skipped-duplicate,klea:name+city+state,1475,ST CATHERINE HOSPITAL INC,IN,EAST CHICAGO,Hospital/ Medical Center,2369,150008,,,"Vizient (MS1301), Premier (BT-NS-002)",4321 FIR STREET,2193927004
skipped-duplicate,franklin-mountain-group:name+city+state; healthcare-cellutions:name+city+state; ju:name+city+state; martinez:name+city+state; meinnovations:name+city+state; sandia:name+city+state; sisco:name+city+state; streit:name+city+state; uromobile:name+city+state,1477,CHRISTUS MOTHER FRANCES HOSPITAL SULPHUR SPRINGS,TX,SULPHUR SPRINGS,Hospital/ Medical Center,2364,450236,,,"Vizient (MS1301), Premier (BT-NS-002)",115 AIRPORT RD,9038857671
skipped-duplicate,intuitek:name+city+state,1476,ADVENTHEALTH GORDON,GA,CALHOUN,Hospital/ Medical Center,2364,110023,,,Premier (BT-NS-002),1035 RED BUD ROAD,7066292895
skipped-duplicate,intuitek:name+city+state,1478,UNION GENERAL HOSPITAL,GA,BLAIRSVILLE,Hospital/ Medical Center,2361,110051,,,"Vizient (MS1301), Premier (BT-NS-002)",35 HOSPITAL ROAD,7067452111
skipped-duplicate,a3-biomedical:name+city+state; emina-taylor:name+city+state; expert-medical-sales:name+city+state; lamitina:name+city+state; salmons:name+city+state; southern-surgical:name+city+state; tplconsulting:name+city+state,1479,MEMORIAL HOSPITAL PEMBROKE,FL,PEMBROKE PINES,Hospital/ Medical Center,2360,100230,,,"Vizient (MS1301), Premier (BT-NS-002)",7800 SHERIDAN ST,9549629650
skipped-duplicate,gptsurgical:name+city+state; healthcare-cellutions:name+city+state; martinez:name+city+state,1480,SSM HEALTH ST ANTHONY HOSPITAL - SHAWNEE,OK,SHAWNEE,Hospital/ Medical Center,2357,370149,,,Vizient (MS1301),1102 W MACARTHUR,4052732270
skipped-duplicate,activize:name+city+state; ghanem:name+city+state; streamline:name+city+state,1481,NAZARETH HOSPITAL,PA,PHILADELPHIA,Hospital/ Medical Center,2356,390204,,,"Vizient (MS1301), Premier (BT-NS-002)",2601 HOLME AVE,2153356000
skipped-duplicate,lifesource:name+city+state; zenecare:name+city+state,4472,VA SOUTHERN NEVADA HEALTHCARE SYSTEM,NV,N LAS VEGAS,VA Medical Center,2356,29004F,,,Marathon Medical (FFS Approval: 36F79718D0321),6900 NORTH PECOS ROAD,7027919024
skipped-duplicate,klea:name+city+state; streamline:name+city+state,1482,BECKLEY ARH HOSPITAL,WV,BECKLEY,Hospital/ Medical Center,2348,510062,,,Premier (BT-NS-002),306 STANAFORD ROAD,3042553000
skipped-duplicate,klea:name+city+state,1483,FRANKFORT REGIONAL MEDICAL CENTER,KY,FRANKFORT,Hospital/ Medical Center,2347,180127,,,"Vizient (MS1301), Premier (BT-NS-002)",299 KINGS DAUGHTERS DRIVE,5028755240
skipped-duplicate,activize:name+city+state; parkingangels:name+city+state; proactive:name+city+state; streamline:name+city+state; whisner:name+city+state,1484,ST MARY'S HEALTHCARE,NY,AMSTERDAM,Hospital/ Medical Center,2346,330047,,,Premier (BT-NS-002),427 GUY PARK AVENUE,5188421900
skipped-duplicate,a3-biomedical:name+city+state; emina-taylor:name+city+state; expert-medical-sales:name+city+state; lamitina:name+city+state; salmons:name+city+state; southern-surgical:name+city+state; tplconsulting:name+city+state,1485,ADVENTHEALTH NORTH PINELLAS,FL,TARPON SPRINGS,Hospital/ Medical Center,2344,100055,,,"Vizient (MS1301), Premier (BT-NS-002)",1395 S PINELLAS AVE,8136157219
skipped-duplicate,grosjean:name+city+state; jimmerson:name+city+state; lifesource:name+city+state; zenecare:name+city+state,1486,DOCTORS HOSPITAL OF MANTECA,CA,MANTECA,Hospital/ Medical Center,2339,050118,,,,1205 E NORTH STREET,2098233111
skipped-clinic,Urology Clinic,2709,FLORIDA UROLOGY PARTNERS LLP,FL,SAINT PETERSBURG,Urology Clinic,2338,,,,Vizient (MS1301),830 Central Ave Ste 100,7273811000
skipped-duplicate,a3-biomedical:name+city+state; emina-taylor:name+city+state; expert-medical-sales:name+city+state; lamitina:name+city+state; salmons:name+city+state; southern-surgical:name+city+state; tplconsulting:name+city+state,1488,TAMPA GENERAL HOSPITAL CRYSTAL RIVER,FL,CRYSTAL RIVER,Hospital/ Medical Center,2334,100249,,,"Vizient (MS1301), Premier (BT-NS-002)",6201 N SUNCOAST BLVD,3527956560
skipped-duplicate,gerrard:name+city+state; tbmedical:name+city+state,1489,RUTHERFORD REGIONAL MEDICAL CENTER,NC,RUTHERFORDTON,Hospital/ Medical Center,2332,340013,,,Vizient (MS1301),288 SOUTH RIDGECREST AVE,8282865000
skipped-duplicate,klea:name+city+state; streamline:name+city+state,1490,KETTERING HEALTH MIAMISBURG,OH,MIAMISBURG,Hospital/ Medical Center,2329,360239,,,Vizient (MS1301),4000 MIAMISBURG-CENTERVILLE ROAD,9373848760
skipped-duplicate,a3-biomedical:name+city+state; emina-taylor:name+city+state; expert-medical-sales:name+city+state; lamitina:name+city+state; salmons:name+city+state; southern-surgical:name+city+state; tplconsulting:name+city+state,1491,ST LUCIE MEDICAL CENTER,FL,PORT SAINT LUCIE,Hospital/ Medical Center,2322,100260,,,"Vizient (MS1301), Premier (BT-NS-002)",1800 SE TIFFANY AVE,7723354000
skipped-duplicate,klea:name+city+state,1492,MURRAY-CALLOWAY COUNTY HOSPITAL,KY,MURRAY,Hospital/ Medical Center,2321,180027,,,"Vizient (MS1301), Premier (BT-NS-002)",803 POPLAR STREET,2707621100
skipped-duplicate,greatdane:name+city+state; southern-surgical:name+city+state,1493,WAYNE GENERAL HOSPITAL,MS,WAYNESBORO,Hospital/ Medical Center,2319,250077,,,Vizient (MS1301),950 MATTHEW DR,6017355151
skipped-duplicate,chowning:name+city+state,1494,UCHICAGO MEDICINE ADVENTHEALTH GLENOAKS,IL,GLENDALE HEIGHTS,Hospital/ Medical Center,2317,140292,,,"Vizient (MS1301), Premier (BT-NS-002)",701 WINTHROP AVENUE,6305458000
skipped-duplicate,grosjean:name+city+state; jimmerson:name+city+state; lifesource:name+city+state; zenecare:name+city+state,1495,JOHN F KENNEDY MEMORIAL HOSPITAL,CA,INDIO,Hospital/ Medical Center,2316,050534,,,Vizient (MS1301),47111 MONROE STREET,7603476191
skipped-duplicate,chowning:name+city+state,1496,UNIVERSITY OF KANSAS HEALTH SYSTEM - ST FRANCIS CAMPUS,KS,TOPEKA,Hospital/ Medical Center,2315,170016,,,,1700 SW 7TH STREET,7852958000
skipped-duplicate,activize:name+city+state; whisner:name+city+state,1497,ST MARY'S GENERAL HOSPITAL,NJ,PASSAIC,Hospital/ Medical Center,2314,310006,,,"Vizient (MS1301), Premier (BT-NS-002)",350 BOULEVARD,9733654300
skipped-clinic,Urology Clinic,2710,COLLOM & CARNEY - UROLOGY CENTER,TX,TEXARKANA,Urology Clinic,2303,,,,Vizient (MS1301),1902 Moores Ln,9037927515
skipped-duplicate,franklin-mountain-group:name+city+state; healthcare-cellutions:name+city+state; ju:name+city+state; martinez:name+city+state; meinnovations:name+city+state; sandia:name+city+state; sisco:name+city+state; streit:name+city+state; uromobile:name+city+state,1498,WADLEY REGIONAL MEDICAL CENTER,TX,TEXARKANA,Hospital/ Medical Center,2303,450200,,,Vizient (MS1301),1000 PINE STREET,9037988000
skipped-duplicate,steimel:name+city+state,1499,ST MARYS HOSPITAL MEDICAL CTR,WI,GREEN BAY,Hospital/ Medical Center,2303,520097,,,"Vizient (MS1301), Premier (BT-NS-002)",1726 SHAWANO AVE,9204984200
skipped-duplicate,franklin-mountain-group:name+city+state; healthcare-cellutions:name+city+state; ju:name+city+state; martinez:name+city+state; meinnovations:name+city+state; sandia:name+city+state; sisco:name+city+state; streit:name+city+state; uromobile:name+city+state,1501,HCA HOUSTON HEALTHCARE PEARLAND,TX,PEARLAND,Hospital/ Medical Center,2297,670106,,,"Vizient (MS1301), Premier (BT-NS-002)",11100 SHADOW CREEK PARKWAY,7137707000
skipped-duplicate,grosjean:ccn:050152; jimmerson:ccn:050152; lifesource:ccn:050152; zenecare:ccn:050152,1502,SAINT FRANCIS MEMORIAL HOSPITAL,CA,SAN FRANCISCO,Hospital/ Medical Center,2292,050152,,,"Vizient (MS1301), Premier (BT-NS-002)",900 HYDE ST,4153536000
skipped-duplicate,gerrard:name+city+state; tbmedical:name+city+state,1503,HUGH CHATHAM MEMORIAL HOSPITAL,NC,ELKIN,Hospital/ Medical Center,2292,340097,,,"Vizient (MS1301), Premier (BT-NS-002)",180 PARKWOOD DR,3365277000
skipped-duplicate,franklin-mountain-group:name+city+state; healthcare-cellutions:name+city+state; ju:name+city+state; martinez:name+city+state; meinnovations:name+city+state; sandia:name+city+state; sisco:name+city+state; streit:name+city+state; uromobile:name+city+state,1505,PALESTINE REGIONAL MEDICAL CENTER,TX,PALESTINE,Hospital/ Medical Center,2291,450747,,,"Vizient (MS1301), Premier (BT-NS-002)",2900 S LOOP 256,9037311000
skipped-duplicate,chowning:name+city+state,1504,NORTHWESTERN MEDICINE KISHWAUKEE HOSPITAL,IL,DEKALB,Hospital/ Medical Center,2291,140286,,,Vizient (MS1301),ONE  KISH HOSPITAL DRIVE,8157561521
skipped-duplicate,klea:name+city+state,1506,FRANCISCAN HEALTH DYER,IN,DYER,Hospital/ Medical Center,2290,150090,,,Vizient (MS1301),24 JOLIET ST,2198652141
skipped-duplicate,franklin-mountain-group:name+city+state; healthcare-cellutions:name+city+state; ju:name+city+state; martinez:name+city+state; meinnovations:name+city+state; sandia:name+city+state; sisco:name+city+state; streit:name+city+state; uromobile:name+city+state,1508,NAVARRO REGIONAL HOSPITAL,TX,CORSICANA,Hospital/ Medical Center,2289,450447,,,,3201 WEST HIGHWAY 22,9036546800
skipped-duplicate,chowning:ccn:140110,1507,OSF SAINT ELIZABETH MDL CTR,IL,OTTAWA,Hospital/ Medical Center,2289,140110,,,"Vizient (MS1301), Premier (BT-NS-002)",1100 E NORRIS DRIVE,8154333100
skipped-duplicate,klea:name+city+state,1509,BAPTIST HEALTH DEACONESS MADISONVILLE,KY,MADISONVILLE,Hospital/ Medical Center,2288,180093,,,"Vizient (MS1301), Premier (BT-NS-002)",900 HOSPITAL DRIVE,2708255100
skipped-clinic,Urology Clinic,2711,MDS-THE UROLOGY GROUP,SC,HILTON HEAD ISLAND,Urology Clinic,2286,,,,Vizient (MS1301),25 Hospital Center Blvd Ste 302,8436818203
skipped-duplicate,gerrard:name+city+state; tbmedical:name+city+state,1511,LEXINGTON MEMORIAL HOSPITAL INC,NC,LEXINGTON,Hospital/ Medical Center,2283,340096,,,Vizient (MS1301),250 HOSPITAL DRIVE PO BOX 1817,3362485161
skipped-duplicate,activize:name+city+state; parkingangels:name+city+state; proactive:name+city+state; streamline:name+city+state; whisner:name+city+state,1512,OSWEGO HOSPITAL,NY,OSWEGO,Hospital/ Medical Center,2278,330218,,,Premier (BT-NS-002),110 WEST SIXTH STREET,3153495511
skipped-duplicate,klea:name+city+state; streamline:name+city+state,1513,UH REGIONAL HOSPITALS,OH,CHARDON,Hospital/ Medical Center,2274,360075,,,"Vizient (MS1301), Premier (BT-NS-002)",13207 RAVENNA ROAD,4402856246
skipped-duplicate,lucier:name+city+state; noreaster:name+city+state; pierro:name+city+state; signature-medical:name+city+state; whisner:name+city+state,1514,NORTHWESTERN MEDICAL CENTER INC,VT,SAINT ALBANS,Hospital/ Medical Center,2271,470024,,,,133 FAIRFIELD STREET,8025245911
skipped-duplicate,franklin-mountain-group:name+city+state; meinnovations:name+city+state; sandia:name+city+state,1515,GALLUP INDIAN MEDICAL CENTER,NM,GALLUP,Hospital/ Medical Center,2270,320061,,,"Vizient (MS1301), Premier (BT-NS-002)",516 E NIZHONI BLVD,5057221000
skipped-duplicate,franklin-mountain-group:name+city+state; greatdane:name+city+state; richards:name+city+state; southern-surgical:name+city+state; tbmedical:name+city+state,1516,LECONTE MEDICAL CENTER,TN,SEVIERVILLE,Hospital/ Medical Center,2269,440081,,,Vizient (MS1301),742 MIDDLECREEK ROAD,8654467500
skipped-duplicate,franklin-mountain-group:name+city+state; healthcare-cellutions:name+city+state; ju:name+city+state; martinez:name+city+state; meinnovations:name+city+state; sandia:name+city+state; sisco:name+city+state; streit:name+city+state; uromobile:name+city+state,1517,MEDICAL CITY WEATHERFORD,TX,WEATHERFORD,Hospital/ Medical Center,2268,450203,,,"Vizient (MS1301), Premier (BT-NS-002)",713 E ANDERSON ST,6825821000
skipped-duplicate,a3-biomedical:name+city+state; emina-taylor:name+city+state; expert-medical-sales:name+city+state; lamitina:name+city+state; salmons:name+city+state; southern-surgical:name+city+state; tplconsulting:name+city+state,1518,HCA FLORIDA SARASOTA DOCTORS HOSPITAL,FL,SARASOTA,Hospital/ Medical Center,2267,100166,,,"Vizient (MS1301), Premier (BT-NS-002)",5731 BEE RIDGE RD,9413421100
skipped-duplicate,a3-biomedical:name+city+state; emina-taylor:name+city+state; expert-medical-sales:name+city+state; lamitina:name+city+state; salmons:name+city+state; southern-surgical:name+city+state; tplconsulting:name+city+state,1519,WEST BOCA MEDICAL CENTER,FL,BOCA RATON,Hospital/ Medical Center,2259,100268,,,Vizient (MS1301),21644 STATE RD 7,5614888100
skipped-duplicate,klea:name+city+state,1520,JACKSON PURCHASE MEDICAL CENTER,KY,MAYFIELD,Hospital/ Medical Center,2258,180116,,,Vizient (MS1301),1099 MEDICAL CENTER CIRCLE,2702514585
skipped-duplicate,gerrard:name+city+state; intuitek:name+city+state; tbmedical:name+city+state,1522,PRISMA HEALTH BAPTIST EASLEY HOSPITAL,SC,EASLEY,Hospital/ Medical Center,2252,420015,,,Premier (BT-NS-002),200 FLEETWOOD DRIVE,8644427606
skipped-clinic,Urology Clinic,2712,RAINIER UROLOGY CC 5625200,WA,LAKEWOOD,Urology Clinic,2242,,,,Vizient (MS1301),11307 Bridgeport Way Sw Ste 217,2535881711
skipped-duplicate,franklin-mountain-group:name+city+state; healthcare-cellutions:name+city+state; ju:name+city+state; martinez:name+city+state; meinnovations:name+city+state; sandia:name+city+state; sisco:name+city+state; streit:name+city+state; uromobile:name+city+state,1523,TEXAS HEALTH HARRIS METHODIST HOSPITAL ALLIANCE,TX,FORT WORTH,Hospital/ Medical Center,2240,670085,,,"Vizient (MS1301), Premier (BT-NS-002)",10864 TEXAS HEALTH TRAIL,6822122004
skipped-clinic,Urology Clinic,2713,PRINCE WILLIAM UROLOGY ASSOCIATES LTD,VA,MANASSAS,Urology Clinic,2237,,,,"Vizient (MS1301), Premier (BT-NS-002)",9580 Surveyor Ct,7033614129
skipped-duplicate,ghanem:name+city+state,1524,NOVANT PRINCE WILLIAM MEDICAL CENTER,VA,MANASSAS,Hospital/ Medical Center,2237,490045,,,"Vizient (MS1301), Premier (BT-NS-002)",8700 SUDLEY RD,7033698736
skipped-duplicate,franklin-mountain-group:name+city+state; greatdane:name+city+state; richards:name+city+state; southern-surgical:name+city+state; tbmedical:name+city+state,1525,TRISTAR HENDERSONVILLE MEDICAL CENTER,TN,HENDERSONVILLE,Hospital/ Medical Center,2234,440194,,,"Vizient (MS1301), Premier (BT-NS-002)",355 NEW SHACKLE ISLAND RD,6153381000
skipped-duplicate,franklin-mountain-group:name+city+state; greatdane:name+city+state; richards:name+city+state; southern-surgical:name+city+state; tbmedical:name+city+state,1526,FRANKLIN WOODS COMMUNITY HOSPITAL,TN,JOHNSON CITY,Hospital/ Medical Center,2232,440184,,,"Vizient (MS1301), Premier (BT-NS-002)",300 MED TECH PARKWAY,4233021120
skipped-duplicate,activize:name+city+state; whisner:name+city+state,4474,VA NEW JERSEY HEALTH CARE SYSTEM,NJ,EAST ORANGE,VA Medical Center,2227,31001F,,,Marathon Medical (FFS Approval: 36F79718D0321),385 TREMONT AVENUE,9736761000
skipped-duplicate,klea:name+city+state,1527,TRISTAR GREENVIEW REGIONAL HOSPITAL,KY,BOWLING GREEN,Hospital/ Medical Center,2225,180124,,,"Vizient (MS1301), Premier (BT-NS-002)",1801 ASHLEY CIRCLE,2707931000
skipped-duplicate,gptsurgical:name+city+state; healthcare-cellutions:name+city+state; martinez:name+city+state,1528,INTEGRIS CANADIAN VALLEY HOSPITAL,OK,YUKON,Hospital/ Medical Center,2223,370211,,,"Vizient (MS1301), Premier (BT-NS-002)",1201 HEALTH CENTER PARKWAY,4057176800
skipped-duplicate,acme:name+city+state; sciotex:name+city+state; steimel:name+city+state; stengel:name+city+state,1529,METHODIST JENNIE EDMUNDSON,IA,COUNCIL BLUFFS,Hospital/ Medical Center,2217,160047,,,Vizient (MS1301),933 EAST PIERCE STREET,7123966000
skipped-duplicate,grosjean:name+city+state; jimmerson:name+city+state; lifesource:name+city+state; zenecare:name+city+state,1530,SEQUOIA HOSPITAL,CA,REDWOOD CITY,Hospital/ Medical Center,2216,050197,,,"Vizient (MS1301), Premier (BT-NS-002)",170 ALAMEDA DE LAS PULGAS,6503695811
skipped-duplicate,klea:name+city+state; streamline:name+city+state,1531,LUTHERAN HOSPITAL,OH,CLEVELAND,Hospital/ Medical Center,2215,360087,,,,1730 WEST 25TH STREET,2166964300
skipped-clinic,Urology Clinic,2714,SOUTHWEST UROLOGY ASSOCIATES,NM,ALBUQUERQUE,Urology Clinic,2213,,,,Vizient (MS1301),4600 Montgomery Blvd Ne Ste D201,5058729053
skipped-duplicate,chowning:name+city+state,1532,ST BERNARD HOSPITAL,IL,CHICAGO,Hospital/ Medical Center,2213,140103,,,Vizient (MS1301),326 W 64TH ST,7739623900
skipped-duplicate,franklin-mountain-group:name+city+state; greatdane:name+city+state; richards:name+city+state; southern-surgical:name+city+state; tbmedical:name+city+state,1534,VANDERBILT TULLAHOMA-HARTON HOSPITAL,TN,TULLAHOMA,Hospital/ Medical Center,2212,440144,,,Vizient (MS1301),1801 N JACKSON ST BOX 460,9313933000
skipped-duplicate,activize:name+city+state; ghanem:name+city+state; streamline:name+city+state,1533,POTTSTOWN HOSPITAL,PA,POTTSTOWN,Hospital/ Medical Center,2212,390123,,,,1600 EAST HIGH STREET,6103277000
skipped-duplicate,grosjean:name+city+state; jimmerson:name+city+state; lifesource:name+city+state; zenecare:name+city+state,1536,SUTTER TRACY COMMUNITY HOSPITAL,CA,TRACY,Hospital/ Medical Center,2210,050313,,,Vizient (MS1301),1420 NORTH TRACY BLVD,2098351500
skipped-duplicate,grosjean:name+city+state; jimmerson:name+city+state; lifesource:name+city+state; zenecare:name+city+state,1535,CONTRA COSTA REGIONAL MEDICAL CENTER,CA,MARTINEZ,Hospital/ Medical Center,2210,050276,,,Vizient (MS1301),2500 ALHAMBRA AVENUE,9253705000
skipped-duplicate,chowning:name+city+state,1537,MORRIS HOSPITAL & HEALTHCARE CENTERS,IL,MORRIS,Hospital/ Medical Center,2208,140101,,,"Vizient (MS1301), Premier (BT-NS-002)",150 W HIGH ST,8159422932
skipped-duplicate,klea:name+city+state,1538,ASCENSION ST VINCENT ANDERSON,IN,ANDERSON,Hospital/ Medical Center,2206,150088,,,"Vizient (MS1301), Premier (BT-NS-002)",2015 JACKSON ST,7656492511
skipped-duplicate,franklin-mountain-group:name+city+state; healthcare-cellutions:name+city+state; ju:name+city+state; martinez:name+city+state; meinnovations:name+city+state; sandia:name+city+state; sisco:name+city+state; streit:name+city+state; uromobile:name+city+state,1539,LAKE GRANBURY MEDICAL CENTER,TX,GRANBURY,Hospital/ Medical Center,2204,450596,,,"Vizient (MS1301), Premier (BT-NS-002)",1310 PALUXY RD,8175732683
skipped-clinic,Urology Clinic,2715,UROLOGY GREENBUSH,IN,LAFAYETTE,Urology Clinic,2202,,,,Vizient (MS1301),5177 Mccarty Ln Fl 1,3179621060
skipped-duplicate,franklin-mountain-group:name+city+state; greatdane:name+city+state; richards:name+city+state; southern-surgical:name+city+state; tbmedical:name+city+state,1540,TENNOVA HEALTHCARE - NEWPORT MEDICAL CENTER,TN,NEWPORT,Hospital/ Medical Center,2192,440153,,,Vizient (MS1301),435 2ND ST,4236252200
skipped-clinic,Urology Clinic,2716,KEARNEY UROLOGY CENTER,NE,KEARNEY,Urology Clinic,2191,,,,"Vizient (MS1301), Premier (BT-NS-002)",123 W 31st St,3082377719
skipped-clinic,Urology Clinic,2717,SANSUM CLINIC - OB AND UROLOGY,CA,LOMPOC,Urology Clinic,2188,,,,Vizient (MS1301),1017 E Ocean Ave Ste A&b,8057373300
skipped-clinic,Urology Clinic,2718,UROLOGY SPECIALIST-VAUGHN WILLIAM,IN,VINCENNES,Urology Clinic,2184,,,,Vizient (MS1301),200 S 6th St,8128824320
skipped-duplicate,activize:name+city+state; whisner:name+city+state,1541,SAINT MICHAEL'S MEDICAL CENTER,NJ,NEWARK,Hospital/ Medical Center,2176,310096,,,Vizient (MS1301),111 CENTRAL AVENUE,9738775350
skipped-duplicate,activize:name+city+state; ghanem:name+city+state; streamline:name+city+state,1542,UPMC NORTHWEST,PA,SENECA,Hospital/ Medical Center,2173,390091,,,Premier (BT-NS-002),100 FAIRFIELD DRIVE,8146767600
skipped-duplicate,klea:name+city+state; streamline:name+city+state,1543,UNIVERSITY HOSPITALS PORTAGE MEDICAL CENTER,OH,RAVENNA,Hospital/ Medical Center,2171,360078,,,"Vizient (MS1301), Premier (BT-NS-002)",6847 N CHESTNUT,3302972300
skipped-duplicate,chowning:name+city+state; stengel:name+city+state,1544,MERCY HOSPITAL JEFFERSON,MO,CRYSTAL CITY,Hospital/ Medical Center,2155,260023,,,,1400 US HIGHWAY 61,6369331000
skipped-duplicate,chowning:name+city+state; stengel:name+city+state,1545,BARNES-JEWISH WEST COUNTY HOSPITAL,MO,CREVE COEUR,Hospital/ Medical Center,2149,260162,,,,12634 OLIVE BOULEVARD,3149968000
skipped-clinic,Urology Clinic,2719,VIDANT UROLOGY AHOSKIE-767900,NC,AHOSKIE,Urology Clinic,2149,,,,Vizient (MS1301),312 A South Academy St,2528474100
skipped-duplicate,greatdane:name+city+state; southern-surgical:name+city+state,1546,RUSSELL MEDICAL CENTER,AL,ALEXANDER CITY,Hospital/ Medical Center,2148,010065,,,"Vizient (MS1301), Premier (BT-NS-002)",3316 HIGHWAY 280,2563297100
skipped-duplicate,franklin-mountain-group:name+city+state; healthcare-cellutions:name+city+state; ju:name+city+state; martinez:name+city+state; meinnovations:name+city+state; sandia:name+city+state; sisco:name+city+state; streit:name+city+state; uromobile:name+city+state,1547,BAYLOR SCOTT & WHITE TEXAS SPINE & JOINT HOSPITAL,TX,TYLER,Hospital/ Medical Center,2146,450864,,,"Vizient (MS1301), Premier (BT-NS-002)",1814 ROSELAND BOULEVARD,9035253300
skipped-duplicate,ghanem:name+city+state,1548,JOHN RANDOLPH MEDICAL CENTER,VA,HOPEWELL,Hospital/ Medical Center,2136,490020,,,Vizient (MS1301),411 WEST RANDOLPH ROAD,8045411600
skipped-duplicate,franklin-mountain-group:name+city+state; healthcare-cellutions:name+city+state; ju:name+city+state; martinez:name+city+state; meinnovations:name+city+state; sandia:name+city+state; sisco:name+city+state; streit:name+city+state; uromobile:name+city+state,1549,OAKBEND MEDICAL CENTER,TX,RICHMOND,Hospital/ Medical Center,2129,450330,,,"Vizient (MS1301), Premier (BT-NS-002)",1705 JACKSON ST,2813413000
skipped-duplicate,healthcare-cellutions:name+city+state; sisco:name+city+state; southern-surgical:name+city+state,1550,NATCHITOCHES REGIONAL MEDICAL CENTER,LA,NATCHITOCHES,Hospital/ Medical Center,2127,190007,,,"Vizient (MS1301), Premier (BT-NS-002)",501 KEYSER AVE,3182144200
skipped-clinic,Urology Clinic,2720,MID-AMERICA UROLOGY PC,MO,KANSAS CITY,Urology Clinic,2124,,,,Vizient (MS1301),1010 Carondelet Dr Ste 410,8169424243
skipped-duplicate,chowning:ccn:170023,1551,CENTURA ST CATHERINE HOSPITAL-GARDEN CITY,KS,GARDEN CITY,Hospital/ Medical Center,2124,170023,,,,401 EAST SPRUCE,6202258400
skipped-duplicate,activize:name+city+state; whisner:name+city+state,1552,HACKENSACK MERIDIAN HEALTH PASCACK VALLEY MEDICAL,NJ,WESTWOOD,Hospital/ Medical Center,2123,310130,,,"Vizient (MS1301), Premier (BT-NS-002)",250 OLD HOOK ROAD,2018802700
skipped-clinic,Urology Clinic,2721,LAKE NORMAN UROLOGY PLLC,NC,MOORESVILLE,Urology Clinic,2120,,,,"Vizient (MS1301), Premier (BT-NS-002)",137 Professional Park Dr Ste D,7046603322
skipped-duplicate,gerrard:ccn:340129; tbmedical:ccn:340129,1553,LAKE NORMAN REGIONAL MEDICAL CENTER,NC,MOORESVILLE,Hospital/ Medical Center,2120,340129,,,Vizient (MS1301),171 FAIRVIEW ROAD,7046604000
skipped-duplicate,gerrard:name+city+state; tbmedical:name+city+state,1554,VIDANT EDGECOMBE HOSPITAL,NC,TARBORO,Hospital/ Medical Center,2119,340107,,,"Vizient (MS1301), Premier (BT-NS-002)",111 HOSPITAL DR,2526417700
skipped-duplicate,noreaster:name+city+state; parkingangels:name+city+state; signature-medical:name+city+state,1555,OUR LADY OF FATIMA HOSPITAL,RI,NORTH PROVIDENCE,Hospital/ Medical Center,2116,410005,,,Vizient (MS1301),200 HIGH SERVICE AVENUE,4014563000
skipped-duplicate,chowning:name+city+state,1556,GRAHAM HOSPITAL ASSOCIATION,IL,CANTON,Hospital/ Medical Center,2115,140001,,,Vizient (MS1301),210 WEST WALNUT STREET,3096475240
skipped-duplicate,whittiker:name+city+state,1557,MERCY REGIONAL MEDICAL CENTER,CO,DURANGO,Hospital/ Medical Center,2114,060013,,,"Vizient (MS1301), Premier (BT-NS-002)",1010 THREE SPRINGS BLVD,9702474311
skipped-duplicate,lucier:name+city+state; noreaster:name+city+state; pierro:name+city+state; signature-medical:name+city+state; whisner:name+city+state,1559,ST JOSEPH HOSPITAL,ME,BANGOR,Hospital/ Medical Center,2111,200001,,,"Vizient (MS1301), Premier (BT-NS-002)",360 BROADWAY,2072621000
skipped-duplicate,a3-biomedical:name+city+state; emina-taylor:name+city+state; expert-medical-sales:name+city+state; lamitina:name+city+state; salmons:name+city+state; southern-surgical:name+city+state; tplconsulting:name+city+state,1558,HCA FLORIDA PUTNAM HOSPITAL,FL,PALATKA,Hospital/ Medical Center,2111,100232,,,"Vizient (MS1301), Premier (BT-NS-002)",611 ZEAGLER DR,3863285711
skipped-clinic,Urology Clinic,2722,AUA-UROLOGY ASSOCIATES OF FREDERICKSBURG #2,VA,FREDERICKSBURG,Urology Clinic,2109,,,,Vizient (MS1301),4710 Spotsylvania Pkwy Ste 204,5403743131
skipped-duplicate,greatdane:name+city+state; southern-surgical:name+city+state,1560,VAUGHAN REGIONAL MEDICAL CENTER PARKWAY CAMPUS,AL,SELMA,Hospital/ Medical Center,2109,010118,,,"Vizient (MS1301), Premier (BT-NS-002)",1015 MEDICAL CENTER PARKWAY,3344184100
skipped-duplicate,gerrard:name+city+state; intuitek:name+city+state; tbmedical:name+city+state,1561,PRISMA HEALTH GREER MEMORIAL HOSPITAL,SC,SPARTANBURG,Hospital/ Medical Center,2095,420033,,,"Vizient (MS1301), Premier (BT-NS-002)",1413 JOHN B WHITE SR BLVD SUITE D,8648488200
skipped-duplicate,ghanem:name+city+state,1563,BON SECOURS ST FRANCIS MEDICAL CENTER,VA,MIDLOTHIAN,Hospital/ Medical Center,2091,490136,,,"Vizient (MS1301), Premier (BT-NS-002)",13710 ST FRANCIS BOULEVARD,8045947400
skipped-duplicate,a3-biomedical:name+city+state; emina-taylor:name+city+state; expert-medical-sales:name+city+state; lamitina:name+city+state; salmons:name+city+state; southern-surgical:name+city+state; tplconsulting:name+city+state,1562,BROWARD HEALTH IMPERIAL POINT,FL,FORT LAUDERDALE,Hospital/ Medical Center,2091,100200,,,"Vizient (MS1301), Premier (BT-NS-002)",6401 N FEDERAL HWY,9547768500
skipped-duplicate,steimel:name+city+state,1564,ST JOSEPHS COMMUNITY HOSPITAL WEST BEND,WI,WEST BEND,Hospital/ Medical Center,2089,520063,,,"Vizient (MS1301), Premier (BT-NS-002)",3200 PLEASANT VALLEY ROAD,2623345533
skipped-clinic,Urology Clinic,2723,PROVIDENCE UROLOGY ASSOCIATES,TX,EL PASO,Urology Clinic,2085,,,,Vizient (MS1301),2000 Trans Mountain Rd Ste 120a,9158778136
skipped-duplicate,intuitek:name+city+state,1565,EMORY HILLANDALE HOSPITAL,GA,LITHONIA,Hospital/ Medical Center,2084,110226,,,Vizient (MS1301),2801 DEKALB MEDICAL PARKWAY,4045018040
skipped-duplicate,zenecare:name+city+state,1566,BANNER IRONWOOD MEDICAL CENTER,AZ,QUEEN CREEK,Hospital/ Medical Center,2083,030130,,,"Vizient (MS1301), Premier (BT-NS-002)",37000 NORTH GANTZEL ROAD,4803944000
skipped-duplicate,acme:name+city+state; sciotex:name+city+state; steimel:name+city+state,1567,MAYO CLINIC HEALTH SYSTEM - ALBERT LEA AND AUSTIN,MN,ALBERT LEA,Hospital/ Medical Center,2083,240043,,,Vizient (MS1301),404 WEST FOUNTAIN STREET,5073776490
skipped-duplicate,activize:name+city+state; ghanem:name+city+state; streamline:name+city+state,1569,UPMC HORIZON,PA,GREENVILLE,Hospital/ Medical Center,2080,390178,,,Premier (BT-NS-002),110 NORTH MAIN STREET,7245882100
skipped-duplicate,greatdane:name+city+state; southern-surgical:name+city+state,1568,UNIVERSITY OF MISSISSIPPI MEDICAL CENTER- GRENADA,MS,GRENADA,Hospital/ Medical Center,2080,250168,,,Vizient (MS1301),960 AVENT DRIVE,6622277000
skipped-duplicate,chowning:name+city+state; gptsurgical:name+city+state; greatdane:name+city+state; healthcare-cellutions:name+city+state,1570,ST MARYS REGIONAL MEDICAL CENTER,AR,RUSSELLVILLE,Hospital/ Medical Center,2079,040041,,,Vizient (MS1301),1808 WEST MAIN STREET,4799682841
skipped-duplicate,activize:name+city+state; parkingangels:name+city+state; proactive:name+city+state; streamline:name+city+state; whisner:name+city+state,4476,BRONX VA MEDICAL CENTER,NY,BRONX,VA Medical Center,2072,33016F,,,Marathon Medical (FFS Approval: 36F79718D0321),130 WEST KINGSBRIDGE ROAD,7185849000
skipped-duplicate,franklin-mountain-group:name+city+state; meinnovations:name+city+state; sandia:name+city+state,1571,THREE CROSSES REGIONAL HOSPITAL LLC,NM,LAS CRUCES,Hospital/ Medical Center,2068,320091,,,,2560 SAMARITAN DRIVE,5754218274
skipped-duplicate,klea:name+city+state,1572,ST ELIZABETH FT THOMAS,KY,FORT THOMAS,Hospital/ Medical Center,2067,180001,,,"Vizient (MS1301), Premier (BT-NS-002)",85 NORTH GRAND AVENUE,8595723100
skipped-duplicate,intuitek:name+city+state,1574,TANNER MEDICAL CENTER VILLA RICA,GA,VILLA RICA,Hospital/ Medical Center,2050,110015,,,"Vizient (MS1301), Premier (BT-NS-002)",601 DALLAS HIGHWAY,7704563101
skipped-duplicate,grosjean:name+city+state; jimmerson:name+city+state; lifesource:name+city+state; zenecare:name+city+state,1575,EMANUEL MEDICAL CENTER,CA,TURLOCK,Hospital/ Medical Center,2039,050179,,,"Vizient (MS1301), Premier (BT-NS-002)",825 DELBON AVE,2096674200
skipped-duplicate,acme:name+city+state; sciotex:name+city+state; steimel:name+city+state,1577,SANFORD BEMIDJI MEDICAL CENTER,MN,BEMIDJI,Hospital/ Medical Center,2038,240100,,,Vizient (MS1301),1300 ANNE ST NW,2187515430
skipped-duplicate,grosjean:name+city+state; jimmerson:name+city+state; lifesource:name+city+state; zenecare:name+city+state,1576,SUTTER DELTA MEDICAL CENTER,CA,ANTIOCH,Hospital/ Medical Center,2038,050523,,,"Vizient (MS1301), Premier (BT-NS-002)",3901 LONE TREE WAY,9257797200
skipped-clinic,Urology Clinic,2724,MMG UROLOGY AT ST MARYS,MD,LEONARDTOWN,Urology Clinic,2035,,,,Vizient (MS1301),25500 Point Lookout Rd Ste 200,2404347465
skipped-duplicate,lifesource:name+city+state; zenecare:name+city+state,1578,NORTHERN NEVADA MEDICAL CENTER,NV,SPARKS,Hospital/ Medical Center,2033,290032,,,"Vizient (MS1301), Premier (BT-NS-002)",2375 E PRATER WAY,7753317000
skipped-duplicate,zenecare:name+city+state,1579,NORTHWEST MEDICAL CENTER SAHUARITA,AZ,SAHUARITA,Hospital/ Medical Center,2032,030148,,,,16260 SOUTH RANCHO SAHUARITA BOULEVARD,5204167100
skipped-duplicate,greatdane:name+city+state; southern-surgical:name+city+state,1580,DEKALB REGIONAL MEDICAL CENTER,AL,FORT PAYNE,Hospital/ Medical Center,2031,010012,,,Vizient (MS1301),200 MED CENTER DRIVE,2568453150
skipped-duplicate,grosjean:name+city+state; jimmerson:name+city+state; lifesource:name+city+state; zenecare:name+city+state,1581,PARADISE VALLEY HOSPITAL,CA,NATIONAL CITY,Hospital/ Medical Center,2026,050024,,,Vizient (MS1301),2400 EAST 4TH ST,6194704321
skipped-duplicate,grosjean:name+city+state; jimmerson:name+city+state; lifesource:name+city+state; zenecare:name+city+state,1582,LOMA LINDA UNIVERSITY CHILDREN'S HOSPITAL,CA,LOMA LINDA,Hospital/ Medical Center,2016,050778,,,"Vizient (MS1301), Premier (BT-NS-002)",11234 ANDERSON STREET SUITE A,9095588000
skipped-duplicate,greatdane:name+city+state; southern-surgical:name+city+state,1583,KING'S DAUGHTERS MEDICAL CENTER-BROOKHAVEN,MS,BROOKHAVEN,Hospital/ Medical Center,2012,250057,,,,P O BOX 948/427 HIGHWAY 51 NORTH,6018336011
skipped-clinic,Urology Clinic,2725,BROOKHAVEN UROLOGY,MS,BROOKHAVEN,Urology Clinic,2012,,,,Vizient (MS1301),425 Hwy 51 N,6018335713
skipped-duplicate,healthcare-cellutions:name+city+state; sisco:name+city+state; southern-surgical:name+city+state,1584,OCHSNER MEDICAL CENTER-KENNER,LA,KENNER,Hospital/ Medical Center,2010,190274,,,"Vizient (MS1301), Premier (BT-NS-002)",180 WEST ESPLANADE AVENUE,5044648065
skipped-duplicate,greatdane:name+city+state; southern-surgical:name+city+state,1585,HIGHLANDS MEDICAL CENTER,AL,SCOTTSBORO,Hospital/ Medical Center,2008,010061,,,"Vizient (MS1301), Premier (BT-NS-002)",380 WOODS COVE ROAD,2562594444
skipped-duplicate,klea:name+city+state; streamline:name+city+state,1586,SALEM REGIONAL MEDICAL CENTER,OH,SALEM,Hospital/ Medical Center,2005,360185,,,"Vizient (MS1301), Premier (BT-NS-002)",1995 EAST STATE STREET,3303327214
skipped-clinic,Urology Clinic,2726,WELLSTONE HEALTH PARTNERS-UROLOGY,TX,HARKER HEIGHTS,Urology Clinic,2003,,,,Vizient (MS1301),800 W Central Texas Expy Ste 370,2546181020
skipped-duplicate,gerrard:name+city+state; tbmedical:name+city+state,1587,ONSLOW MEMORIAL HOSPITAL,NC,JACKSONVILLE,Hospital/ Medical Center,2002,340042,,,Vizient (MS1301),317 WESTERN BOULEVARD,9105772345
skipped-duplicate,activize:name+city+state; whisner:name+city+state,1588,RIVERVIEW MEDICAL CENTER,NJ,RED BANK,Hospital/ Medical Center,1999,310034,,,Vizient (MS1301),ONE RIVERVIEW PLAZA,7327412700
skipped-duplicate,hagarty:name+city+state,1589,ST JOSEPH REGIONAL MEDICAL CENTER,ID,LEWISTON,Hospital/ Medical Center,1995,130003,,,,415 SIXTH STREET,2087995300
skipped-duplicate,klea:name+city+state; streamline:name+city+state,1591,SUMMA WESTERN RESERVE HOSPITAL,OH,CUYAHOGA FALLS,Hospital/ Medical Center,1994,360150,,,"Vizient (MS1301), Premier (BT-NS-002)",1900 23RD STREET,3309717000
skipped-duplicate,klea:name+city+state; streamline:name+city+state,1590,MERCY HEALTH - FAIRFIELD HOSPITAL,OH,FAIRFIELD,Hospital/ Medical Center,1994,360056,,,"Vizient (MS1301), Premier (BT-NS-002)",3000 MACK ROAD,5138707000
skipped-duplicate,chowning:name+city+state,1592,ST ANTHONYS MEMORIAL HOSPITAL,IL,EFFINGHAM,Hospital/ Medical Center,1991,140032,,,"Vizient (MS1301), Premier (BT-NS-002)",503 N MAPLE STREET,2173422121
skipped-duplicate,grosjean:name+city+state; jimmerson:name+city+state; lifesource:name+city+state; zenecare:name+city+state,1593,WOODLAND MEMORIAL HOSPITAL,CA,WOODLAND,Hospital/ Medical Center,1987,050127,,,"Vizient (MS1301), Premier (BT-NS-002)",1325 COTTONWOOD STREET,5306623961
skipped-duplicate,klea:name+city+state,1594,ST ELIZABETH DEARBORN HOSPITAL,IN,LAWRENCEBURG,Hospital/ Medical Center,1986,150086,,,"Vizient (MS1301), Premier (BT-NS-002)",600 WILSON CREEK RD,8125371010
skipped-duplicate,klea:name+city+state,1595,CASEY COUNTY HOSPITAL,KY,LIBERTY,Hospital/ Medical Center,1985,181309,,,"Vizient (MS1301), Premier (BT-NS-002)",187 WOLFORD AVENUE,6067876275
skipped-clinic,Urology Clinic,2727,COLUMBIA UROLOGICAL ASSOCIATES PA,SC,COLUMBIA,Urology Clinic,1972,,,,Vizient (MS1301),1333 Taylor St Ste 2c,8032965678
skipped-duplicate,grosjean:name+city+state; jimmerson:name+city+state; lifesource:name+city+state; zenecare:name+city+state,1597,PIH HEALTH DOWNEY HOSPITAL,CA,DOWNEY,Hospital/ Medical Center,1972,050393,,,Vizient (MS1301),11500 BROOKSHIRE AVENUE,5629045000
skipped-duplicate,a3-biomedical:name+city+state; emina-taylor:name+city+state; expert-medical-sales:name+city+state; lamitina:name+city+state; salmons:name+city+state; southern-surgical:name+city+state; tplconsulting:name+city+state,1598,ASCENSION ST VINCENT'S CLAY COUNTY,FL,MIDDLEBURG,Hospital/ Medical Center,1972,100321,,,Vizient (MS1301),1670 ST VINCENTS WAY,9046021000
skipped-duplicate,grosjean:name+city+state; jimmerson:name+city+state; lifesource:name+city+state; zenecare:name+city+state,1599,KAISER FOUNDATION HOSPITAL-MORENO VALLEY,CA,MORENO VALLEY,Hospital/ Medical Center,1971,050765,,,Vizient (MS1301),27300 IRIS AVENUE,9512516530
skipped-duplicate,franklin-mountain-group:name+city+state; greatdane:name+city+state; richards:name+city+state; southern-surgical:name+city+state; tbmedical:name+city+state,1600,TRISTAR HORIZON MEDICAL CENTER,TN,DICKSON,Hospital/ Medical Center,1970,440046,,,Vizient (MS1301),111 HIGHWAY 70 EAST,6154460446
skipped-duplicate,gerrard:name+city+state; intuitek:name+city+state; tbmedical:name+city+state,1601,PRISMA HEALTH TUOMEY HOSPITAL,SC,SUMTER,Hospital/ Medical Center,1957,420070,,,Premier (BT-NS-002),129 N WASHINGTON ST,8037748900
skipped-duplicate,lucier:ccn:200008; noreaster:ccn:200008; pierro:ccn:200008; signature-medical:ccn:200008; whisner:ccn:200008,1602,NORTHERN LIGHT HEALTH,ME,PORTLAND,Hospital/ Medical Center,1954,200008,,,,144 STATE STREET,2078793000
skipped-duplicate,greatdane:name+city+state; southern-surgical:name+city+state,1603,HIGHLAND COMMUNITY  HOSPITAL,MS,PICAYUNE,Hospital/ Medical Center,1952,250117,,,"Vizient (MS1301), Premier (BT-NS-002)",130 HIGHLAND PKWY,6013589400
skipped-duplicate,lucier:name+city+state; noreaster:name+city+state; parkingangels:name+city+state; pierro:name+city+state; signature-medical:name+city+state; whisner:name+city+state,1604,METROWEST MEDICAL CENTER,MA,FRAMINGHAM,Hospital/ Medical Center,1950,220175,,,"Vizient (MS1301), Premier (BT-NS-002)",115 LINCOLN STREET,5083831000
skipped-duplicate,franklin-mountain-group:name+city+state; greatdane:name+city+state; richards:name+city+state; southern-surgical:name+city+state; tbmedical:name+city+state,1605,WEST TENNESSEE HEALTHCARE HENRY COUNTY HOSPITAL,TN,PARIS,Hospital/ Medical Center,1948,440132,,,Vizient (MS1301),301 TYSON AVENUE,7316421220
skipped-duplicate,steimel:name+city+state,1606,AURORA MEMORIAL HOSPITAL BURLINGTON,WI,BURLINGTON,Hospital/ Medical Center,1945,520059,,,"Vizient (MS1301), Premier (BT-NS-002)",252 MCHENRY ST,2627676545
skipped-duplicate,acme:name+city+state; sciotex:name+city+state; wood:name+city+state,1607,CHI HEALTH ST ELIZABETH,NE,LINCOLN,Hospital/ Medical Center,1941,280020,,,"Vizient (MS1301), Premier (BT-NS-002)",555 SOUTH 70TH ST,4022197700
skipped-duplicate,franklin-mountain-group:name+city+state; greatdane:name+city+state; richards:name+city+state; southern-surgical:name+city+state; tbmedical:name+city+state,1608,LAFOLLETTE MEDICAL CENTER,TN,LA FOLLETTE,Hospital/ Medical Center,1941,440033,,,Vizient (MS1301),923 EAST CENTRAL AVENUE,4239071200
skipped-duplicate,acme:name+city+state; sciotex:name+city+state; steimel:name+city+state,1609,M HEALTH FAIRVIEW WOODWINDS HOSPITAL,MN,WOODBURY,Hospital/ Medical Center,1928,240213,,,Premier (BT-NS-002),1925 WOODWINDS DRIVE,6512322185
skipped-duplicate,gerrard:name+city+state; tbmedical:name+city+state,1612,NOVANT HEALTH THOMASVILLE MEDICAL CENTER,NC,THOMASVILLE,Hospital/ Medical Center,1920,340085,,,Vizient (MS1301),207 OLD LEXINGTON RD BOX 789,3364722000
skipped-clinic,Urology Clinic,2728,DAVIDSON UROLOGY THOMASVILLE,NC,THOMASVILLE,Urology Clinic,1920,,,,Vizient (MS1301),1219 Lexington Ave Ste D,3367180485
skipped-clinic,Urology Clinic,2729,MINNESOTA UROLOGY-RIDGEVIEW MED CNT,MN,WACONIA,Urology Clinic,1919,,,,Vizient (MS1301),560 S Maple St Ste 220,7635207700
skipped-duplicate,acme:name+city+state; sciotex:name+city+state; steimel:name+city+state,1613,RIDGEVIEW MEDICAL CENTER,MN,WACONIA,Hospital/ Medical Center,1919,240056,,,Vizient (MS1301),500 SOUTH MAPLE STREET,9524422191
skipped-duplicate,grosjean:name+city+state; jimmerson:name+city+state; lifesource:name+city+state; zenecare:name+city+state,1614,MONTCLAIR HOSPITAL MEDICAL CENTER,CA,MONTCLAIR,Hospital/ Medical Center,1915,050758,,,"Vizient (MS1301), Premier (BT-NS-002)",5000 SAN BERNARDINO ST,9096258300
skipped-duplicate,greatdane:name+city+state; southern-surgical:name+city+state,1615,NORTH MISSISSIPPI MEDICAL CENTER-GILMORE AMORY,MS,AMORY,Hospital/ Medical Center,1914,250025,,,"Vizient (MS1301), Premier (BT-NS-002)",1105 EARL FRYE BLVD,6622567111
skipped-duplicate,activize:name+city+state; ghanem:name+city+state; streamline:name+city+state,1616,ST LUKE'S HOSPITAL - CARBON CAMPUS,PA,LEHIGHTON,Hospital/ Medical Center,1913,390335,,,Premier (BT-NS-002),500 ST LUKE'S DRIVE,6103777001
skipped-duplicate,ghanem:name+city+state,1617,MARY IMMACULATE HOSPITAL,VA,NEWPORT NEWS,Hospital/ Medical Center,1912,490041,,,"Vizient (MS1301), Premier (BT-NS-002)",2 BERNARDINE DRIVE,7578866000
skipped-duplicate,noreaster:name+city+state; parkingangels:name+city+state; signature-medical:name+city+state,1618,NEWPORT HOSPITAL,RI,NEWPORT,Hospital/ Medical Center,1911,410006,,,Vizient (MS1301),11 FRIENDSHIP STREET,4018466400
skipped-clinic,Urology Clinic,2730,NEWPORT OFFICE,RI,NEWPORT,Urology Clinic,1911,,,,Vizient (MS1301),38 Powel Ave,4018466400
skipped-duplicate,ghanem:name+city+state,4479,VA MARYLAND HEALTHCARE SYSTEM - BALTIMORE,MD,BALTIMORE,VA Medical Center,1910,21020F,,,Marathon Medical (FFS Approval: 36F79718D0321),10 NORTH GREENE STREET,4106057016
skipped-duplicate,gptsurgical:name+city+state; healthcare-cellutions:name+city+state; martinez:name+city+state,1620,OKLAHOMA SURGICAL HOSPITAL LLC,OK,TULSA,Hospital/ Medical Center,1909,370210,,,Vizient (MS1301),"2408 EAST 81ST STREET, SUITE 300",9184775000
skipped-duplicate,activize:ccn:390332; ghanem:ccn:390332; streamline:ccn:390332,1621,GEISINGER ST LUKE'S  HOSPITAL,PA,ORWIGSBGURG,Hospital/ Medical Center,1908,390332,,,,100 PARAMOUNT BOULEVARD,2726394990
skipped-duplicate,greatdane:name+city+state; southern-surgical:name+city+state,1622,MEDICAL CENTER ENTERPRISE,AL,ENTERPRISE,Hospital/ Medical Center,1906,010049,,,,400 N EDWARDS STREET,3343470584
skipped-duplicate,acme:name+city+state; sciotex:name+city+state; steimel:name+city+state,1623,MAPLE GROVE HOSPITAL,MN,MAPLE GROVE,Hospital/ Medical Center,1906,240214,,,Vizient (MS1301),9875 HOSPITAL DRIVE,7635811563
skipped-duplicate,zenecare:name+city+state,1624,ABRAZO SCOTTSDALE CAMPUS,AZ,PHOENIX,Hospital/ Medical Center,1902,030083,,,,3929 EAST BELL ROAD,6029235609
skipped-clinic,Urology Clinic,2731,SHREVEPORT UROLOGY,LA,SHREVEPORT,Urology Clinic,1901,,,,Vizient (MS1301),8001 Youree Dr Ste 820,3182123569
skipped-duplicate,grosjean:name+city+state; jimmerson:name+city+state; lifesource:name+city+state; zenecare:name+city+state,1625,BARSTOW COMMUNITY HOSPITAL,CA,BARSTOW,Hospital/ Medical Center,1897,050298,,,"Vizient (MS1301), Premier (BT-NS-002)",820 E MOUNTAIN VIEW STREET,7602561761
skipped-duplicate,klea:name+city+state; streamline:name+city+state,1626,FORT HAMILTON HUGHES MEMORIAL HOSPITAL,OH,HAMILTON,Hospital/ Medical Center,1897,360132,,,"Vizient (MS1301), Premier (BT-NS-002)",630 EATON AVENUE,5138672123
skipped-duplicate,grosjean:name+city+state; jimmerson:name+city+state; lifesource:name+city+state; zenecare:name+city+state,1627,ADVENTIST HEALTH UKIAH VALLEY,CA,UKIAH,Hospital/ Medical Center,1896,050301,,,"Vizient (MS1301), Premier (BT-NS-002)",275 HOSPITAL DRIVE,7074623111
skipped-clinic,Urology Clinic,2732,ADVANCED CENTER FOR UROLOGY,CA,GARDEN GROVE,Urology Clinic,1896,,,,Vizient (MS1301),12555 Garden Grove Blvd Ste 405,7145340744
skipped-duplicate,gerrard:name+city+state; tbmedical:name+city+state,1628,HARRIS REGIONAL HOSPITAL,NC,SYLVA,Hospital/ Medical Center,1896,340016,,,"Vizient (MS1301), Premier (BT-NS-002)",68 HOSPITAL RD,8285867000
skipped-duplicate,a3-biomedical:ccn:10099F; emina-taylor:ccn:10099F; expert-medical-sales:ccn:10099F; lamitina:ccn:10099F; salmons:ccn:10099F; southern-surgical:ccn:10099F; tplconsulting:ccn:10099F,4480,ORLANDO VA MEDICAL CENTER (VISN 8),FL,ORLANDO,VA Medical Center,1890,10099F,,,Marathon Medical (FFS Approval: 36F79718D0321),13800 Veterans Way,4076311000
skipped-duplicate,a3-biomedical:name+city+state; emina-taylor:name+city+state; expert-medical-sales:name+city+state; lamitina:name+city+state; salmons:name+city+state; southern-surgical:name+city+state; tplconsulting:name+city+state,1629,UNIVERSITY HOSPITAL AND MEDICAL CENTER,FL,TAMARAC,Hospital/ Medical Center,1888,100224,,,"Vizient (MS1301), Premier (BT-NS-002)",7201 N UNIVERSITY DR,9547212200
skipped-clinic,Urology Clinic,2733,WICHITA UROLOGY GROUP,KS,WICHITA,Urology Clinic,1885,,,,Vizient (MS1301),2620 N Webb Rd,3166366100
skipped-duplicate,activize:name+city+state; ghanem:name+city+state; streamline:name+city+state,1630,PENN STATE HEALTH HAMPDEN MEDICAL CENTER,PA,ENOLA,Hospital/ Medical Center,1883,390336,,,Vizient (MS1301),2200 GOOD HOPE ROAD,7179819000
skipped-duplicate,grosjean:name+city+state; jimmerson:name+city+state; lifesource:name+city+state; zenecare:name+city+state,1631,L A DOWNTOWN MEDICAL CENTER,CA,LOS ANGELES,Hospital/ Medical Center,1880,050763,,,,1711 WEST TEMPLE STREET,2139896123
skipped-clinic,Urology Clinic,2734,CRISP UROLOGY,GA,CORDELE,Urology Clinic,1879,,,,Vizient (MS1301),910 N 5th St,2292763100
skipped-duplicate,intuitek:name+city+state,1632,PIEDMONT NEWTON HOSPITAL,GA,COVINGTON,Hospital/ Medical Center,1878,110018,,,"Vizient (MS1301), Premier (BT-NS-002)",5126 HOSPITAL DRIVE NE,7707867053
skipped-clinic,Urology Clinic,2735,PPG NEWTON UROLOGY,GA,COVINGTON,Urology Clinic,1878,,,,Vizient (MS1301),4181 Hospital Dr Ne Ste 303,4047126878
skipped-duplicate,activize:name+city+state; ghanem:name+city+state; streamline:name+city+state,1633,UPMC LITITZ,PA,LITITZ,Hospital/ Medical Center,1877,390068,,,"Vizient (MS1301), Premier (BT-NS-002)",1500 HIGHLANDS DRIVE,7176252000
skipped-duplicate,chowning:name+city+state; stengel:name+city+state,1634,CITIZENS MEMORIAL HOSPITAL,MO,BOLIVAR,Hospital/ Medical Center,1869,260195,,,Vizient (MS1301),1500 N OAKLAND,4173266000
skipped-duplicate,gerrard:name+city+state; tbmedical:name+city+state,1635,WATAUGA MEDICAL CENTER,NC,BOONE,Hospital/ Medical Center,1857,340051,,,"Vizient (MS1301), Premier (BT-NS-002)",336 DEERFIELD ROAD,8282624100
skipped-duplicate,ghanem:name+city+state,1636,LEWISGALE HOSPITAL MONTGOMERY,VA,BLACKSBURG,Hospital/ Medical Center,1854,490110,,,,3700 SOUTH MAIN STREET,5409511111
skipped-duplicate,grosjean:name+city+state; jimmerson:name+city+state; lifesource:name+city+state; zenecare:name+city+state,1637,SUTTER SOLANO MEDICAL CENTER,CA,VALLEJO,Hospital/ Medical Center,1851,050101,,,"Vizient (MS1301), Premier (BT-NS-002)",300 HOSPITAL DR,7075545280
skipped-duplicate,a3-biomedical:name+city+state; emina-taylor:name+city+state; expert-medical-sales:name+city+state; lamitina:name+city+state; salmons:name+city+state; southern-surgical:name+city+state; tplconsulting:name+city+state,1638,LARKIN COMMUNITY HOSPITAL,FL,SOUTH MIAMI,Hospital/ Medical Center,1839,100181,,,"Vizient (MS1301), Premier (BT-NS-002)",7031 SW 62ND AVE,3052847500
skipped-clinic,Urology Clinic,2736,NORTHEAST IND UROLOGY,IN,WARSAW,Urology Clinic,1837,,,,Vizient (MS1301),2217 Dubois Dr,2604366667
skipped-clinic,Urology Clinic,2737,MINNESOTA UROLOGY-SHAKOPEE,MN,SHAKOPEE,Urology Clinic,1837,,,,Vizient (MS1301),1515 Saint Francis Ave Ste 250,6519996800
skipped-duplicate,lucier:name+city+state; noreaster:name+city+state; pierro:name+city+state; signature-medical:name+city+state; whisner:name+city+state,1639,YORK HOSPITAL,ME,YORK,Hospital/ Medical Center,1837,200020,,,Vizient (MS1301),15 HOSPITAL DRIVE,2073512478
skipped-duplicate,chowning:name+city+state; stengel:name+city+state,1640,CAMERON REGIONAL MEDICAL CENTER,MO,CAMERON,Hospital/ Medical Center,1836,260057,,,Vizient (MS1301),1600 E EVERGREEN,8166322101
skipped-duplicate,healthcare-cellutions:name+city+state; sisco:name+city+state; southern-surgical:name+city+state,1641,MINDEN MEDICAL CENTER,LA,MINDEN,Hospital/ Medical Center,1835,190144,,,Vizient (MS1301),NO 1 MEDICAL PLAZA,3183772321
skipped-duplicate,zenecare:name+city+state,1642,BANNER GATEWAY MEDICAL CENTER,AZ,GILBERT,Hospital/ Medical Center,1832,030122,,,"Vizient (MS1301), Premier (BT-NS-002)",1900 NORTH HIGLEY ROAD,4805432000
skipped-clinic,Urology Clinic,2738,NORTHWEST HEALTHCARE - UROLOGY,IL,HOFFMAN ESTATES,Urology Clinic,1829,,,,Vizient (MS1301),1555 Barrington Rd Ste 2300b Bldg 3,8478430726
skipped-duplicate,franklin-mountain-group:name+city+state; meinnovations:name+city+state; sandia:name+city+state,1643,PLAINS REGIONAL MEDICAL CENTER,NM,CLOVIS,Hospital/ Medical Center,1828,320022,,,"Vizient (MS1301), Premier (BT-NS-002)","2100 N MARTIN LUTHER KING, JR, BLVD",5757696332
skipped-duplicate,steimel:ccn:520113,1644,BAY AREA MEDICAL CENTER,WI,MARINETTE,Hospital/ Medical Center,1828,520113,,,"Vizient (MS1301), Premier (BT-NS-002)",3003 UNIVERSITY DR,7157354200
skipped-duplicate,grosjean:name+city+state; jimmerson:name+city+state; lifesource:name+city+state; zenecare:name+city+state,1645,FRENCH HOSPITAL MEDICAL CENTER,CA,SAN LUIS OBISPO,Hospital/ Medical Center,1824,050232,,,"Vizient (MS1301), Premier (BT-NS-002)",1911 JOHNSON AVE,8055435353
skipped-clinic,Urology Clinic,2739,MEDICAL OFFICE BLDG AT SOUTH COUNTY HOSPITAL,RI,WAKEFIELD,Urology Clinic,1820,,,,Vizient (MS1301),70 Kenyon Ave,4017828000
skipped-duplicate,grosjean:name+city+state; jimmerson:name+city+state; lifesource:name+city+state; zenecare:name+city+state,1646,ADVENTIST HEALTH ST HELENA,CA,SAINT HELENA,Hospital/ Medical Center,1818,050013,,,"Vizient (MS1301), Premier (BT-NS-002)",10 WOODLAND ROAD,7079633611
skipped-duplicate,zenecare:name+city+state,1647,CANYON VISTA MEDICAL CENTER,AZ,SIERRA VISTA,Hospital/ Medical Center,1817,030043,,,"Vizient (MS1301), Premier (BT-NS-002)",5700 EAST HIGHWAY 90,5202632220
skipped-duplicate,gptsurgical:name+city+state; healthcare-cellutions:name+city+state; martinez:name+city+state,1648,INTEGRIS HEALTH EDMOND HOSPITAL,OK,EDMOND,Hospital/ Medical Center,1817,370236,,,Vizient (MS1301),4801 INTEGRIS PARKWAY,4056573000
skipped-duplicate,franklin-mountain-group:name+city+state; healthcare-cellutions:name+city+state; ju:name+city+state; martinez:name+city+state; meinnovations:name+city+state; sandia:name+city+state; sisco:name+city+state; streit:name+city+state; uromobile:name+city+state,1649,BAYLOR SCOTT AND WHITE MEDICAL CENTER LAKE POINTE,TX,ROWLETT,Hospital/ Medical Center,1816,450742,,,"Vizient (MS1301), Premier (BT-NS-002)",6800 SCENIC DR,9724122273
skipped-duplicate,lucier:name+city+state; noreaster:name+city+state; parkingangels:name+city+state; pierro:name+city+state; signature-medical:name+city+state; whisner:name+city+state,1650,HOLYOKE MEDICAL CENTER,MA,HOLYOKE,Hospital/ Medical Center,1813,220024,,,Vizient (MS1301),575 BEECH STREET,4135342500
skipped-duplicate,hagarty:name+city+state,1651,BOZEMAN HEALTH DEACONESS HOSPITAL,MT,BOZEMAN,Hospital/ Medical Center,1812,270057,,,"Vizient (MS1301), Premier (BT-NS-002)",915 HIGHLAND BLVD,4065855000
skipped-clinic,Urology Clinic,2740,SOUTHERN TENNESSEE UROLOGY,TN,WINCHESTER,Urology Clinic,1809,,,,Vizient (MS1301),155 Hospital Rd Ste J,9319672727
skipped-duplicate,a3-biomedical:name+city+state; emina-taylor:name+city+state; expert-medical-sales:name+city+state; lamitina:name+city+state; salmons:name+city+state; southern-surgical:name+city+state; tplconsulting:name+city+state,1652,ASCENSION ST VINCENT'S SOUTHSIDE,FL,JACKSONVILLE,Hospital/ Medical Center,1806,100307,,,"Vizient (MS1301), Premier (BT-NS-002)",4201 BELFORT RD,9042963700
skipped-duplicate,gerrard:name+city+state; intuitek:name+city+state; tbmedical:name+city+state,1653,COASTAL CAROLINA HOSPITAL,SC,HARDEEVILLE,Hospital/ Medical Center,1805,420101,,,,1000 MEDICAL CENTER DRIVE,8437848000
skipped-duplicate,ghanem:name+city+state,1654,RIVERSIDE WALTER REED HOSPITAL,VA,GLOUCESTER,Hospital/ Medical Center,1802,490130,,,"Vizient (MS1301), Premier (BT-NS-002)",7519 HOSPITAL ROAD,8046938800
skipped-duplicate,grosjean:name+city+state; jimmerson:name+city+state; lifesource:name+city+state; zenecare:name+city+state,1655,GLENN MEDICAL CENTER,CA,WILLOWS,Hospital/ Medical Center,1800,051306,,,"Vizient (MS1301), Premier (BT-NS-002)",1133 W SYCAMORE ST,5309341818
skipped-duplicate,franklin-mountain-group:name+city+state; healthcare-cellutions:name+city+state; ju:name+city+state; martinez:name+city+state; meinnovations:name+city+state; sandia:name+city+state; sisco:name+city+state; streit:name+city+state; uromobile:name+city+state,1656,MEDICAL CITY ALLIANCE,TX,FORT WORTH,Hospital/ Medical Center,1799,670103,,,Premier (BT-NS-002),3101 NORTH TARRANT PARKWAY,8176391100
skipped-clinic,Urology Clinic,2741,LEHIGH UROLOGICAL ASSOCIATES,FL,LEHIGH ACRES,Urology Clinic,1795,,,,Vizient (MS1301),3227 Lee Blvd Ste F,2393682502
skipped-duplicate,franklin-mountain-group:name+city+state; meinnovations:name+city+state; sandia:name+city+state,1657,LOVELACE WESTSIDE HOSPITAL,NM,ALBUQUERQUE,Hospital/ Medical Center,1795,320074,,,"Vizient (MS1301), Premier (BT-NS-002)",10501 GOLF COURSE ROAD NW,5057272001
skipped-duplicate,franklin-mountain-group:name+city+state; healthcare-cellutions:name+city+state; ju:name+city+state; martinez:name+city+state; meinnovations:name+city+state; sandia:name+city+state; sisco:name+city+state; streit:name+city+state; uromobile:name+city+state,1659,NACOGDOCHES MEMORIAL HOSPITAL,TX,NACOGDOCHES,Hospital/ Medical Center,1794,450508,,,"Vizient (MS1301), Premier (BT-NS-002)",1204 MOUND ST,9365644611
skipped-duplicate,franklin-mountain-group:name+city+state; greatdane:name+city+state; richards:name+city+state; southern-surgical:name+city+state; tbmedical:name+city+state,1658,LIVINGSTON REGIONAL HOSPITAL,TN,LIVINGSTON,Hospital/ Medical Center,1794,440187,,,,315 OAK ST BOX 550,9318235611
skipped-duplicate,klea:name+city+state; streamline:name+city+state,1660,WOOD COUNTY HOSPITAL,OH,BOWLING GREEN,Hospital/ Medical Center,1793,360029,,,"Vizient (MS1301), Premier (BT-NS-002)",950 WEST WOOSTER STREET,4193548900
skipped-duplicate,ghanem:name+city+state,1661,CLINCH VALLEY MEDICAL CENTER,VA,RICHLANDS,Hospital/ Medical Center,1792,490060,,,Vizient (MS1301),6801 Governor GC Perry Highway,2765966000
skipped-duplicate,grosjean:name+city+state; jimmerson:name+city+state; lifesource:name+city+state; zenecare:name+city+state,1662,KAISER FOUNDATION HOSPITAL - SAN MARCOS,CA,SAN MARCOS,Hospital/ Medical Center,1790,050855,,,Vizient (MS1301),360 RUSH DR,7605286295
skipped-duplicate,franklin-mountain-group:name+city+state; greatdane:name+city+state; richards:name+city+state; southern-surgical:name+city+state; tbmedical:name+city+state,1663,ROANE MEDICAL CENTER,TN,HARRIMAN,Hospital/ Medical Center,1784,440031,,,Vizient (MS1301),8045 ROANE MEDICAL CENTER DRIVE,8653161000
skipped-clinic,Urology Clinic,2742,OPG UROLOGY - CIRCLEVILLE,OH,CIRCLEVILLE,Urology Clinic,1783,,,,Vizient (MS1301),600 N Pickaway St Ste 402,6145444421
skipped-duplicate,grosjean:name+city+state; jimmerson:name+city+state; lifesource:name+city+state; zenecare:name+city+state,1664,SUTTER COAST HOSPITAL,CA,CRESCENT CITY,Hospital/ Medical Center,1783,050417,,,"Vizient (MS1301), Premier (BT-NS-002)",800 E WASHINGTON BLVD,7074648511
skipped-duplicate,lucier:name+city+state; noreaster:name+city+state; pierro:name+city+state; signature-medical:name+city+state; whisner:name+city+state,1665,CHESHIRE MEDICAL CENTER,NH,KEENE,Hospital/ Medical Center,1775,300019,,,Vizient (MS1301),580 COURT STREET,6033545400
skipped-duplicate,franklin-mountain-group:name+city+state; healthcare-cellutions:name+city+state; ju:name+city+state; martinez:name+city+state; meinnovations:name+city+state; sandia:name+city+state; sisco:name+city+state; streit:name+city+state; uromobile:name+city+state,1666,TEXAS HEALTH HOSPITAL FRISCO,TX,FRISCO,Hospital/ Medical Center,1775,670260,,,"Vizient (MS1301), Premier (BT-NS-002)",12400 N DALLAS PARKWAY,4694952000
skipped-duplicate,acme:name+city+state; sciotex:name+city+state; steimel:name+city+state; stengel:name+city+state,1667,BROADLAWNS MEDICAL CENTER,IA,DES MOINES,Hospital/ Medical Center,1772,160101,,,Premier (BT-NS-002),1801 HICKMAN ROAD,5152822200
skipped-duplicate,ghanem:name+city+state,1668,GARRETT REGIONAL MEDICAL CENTER,MD,OAKLAND,Hospital/ Medical Center,1767,210017,,,Vizient (MS1301),251 NORTH  FOURTH STREET,3015334173
skipped-duplicate,grosjean:ccn:050457; jimmerson:ccn:050457; lifesource:ccn:050457; zenecare:ccn:050457,1669,ST MARY'S MEDICAL CENTER,CA,SAN FRANCISCO,Hospital/ Medical Center,1761,050457,,,"Vizient (MS1301), Premier (BT-NS-002)",450 STANYAN ST,4156681000
skipped-duplicate,grosjean:name+city+state; jimmerson:name+city+state; lifesource:name+city+state; zenecare:name+city+state,1671,AHMC SETON MEDICAL CENTER,CA,DALY CITY,Hospital/ Medical Center,1757,050289,,,"Vizient (MS1301), Premier (BT-NS-002)",1900 SULLIVAN AVENUE,6509924000
skipped-duplicate,acme:name+city+state; sciotex:name+city+state; wood:name+city+state,1672,MARY LANNING HEALTHCARE,NE,HASTINGS,Hospital/ Medical Center,1755,280032,,,"Vizient (MS1301), Premier (BT-NS-002)",715 N ST JOSEPH AVE,4024634521
skipped-duplicate,dowdy:name+city+state; hagarty:name+city+state,1673,SAMARITAN ALBANY GENERAL HOSPITAL,OR,ALBANY,Hospital/ Medical Center,1748,380022,,,Vizient (MS1301),1046 6TH AVENUE SW,5418124000
skipped-duplicate,franklin-mountain-group:name+city+state; healthcare-cellutions:name+city+state; ju:name+city+state; martinez:name+city+state; meinnovations:name+city+state; sandia:name+city+state; sisco:name+city+state; streit:name+city+state; uromobile:name+city+state,1674,LUBBOCK HEART HOSPITAL LP,TX,LUBBOCK,Hospital/ Medical Center,1744,450876,,,Premier (BT-NS-002),4810 NORTH LOOP 289,8066877777
skipped-duplicate,zenecare:name+city+state,1675,AMERICAN FORK HOSPITAL,UT,AMERICAN FORK,Hospital/ Medical Center,1744,460023,,,Vizient (MS1301),170 NORTH 1100 EAST,8018553305
skipped-duplicate,grosjean:name+city+state; jimmerson:name+city+state; lifesource:name+city+state; zenecare:name+city+state,1676,COMMUNITY HOSPITAL OF SAN BERNARDINO,CA,SAN BERNARDINO,Hospital/ Medical Center,1730,050089,,,"Vizient (MS1301), Premier (BT-NS-002)",1805 MEDICAL CENTER DRIVE,9098876333
skipped-duplicate,greatdane:name+city+state; southern-surgical:name+city+state,1677,METHODIST HEALTHCARE - OLIVE BRANCH HOSPITAL,MS,OLIVE BRANCH,Hospital/ Medical Center,1730,250167,,,"Vizient (MS1301), Premier (BT-NS-002)",4250 BETHEL ROAD,6629329000
skipped-duplicate,gerrard:name+city+state; tbmedical:name+city+state,1678,SENTARA ALBEMARLE MEDICAL CENTER,NC,ELIZABETH CITY,Hospital/ Medical Center,1730,340109,,,"Vizient (MS1301), Premier (BT-NS-002)",1144 N ROAD ST,2523350531
skipped-clinic,Urology Clinic,2743,COASTAL UROLOGY ASSOC,NC,ELIZABETH CITY,Urology Clinic,1730,,,,Vizient (MS1301),400 S Road St Ste D1,9999999999
skipped-duplicate,grosjean:campus; jimmerson:campus; lifesource:campus; zenecare:campus,2289,SUNBRIDGE SAN BERNARDINO REH HOSPITAL,CA,SAN BERNARDINO,Rehabilitation Hospital,1730,,,,Vizient (MS1301),1760 W 16th St,9094731200
skipped-duplicate,franklin-mountain-group:name+city+state; healthcare-cellutions:name+city+state; ju:name+city+state; martinez:name+city+state; meinnovations:name+city+state; sandia:name+city+state; sisco:name+city+state; streit:name+city+state; uromobile:name+city+state,1679,CHI ST LUKE'S HEALTH BRAZOSPORT,TX,LAKE JACKSON,Hospital/ Medical Center,1724,450072,,,"Vizient (MS1301), Premier (BT-NS-002)",100 MEDICAL DRIVE,9792974411
skipped-duplicate,gerrard:name+city+state; tbmedical:name+city+state,1680,RANDOLPH HOSPITAL,NC,ASHEBORO,Hospital/ Medical Center,1722,340123,,,"Vizient (MS1301), Premier (BT-NS-002)",364 WHITE OAK STREET,3366255151
skipped-duplicate,a3-biomedical:ccn:100217; emina-taylor:ccn:100217; expert-medical-sales:ccn:100217; lamitina:ccn:100217; salmons:ccn:100217; southern-surgical:ccn:100217; tplconsulting:ccn:100217,1681,SEBASTIAN RIVER MEDICAL CENTER,FL,SEBASTIAN,Hospital/ Medical Center,1719,100217,,,Vizient (MS1301),13695 US HWY 1,7725893187
skipped-duplicate,franklin-mountain-group:name+city+state; healthcare-cellutions:name+city+state; ju:name+city+state; martinez:name+city+state; meinnovations:name+city+state; sandia:name+city+state; sisco:name+city+state; streit:name+city+state; uromobile:name+city+state,1682,FORT DUNCAN MEDICAL CENTER,TX,EAGLE PASS,Hospital/ Medical Center,1717,450092,,,"Vizient (MS1301), Premier (BT-NS-002)",3333 N FOSTER MALDONADO BLVD,8307735321
skipped-duplicate,gptsurgical:name+city+state; healthcare-cellutions:name+city+state; martinez:name+city+state,1683,CHEROKEE NATION W W HASTINGS INDIAN HOSPITAL,OK,TAHLEQUAH,Hospital/ Medical Center,1716,370171,,,"Vizient (MS1301), Premier (BT-NS-002)",100 S BLISS AVENUE,9184583100
skipped-duplicate,ghanem:name+city+state,1684,TIDALHEALTH NANTICOKE INC,DE,SEAFORD,Hospital/ Medical Center,1714,080006,,,"Vizient (MS1301), Premier (BT-NS-002)",801 MIDDLEFORD RD,3026296611
skipped-duplicate,franklin-mountain-group:name+city+state; healthcare-cellutions:name+city+state; ju:name+city+state; martinez:name+city+state; meinnovations:name+city+state; sandia:name+city+state; sisco:name+city+state; streit:name+city+state; uromobile:name+city+state,1685,TEXAS HEALTH PRESBYTERIAN HOSPITAL ALLEN,TX,ALLEN,Hospital/ Medical Center,1710,450840,,,Premier (BT-NS-002),1105 CENTRAL EXPRESSWAY NORTH,9727471000
skipped-duplicate,a3-biomedical:name+city+state; emina-taylor:name+city+state; expert-medical-sales:name+city+state; lamitina:name+city+state; salmons:name+city+state; southern-surgical:name+city+state; tplconsulting:name+city+state,1686,LOWER KEYS MEDICAL CENTER,FL,KEY WEST,Hospital/ Medical Center,1706,100150,,,Premier (BT-NS-002),5900 COLLEGE ROAD,3052945531
skipped-clinic,Urology Clinic,2744,LOWER KEYS UROLOGY,FL,KEY WEST,Urology Clinic,1706,,,,Vizient (MS1301),3714 N Roosevelt Blvd,3052960000
skipped-duplicate,activize:name+city+state; parkingangels:name+city+state; proactive:name+city+state; streamline:name+city+state; whisner:name+city+state,1687,ST JOSEPH'S MEDICAL CENTER,NY,YONKERS,Hospital/ Medical Center,1699,330006,,,"Vizient (MS1301), Premier (BT-NS-002)",127 SOUTH BROADWAY,9143787000
skipped-duplicate,franklin-mountain-group:name+city+state; healthcare-cellutions:name+city+state; ju:name+city+state; martinez:name+city+state; meinnovations:name+city+state; sandia:name+city+state; sisco:name+city+state; streit:name+city+state; uromobile:name+city+state,1688,METHODIST HOSPITAL FOR SURGERY,TX,ADDISON,Hospital/ Medical Center,1698,670073,,,"Vizient (MS1301), Premier (BT-NS-002)",17101 DALLAS PARKWAY,4692483900
skipped-duplicate,grosjean:name+city+state; jimmerson:name+city+state; lifesource:name+city+state; zenecare:name+city+state,1689,MARSHALL MEDICAL CENTER,CA,PLACERVILLE,Hospital/ Medical Center,1697,050254,,,"Vizient (MS1301), Premier (BT-NS-002)",1100 MARSHALL WAY,5306221441
skipped-duplicate,acme:name+city+state; sciotex:name+city+state; steimel:name+city+state; stengel:name+city+state,1690,CHI HEALTH MERCY COUNCIL BLUFFS,IA,COUNCIL BLUFFS,Hospital/ Medical Center,1696,160028,,,"Vizient (MS1301), Premier (BT-NS-002)",800 MERCY DRIVE,7123285000
skipped-duplicate,activize:name+city+state; ghanem:name+city+state; streamline:name+city+state,1691,ALLEGHENY VALLEY HOSPITAL,PA,NATRONA,Hospital/ Medical Center,1695,390032,,,,1301 CARLISLE ST,4122245100
skipped-duplicate,gptsurgical:name+city+state; healthcare-cellutions:name+city+state; martinez:name+city+state,1692,MERCY HOSPITAL ADA,OK,ADA,Hospital/ Medical Center,1694,370020,,,Vizient (MS1301),430 NORTH MONTE VISTA,5803322323
skipped-duplicate,dennehy:name+city+state; dowdy:name+city+state; hagarty:name+city+state; murray:name+city+state,1693,ASTRIA SUNNYSIDE HOSPITAL,WA,SUNNYSIDE,Hospital/ Medical Center,1691,501330,,,Vizient (MS1301),1016 TACOMA AVENUE,5098371500
skipped-duplicate,ghanem:name+city+state,1694,ST FRANCIS HOSPITAL,DE,WILMINGTON,Hospital/ Medical Center,1690,080003,,,Vizient (MS1301),7TH AND CLAYTON STS,3024214100
skipped-duplicate,acme:name+city+state; sciotex:name+city+state; steimel:name+city+state; stengel:name+city+state,1695,TRINITY - BETTENDORF,IA,BETTENDORF,Hospital/ Medical Center,1690,160104,,,,4500 UTICA RIDGE ROAD,5637425000
skipped-clinic,Urology Clinic,2745,ST FRANCIS HOSPITAL OFFICE,DE,WILMINGTON,Urology Clinic,1690,,,,"Vizient (MS1301), Premier (BT-NS-002)",701 N Clayton St Ste 401,3024219411
skipped-duplicate,gerrard:name+city+state; intuitek:name+city+state; tbmedical:name+city+state,1697,PELHAM MEDICAL CENTER,SC,GREER,Hospital/ Medical Center,1687,420103,,,Vizient (MS1301),250 WESTMORELAND ROAD,8645606554
skipped-duplicate,acme:name+city+state; sciotex:name+city+state; steimel:name+city+state,1696,LAKEVIEW MEMORIAL HOSPITAL,MN,STILLWATER,Hospital/ Medical Center,1687,240066,,,Vizient (MS1301),927 WEST CHURCHILL STREET,6514304509
skipped-clinic,Urology Clinic,2746,ALARCON UROLOGY CTR,CA,MONTEREY PARK,Urology Clinic,1683,,,,Vizient (MS1301),880 S Atlantic Blvd Ste 204,6262849278
skipped-duplicate,gerrard:name+city+state; tbmedical:name+city+state,1698,STANLY REGIONAL MEDICAL CENTER,NC,ALBEMARLE,Hospital/ Medical Center,1682,340119,,,"Vizient (MS1301), Premier (BT-NS-002)",301 YADKIN ST,7049844000
skipped-clinic,Urology Clinic,2747,COSGROVE UROLOGY,CA,ENCINO,Urology Clinic,1681,,,,Vizient (MS1301),16311 Ventura Blvd Ste 800,8189060635
skipped-duplicate,klea:name+city+state,1700,GOSHEN HOSPITAL,IN,GOSHEN,Hospital/ Medical Center,1679,150026,,,"Vizient (MS1301), Premier (BT-NS-002)",200 HIGH PARK AVE,5743641000
skipped-duplicate,steimel:name+city+state,1701,MARSHFIELD MEDICAL CENTER - EAU CLAIRE,WI,EAU CLAIRE,Hospital/ Medical Center,1678,520210,,,Vizient (MS1301),2310 CRAIG RD,7158588100
skipped-clinic,Urology Clinic,2748,GEORGIA UROLOGY PA-CAPELOUTO CARL MD,GA,RIVERDALE,Urology Clinic,1675,,,,Vizient (MS1301),81 Upper Riverdale Rd Sw Ste 200,7709918160
skipped-duplicate,franklin-mountain-group:name+city+state; healthcare-cellutions:name+city+state; ju:name+city+state; martinez:name+city+state; meinnovations:name+city+state; sandia:name+city+state; sisco:name+city+state; streit:name+city+state; uromobile:name+city+state,1703,NORTH TEXAS MEDICAL CENTER,TX,GAINESVILLE,Hospital/ Medical Center,1673,450090,,,Premier (BT-NS-002),1900 HOSPITAL BLVD,9406128600
skipped-duplicate,whittiker:name+city+state,1702,ADVENTHEALTH CASTLE ROCK,CO,CASTLE ROCK,Hospital/ Medical Center,1673,060125,,,"Vizient (MS1301), Premier (BT-NS-002)",2350 MEADOWS BLVD,7204555000
skipped-duplicate,a3-biomedical:name+city+state; emina-taylor:name+city+state; expert-medical-sales:name+city+state; lamitina:name+city+state; salmons:name+city+state; southern-surgical:name+city+state; tplconsulting:name+city+state,1704,LARKIN COMMUNITY HOSPITAL PALM SPRINGS CAMPUS,FL,HIALEAH,Hospital/ Medical Center,1668,100050,,,"Vizient (MS1301), Premier (BT-NS-002)",1475 W 49TH ST,3055582500
skipped-duplicate,gptsurgical:name+city+state; healthcare-cellutions:name+city+state; martinez:name+city+state,1705,JACKSON COUNTY MEMORIAL HOSPITAL AUTHORITY,OK,ALTUS,Hospital/ Medical Center,1666,370022,,,Vizient (MS1301),1200 EAST PECAN ST,5803795500
skipped-clinic,Urology Clinic,2749,ST LUKES NORTHLAND,MO,KANSAS CITY,Urology Clinic,1666,,,,Vizient (MS1301),5844 Nw Barry Rd,8168916000
skipped-duplicate,intuitek:name+city+state,1706,MEMORIAL SATILLA HEALTH,GA,WAYCROSS,Hospital/ Medical Center,1666,110003,,,Vizient (MS1301),1900 TEBEAU STREET,9122872500
skipped-duplicate,klea:name+city+state; streamline:name+city+state,1707,AVITA ONTARIO,OH,ONTARIO,Hospital/ Medical Center,1661,360365,,,Vizient (MS1301),715 RICHLAND MALL,4194624534
skipped-clinic,Urology Clinic,2750,SMF 53AUU AUBURN UROLOGY,CA,AUBURN,Urology Clinic,1652,,,,Vizient (MS1301),11795 Education St Ste 224,9164546840
skipped-duplicate,intuitek:name+city+state,1708,NAVICENT HEALTH BALDWIN,GA,MILLEDGEVILLE,Hospital/ Medical Center,1650,110150,,,,821 NORTH COBB STREET,4784543550
skipped-duplicate,chowning:name+city+state; stengel:name+city+state,1709,NORTHEAST REGIONAL MEDICAL CENTER,MO,KIRKSVILLE,Hospital/ Medical Center,1647,260022,,,Vizient (MS1301),315 S OSTEOPATHY,6607851000
skipped-duplicate,ghanem:name+city+state,1710,LONESOME PINE HOSPITAL,VA,BIG STONE GAP,Hospital/ Medical Center,1644,490114,,,"Vizient (MS1301), Premier (BT-NS-002)",1990 HOLTON AVENUE EAST,2765238726
skipped-duplicate,greatdane:name+city+state; southern-surgical:name+city+state,1711,WHITFIELD REGIONAL HOSPITAL,AL,DEMOPOLIS,Hospital/ Medical Center,1640,010112,,,Vizient (MS1301),105 HIGHWAY 80 EAST,3342894000
skipped-clinic,Urology Clinic,2751,UROLOGICAL ASSOC PIED PC,VA,CULPEPER,Urology Clinic,1640,,,,Vizient (MS1301),1100 Sunset Ln Ste 1211a,5408252900
skipped-duplicate,ghanem:campus,1712,NOVANT HEALTH UVA HEALTH SYSTEM CULPEPER MED CENTE,VA,CULPEPER,Hospital/ Medical Center,1640,,,,"Vizient (MS1301), Premier (BT-NS-002)",501 SUNSET LANE,7038294300
skipped-duplicate,healthcare-cellutions:name+city+state; sisco:name+city+state; southern-surgical:name+city+state,1714,LANE REGIONAL MEDICAL CENTER,LA,ZACHARY,Hospital/ Medical Center,1633,190020,,,Vizient (MS1301),6300 MAIN STREET,2256584000
skipped-clinic,Urology Clinic,2752,WNY UROLOGY ASSOC LLC - DUNKIRK,NY,DUNKIRK,Urology Clinic,1633,,,,Vizient (MS1301),504 Central Ave,7168445000
skipped-duplicate,grosjean:name+city+state; jimmerson:name+city+state; lifesource:name+city+state; zenecare:name+city+state,1713,HUNTINGTON BEACH HOSPITAL,CA,HUNTINGTON BEACH,Hospital/ Medical Center,1633,050526,,,"Vizient (MS1301), Premier (BT-NS-002)",17772 BEACH BLVD,7148435000
skipped-duplicate,klea:name+city+state,1715,HARLAN ARH HOSPITAL,KY,HARLAN,Hospital/ Medical Center,1618,180050,,,Premier (BT-NS-002),81 BALL PARK ROAD,6065738100
skipped-duplicate,chowning:name+city+state; gptsurgical:name+city+state; greatdane:name+city+state; healthcare-cellutions:name+city+state,1716,ARKANSAS SURGICAL HOSPITAL,AR,NO LITTLE ROCK,Hospital/ Medical Center,1616,040147,,,,5201 NORTH SHORE DRIVE,5017488000
skipped-duplicate,dennehy:name+city+state; dowdy:name+city+state; hagarty:name+city+state; murray:name+city+state,1717,CASCADE VALLEY HOSPITAL,WA,ARLINGTON,Hospital/ Medical Center,1616,500060,,,"Vizient (MS1301), Premier (BT-NS-002)",330 S STILLAGUAMISH AVE,3604352133
skipped-duplicate,a3-biomedical:name+city+state; emina-taylor:name+city+state; expert-medical-sales:name+city+state; lamitina:name+city+state; salmons:name+city+state; southern-surgical:name+city+state; tplconsulting:name+city+state,1718,OVIEDO MEDICAL CENTER,FL,OVIEDO,Hospital/ Medical Center,1607,100329,,,"Vizient (MS1301), Premier (BT-NS-002)",8300 RED BUG LAKE RD,6158506055
skipped-duplicate,intuitek:name+city+state,1719,MEMORIAL HEALTH MEADOWS HOSPITAL,GA,VIDALIA,Hospital/ Medical Center,1604,110128,,,,ONE MEADOWS PARKWAY,9125355828
skipped-duplicate,healthcare-cellutions:name+city+state; sisco:name+city+state; southern-surgical:name+city+state,1721,BEAUREGARD MEMORIAL HOSPITAL,LA,DERIDDER,Hospital/ Medical Center,1603,190050,,,Vizient (MS1301),600 S PINE STREET,3374627100
skipped-duplicate,grosjean:name+city+state; jimmerson:name+city+state; lifesource:name+city+state; zenecare:name+city+state,1720,ALAMEDA HOSPITAL,CA,ALAMEDA,Hospital/ Medical Center,1603,050211,,,"Vizient (MS1301), Premier (BT-NS-002)",2070 CLINTON AVENUE,5105223700
skipped-clinic,Urology Clinic,2753,UROLOGY AUSTIN PLLC,TX,CEDAR PARK,Urology Clinic,1601,,,,Vizient (MS1301),1401 Medical Pkwy Bldg B Ste 101,5126871950
skipped-duplicate,chowning:name+city+state,1722,SOUTHWEST MEDICAL CENTER,KS,LIBERAL,Hospital/ Medical Center,1600,170068,,,,315 WEST 15TH STREET,6206241651
skipped-duplicate,a3-biomedical:name+city+state; emina-taylor:name+city+state; expert-medical-sales:name+city+state; lamitina:name+city+state; salmons:name+city+state; southern-surgical:name+city+state; tplconsulting:name+city+state,1723,ADVENTHEALTH DADE CITY,FL,DADE CITY,Hospital/ Medical Center,1589,100211,,,"Vizient (MS1301), Premier (BT-NS-002)",13100 FT KING RD,3525681100
skipped-duplicate,franklin-mountain-group:name+city+state; greatdane:name+city+state; richards:name+city+state; southern-surgical:name+city+state; tbmedical:name+city+state,1727,STARR REGIONAL MEDICAL CENTER ATHENS,TN,ATHENS,Hospital/ Medical Center,1588,440068,,,"Vizient (MS1301), Premier (BT-NS-002)",1114 W MADISON AVE,4237451411
skipped-duplicate,healthcare-cellutions:name+city+state; sisco:name+city+state; southern-surgical:name+city+state,1726,OUR LADY OF THE ANGELS HOSPITAL,LA,BOGALUSA,Hospital/ Medical Center,1588,190312,,,Vizient (MS1301),433 PLAZA STREET,9857306700
skipped-duplicate,klea:name+city+state,1725,TAYLOR REGIONAL HOSPITAL,KY,CAMPBELLSVILLE,Hospital/ Medical Center,1588,180087,,,"Vizient (MS1301), Premier (BT-NS-002)",1700 OLD LEBANON ROAD,2704653561
skipped-duplicate,lucier:name+city+state; noreaster:name+city+state; pierro:name+city+state; signature-medical:name+city+state; whisner:name+city+state,1728,PARKLAND MEDICAL CENTER,NH,DERRY,Hospital/ Medical Center,1586,300017,,,Vizient (MS1301),1 PARKLAND DRIVE,6034212100
skipped-duplicate,chowning:name+city+state,1729,GATEWAY REGIONAL MEDICAL CENTER,IL,GRANITE CITY,Hospital/ Medical Center,1584,140125,,,"Vizient (MS1301), Premier (BT-NS-002)",2100 MADISON AVENUE,6187983000
skipped-duplicate,chowning:name+city+state,1730,HOLY CROSS HOSPITAL,IL,CHICAGO,Hospital/ Medical Center,1576,140133,,,"Vizient (MS1301), Premier (BT-NS-002)",2701 W 68TH STREET,7738849000
skipped-duplicate,franklin-mountain-group:name+city+state; greatdane:name+city+state; richards:name+city+state; southern-surgical:name+city+state; tbmedical:name+city+state,1731,HENDERSON COUNTY COMMUNITY HOSPITAL,TN,LEXINGTON,Hospital/ Medical Center,1576,440008,,,"Vizient (MS1301), Premier (BT-NS-002)",200 W CHURCH ST,7319681801
skipped-clinic,Urology Clinic,2754,SHOALS UROLOGICAL ASSOCIATES - RUSSELLVILLE,AL,RUSSELLVILLE,Urology Clinic,1574,,,,Vizient (MS1301),607 Gandy St Ne,2563612628
skipped-duplicate,greatdane:name+city+state; southern-surgical:name+city+state,1732,RUSSELLVILLE HOSPITAL,AL,RUSSELLVILLE,Hospital/ Medical Center,1574,010158,,,,15155 HIGHWAY 43,2563321611
skipped-duplicate,a3-biomedical:name+city+state; emina-taylor:name+city+state; expert-medical-sales:name+city+state; lamitina:name+city+state; salmons:name+city+state; southern-surgical:name+city+state; tplconsulting:name+city+state,1733,BARTOW REGIONAL MEDICAL CENTER,FL,BARTOW,Hospital/ Medical Center,1573,100121,,,"Vizient (MS1301), Premier (BT-NS-002)",2200 OSPREY BLVD,8635338111
skipped-duplicate,klea:ccn:360016; streamline:ccn:360016,1734,THE JEWISH HOSPITAL-MERCY HEALTH,OH,OREGON,Hospital/ Medical Center,1573,360016,,,,947 S. WHEELING ST.,5136863000
skipped-duplicate,grosjean:name+city+state; jimmerson:name+city+state; lifesource:name+city+state; zenecare:name+city+state,1735,SHARP CORONADO HOSPITAL AND HLTHCR CTR,CA,CORONADO,Hospital/ Medical Center,1571,050234,,,Vizient (MS1301),250 PROSPECT PLACE,6194356251
skipped-duplicate,gptsurgical:name+city+state; healthcare-cellutions:name+city+state; martinez:name+city+state,1736,ST MARY'S REGIONAL MEDICAL CENTER,OK,ENID,Hospital/ Medical Center,1571,370026,,,,305 SOUTH 5TH STREET,5802336100
skipped-duplicate,activize:name+city+state; parkingangels:name+city+state; proactive:name+city+state; streamline:name+city+state; whisner:name+city+state,1738,ADIRONDACK MEDICAL CENTER - SARANAC LAKE,NY,SARANAC LAKE,Hospital/ Medical Center,1568,330079,,,,"2233 STATE ROUTE 86, PO BOX 471",5188914141
skipped-duplicate,chowning:name+city+state; gptsurgical:name+city+state; greatdane:name+city+state; healthcare-cellutions:name+city+state,1737,ARKANSAS HEART HOSPITAL-ENCORE,AR,BRYANT,Hospital/ Medical Center,1568,040161,,,Vizient (MS1301),1901 ENCORE WAY,5012134500
skipped-duplicate,activize:name+city+state; ghanem:name+city+state; streamline:name+city+state,1739,SUBURBAN COMMUNITY HOSPITAL,PA,NORRISTOWN,Hospital/ Medical Center,1568,390116,,,"Vizient (MS1301), Premier (BT-NS-002)",2701 DEKALB PIKE,6102782000
skipped-clinic,Urology Clinic,2755,SVHC - UROLOGY,VT,BENNINGTON,Urology Clinic,1567,,,,Vizient (MS1301),140 Hospital Dr Ste 100,8024476253
skipped-duplicate,lucier:name+city+state; noreaster:name+city+state; pierro:name+city+state; signature-medical:name+city+state; whisner:name+city+state,1740,MT ASCUTNEY HOSPITAL,VT,WINDSOR,Hospital/ Medical Center,1567,471302,,,"Vizient (MS1301), Premier (BT-NS-002)",289 COUNTY ROAD,8026746711
skipped-duplicate,gerrard:name+city+state; intuitek:name+city+state; tbmedical:name+city+state,1741,EAST COOPER MEDICAL CENTER,SC,MOUNT PLEASANT,Hospital/ Medical Center,1565,420089,,,"Vizient (MS1301), Premier (BT-NS-002)",2000 HOSPITAL DR,8438810100
skipped-duplicate,acme:name+city+state; sciotex:name+city+state; steimel:name+city+state,1742,WINONA HEALTH SERVICES,MN,WINONA,Hospital/ Medical Center,1564,240044,,,"Vizient (MS1301), Premier (BT-NS-002)",855 MANKATO AVENUE,5074543650
skipped-duplicate,franklin-mountain-group:name+city+state; healthcare-cellutions:name+city+state; ju:name+city+state; martinez:name+city+state; meinnovations:name+city+state; sandia:name+city+state; sisco:name+city+state; streit:name+city+state; uromobile:name+city+state,1743,VAL VERDE REGIONAL MEDICAL CENTER,TX,DEL RIO,Hospital/ Medical Center,1564,450154,,,"Vizient (MS1301), Premier (BT-NS-002)",801 BEDELL AVE,8307758566
skipped-duplicate,healthcare-cellutions:name+city+state; sisco:name+city+state; southern-surgical:name+city+state,1744,BYRD REGIONAL HOSPITAL,LA,LEESVILLE,Hospital/ Medical Center,1563,190164,,,Vizient (MS1301),1020 FERTITTA BLVD,3372399041
skipped-duplicate,chowning:name+city+state; stengel:name+city+state,1745,PROGRESS WEST HOSPITAL,MO,OFALLON,Hospital/ Medical Center,1562,260219,,,,2 PROGRESS POINT PKWY,6363442273
skipped-clinic,Urology Clinic,2756,DENVER UROLOGY CLINIC,CO,DENVER,Urology Clinic,1561,,,,Vizient (MS1301),4545 E 9th Ave Ste 500,3033202121
skipped-duplicate,whittiker:name+city+state,1747,MONTROSE REGIONAL HEALTH,CO,MONTROSE,Hospital/ Medical Center,1554,060006,,,,800 S 3RD ST,9702492211
skipped-duplicate,activize:name+city+state; parkingangels:name+city+state; proactive:name+city+state; streamline:name+city+state; whisner:name+city+state,1748,NATHAN LITTAUER HOSPITAL,NY,GLOVERSVILLE,Hospital/ Medical Center,1552,330276,,,,99 EAST STATE STREET,5187258621
skipped-duplicate,klea:name+city+state; streamline:name+city+state,1749,SOUTHEASTERN OHIO REGIONAL MEDICAL CENTER,OH,CAMBRIDGE,Hospital/ Medical Center,1551,360203,,,Vizient (MS1301),1341 NORTH CLARK STREET,7404398000
skipped-clinic,Urology Clinic,2757,UROPARTNERS UROLOGY CONSULTANTS,IL,LAKE FOREST,Urology Clinic,1550,,,,Vizient (MS1301),900 N Westmoreland Rd Ste 228,8472345600
skipped-duplicate,healthcare-cellutions:name+city+state; sisco:name+city+state; southern-surgical:name+city+state,1750,WEST CALCASIEU CAMERON HOSPITAL,LA,SULPHUR,Hospital/ Medical Center,1550,190013,,,Vizient (MS1301),701 EAST CYPRESS STREET,3375274240
skipped-duplicate,klea:name+city+state,1751,WHITESBURG ARH HOSPITAL,KY,WHITESBURG,Hospital/ Medical Center,1547,180002,,,"Vizient (MS1301), Premier (BT-NS-002)",240 HOSPITAL ROAD,6066333500
skipped-clinic,Urology Clinic,2758,RSFPP CHARLESTON UROLOGY,SC,MOUNT PLEASANT,Urology Clinic,1546,,,,Vizient (MS1301),3510 N Highway 17 Ste 220,8437242000
skipped-duplicate,ghanem:name+city+state,1752,UNION HOSPITAL OF CECIL COUNTY,MD,ELKTON,Hospital/ Medical Center,1545,210032,,,"Vizient (MS1301), Premier (BT-NS-002)",106 BOW STREET,4103927009
skipped-duplicate,acme:name+city+state; sciotex:name+city+state; steimel:name+city+state,1753,ESSENTIA HEALTH ST JOSEPH'S MEDICAL CENTER,MN,BRAINERD,Hospital/ Medical Center,1544,240075,,,Vizient (MS1301),523 NORTH 3RD STREET,2188292861
skipped-clinic,Urology Clinic,2759,ESSENTIA HEALTH ST JOSEPHS LAKES UROLOGY,MN,BRAINERD,Urology Clinic,1544,,,,Vizient (MS1301),1903 S 6th St,2188281418
skipped-clinic,Urology Clinic,2760,CADILLAC UROLOGY,MI,CADILLAC,Urology Clinic,1539,,,,Vizient (MS1301),1011 Sunnyside Dr,2317792565
skipped-clinic,Urology Clinic,2761,SMF-DAVIS UROLOGY,CA,DAVIS,Urology Clinic,1537,,,,Vizient (MS1301),2020 Sutter Pl Ste 1000,5307505995
skipped-duplicate,grosjean:name+city+state; jimmerson:name+city+state; lifesource:name+city+state; zenecare:name+city+state,1755,CALIFORNIA PACIFIC MEDICAL CENTER - MISSION BERNAL,CA,SAN FRANCISCO,Hospital/ Medical Center,1534,050055,,,Vizient (MS1301),3555 CESAR CHAVEZ,4156416562
skipped-duplicate,gerrard:name+city+state; tbmedical:name+city+state,1756,CENTRAL CAROLINA HOSPITAL,NC,SANFORD,Hospital/ Medical Center,1528,340020,,,"Vizient (MS1301), Premier (BT-NS-002)",1135 CARTHAGE ST,9197742100
skipped-duplicate,steimel:name+city+state,1757,AURORA LAKELAND MEDICAL CENTER,WI,ELKHORN,Hospital/ Medical Center,1523,520102,,,"Vizient (MS1301), Premier (BT-NS-002)",W3985 COUNTY ROAD NN,2627412000
skipped-duplicate,a3-biomedical:name+city+state; emina-taylor:name+city+state; expert-medical-sales:name+city+state; lamitina:name+city+state; salmons:name+city+state; southern-surgical:name+city+state; tplconsulting:name+city+state,1758,HCA FLORIDA HIGHLANDS HOSPITAL,FL,SEBRING,Hospital/ Medical Center,1521,100049,,,"Vizient (MS1301), Premier (BT-NS-002)",3600 S HIGHLANDS AVE,8633856101
skipped-duplicate,activize:name+city+state; whisner:name+city+state,1759,VIRTUA WILLINGBORO HOSPITAL,NJ,WILLINGBORO,Hospital/ Medical Center,1518,310061,,,"Vizient (MS1301), Premier (BT-NS-002)",218A SUNSET ROAD,6098352900
skipped-duplicate,hagarty:name+city+state,1761,GREAT FALLS CLINIC HOSPITAL,MT,GREAT FALLS,Hospital/ Medical Center,1515,270086,,,,3010 15TH AVENUE SOUTH,4062168000
skipped-duplicate,klea:name+city+state,1760,MAJOR HOSPITAL,IN,SHELBYVILLE,Hospital/ Medical Center,1515,150097,,,"Vizient (MS1301), Premier (BT-NS-002)",2451 INTELLIPLEX DR,3173923211
skipped-clinic,Urology Clinic,2762,PLAINS UROLOGY,MT,GREAT FALLS,Urology Clinic,1515,,,,Vizient (MS1301),2800 11th Ave S,4067711172
skipped-clinic,Urology Clinic,2763,WCMC DEP OF UROLOGY DOUGLAS SCHERR MD,NY,NEW YORK,Urology Clinic,1514,,,,Vizient (MS1301),510 E 70th St,2127465788
skipped-duplicate,chowning:name+city+state,1762,JACKSON PARK HOSPITAL,IL,CHICAGO,Hospital/ Medical Center,1514,140177,,,"Vizient (MS1301), Premier (BT-NS-002)",7531 S STONY ISLAND AVE,7739477500
skipped-clinic,Urology Clinic,2764,CENTRAL OHIO UROLOGY GROUP - WEST CENTRAL AVE,OH,DELAWARE,Urology Clinic,1511,,,,"Vizient (MS1301), Premier (BT-NS-002)",551 W Central Ave,7403685550
skipped-duplicate,franklin-mountain-group:name+city+state; greatdane:name+city+state; richards:name+city+state; southern-surgical:name+city+state; tbmedical:name+city+state,1763,FORT LOUDOUN MEDICAL CENTER,TN,LENOIR CITY,Hospital/ Medical Center,1504,440110,,,"Vizient (MS1301), Premier (BT-NS-002)",550 FORT LOUDON MEDICAL CENTER DR,8652716000
skipped-duplicate,grosjean:name+city+state; jimmerson:name+city+state; lifesource:name+city+state; zenecare:name+city+state,1764,PETALUMA VALLEY HOSPITAL,CA,PETALUMA,Hospital/ Medical Center,1503,050136,,,"Vizient (MS1301), Premier (BT-NS-002)",400 N MCDOWELL BLVD,7077781111
skipped-duplicate,chowning:name+city+state,1765,OSF HEART OF MARY MEDICAL CENTER,IL,URBANA,Hospital/ Medical Center,1502,140113,,,Premier (BT-NS-002),1400 WEST PARK AVENUE,2173372000
skipped-duplicate,zenecare:ccn:030146,1766,HONORHEALTH SONORAN CROSSING MEDICAL CENTER,AZ,PHONIX,Hospital/ Medical Center,1501,030146,,,,33400 NORTH 32ND AVENUE,4808824327
skipped-duplicate,lucier:name+city+state; noreaster:name+city+state; pierro:name+city+state; signature-medical:name+city+state; whisner:name+city+state,1767,ANDROSCOGGIN VALLEY HOSPITAL,NH,BERLIN,Hospital/ Medical Center,1497,301310,,,"Vizient (MS1301), Premier (BT-NS-002)",59 PAGE HILL ROAD,6037522200
skipped-clinic,Urology Clinic,2765,RUSH UNIVERSITY UROLOGY,IL,OAK PARK,Urology Clinic,1496,,,,Vizient (MS1301),610 S Maple Ste 3450,3125633856
skipped-duplicate,chowning:name+city+state,1768,RUSH OAK PARK HOSPITAL,IL,OAK PARK,Hospital/ Medical Center,1496,140063,,,"Vizient (MS1301), Premier (BT-NS-002)",520 S MAPLE AVE,7083839300
skipped-duplicate,franklin-mountain-group:name+city+state; healthcare-cellutions:name+city+state; ju:name+city+state; martinez:name+city+state; meinnovations:name+city+state; sandia:name+city+state; sisco:name+city+state; streit:name+city+state; uromobile:name+city+state,1769,RESOLUTE HEALTH HOSPITAL,TX,NEW BRAUNFELS,Hospital/ Medical Center,1496,670098,,,Vizient (MS1301),"555 CREEKSIDE XING,",4698396778
skipped-duplicate,greatdane:name+city+state; southern-surgical:name+city+state,1770,MIZELL MEMORIAL HOSPITAL,AL,OPP,Hospital/ Medical Center,1495,010007,,,"Vizient (MS1301), Premier (BT-NS-002)",702 N MAIN ST,3344933541
skipped-duplicate,franklin-mountain-group:name+city+state; meinnovations:name+city+state; sandia:name+city+state,1771,CARLSBAD MEDICAL CENTER,NM,CARLSBAD,Hospital/ Medical Center,1494,320063,,,,2430 WEST PIERCE STREET,5758874570
skipped-duplicate,franklin-mountain-group:name+city+state; greatdane:name+city+state; richards:name+city+state; southern-surgical:name+city+state; tbmedical:name+city+state,1773,TRISTAR STONECREST MEDICAL CENTER,TN,SMYRNA,Hospital/ Medical Center,1488,440227,,,"Vizient (MS1301), Premier (BT-NS-002)",200 STONECREST BOULEVARD,6157682000
skipped-duplicate,acme:name+city+state; sciotex:name+city+state; wood:name+city+state,1772,CHI HEALTH ST FRANCIS,NE,GRAND ISLAND,Hospital/ Medical Center,1488,280023,,,"Vizient (MS1301), Premier (BT-NS-002)",2620 WEST FAIDLEY AVE,3083844600
skipped-duplicate,klea:name+city+state; streamline:name+city+state,1774,EAST LIVERPOOL CITY HOSPITAL,OH,EAST LIVERPOOL,Hospital/ Medical Center,1487,360096,,,"Vizient (MS1301), Premier (BT-NS-002)",425 WEST 5TH STREET,3303857200
skipped-duplicate,activize:name+city+state; parkingangels:name+city+state; proactive:name+city+state; streamline:name+city+state; whisner:name+city+state,1775,CLIFTON SPRINGS HOSPITAL AND CLINIC,NY,CLIFTON SPRINGS,Hospital/ Medical Center,1475,330265,,,"Vizient (MS1301), Premier (BT-NS-002)",2 COULTER ROAD,3154629561
skipped-duplicate,activize:name+city+state; ghanem:name+city+state; streamline:name+city+state,1776,UPMC SOMERSET,PA,SOMERSET,Hospital/ Medical Center,1474,390039,,,Premier (BT-NS-002),225 SOUTH CENTER AVENUE,8144435000
skipped-duplicate,grosjean:name+city+state; jimmerson:name+city+state; lifesource:name+city+state; zenecare:name+city+state,1777,PROVIDENCE LITTLE CO OF MARY MED CTR SAN PEDRO,CA,SAN PEDRO,Hospital/ Medical Center,1473,050078,,,Vizient (MS1301),1300 W 7TH ST,3108323311
skipped-duplicate,klea:name+city+state,1778,KENTUCKY RIVER MEDICAL CENTER,KY,JACKSON,Hospital/ Medical Center,1473,181334,,,Vizient (MS1301),540 JETT DRIVE,6066666000
skipped-clinic,Urology Clinic,2766,UROLOGY SPECIALISTS OF WI,WI,WISCONSIN RAPIDS,Urology Clinic,1470,,,,Vizient (MS1301),420 Dewey St Ste 3,7158472605
skipped-duplicate,acme:name+city+state; sciotex:name+city+state; steimel:name+city+state; stengel:name+city+state,1779,SPENCER MUNICIPAL HOSPITAL,IA,SPENCER,Hospital/ Medical Center,1466,160112,,,Premier (BT-NS-002),1200 1ST AVENUE EAST,7122646198
skipped-duplicate,intuitek:name+city+state,1780,PIEDMONT WALTON HOSPITAL,GA,MONROE,Hospital/ Medical Center,1465,110046,,,Vizient (MS1301),2151 W SPRING STREET,7702678461
skipped-duplicate,healthcare-cellutions:name+city+state; sisco:name+city+state; southern-surgical:name+city+state,1781,OCHSNER AMERICAN LEGION HOSPITAL,LA,JENNINGS,Hospital/ Medical Center,1464,190053,,,"Vizient (MS1301), Premier (BT-NS-002)",1634 ELTON ROAD,3376167000
skipped-duplicate,gerrard:name+city+state; tbmedical:name+city+state,1782,WOMACK AMC (FT BRAGG),NC,FORT BRAGG,Hospital/ Medical Center,1462,34014F,,,,2817 Reilly Road,9109079262
skipped-clinic,Urology Clinic,2767,SIERRA NEVADA UROLOGY,CA,GRASS VALLEY,Urology Clinic,1452,,,,"Vizient (MS1301), Premier (BT-NS-002)",107 Margaret Ln,5302749623
skipped-duplicate,grosjean:name+city+state; jimmerson:name+city+state; lifesource:name+city+state; zenecare:name+city+state,1784,SIERRA NEVADA MEMORIAL HOSPITAL,CA,GRASS VALLEY,Hospital/ Medical Center,1452,050150,,,"Vizient (MS1301), Premier (BT-NS-002)",155 GLASSON WAY,5302746000
skipped-duplicate,klea:name+city+state,1785,JANE TODD CRAWFORD HOSPITAL,KY,GREENSBURG,Hospital/ Medical Center,1446,181325,,,"Vizient (MS1301), Premier (BT-NS-002)",290 INDUSTRIAL PARK ROAD,2709324211
skipped-duplicate,franklin-mountain-group:name+city+state; greatdane:name+city+state; richards:name+city+state; southern-surgical:name+city+state; tbmedical:name+city+state,1786,TENNOVA HEALTHCARE-JEFFERSON MEMORIAL HOSPITAL,TN,JEFFERSON CITY,Hospital/ Medical Center,1442,440056,,,Vizient (MS1301),110 HOSPITAL DRIVE,8654712500
skipped-duplicate,ghanem:name+city+state,1788,NMC PORTSMOUTH,VA,PORTSMOUTH,Hospital/ Medical Center,1435,49008F,,,"Vizient (MS1301), Premier (BT-NS-002)",620 John Paul Jones Circle,7579535000
skipped-duplicate,activize:name+city+state; whisner:name+city+state,1789,CAREPOINT HEALTH - BAYONNE MEDICAL CENTER,NJ,BAYONNE,Hospital/ Medical Center,1433,310025,,,Vizient (MS1301),29 EAST 29TH ST,2018585000
skipped-duplicate,gerrard:name+city+state; intuitek:name+city+state; tbmedical:name+city+state,1790,MCLEOD HEALTH CHERAW,SC,CHERAW,Hospital/ Medical Center,1432,420107,,,"Vizient (MS1301), Premier (BT-NS-002)",711 CHESTERFIELD HIGHWAY,8435377881
skipped-duplicate,a3-biomedical:name+city+state; emina-taylor:name+city+state; expert-medical-sales:name+city+state; lamitina:name+city+state; salmons:name+city+state; southern-surgical:name+city+state; tplconsulting:name+city+state,1791,HCA FLORIDA ST PETERSBURG HOSPITAL,FL,SAINT PETERSBURG,Hospital/ Medical Center,1428,100180,,,"Vizient (MS1301), Premier (BT-NS-002)",6500 38TH AVE N,7273841414
skipped-duplicate,collins:name+city+state,1792,CENTRAL PENINSULA GENERAL HOSPITAL,AK,SOLDOTNA,Hospital/ Medical Center,1424,020024,,,"Vizient (MS1301), Premier (BT-NS-002)",250 HOSPITAL PLACE,9072624404
skipped-duplicate,zenecare:name+city+state,1793,HOLY CROSS HOSPITAL-DAVIS,UT,LAYTON,Hospital/ Medical Center,1423,460041,,,"Vizient (MS1301), Premier (BT-NS-002)",1600 WEST ANTELOPE DRIVE,8018077000
skipped-duplicate,dowdy:name+city+state; hagarty:name+city+state,1794,GOOD SHEPHERD MEDICAL CENTER,OR,HERMISTON,Hospital/ Medical Center,1421,381325,,,Vizient (MS1301),610 NW 11TH STREET,5416673400
skipped-clinic,Urology Clinic,2768,UNION CITY UROLOGY CLINIC,TN,UNION CITY,Urology Clinic,1421,,,,Vizient (MS1301),1020 E Reelfoot Ave Ste 100,7318852410
skipped-duplicate,klea:name+city+state; streamline:name+city+state,1795,REYNOLDS MEMORIAL HOSPITAL,WV,GLEN DALE,Hospital/ Medical Center,1418,510013,,,"Vizient (MS1301), Premier (BT-NS-002)",800 WHEELING AVE,3048433230
skipped-duplicate,gerrard:name+city+state; intuitek:name+city+state; tbmedical:name+city+state,4482,COLUMBIA SC VA MEDICAL CENTER,SC,COLUMBIA,VA Medical Center,1417,42011F,,,Marathon Medical (FFS Approval: 36F79718D0321),6439 GARNERS FERRY ROAD,8036957980
skipped-duplicate,klea:name+city+state,1796,HENRY COUNTY MEMORIAL HOSPITAL,IN,NEW CASTLE,Hospital/ Medical Center,1417,150030,,,"Vizient (MS1301), Premier (BT-NS-002)",1000 N 16TH ST,7655210890
skipped-clinic,Urology Clinic,2769,SAN DIEGO PATHOLOGISTS MEDICAL GROUP,CA,SAN DIEGO,Urology Clinic,1415,,,,Vizient (MS1301),7592 Metropolitan Dr Ste 405,6193596600
skipped-duplicate,dowdy:name+city+state; hagarty:name+city+state,1798,PROVIDENCE MILWAUKIE HOSPITAL,OR,MILWAUKIE,Hospital/ Medical Center,1412,380082,,,Vizient (MS1301),10150 SE 32ND AVENUE,5035138300
skipped-duplicate,chowning:name+city+state,1799,OSF SAINT ANTHONY'S HEALTH CENTER,IL,ALTON,Hospital/ Medical Center,1410,140052,,,"Vizient (MS1301), Premier (BT-NS-002)",ST ANTHONY'S WAY,6184652571
skipped-duplicate,dowdy:name+city+state; hagarty:name+city+state,1800,SAMARITAN LEBANON COMMUNITY HOSPITAL,OR,LEBANON,Hospital/ Medical Center,1402,381323,,,Vizient (MS1301),525 N SANTIAM HIGHWAY,5412582101
skipped-duplicate,franklin-mountain-group:name+city+state; healthcare-cellutions:name+city+state; ju:name+city+state; martinez:name+city+state; meinnovations:name+city+state; sandia:name+city+state; sisco:name+city+state; streit:name+city+state; uromobile:name+city+state,4483,VA AMARILLO HEALTHCARE SYSTEM,TX,AMARILLO,VA Medical Center,1401,45060F,,,Marathon Medical (FFS Approval: 36F79718D0321),6010 AMARILLO BLVD. WEST,8063559703
skipped-clinic,Urology Clinic,2770,BBC UROLOGY SPECIALISTS COLDWATER,MI,COLDWATER,Urology Clinic,1399,,,,Vizient (MS1301),358 E Chicago St Ste 203,2693416000
skipped-clinic,Urology Clinic,2771,OSLER MEDICAL-UROLOGY STE A,FL,MELBOURNE,Urology Clinic,1397,,,,Vizient (MS1301),575 S Wickham Rd Ste A,3217521200
skipped-clinic,Urology Clinic,2772,UROLOGY ASSOCIATES - BRIGHTON,CO,BRIGHTON,Urology Clinic,1395,,,,"Vizient (MS1301), Premier (BT-NS-002)",1610 Prairie Center Pkwy Ste 2230,3034981600
skipped-duplicate,grosjean:name+city+state; jimmerson:name+city+state; lifesource:name+city+state; zenecare:name+city+state,1801,LA PALMA INTERCOMMUNITY HOSPITAL,CA,LA PALMA,Hospital/ Medical Center,1395,050580,,,,7901 WALKER STREET,7146707400
skipped-duplicate,gptsurgical:name+city+state; healthcare-cellutions:name+city+state; martinez:name+city+state,1803,OKLAHOMA HEART HOSPITAL SOUTH LLC,OK,OKLAHOMA CITY,Hospital/ Medical Center,1385,370234,,,"Vizient (MS1301), Premier (BT-NS-002)",5200 EAST I-240 SERVICE ROAD,4056286000
skipped-duplicate,greatdane:name+city+state; southern-surgical:name+city+state,1804,SOUTH SUNFLOWER COUNTY HOSPITAL,MS,INDIANOLA,Hospital/ Medical Center,1384,250095,,,"Vizient (MS1301), Premier (BT-NS-002)",121 EAST BAKER STREET,6628875235
skipped-duplicate,gerrard:name+city+state; tbmedical:name+city+state,1805,WILSON MEDICAL CENTER,NC,WILSON,Hospital/ Medical Center,1376,340126,,,Vizient (MS1301),1705 S TARBORO ST,2523998040
skipped-duplicate,ghanem:name+city+state,1806,BUCHANAN GENERAL HOSPITAL,VA,GRUNDY,Hospital/ Medical Center,1373,490127,,,"Vizient (MS1301), Premier (BT-NS-002)",1535 SLATE CREEK ROAD,2769351000
skipped-duplicate,acme:name+city+state; sciotex:name+city+state; steimel:name+city+state,1807,RAINY LAKE MEDICAL CENTER,MN,INTERNATIONAL FALLS,Hospital/ Medical Center,1372,241322,,,"Vizient (MS1301), Premier (BT-NS-002)",1400 HIGHWAY 71,2182834481
skipped-clinic,Urology Clinic,2773,RSFPP CHARLESTON UROLOGY BERKELEY,SC,SUMMERVILLE,Urology Clinic,1371,,,,Vizient (MS1301),300 Callen Blvd Ste 220,8438848045
skipped-duplicate,a3-biomedical:name+city+state; emina-taylor:name+city+state; expert-medical-sales:name+city+state; lamitina:name+city+state; salmons:name+city+state; southern-surgical:name+city+state; tplconsulting:name+city+state,1808,HCA FLORIDA RAULERSON HOSPITAL,FL,OKEECHOBEE,Hospital/ Medical Center,1368,100252,,,,1796 HWY 441 NORTH,8637632151
skipped-duplicate,klea:name+city+state,1809,THREE RIVERS MEDICAL CENTER,KY,LOUISA,Hospital/ Medical Center,1366,180128,,,,2485 HIGHWAY 644,6066389451
skipped-duplicate,lifesource:name+city+state; zenecare:name+city+state,4484,VA SIERRA NEVADA HEALTHCARE SYSTEM,NV,RENO,VA Medical Center,1365,29002F,,,Marathon Medical (FFS Approval: 36F79718D0321),975 KIRMAN AVENUE,7753281263
skipped-duplicate,activize:name+city+state; parkingangels:name+city+state; proactive:name+city+state; streamline:name+city+state; whisner:name+city+state,1810,BON SECOURS COMMUNITY HOSPITAL,NY,PORT JERVIS,Hospital/ Medical Center,1364,330135,,,"Vizient (MS1301), Premier (BT-NS-002)",160 EAST MAIN STREET,8458565351
skipped-duplicate,klea:name+city+state,1811,COMMUNITY HOWARD REGIONAL HEALTH INC,IN,KOKOMO,Hospital/ Medical Center,1362,150007,,,"Vizient (MS1301), Premier (BT-NS-002)",3500 S LAFOUNTAIN ST,7657768000
skipped-duplicate,klea:campus,2174,COMMUNITY HOWARD SPECIALTY HOSPITAL,IN,KOKOMO,Rehabilitation Hospital,1362,,,,Vizient (MS1301),829 North Dixon Rd,7657768000
skipped-duplicate,ghanem:name+city+state,1812,SENTARA HALIFAX REGIONAL HOSPITAL,VA,SOUTH BOSTON,Hospital/ Medical Center,1361,490013,,,Vizient (MS1301),2204 WILBORN AVENUE,4345173100
skipped-duplicate,grosjean:name+city+state; jimmerson:name+city+state; lifesource:name+city+state; zenecare:name+city+state,1813,FOOTHILL REGIONAL MEDICAL CENTER,CA,TUSTIN,Hospital/ Medical Center,1358,050780,,,"Vizient (MS1301), Premier (BT-NS-002)",14662 NEWPORT AVE,7146197700
skipped-duplicate,dennehy:name+city+state; dowdy:name+city+state; hagarty:name+city+state; murray:name+city+state,1814,ISLAND HOSPITAL,WA,ANACORTES,Hospital/ Medical Center,1357,500007,,,"Vizient (MS1301), Premier (BT-NS-002)",1211  24TH STREET,3602991300
skipped-duplicate,steimel:name+city+state,1815,THE MONROE CLINIC,WI,MONROE,Hospital/ Medical Center,1354,520028,,,Vizient (MS1301),515 22ND AVE,6083242000
skipped-duplicate,activize:name+city+state; parkingangels:name+city+state; proactive:name+city+state; streamline:name+city+state; whisner:name+city+state,1816,NORTHWELL HOSPITAL GLEN COVE,NY,GLEN COVE,Hospital/ Medical Center,1353,330181,,,Premier (BT-NS-002),101 ST ANDREWS LANE,5166747300
skipped-duplicate,ghanem:name+city+state,1818,UVA HEALTH HAYMARKET MEDICAL CENTER,VA,HAYMARKET,Hospital/ Medical Center,1352,490144,,,"Vizient (MS1301), Premier (BT-NS-002)",15225 HEALTHCOTE BOULEVARD,5712841000
skipped-duplicate,chowning:name+city+state,1819,KANSAS MEDICAL CENTER LLC,KS,ANDOVER,Hospital/ Medical Center,1350,170197,,,Vizient (MS1301),1124 WEST 21ST STREET,3163004000
skipped-duplicate,a3-biomedical:name+city+state; emina-taylor:name+city+state; expert-medical-sales:name+city+state; lamitina:name+city+state; salmons:name+city+state; southern-surgical:name+city+state; tplconsulting:name+city+state,1820,HCA FLORIDA ENGLEWOOD HOSPITAL,FL,ENGLEWOOD,Hospital/ Medical Center,1349,100267,,,,700 MEDICAL BLVD,9414756571
skipped-duplicate,hagarty:name+city+state,1821,ST LUKE'S NAMPA MEDICAL CENTER,ID,NAMPA,Hospital/ Medical Center,1346,130071,,,Vizient (MS1301),9850 WEST ST LUKES DRIVE,2085052000
skipped-duplicate,activize:campus; parkingangels:campus; proactive:campus; streamline:campus; whisner:campus,4485,NORTHPORT VA MEDICAL CENTER (VISN 2),NY,NORTHPORT,VA Medical Center,1343,,,,Marathon Medical (FFS Approval: 36F79718D0321),"79 Middleville Road, Building 200",5162614400
skipped-duplicate,a3-biomedical:name+city+state; emina-taylor:name+city+state; expert-medical-sales:name+city+state; lamitina:name+city+state; salmons:name+city+state; southern-surgical:name+city+state; tplconsulting:name+city+state,1822,NORTHWEST FLORIDA COMMUNITY HOSPITAL,FL,CHIPLEY,Hospital/ Medical Center,1340,101308,,,"Vizient (MS1301), Premier (BT-NS-002)",1360 BRICKYARD RD,8506381610
skipped-duplicate,zenecare:name+city+state,1823,BANNER OCOTILLO MEDICAL CENTER,AZ,CHANDLER,Hospital/ Medical Center,1339,030147,,,Premier (BT-NS-002),1405 SOUTH ALMA SCHOOL ROAD,4802567000
skipped-duplicate,healthcare-cellutions:name+city+state; sisco:name+city+state; southern-surgical:name+city+state,1824,ABBEVILLE GENERAL HOSPITAL,LA,ABBEVILLE,Hospital/ Medical Center,1339,190034,,,"Vizient (MS1301), Premier (BT-NS-002)",118 N HOSPITAL DR,3378935466
skipped-duplicate,intuitek:name+city+state,1825,TY COBB REGIONAL MEDICAL CENTER LLC,GA,LAVONIA,Hospital/ Medical Center,1337,110027,,,"Vizient (MS1301), Premier (BT-NS-002)",367 CLEAR CREEK PARKWAY,7063567800
skipped-duplicate,lucier:name+city+state; noreaster:name+city+state; pierro:name+city+state; signature-medical:name+city+state; whisner:name+city+state,4486,TOGUS VA MEDICAL CENTER,ME,AUGUSTA,VA Medical Center,1333,20003F,,,Marathon Medical (FFS Approval: 36F79718D0321),1 VA CENTER,2076238411
skipped-duplicate,chowning:ccn:040067; gptsurgical:ccn:040067; greatdane:ccn:040067; healthcare-cellutions:ccn:040067,1826,MAGNOLIA HOSPITAL,AR,MAGNOLIA,Hospital/ Medical Center,1332,040067,,,Vizient (MS1301),101 HOSPITAL DRIVE,8702353000
skipped-duplicate,whittiker:name+city+state,1827,HCA HEALTHONE MOUNTAIN RIDGE,CO,THORNTON,Hospital/ Medical Center,1331,060065,,,Vizient (MS1301),9191 GRANT ST,3034517800
skipped-duplicate,grosjean:name+city+state; jimmerson:name+city+state; lifesource:name+city+state; zenecare:name+city+state,1828,COLUSA MEDICAL CENTER,CA,COLUSA,Hospital/ Medical Center,1329,050783,,,"Vizient (MS1301), Premier (BT-NS-002)",199 E WEBSTER STREET,5306190800
skipped-duplicate,healthcare-cellutions:name+city+state; sisco:name+city+state; southern-surgical:name+city+state,1829,LASALLE GENERAL HOSPITAL,LA,JENA,Hospital/ Medical Center,1329,190145,,,Premier (BT-NS-002),187 NINTH ST/HWY 84 WEST,3189929200
skipped-duplicate,activize:name+city+state; ghanem:name+city+state; streamline:name+city+state,1830,PENN HIGHLANDS HUNTINGDON,PA,HUNTINGDON,Hospital/ Medical Center,1328,390056,,,"Vizient (MS1301), Premier (BT-NS-002)",1225 WARM SPRINGS AVE,8146432290
skipped-duplicate,lucier:name+city+state; noreaster:name+city+state; parkingangels:name+city+state; pierro:name+city+state; signature-medical:name+city+state; whisner:name+city+state,1831,ANNA JAQUES HOSPITAL,MA,NEWBURYPORT,Hospital/ Medical Center,1327,220029,,,"Vizient (MS1301), Premier (BT-NS-002)",25 HIGHLAND AVENUE,9784631000
skipped-duplicate,healthcare-cellutions:name+city+state; sisco:name+city+state; southern-surgical:name+city+state,1832,OCHSNER UNIVERSITY HOSPITAL AND CLINICS,LA,LAFAYETTE,Hospital/ Medical Center,1325,190006,,,"Vizient (MS1301), Premier (BT-NS-002)",2390 WEST CONGRESS,3372616000
skipped-clinic,Urology Clinic,2774,UROLOGY CENTER OF MGH,IN,MARION,Urology Clinic,1324,,,,Vizient (MS1301),330 N Wabash Ave Ste 350,7656623921
skipped-duplicate,lucier:name+city+state; noreaster:name+city+state; pierro:name+city+state; signature-medical:name+city+state; whisner:name+city+state,1833,ST MARY'S REGIONAL MEDICAL CENTER,ME,LEWISTON,Hospital/ Medical Center,1324,200034,,,"Vizient (MS1301), Premier (BT-NS-002)",93 CAMPUS AVENUE - PO BOX 291,2077778100
skipped-duplicate,grosjean:name+city+state; jimmerson:name+city+state; lifesource:name+city+state; zenecare:name+city+state,1834,COASTAL COMMUNITIES HOSPITAL,CA,SANTA ANA,Hospital/ Medical Center,1323,050747,,,"Vizient (MS1301), Premier (BT-NS-002)",2701 S BRISTOL ST,7147545454
skipped-duplicate,franklin-mountain-group:name+city+state; greatdane:name+city+state; richards:name+city+state; southern-surgical:name+city+state; tbmedical:name+city+state,1835,TRISTAR NORTHCREST MEDICAL CENTER,TN,SPRINGFIELD,Hospital/ Medical Center,1320,440065,,,"Vizient (MS1301), Premier (BT-NS-002)",100 NORTHCREST DRIVE,6153842411
skipped-duplicate,chowning:name+city+state,1836,MITCHELL COUNTY HOSPITAL HEALTH SYSTEMS,KS,BELOIT,Hospital/ Medical Center,1314,171375,,,,"400 W 8TH STREET, P O BOX 399",7857382266
skipped-clinic,Urology Clinic,2775,LEWIS & CLARK UROLOGY LTD,SD,YANKTON,Urology Clinic,1312,,,,Vizient (MS1301),409 Summit St Ste 3400,6056688000
skipped-duplicate,gerrard:name+city+state; tbmedical:name+city+state,1837,VIDANT DUPLIN HOSPITAL,NC,KENANSVILLE,Hospital/ Medical Center,1311,340120,,,"Vizient (MS1301), Premier (BT-NS-002)",401 N MAIN ST,9102960941
skipped-duplicate,chowning:name+city+state; gptsurgical:name+city+state; greatdane:name+city+state; healthcare-cellutions:name+city+state,1838,SOUTH ARKANSAS REGIONAL HOSPITAL LLC,AR,EL DORADO,Hospital/ Medical Center,1309,040088,,,,700 WEST GROVE STREET,8708632000
skipped-duplicate,ghanem:name+city+state,1839,WYTHE COUNTY COMMUNITY HOSPITAL,VA,WYTHEVILLE,Hospital/ Medical Center,1303,490111,,,"Vizient (MS1301), Premier (BT-NS-002)",600 WEST RIDGE ROAD,2762280200
skipped-duplicate,healthcare-cellutions:name+city+state; sisco:name+city+state; southern-surgical:name+city+state,1840,LEONARD J CHABERT MEDICAL CENTER,LA,HOUMA,Hospital/ Medical Center,1298,190183,,,"Vizient (MS1301), Premier (BT-NS-002)",1978 INDUSTRIAL BLVD,9858732200
skipped-clinic,Urology Clinic,2776,GARWYN UROLOGY,MD,BALTIMORE,Urology Clinic,1297,,,,"Vizient (MS1301), Premier (BT-NS-002)",827 Linden Ave,4103286732
skipped-duplicate,greatdane:name+city+state; southern-surgical:name+city+state,1841,GEORGE REGIONAL HEALTH SYSTEM,MS,LUCEDALE,Hospital/ Medical Center,1295,250036,,,"Vizient (MS1301), Premier (BT-NS-002)",859 WINTER STREET,6019473161
skipped-clinic,Urology Clinic,2777,GENESISCARE - PGU,FL,PUNTA GORDA,Urology Clinic,1292,,,,Vizient (MS1301),713 E Marion Ave Ste 135,9416393131
skipped-duplicate,healthcare-cellutions:name+city+state; sisco:name+city+state; southern-surgical:name+city+state,1842,MERCY REGIONAL MEDICAL CENTER,LA,VILLE PLATTE,Hospital/ Medical Center,1292,190167,,,"Vizient (MS1301), Premier (BT-NS-002)",800 E MAIN,3373635684
skipped-duplicate,franklin-mountain-group:name+city+state; healthcare-cellutions:name+city+state; ju:name+city+state; martinez:name+city+state; meinnovations:name+city+state; sandia:name+city+state; sisco:name+city+state; streit:name+city+state; uromobile:name+city+state,1843,QUAIL CREEK SURGICAL HOSPITAL,TX,AMARILLO,Hospital/ Medical Center,1291,450875,,,"Vizient (MS1301), Premier (BT-NS-002)",6819 PLUM CREEK,8063546100
skipped-duplicate,lucier:name+city+state; noreaster:name+city+state; pierro:name+city+state; signature-medical:name+city+state; whisner:name+city+state,1844,MAINEHEALTH WALDO HOSPITAL,ME,BELFAST,Hospital/ Medical Center,1289,201312,,,"Vizient (MS1301), Premier (BT-NS-002)",118 NORTHPORT AVE,2073382500
skipped-duplicate,franklin-mountain-group:name+city+state; healthcare-cellutions:name+city+state; ju:name+city+state; martinez:name+city+state; meinnovations:name+city+state; sandia:name+city+state; sisco:name+city+state; streit:name+city+state; uromobile:name+city+state,1845,CHRISTUS SPOHN HOSPITAL KLEBERG,TX,KINGSVILLE,Hospital/ Medical Center,1288,450163,,,"Vizient (MS1301), Premier (BT-NS-002)",1311 EAST GENERAL CAVAZOS BLVD,3615951661
skipped-duplicate,activize:name+city+state; parkingangels:name+city+state; proactive:name+city+state; streamline:name+city+state; whisner:name+city+state,1846,MOUNT ST MARY'S HOSPITAL & HEALTH CENTER,NY,LEWISTON,Hospital/ Medical Center,1287,330188,,,"Vizient (MS1301), Premier (BT-NS-002)",5300 MILITARY ROAD,7162974800
skipped-duplicate,chowning:ccn:140120,1847,PEKIN MEMORIAL HOSPITAL,IL,PEKIN,Hospital/ Medical Center,1284,140120,,,,600 SOUTH 13TH STREET,3093471151
skipped-duplicate,gerrard:name+city+state; intuitek:name+city+state; tbmedical:name+city+state,1848,NEWBERRY COUNTY MEMORIAL HOSPITAL,SC,NEWBERRY,Hospital/ Medical Center,1279,420053,,,,2669 KINARD ST PO BOX 497,8034057145
skipped-duplicate,franklin-mountain-group:name+city+state; greatdane:name+city+state; richards:name+city+state; southern-surgical:name+city+state; tbmedical:name+city+state,1849,SOUTHERN TENNESSEE REGIONAL HEALTH SYSTEM LAWRENCE,TN,LAWRENCEBURG,Hospital/ Medical Center,1275,440175,,,,1607 SOUTH LOCUST AVENUE,9317626571
skipped-duplicate,gerrard:name+city+state; intuitek:name+city+state; tbmedical:name+city+state,1851,COLLETON MEDICAL CENTER,SC,WALTERBORO,Hospital/ Medical Center,1271,420030,,,,501 ROBERTSON BOULEVARD,8437822000
skipped-duplicate,greatdane:name+city+state; southern-surgical:name+city+state,1850,BAPTIST MEMORIAL HOSPITAL UNION COUNTY,MS,NEW ALBANY,Hospital/ Medical Center,1271,250006,,,Vizient (MS1301),200 HWY 30 WEST,6625387631
skipped-duplicate,klea:name+city+state; streamline:name+city+state,1853,RIVERS HEALTH,WV,POINT PLEASANT,Hospital/ Medical Center,1267,510012,,,"Vizient (MS1301), Premier (BT-NS-002)",2520 VALLEY DRIVE,3046754340
skipped-duplicate,grosjean:name+city+state; jimmerson:name+city+state; lifesource:name+city+state; zenecare:name+city+state,1852,COAST PLAZA HOSPITAL,CA,NORWALK,Hospital/ Medical Center,1267,050771,,,Premier (BT-NS-002),13100 STUDERBAKER ROAD,5628683751
skipped-duplicate,lucier:name+city+state; noreaster:name+city+state; parkingangels:name+city+state; pierro:name+city+state; signature-medical:name+city+state; whisner:name+city+state,1854,DAY KIMBALL HOSPITAL,CT,PUTNAM,Hospital/ Medical Center,1266,070003,,,"Vizient (MS1301), Premier (BT-NS-002)",320 POMFRET STREET,8609286541
skipped-duplicate,franklin-mountain-group:name+city+state; greatdane:name+city+state; richards:name+city+state; southern-surgical:name+city+state; tbmedical:name+city+state,1855,VANDERBILT BEDFORD HOSPITAL,TN,SHELBYVILLE,Hospital/ Medical Center,1263,440137,,,Vizient (MS1301),2835 HWY 231 NORTH,9316855433
skipped-duplicate,grosjean:name+city+state; jimmerson:name+city+state; lifesource:name+city+state; zenecare:name+city+state,1856,60TH MEDICAL GROUP (TRAVIS AFB),CA,TRAVIS AFB,Hospital/ Medical Center,1260,05015F,,,Premier (BT-NS-002),101 Bodin Circle Bldg. 777,7074237300
skipped-duplicate,zenecare:name+city+state,1857,TIMPANOGOS REGIONAL HOSPITAL,UT,OREM,Hospital/ Medical Center,1255,460052,,,Vizient (MS1301),750 WEST 800 NORTH,8017146800
skipped-duplicate,klea:name+city+state; streamline:name+city+state,1859,MEMORIAL HOSPITAL,OH,MARYSVILLE,Hospital/ Medical Center,1254,360092,,,"Vizient (MS1301), Premier (BT-NS-002)",500 LONDON AVENUE,9376446115
skipped-duplicate,steimel:name+city+state,1860,HOLY FAMILY MEMORIAL,WI,MANITOWOC,Hospital/ Medical Center,1253,520107,,,Vizient (MS1301),2300 WESTERN AVE,9203202011
skipped-duplicate,grosjean:name+city+state; jimmerson:name+city+state; lifesource:name+city+state; zenecare:name+city+state,1862,SUTTER LAKESIDE HOSPITAL,CA,LAKEPORT,Hospital/ Medical Center,1249,051329,,,Vizient (MS1301),5176 HILL ROAD EAST,7072625000
skipped-duplicate,zenecare:name+city+state,1863,VERDE VALLEY MEDICAL CENTER,AZ,COTTONWOOD,Hospital/ Medical Center,1247,030007,,,"Vizient (MS1301), Premier (BT-NS-002)",269 SOUTH CANDY LANE,9287732357
skipped-duplicate,lucier:name+city+state; noreaster:name+city+state; parkingangels:name+city+state; pierro:name+city+state; signature-medical:name+city+state; whisner:name+city+state,1864,BAYSTATE FRANKLIN MEDICAL CENTER,MA,GREENFIELD,Hospital/ Medical Center,1244,220016,,,"Vizient (MS1301), Premier (BT-NS-002)",164 HIGH STREET,4137730211
skipped-clinic,Urology Clinic,2778,UROLOGY SPECIALISTS OF WISC,WI,RHINELANDER,Urology Clinic,1243,,,,Vizient (MS1301),2251 N Shore Dr Ste 200,7158472605
skipped-duplicate,acme:name+city+state; sciotex:name+city+state; steimel:name+city+state,1865,ALOMERE HEALTH,MN,ALEXANDRIA,Hospital/ Medical Center,1243,240030,,,Vizient (MS1301),111 17TH AVENUE EAST,3207621511
skipped-duplicate,franklin-mountain-group:name+city+state; healthcare-cellutions:name+city+state; ju:name+city+state; martinez:name+city+state; meinnovations:name+city+state; sandia:name+city+state; sisco:name+city+state; streit:name+city+state; uromobile:name+city+state,1866,SOUTH TEXAS SPINE AND SURGICAL HOSPITAL,TX,SAN ANTONIO,Hospital/ Medical Center,1242,450856,,,Vizient (MS1301),18600 NORTH HARDY OAK BLVD,2104040800
skipped-duplicate,greatdane:name+city+state; southern-surgical:name+city+state,1867,MERIT HEALTH NATCHEZ,MS,NATCHEZ,Hospital/ Medical Center,1233,250084,,,Vizient (MS1301),52 SERGEANT PRENTISS DRIVE,6014432100
skipped-duplicate,dennehy:name+city+state; dowdy:name+city+state; hagarty:name+city+state; murray:name+city+state,1868,SAMARITAN HOSPITAL,WA,MOSES LAKE,Hospital/ Medical Center,1232,500033,,,Premier (BT-NS-002),801 EAST WHEELER ROAD,5097655606
skipped-duplicate,franklin-mountain-group:name+city+state; healthcare-cellutions:name+city+state; ju:name+city+state; martinez:name+city+state; meinnovations:name+city+state; sandia:name+city+state; sisco:name+city+state; streit:name+city+state; uromobile:name+city+state,1869,CHRISTUS SPOHN HOSPITAL ALICE,TX,ALICE,Hospital/ Medical Center,1231,450828,,,"Vizient (MS1301), Premier (BT-NS-002)",2500 E MAIN STREET,3616618016
skipped-duplicate,acme:name+city+state; sciotex:name+city+state; wood:name+city+state,1870,PRAIRIE LAKES HEALTHCARE SYSTEM INC,SD,WATERTOWN,Hospital/ Medical Center,1229,430005,,,Vizient (MS1301),401 9TH AVENUE NW  POST OFFICE BOX 1210,6058827000
skipped-duplicate,acme:name+city+state; sciotex:name+city+state; steimel:name+city+state; stengel:name+city+state,1871,UNIVERSITY OF IOWA HEALTH CARE MEDICAL CENTER DOWN,IA,IOWA CITY,Hospital/ Medical Center,1228,160029,,,Vizient (MS1301),500 E MARKET STREET,3193390300
skipped-duplicate,gptsurgical:name+city+state; healthcare-cellutions:name+city+state; martinez:name+city+state,1872,SOUTHWESTERN MEDICAL CENTER,OK,LAWTON,Hospital/ Medical Center,1225,370097,,,,5602 SOUTHWEST LEE BOULEVARD,4055314701
skipped-duplicate,healthcare-cellutions:name+city+state; sisco:name+city+state; southern-surgical:name+city+state,1873,ACADIAN MEDICAL CENTER,LA,EUNICE,Hospital/ Medical Center,1221,190318,,,Vizient (MS1301),3501 HIGHWAY 190 EAST,3375807903
skipped-duplicate,whittiker:name+city+state,1874,LONGMONT UNITED HOSPITAL,CO,LONGMONT,Hospital/ Medical Center,1219,060003,,,"Vizient (MS1301), Premier (BT-NS-002)",1950 MOUNTAIN VIEW AVE,3036515111
skipped-duplicate,gerrard:name+city+state; tbmedical:name+city+state,1875,NOVANT HEALTH MEDICAL PARK HOSPITAL,NC,WINSTON-SALEM,Hospital/ Medical Center,1219,340148,,,,1950 S HAWTHORNE RD,3367180600
skipped-duplicate,a3-biomedical:name+city+state; emina-taylor:name+city+state; expert-medical-sales:name+city+state; lamitina:name+city+state; salmons:name+city+state; southern-surgical:name+city+state; tplconsulting:name+city+state,1876,SACRED HEART HOSPITAL ON THE EMERALD COAST,FL,MIRAMAR BEACH,Hospital/ Medical Center,1218,100292,,,Vizient (MS1301),7800 US HWY 98 W,8502783600
skipped-duplicate,klea:name+city+state; streamline:name+city+state,1877,COSHOCTON REGIONAL MEDICAL CENTER,OH,COSHOCTON,Hospital/ Medical Center,1213,360109,,,Vizient (MS1301),1460 ORANGE STREET,7406226411
skipped-duplicate,klea:name+city+state; streamline:name+city+state,1878,BUCYRUS COMMUNITY HOSPITAL,OH,BUCYRUS,Hospital/ Medical Center,1206,361316,,,,629 NORTH SANDUSKY AVENUE,4195639376
skipped-duplicate,gerrard:name+city+state; tbmedical:name+city+state,1880,GRANVILLE HEALTH SYSTEMS,NC,OXFORD,Hospital/ Medical Center,1200,340127,,,"Vizient (MS1301), Premier (BT-NS-002)",1010 COLLEGE ST,9196903000
skipped-clinic,Urology Clinic,2779,BAPTIST UROLOGY,FL,FERNANDINA BEACH,Urology Clinic,1197,,,,Vizient (MS1301),1348 S 18th St Ste 230,9042772003
skipped-duplicate,gerrard:name+city+state; tbmedical:name+city+state,1881,CARTERET GENERAL HOSPITAL,NC,MOREHEAD CITY,Hospital/ Medical Center,1194,340142,,,"Vizient (MS1301), Premier (BT-NS-002)",3500 ARENDELL ST,2528086000
skipped-duplicate,activize:name+city+state; ghanem:name+city+state; streamline:name+city+state,1882,CANONSBURG GENERAL HOSPITAL,PA,CANONSBURG,Hospital/ Medical Center,1191,390160,,,"Vizient (MS1301), Premier (BT-NS-002)",100 MEDICAL BOULEVARD,7247456100
skipped-duplicate,klea:name+city+state; streamline:name+city+state,1883,UNION HOSPITAL,OH,DOVER,Hospital/ Medical Center,1189,360010,,,Vizient (MS1301),659 BOULEVARD,3303433311
skipped-clinic,Urology Clinic,2780,UROLOGY OF INDIANA - SALVAS,IN,FRANKLIN,Urology Clinic,1188,,,,Vizient (MS1301),1159 W Jefferson St Ste 302,3178071232
skipped-duplicate,franklin-mountain-group:name+city+state; healthcare-cellutions:name+city+state; ju:name+city+state; martinez:name+city+state; meinnovations:name+city+state; sandia:name+city+state; sisco:name+city+state; streit:name+city+state; uromobile:name+city+state,1884,THE MEDICAL CENTER OF SOUTHEAST TEXAS,TX,PORT ARTHUR,Hospital/ Medical Center,1186,450518,,,"Vizient (MS1301), Premier (BT-NS-002)",2555 JIMMY JOHNSON BLVD,4098535900
skipped-duplicate,lucier:name+city+state; noreaster:name+city+state; parkingangels:name+city+state; pierro:name+city+state; signature-medical:name+city+state; whisner:name+city+state,1885,BAYSTATE WING HOSPITAL,MA,PALMER,Hospital/ Medical Center,1185,220030,,,"Vizient (MS1301), Premier (BT-NS-002)",40 WRIGHT STREET,4132837651
skipped-duplicate,grosjean:name+city+state; jimmerson:name+city+state; lifesource:name+city+state; zenecare:name+city+state,1886,GOLETA VALLEY COTTAGE HOSPITAL,CA,SANTA BARBARA,Hospital/ Medical Center,1183,050357,,,"Vizient (MS1301), Premier (BT-NS-002)",351 S PATTERSON AVE,8059673411
skipped-duplicate,acme:name+city+state; sciotex:name+city+state; wood:name+city+state,1887,GREAT PLAINS HEALTH,NE,NORTH PLATTE,Hospital/ Medical Center,1182,280065,,,"Vizient (MS1301), Premier (BT-NS-002)",601 WEST LEOTA ST,3085688000
skipped-clinic,Urology Clinic,2781,GREAT PLAINS NUROLOGY,NE,NORTH PLATTE,Urology Clinic,1182,,,,Vizient (MS1301),810 W Reid Ste 4,3085344834
skipped-duplicate,chowning:name+city+state; stengel:name+city+state,1888,MERCY HOSPITAL WASHINGTON,MO,WASHINGTON,Hospital/ Medical Center,1181,260052,,,,901 EAST 5TH STREET,6362398000
skipped-clinic,Urology Clinic,2782,METROPOLITAN UROLOGICAL SPECIALISTS - ST JOHNS MERCY - WASHINGTON,MO,WASHINGTON,Urology Clinic,1181,,,,Vizient (MS1301),851 E 5th St Ste 316,3143159933
skipped-clinic,Urology Clinic,2783,ARIZONA UROLOGY,AZ,MESA,Urology Clinic,1176,,,,"Vizient (MS1301), Premier (BT-NS-002)",10238 E Hampton Ave Ste 202,4804104500
skipped-clinic,Urology Clinic,2784,MOREHEAD UROLOGY ASSOCIATES,NC,EDEN,Urology Clinic,1172,,,,Vizient (MS1301),518 S Van Buren Rd,3366239711
skipped-duplicate,franklin-mountain-group:name+city+state; healthcare-cellutions:name+city+state; ju:name+city+state; martinez:name+city+state; meinnovations:name+city+state; sandia:name+city+state; sisco:name+city+state; streit:name+city+state; uromobile:name+city+state,1889,CHRISTUS SANTA ROSA HOSPITAL-SAN MARCOS,TX,SAN MARCOS,Hospital/ Medical Center,1165,450272,,,"Vizient (MS1301), Premier (BT-NS-002)",1301 WONDER WORLD DRIVE,5127533511
skipped-duplicate,gptsurgical:name+city+state; healthcare-cellutions:name+city+state; martinez:name+city+state,1891,INTEGRIS GROVE HOSPITAL,OK,GROVE,Hospital/ Medical Center,1162,370113,,,Vizient (MS1301),1001 EAST 18TH STREET,9187862243
skipped-duplicate,klea:name+city+state,1890,SAINT JOSEPH EAST,KY,LEXINGTON,Hospital/ Medical Center,1162,180143,,,Premier (BT-NS-002),150 NORTH EAGLE CREEK DRIVE,8599675000
skipped-duplicate,klea:name+city+state,1892,TUG VALLEY ARH REGIONAL MEDICAL CENTER,KY,SOUTH WILLIAMSON,Hospital/ Medical Center,1161,180069,,,Premier (BT-NS-002),260 HOSPITAL DRIVE,6062371700
skipped-duplicate,activize:name+city+state; parkingangels:name+city+state; proactive:name+city+state; streamline:name+city+state; whisner:name+city+state,1894,GARNET HEALTH  MEDICAL CENTER CATSKILLS,NY,HARRIS,Hospital/ Medical Center,1161,330386,,,Premier (BT-NS-002),"68 HARRIS BUSHVILLE ROAD, P O BOX 800",8457943300
skipped-duplicate,chowning:name+city+state; stengel:name+city+state,1893,BELTON REGIONAL MEDICAL CENTER,MO,BELTON,Hospital/ Medical Center,1161,260214,,,,17065 S 71 HIGHWAY,8163481200
skipped-duplicate,acme:name+city+state; sciotex:name+city+state; wood:name+city+state,1895,BROOKINGS HEALTH SYSTEM,SD,BROOKINGS,Hospital/ Medical Center,1160,430008,,,"Vizient (MS1301), Premier (BT-NS-002)",300 22ND AVE,6056969000
skipped-duplicate,gptsurgical:name+city+state; healthcare-cellutions:name+city+state; martinez:name+city+state,1896,HILLCREST HOSPITAL CLAREMORE,OK,CLAREMORE,Hospital/ Medical Center,1153,370039,,,Premier (BT-NS-002),1202 N MUSKOGEE PLACE,9183412556
skipped-duplicate,franklin-mountain-group:name+city+state; meinnovations:name+city+state; sandia:name+city+state,1897,PRESBYTERIAN ESPANOLA HOSPITAL,NM,ESPANOLA,Hospital/ Medical Center,1152,320011,,,"Vizient (MS1301), Premier (BT-NS-002)",1010 SPRUCE STREET,5057531502
skipped-duplicate,franklin-mountain-group:name+city+state; healthcare-cellutions:name+city+state; ju:name+city+state; martinez:name+city+state; meinnovations:name+city+state; sandia:name+city+state; sisco:name+city+state; streit:name+city+state; uromobile:name+city+state,1898,BAYLOR SCOTT &  WHITE MEDICAL CENTER - CENTENNIAL,TX,FRISCO,Hospital/ Medical Center,1151,450885,,,Vizient (MS1301),12505 LEBANON ROAD,9729633333
skipped-duplicate,dennehy:name+city+state; dowdy:name+city+state; hagarty:name+city+state; murray:name+city+state,1899,KITTITAS VALLEY COMMUNITY HOSPITAL,WA,ELLENSBURG,Hospital/ Medical Center,1150,501333,,,Premier (BT-NS-002),603 SOUTH CHESTNUT,5099629841
skipped-duplicate,gptsurgical:name+city+state; healthcare-cellutions:name+city+state; martinez:name+city+state,1900,GREAT PLAINS REGIONAL MEDICAL CENTER,OK,ELK CITY,Hospital/ Medical Center,1148,370019,,,Vizient (MS1301),1801 WEST 3RD STREET,5802252511
skipped-duplicate,gptsurgical:name+city+state; healthcare-cellutions:name+city+state; martinez:name+city+state,1901,MERCY HOSPITAL ARDMORE INC,OK,ARDMORE,Hospital/ Medical Center,1147,370047,,,"Vizient (MS1301), Premier (BT-NS-002)",1011 14TH AVE NW,5802235400
skipped-duplicate,dowdy:name+city+state; hagarty:name+city+state,1902,PROVIDENCE NEWBERG MEDICAL CENTER,OR,NEWBERG,Hospital/ Medical Center,1147,380037,,,Vizient (MS1301),1001 PROVIDENCE DRIVE,5035371555
skipped-clinic,Urology Clinic,2785,CAPITAL UROLOGY ASSC HILLSDALE CLINIC,MI,HILLSDALE,Urology Clinic,1143,,,,Vizient (MS1301),451 Hidden Meadows Dr Ste 290,5179640265
skipped-duplicate,franklin-mountain-group:name+city+state; greatdane:name+city+state; richards:name+city+state; southern-surgical:name+city+state; tbmedical:name+city+state,1904,CLAIBORNE MEDICAL CENTER,TN,TAZEWELL,Hospital/ Medical Center,1142,440057,,,Vizient (MS1301),1850 OLD KNOXVILLE HIGHWAY,4236264211
skipped-clinic,Urology Clinic,2786,DANVILLE POLYCLINIC UROLOGY,IL,DANVILLE,Urology Clinic,1141,,,,Vizient (MS1301),707 N Logan Ave,2174774766
skipped-duplicate,lucier:name+city+state; noreaster:name+city+state; pierro:name+city+state; signature-medical:name+city+state; whisner:name+city+state,1906,NORTHERN LIGHT MAINE COAST HOSPITAL,ME,ELLSWORTH,Hospital/ Medical Center,1136,200050,,,,50 UNION STREET,2076675311
skipped-duplicate,chowning:name+city+state; gptsurgical:name+city+state; greatdane:name+city+state; healthcare-cellutions:name+city+state,1905,OUACHITA COUNTY MEDICAL CENTER,AR,CAMDEN,Hospital/ Medical Center,1136,040050,,,,638 CALIFORNIA AVENUE,8708361000
skipped-duplicate,a3-biomedical:name+city+state; emina-taylor:name+city+state; expert-medical-sales:name+city+state; lamitina:name+city+state; salmons:name+city+state; southern-surgical:name+city+state; tplconsulting:name+city+state,1907,MEMORIAL HOSPITAL MIRAMAR,FL,MIRAMAR,Hospital/ Medical Center,1134,100285,,,"Vizient (MS1301), Premier (BT-NS-002)",1901 SW 172ND AVE,9545385000
skipped-clinic,Urology Clinic,2787,UROLOGY CENTER OF SOUTHERN CALIFORNIA MEDICAL GROUP INC,CA,CORONA,Urology Clinic,1132,,,,Vizient (MS1301),801 S Main St Ste 201,9517352700
skipped-duplicate,acme:name+city+state; sciotex:name+city+state; wood:name+city+state,1909,FAITH REGIONAL HEALTH SERVICES,NE,NORFOLK,Hospital/ Medical Center,1132,280125,,,"Vizient (MS1301), Premier (BT-NS-002)",2700 WEST NORFOLK AVE,4023714880
skipped-duplicate,grosjean:name+city+state; jimmerson:name+city+state; lifesource:name+city+state; zenecare:name+city+state,1908,CORONA REGIONAL MEDICAL CENTER,CA,CORONA,Hospital/ Medical Center,1132,050329,,,Premier (BT-NS-002),800 SOUTH MAIN STREET,9517366240
skipped-duplicate,activize:name+city+state; parkingangels:name+city+state; proactive:name+city+state; streamline:name+city+state; whisner:name+city+state,1911,AURELIA OSBORN FOX MEMORIAL HOSPITAL,NY,ONEONTA,Hospital/ Medical Center,1125,330085,,,,ONE NORTON AVENUE,6074322000
skipped-duplicate,greatdane:name+city+state; southern-surgical:name+city+state,1910,MERIT HEALTH MADISON,MS,CANTON,Hospital/ Medical Center,1125,250038,,,Vizient (MS1301),161 RIVER OAKS DRIVE,6018554000
skipped-duplicate,klea:name+city+state; streamline:name+city+state,1912,GALION COMMUNITY HOSPITAL,OH,GALION,Hospital/ Medical Center,1123,361325,,,Vizient (MS1301),269 PORTLAND WAY SOUTH,4194684841
skipped-duplicate,ghanem:name+city+state,1913,RIVERSIDE DOCTORS' HOSPITAL OF WILLIAMSBURG,VA,WILLIAMSBURG,Hospital/ Medical Center,1120,490143,,,"Vizient (MS1301), Premier (BT-NS-002)",1500 COMMONWEALTH AVENUE,7575852010
skipped-duplicate,franklin-mountain-group:name+city+state; healthcare-cellutions:name+city+state; ju:name+city+state; martinez:name+city+state; meinnovations:name+city+state; sandia:name+city+state; sisco:name+city+state; streit:name+city+state; uromobile:name+city+state,1914,ASCENSION SETON NORTHWEST,TX,AUSTIN,Hospital/ Medical Center,1109,450867,,,"Vizient (MS1301), Premier (BT-NS-002)",11113 RESEARCH BOULEVARD,5123246000
skipped-clinic,Urology Clinic,2788,ATHENS MEDICAL ASSOCIATES UROLOGY,OH,ATHENS,Urology Clinic,1108,,,,Vizient (MS1301),75 Hospital Dr Ste 250,7405664644
skipped-duplicate,ghanem:name+city+state,1916,BAYHEALTH HOSPITAL SUSSEX CAMPUS,DE,MILFORD,Hospital/ Medical Center,1104,080009,,,"Vizient (MS1301), Premier (BT-NS-002)",100 WELLNESS WAY,3024223311
skipped-clinic,Urology Clinic,2789,VMG  UROGYNECOLOGY,NJ,PARAMUS,Urology Clinic,1101,,,,Vizient (MS1301),140 E Ridgewood Ave Ste 205W,2012210504
skipped-duplicate,a3-biomedical:name+city+state; emina-taylor:name+city+state; expert-medical-sales:name+city+state; lamitina:name+city+state; salmons:name+city+state; southern-surgical:name+city+state; tplconsulting:name+city+state,1917,ORLANDO HEALTH ST CLOUD HOSPITAL,FL,SAINT CLOUD,Hospital/ Medical Center,1099,100302,,,"Vizient (MS1301), Premier (BT-NS-002)",2906 17TH STREET,4078922135
skipped-duplicate,activize:name+city+state; ghanem:name+city+state; streamline:name+city+state,1918,ROXBOROUGH MEMORIAL HOSPITAL,PA,PHILADELPHIA,Hospital/ Medical Center,1098,390304,,,"Vizient (MS1301), Premier (BT-NS-002)",5800 RIDGE AVE,2154839900
skipped-duplicate,gptsurgical:name+city+state; healthcare-cellutions:name+city+state; martinez:name+city+state,1919,SAINT FRANCIS HOSPITAL SOUTH LLC,OK,TULSA,Hospital/ Medical Center,1096,370218,,,Premier (BT-NS-002),10501 EAST 91ST STREET SOUTH,9183076010
skipped-duplicate,klea:name+city+state; streamline:name+city+state,1920,CLINTON MEMORIAL HOSPITAL,OH,WILMINGTON,Hospital/ Medical Center,1095,360175,,,,610 WEST MAIN STREET,9373829335
skipped-duplicate,grosjean:name+city+state; jimmerson:name+city+state; lifesource:name+city+state; zenecare:name+city+state,1921,SUTTER AMADOR HOSPITAL,CA,JACKSON,Hospital/ Medical Center,1092,050014,,,Vizient (MS1301),200 MISSION BLVD,2092237500
skipped-clinic,Urology Clinic,2790,AULTMAN ALLIANCE UROLOGY,OH,ALLIANCE,Urology Clinic,1088,,,,Vizient (MS1301),270 E State St Ste G110,3305966000
skipped-duplicate,a3-biomedical:ccn:100183; emina-taylor:ccn:100183; expert-medical-sales:ccn:100183; lamitina:ccn:100183; salmons:ccn:100183; southern-surgical:ccn:100183; tplconsulting:ccn:100183,1922,STEWARD CORAL GABLES HOSPITAL,FL,CORAL GABLES,Hospital/ Medical Center,1085,100183,,,Premier (BT-NS-002),3100 DOUGLAS RD,3054458461
skipped-duplicate,activize:name+city+state; ghanem:name+city+state; streamline:name+city+state,1923,WARREN GENERAL HOSPITAL,PA,WARREN,Hospital/ Medical Center,1082,390146,,,"Vizient (MS1301), Premier (BT-NS-002)",TWO CRESCENT PARK WEST,8147233300
skipped-duplicate,franklin-mountain-group:name+city+state; healthcare-cellutions:name+city+state; ju:name+city+state; martinez:name+city+state; meinnovations:name+city+state; sandia:name+city+state; sisco:name+city+state; streit:name+city+state; uromobile:name+city+state,1925,DALLAS MEDICAL CENTER,TX,DALLAS,Hospital/ Medical Center,1078,450379,,,"Vizient (MS1301), Premier (BT-NS-002)",7 MEDICAL PARKWAY,9722471000
skipped-duplicate,gptsurgical:name+city+state; healthcare-cellutions:name+city+state; martinez:name+city+state,1924,ASCENSION ST JOHN JANE PHILLIPS,OK,BARTLESVILLE,Hospital/ Medical Center,1078,370018,,,Vizient (MS1301),3500 EAST FRANK PHILLIPS BOULEVARD,9183337200
skipped-duplicate,greatdane:name+city+state; southern-surgical:name+city+state,1926,ANDALUSIA HEALTH,AL,ANDALUSIA,Hospital/ Medical Center,1076,010036,,,,849 SOUTH THREE NOTCH STREET,3342228466
skipped-clinic,Urology Clinic,2791,UROLOGY OF INDIANA - MOORESVILLE,IN,MOORESVILLE,Urology Clinic,1073,,,,Vizient (MS1301),1215 Hadley Rd Ste 203,3178071231
skipped-duplicate,hagarty:name+city+state,1928,MADISON MEMORIAL HOSPITAL,ID,REXBURG,Hospital/ Medical Center,1066,130025,,,Vizient (MS1301),450 EAST MAIN STREET,2083596488
skipped-duplicate,ghanem:name+city+state,1929,SHENANDOAH MEMORIAL HOSPITAL,VA,WOODSTOCK,Hospital/ Medical Center,1065,491305,,,,759 SOUTH MAIN STREET,5404591100
skipped-duplicate,grosjean:name+city+state; jimmerson:name+city+state; lifesource:name+city+state; zenecare:name+city+state,1930,COMMUNITY HOSPITAL OF HUNTINGTON PARK,CA,HUNTINGTON PARK,Hospital/ Medical Center,1063,050091,,,"Vizient (MS1301), Premier (BT-NS-002)",2623 E SLAUSON AVE,3235831931
skipped-clinic,Urology Clinic,2792,WACCAMAW UROLOGY ASSOCIATES,SC,GEORGETOWN,Urology Clinic,1062,,,,Vizient (MS1301),580 Black River Rd,8435272421
skipped-duplicate,activize:name+city+state; whisner:name+city+state,1931,HUDSON REGIONAL HOSPITAL,NJ,SECAUCUS,Hospital/ Medical Center,1060,310118,,,"Vizient (MS1301), Premier (BT-NS-002)",55 MEADOWLANDS PKWY,2013923200
skipped-clinic,Urology Clinic,2793,WESTERN MICHIGAN UROLOGICAL ASSOCIATES,MI,HOLLAND,Urology Clinic,1059,,,,"Vizient (MS1301), Premier (BT-NS-002)",577 Michigan Ave Ste 201,6163925141
skipped-clinic,Urology Clinic,2794,UROLOGY SPECIALISTS OF W FLORIDA-JACOB DAVID,FL,TAMPA,Urology Clinic,1057,,,,Vizient (MS1301),13061 W Linebaugh Ave,7277710600
skipped-duplicate,steimel:name+city+state,1932,SSM HEALTH ST MARY'S HOSPITAL - JANESVILLE,WI,JANESVILLE,Hospital/ Medical Center,1057,520208,,,Vizient (MS1301),3400 EAST RACINE STREET,6083738000
skipped-duplicate,activize:name+city+state; ghanem:name+city+state; streamline:name+city+state,1934,UPMC WELLSBORO,PA,WELLSBORO,Hospital/ Medical Center,1056,391316,,,"Vizient (MS1301), Premier (BT-NS-002)",32-36 CENTRAL AVENUE,5707237764
skipped-duplicate,gptsurgical:name+city+state; healthcare-cellutions:name+city+state; martinez:name+city+state,1933,GRADY MEMORIAL HOSPITAL,OK,CHICKASHA,Hospital/ Medical Center,1056,370054,,,Vizient (MS1301),2220 IOWA STREET,4052242300
skipped-clinic,Urology Clinic,2795,HILL COUNTRY UROLOGY CLINIC,TX,FREDERICKSBURG,Urology Clinic,1053,,,,Vizient (MS1301),703 S Adams St,8309979507
skipped-duplicate,franklin-mountain-group:name+city+state; healthcare-cellutions:name+city+state; ju:name+city+state; martinez:name+city+state; meinnovations:name+city+state; sandia:name+city+state; sisco:name+city+state; streit:name+city+state; uromobile:name+city+state,1935,HILL COUNTRY MEMORIAL HOSPITAL,TX,FREDERICKSBURG,Hospital/ Medical Center,1053,450604,,,"Vizient (MS1301), Premier (BT-NS-002)",1020 SOUTH STATE HIGHWAY 16,8309974353
skipped-duplicate,chowning:name+city+state,1936,INSIGHT HOSPITAL AND MEDICAL CENTER CHICAGO,IL,CHICAGO,Hospital/ Medical Center,1052,140158,,,"Vizient (MS1301), Premier (BT-NS-002)",2525 S MICHIGAN AVE,3125672000
skipped-duplicate,whittiker:name+city+state,1937,COMMUNITY HOSPITAL,CO,GRAND JUNCTION,Hospital/ Medical Center,1049,060054,,,Premier (BT-NS-002),2351 'G' RD,9706443011
skipped-clinic,Urology Clinic,2796,SAINT LUKES SOUTH AUA,KS,OVERLAND PARK,Urology Clinic,1049,,,,Vizient (MS1301),12300 Metcalf Ave Fl 5,9133173303
skipped-duplicate,gerrard:name+city+state; intuitek:name+city+state; tbmedical:name+city+state,1938,CHEROKEE MEDICAL CENTER,SC,GAFFNEY,Hospital/ Medical Center,1048,420043,,,"Vizient (MS1301), Premier (BT-NS-002)",1530 N LIMESTONE ST,8644874271
skipped-duplicate,activize:ccn:39006F; ghanem:ccn:39006F; streamline:ccn:39006F,4488,LEBANON VA MEDICAL CENTER (VISN 4),PA,LEBANON,VA Medical Center,1044,39006F,,,Marathon Medical (FFS Approval: 36F79718D0321),1700 South Lincoln Avenue,7172285901
skipped-duplicate,acme:name+city+state; sciotex:name+city+state; steimel:name+city+state; stengel:name+city+state,1939,MAHASKA  HEALTH PARTNERSHIP,IA,OSKALOOSA,Hospital/ Medical Center,1044,161379,,,Vizient (MS1301),1229 C AVENUE EAST,6416723100
skipped-duplicate,a3-biomedical:name+city+state; emina-taylor:name+city+state; expert-medical-sales:name+city+state; lamitina:name+city+state; salmons:name+city+state; southern-surgical:name+city+state; tplconsulting:name+city+state,1940,HCA FLORIDA TWIN CITIES HOSPITAL,FL,NICEVILLE,Hospital/ Medical Center,1037,100054,,,,2190 HWY 85 N,8506784131
skipped-clinic,Urology Clinic,2797,WESTERN KS UROLOGICAL ASSOCIATES PA,KS,HAYS,Urology Clinic,1036,,,,Vizient (MS1301),2214 Canterbury Dr Ste 308,7856286014
skipped-duplicate,klea:name+city+state,1941,MEMORIAL HOSPITAL,IN,LOGANSPORT,Hospital/ Medical Center,1035,150072,,,"Vizient (MS1301), Premier (BT-NS-002)",1101 MICHIGAN AVE,5747537541
skipped-duplicate,gerrard:name+city+state; intuitek:name+city+state; tbmedical:name+city+state,1942,PRISMA HEALTH BAPTIST PARKRIDGE,SC,COLUMBIA,Hospital/ Medical Center,1035,420106,,,"Vizient (MS1301), Premier (BT-NS-002)",400 PALMETTO HEALTH PARKWAY,8039077011
skipped-duplicate,gerrard:name+city+state; intuitek:name+city+state; tbmedical:name+city+state,1943,MCLEOD HEALTH CLARENDON,SC,MANNING,Hospital/ Medical Center,1031,420109,,,Vizient (MS1301),10 EAST HOSPITAL STREET,8034358463
skipped-duplicate,klea:name+city+state,1944,SAINT JOSEPH MOUNT STERLING,KY,MOUNT STERLING,Hospital/ Medical Center,1030,180064,,,Premier (BT-NS-002),225 FALCON DRIVE,8594975018
skipped-duplicate,healthcare-cellutions:name+city+state; sisco:name+city+state; southern-surgical:name+city+state,1945,AVOYELLES HOSPITAL,LA,MARKSVILLE,Hospital/ Medical Center,1027,190099,,,"Vizient (MS1301), Premier (BT-NS-002)",4231 HIGHWAY 1192,3182538611
skipped-duplicate,steimel:name+city+state,1946,MAYO CLINIC HEALTH SYSTEM CHIPPEWA VALLEY,WI,BLOOMER,Hospital/ Medical Center,1025,521314,,,Vizient (MS1301),1501 THOMPSON ST,7155682000
skipped-clinic,Urology Clinic,2798,UROLOGY CLINICS OF NORTH TEXAS DBA DALL,TX,DALLAS,Urology Clinic,1024,,,,"Vizient (MS1301), Premier (BT-NS-002)",9330 Poppy Dr Ste 400,2143283221
skipped-duplicate,franklin-mountain-group:name+city+state; healthcare-cellutions:name+city+state; ju:name+city+state; martinez:name+city+state; meinnovations:name+city+state; sandia:name+city+state; sisco:name+city+state; streit:name+city+state; uromobile:name+city+state,1947,WHITE ROCK MEDICAL CENTER,TX,DALLAS,Hospital/ Medical Center,1024,450678,,,"Vizient (MS1301), Premier (BT-NS-002)",9440 POPPY DRIVE,2143246100
skipped-duplicate,franklin-mountain-group:ccn:450064; healthcare-cellutions:ccn:450064; ju:ccn:450064; martinez:ccn:450064; meinnovations:ccn:450064; sandia:ccn:450064; sisco:ccn:450064; streit:ccn:450064; uromobile:ccn:450064,2178,TEXAS REHAB HOSPITAL ARLINGTON,TX,ARLINGTON,Rehabilitation Hospital,1023,450064,,,Vizient (MS1301),900 W Arbrook Blvd,8179603500
skipped-duplicate,franklin-mountain-group:name+city+state; healthcare-cellutions:name+city+state; ju:name+city+state; martinez:name+city+state; meinnovations:name+city+state; sandia:name+city+state; sisco:name+city+state; streit:name+city+state; uromobile:name+city+state,1948,TEXAS HEALTH HEART & VASCULAR HOSPITAL ARLINGTON,TX,ARLINGTON,Hospital/ Medical Center,1023,670071,,,Premier (BT-NS-002),811 WRIGHT STREET,8179603500
skipped-duplicate,healthcare-cellutions:name+city+state; sisco:name+city+state; southern-surgical:name+city+state,1950,OCHSNER ST MARY,LA,MORGAN CITY,Hospital/ Medical Center,1022,190014,,,"Vizient (MS1301), Premier (BT-NS-002)",1125 MARGUERITE STREET,9853842200
skipped-duplicate,a3-biomedical:name+city+state; emina-taylor:name+city+state; expert-medical-sales:name+city+state; lamitina:name+city+state; salmons:name+city+state; southern-surgical:name+city+state; tplconsulting:name+city+state,1949,GULF BREEZE HOSPITAL,FL,GULF BREEZE,Hospital/ Medical Center,1022,100266,,,"Vizient (MS1301), Premier (BT-NS-002)",1110 GULF BREEZE PKWY,8509342000
skipped-duplicate,zenecare:name+city+state,1951,CASTLEVIEW HOSPITAL,UT,PRICE,Hospital/ Medical Center,1021,460011,,,,300 NORTH HOSPITAL DRIVE,4356374800
skipped-clinic,Urology Clinic,2799,MWMG UROLOGY (4906025),VA,STAFFORD,Urology Clinic,1021,,,,Vizient (MS1301),125 Hospital Center Blvd Ste 329,5406576367
skipped-duplicate,gerrard:name+city+state; tbmedical:name+city+state,1952,CAPE FEAR VALLEY-BLADEN COUNTY HOSPITAL,NC,ELIZABETHTOWN,Hospital/ Medical Center,1017,341315,,,,501 SOUTH POPLAR STREET,9108625100
skipped-duplicate,franklin-mountain-group:ccn:450853; healthcare-cellutions:ccn:450853; ju:ccn:450853; martinez:ccn:450853; meinnovations:ccn:450853; sandia:ccn:450853; sisco:ccn:450853; streit:ccn:450853; uromobile:ccn:450853,2179,BAYLOR SCOTT & WHITE INSTITUTE FOR REHABILITATION - FRISCO,TX,FRISCO,Rehabilitation Hospital,1013,450853,,,Vizient (MS1301),2990 Legacy Dr,2144075000
skipped-duplicate,franklin-mountain-group:name+city+state; meinnovations:name+city+state; sandia:name+city+state,1953,GILA REGIONAL MEDICAL CENTER,NM,SILVER CITY,Hospital/ Medical Center,1013,321311,,,"Vizient (MS1301), Premier (BT-NS-002)",1313 E 32ND ST,5755384100
skipped-duplicate,activize:name+city+state; whisner:name+city+state,1954,CAREWELL HEALTH MEDICAL CENTER,NJ,EAST ORANGE,Hospital/ Medical Center,1012,310083,,,"Vizient (MS1301), Premier (BT-NS-002)",300 CENTRAL AVE,9736728400
skipped-duplicate,ghanem:name+city+state,1956,FAUQUIER HOSPITAL,VA,WARRENTON,Hospital/ Medical Center,1009,490023,,,"Vizient (MS1301), Premier (BT-NS-002)",500 HOSPITAL DRIVE,5403165000
skipped-duplicate,acme:name+city+state; sciotex:name+city+state; wood:name+city+state,1957,AVERA ST MARY'S HOSPITAL,SD,PIERRE,Hospital/ Medical Center,1008,430015,,,,801 E SIOUX,6052243100
skipped-clinic,Urology Clinic,2800,BROWNWOOD UROLOGICAL ASSOC,TX,BROWNWOOD,Urology Clinic,1006,,,,Vizient (MS1301),100 Miller Dr,3256432000
skipped-duplicate,franklin-mountain-group:name+city+state; healthcare-cellutions:name+city+state; ju:name+city+state; martinez:name+city+state; meinnovations:name+city+state; sandia:name+city+state; sisco:name+city+state; streit:name+city+state; uromobile:name+city+state,1958,HENDRICK MEDICAL CENTER BROWNWOOD,TX,BROWNWOOD,Hospital/ Medical Center,1006,450587,,,Vizient (MS1301),1501 BURNET DR,3256468541
skipped-duplicate,chowning:name+city+state,1959,SAINT ANTHONY HOSPITAL,IL,CHICAGO,Hospital/ Medical Center,1004,140095,,,Vizient (MS1301),2875 WEST 19TH STREET,7735211710
skipped-duplicate,klea:name+city+state; streamline:name+city+state,1960,BAY PARK COMMUNITY HOSPITAL,OH,OREGON,Hospital/ Medical Center,1003,360259,,,Vizient (MS1301),2801 BAY PARK DRIVE,4196907706
skipped-duplicate,whittiker:name+city+state,1961,VALLEY VIEW HOSPITAL ASSOCIATION,CO,GLENWOOD SPRINGS,Hospital/ Medical Center,1002,060075,,,Vizient (MS1301),1906 BLAKE AVE,9709456535
skipped-duplicate,acme:name+city+state; sciotex:name+city+state; wood:name+city+state,4490,SIOUX FALLS VA MEDICAL CENTER,SD,SIOUX FALLS,VA Medical Center,983,43005F,,,Marathon Medical (FFS Approval: 36F79718D0321),2501 WEST 22ND STREET,6053363230
skipped-clinic,Urology Clinic,2801,CASCADE UROLOGY-GORGE UROLOGY,OR,THE DALLES,Urology Clinic,967,,,,Vizient (MS1301),1805 E 19th St,5412962201
skipped-clinic,Urology Clinic,2802,AU SABLE UROLOGY,MI,GRAYLING,Urology Clinic,966,,,,Vizient (MS1301),809 Michigan Ave,9893486610
skipped-clinic,Urology Clinic,2803,FEMALE UROLOGY OF NASHVILLE,TN,NASHVILLE,Urology Clinic,961,,,,"Vizient (MS1301), Premier (BT-NS-002)",310 25th Ave N Ste 202,3176900026
skipped-clinic,Urology Clinic,2804,MESQUITE UROLOGY PC-SNYDER ORRENZO,NV,MESQUITE,Urology Clinic,943,,,,Vizient (MS1301),1301 Bertha Howe Ave,7025448806
skipped-duplicate,acme:name+city+state; sciotex:name+city+state; wood:name+city+state,4491,FARGO VA MEDICAL CENTER,ND,FARGO,VA Medical Center,942,35002F,,,Marathon Medical (FFS Approval: 36F79718D0321),2101 ELM STREET,7012323241
skipped-clinic,Urology Clinic,2805,THE UROLOGY CENTER PC - COLUMBUS,NE,COLUMBUS,Urology Clinic,939,,,,Vizient (MS1301),4508 38th St Ste 210,4023279400
skipped-clinic,Urology Clinic,2806,SJMH STONEWALL UROLOGY,WV,WESTON,Urology Clinic,930,,,,"Vizient (MS1301), Premier (BT-NS-002)",230 Hospital Plz,3045981888
skipped-clinic,Urology Clinic,2807,ASSOCIATED UROLOGIST,KS,MANHATTAN,Urology Clinic,923,,,,Vizient (MS1301),1133 College Ave Ste G100,7855370304
skipped-clinic,Urology Clinic,2808,BAYCARE UROLOGICAL SURGEONS A/B/OF BAYCARE CLINIC LLP A/B/OF BAYCARE HLTH SYSTEMS LLC,WI,TWO RIVERS,Urology Clinic,919,,,,"Vizient (MS1301), Premier (BT-NS-002)",5300 Memorial Dr Ste 303,9207936550
skipped-clinic,Urology Clinic,2809,UROLOGY AUSTIN MARBLE FALLS,TX,MARBLE FALLS,Urology Clinic,912,,,,Vizient (MS1301),2503 N Us Highway 281 Ste 400,8306935889
skipped-duplicate,ghanem:ccn:49006F,4492,HAMPTON VA MEDICAL CENTER (VISN 6),VA,HAMPTON,VA Medical Center,896,49006F,,,Marathon Medical (FFS Approval: 36F79718D0321),100 Emancipation Drive,7577229961
skipped-clinic,Urology Clinic,2810,SIU MEDICINE - UROLOGY - DECATUR EQUIPMENT,IL,DECATUR,Urology Clinic,884,,,,Vizient (MS1301),1750 E Lake Shore Dr Ste 120,2175457752
skipped-clinic,Urology Clinic,2812,UCNT PATHOLOGY / RAD,TX,DALLAS,Urology Clinic,862,,,,Vizient (MS1301),9900 N Central Expwy Ste 120,2142470026
skipped-clinic,Urology Clinic,2811,WOODLAND UROLOGY,MN,VIRGINIA,Urology Clinic,862,,,,Vizient (MS1301),901 9th St N Ste 315,2187413340
skipped-clinic,Urology Clinic,2813,RICHMOND UROLOGY,KY,RICHMOND,Urology Clinic,844,,,,Vizient (MS1301),1013 Center Dr Ste 5,8596260042
skipped-clinic,Urology Clinic,2814,BMH UROLOGY,VT,BRATTLEBORO,Urology Clinic,838,,,,Vizient (MS1301),28 Belmont Ave,8022518720
skipped-clinic,Urology Clinic,2815,EAST HUDSON UROLOGY GROUP PC-FAVALE DOMINGO,NY,CARMEL,Urology Clinic,837,,,,Vizient (MS1301),664 Stoneleigh Ave Ste 301,8452796666
skipped-clinic,Urology Clinic,2817,WATERTOWN UROLOGY SC,WI,WATERTOWN,Urology Clinic,829,,,,Vizient (MS1301),123 Hospital Dr Ste 2002,9202611334
skipped-clinic,Urology Clinic,2816,CMG SOUTHSIDE UROLOGY CENTER,VA,FARMVILLE,Urology Clinic,829,,,,Vizient (MS1301),800 Oakstreet,4343152913
skipped-duplicate,greatdane:campus; southern-surgical:campus,4493,BILOXI VA MEDICAL CENTER (VISN 16),MS,BILOXI,VA Medical Center,817,,,,Marathon Medical (FFS Approval: 36F79718D0321),400 Veterans Avenue,2285235000
skipped-clinic,Urology Clinic,2818,MARINHEALTH UROLOGY NOVATO-A UCSF HEALTH CLINIC,CA,NOVATO,Urology Clinic,816,,,,Vizient (MS1301),75 Rowland Way Ste 200,4154614000
skipped-clinic,Urology Clinic,2819,LANDMARK UROLOGY,KY,GEORGETOWN,Urology Clinic,810,,,,Vizient (MS1301),1138 Lexington Rd Ste 140,5028681100
skipped-clinic,Urology Clinic,2820,COMMERCE TOWERS - UROLOGY,IL,DIXON,Urology Clinic,782,,,,Vizient (MS1301),215 E 1st St Ste 305,8152855484
skipped-clinic,Urology Clinic,2821,ADVANCED UROLOGY INSTITUTE - PALM COAST,FL,PALM COAST,Urology Clinic,770,,,,"Vizient (MS1301), Premier (BT-NS-002)",61 Memorial Medical Pkwy Ste 3803,3864458530
skipped-duplicate,acme:campus; sciotex:campus; wood:campus,4494,GRAND ISLAND VA MEDICAL CENTER (VISN 23),NE,GRAND ISLAND,VA Medical Center,766,,,,Marathon Medical (FFS Approval: 36F79718D0321),2201 North Broadwell Avenue,3086755000
skipped-clinic,Urology Clinic,2822,UROLOGY CENTERS OF ALABAMA - PELL CITY,AL,PELL CITY,Urology Clinic,764,,,,Vizient (MS1301),7063 Veterans Pkwy Ste 110,2054450133
skipped-duplicate,chowning:campus,2182,REHABILITATION INSTITUTE OF CHICAGO DBA SHIRLEY RYAN ABILITYLAB,IL,CHICAGO,Rehabilitation Hospital,756,,,,Vizient (MS1301),355 E Erie St,3125722000
skipped-duplicate,ghanem:name+city+state,4496,WILMINGTON VA MEDICAL CENTER,DE,WILMINGTON,VA Medical Center,743,08002F,,,Marathon Medical (FFS Approval: 36F79718D0321),1601 KIRKWOOD HIGHWAY,3029942511
skipped-clinic,Urology Clinic,2823,ARKANSAS UROLOGY CLINTON - OZARK SPECIALTY CL,AR,CLINTON,Urology Clinic,727,,,,Vizient (MS1301),2526 Hwy 65 S Ste 205,8002551762
skipped-clinic,Urology Clinic,2824,UROLOGY OF INDIANA - HOLLAND,IN,CRAWFORDSVILLE,Urology Clinic,718,,,,Vizient (MS1301),1704 Lafayette Rd Ste 2,7653622800
skipped-clinic,Urology Clinic,2825,SOUTHEAST UROLOGY,AK,JUNEAU,Urology Clinic,704,,,,Vizient (MS1301),3225 Hospital Dr Unit 102,8288378877
skipped-clinic,Urology Clinic,2826,UROLOGY NEVADA,NV,RENO,Urology Clinic,700,,,,Vizient (MS1301),5560 Kietzke Ln Bldg A,7753227811
skipped-clinic,Urology Clinic,2827,SPOKANE UROLOGY,WA,SPOKANE,Urology Clinic,687,,,,"Vizient (MS1301), Premier (BT-NS-002)",1401 E Trent Ave Ste 200,5097473147
skipped-clinic,Urology Clinic,2828,VALLEY UROLOGY,CA,FRESNO,Urology Clinic,659,,,,Vizient (MS1301),6113 N Fresno St Ste 101,5594382777
skipped-clinic,Urology Clinic,2829,WISCONSIN INST OF UROLOGY SHAWANO,WI,SHAWANO,Urology Clinic,624,,,,Vizient (MS1301),100 County Road B,9207227747
skipped-duplicate,gerrard:name+city+state; tbmedical:name+city+state,4497,FAYETTEVILLE NC VA MEDICAL CENTER,NC,FAYETTEVILLE,VA Medical Center,609,34013F,,,Marathon Medical (FFS Approval: 36F79718D0321),2300 RAMSEY STREET,9104882120
skipped-clinic,Urology Clinic,2830,UROLOGY SERVICES - BELLEVUE,OH,BELLEVUE,Urology Clinic,607,,,,Vizient (MS1301),290 Progress Dr Ste C,4196688101
skipped-clinic,Urology Clinic,2831,SCHNECK MEDICAL CTR-FIRST UROLOGY,IN,SEYMOUR,Urology Clinic,601,,,,Vizient (MS1301),225 S Pine St Ste 130,8125235202
skipped-clinic,Urology Clinic,2832,FIRST UROLOGY-LAGRANGE-GHP EAST,KY,LA GRANGE,Urology Clinic,577,,,,Vizient (MS1301),1023 New Moody Ln 202,8122068181
skipped-duplicate,healthcare-cellutions:campus; sisco:campus; southern-surgical:campus,2184,PAM HEALTH SPECIALTY HOSPITAL OF SLIDELL,LA,SLIDELL,Rehabilitation Hospital,572,,,,Vizient (MS1301),1444 Lindberg Dr Ste 150,9856410600
skipped-clinic,Urology Clinic,2833,UROLOGY MILES CITY,MT,MILES CITY,Urology Clinic,568,,,,Vizient (MS1301),2600 Wilson St,4062332600
skipped-clinic,Urology Clinic,2834,KINGSPORT UROLOGY GROUP,TN,KINGSPORT,Urology Clinic,558,,,,Vizient (MS1301),1932 Brookside Dr,4232464155
skipped-clinic,Urology Clinic,2835,ADVANCE UROLOGY & CONTINECE CENTER,OH,WAUSEON,Urology Clinic,542,,,,Vizient (MS1301),725 S Shoop Ave Ste 104,4193352500
skipped-clinic,Urology Clinic,2836,MGH - UROLOGY OUTPATIENT CLINIC,MA,BOSTON,Urology Clinic,537,,,,Vizient (MS1301),165 Charles St,6177263021
skipped-clinic,Urology Clinic,2837,VIDANT UROLOGY,NC,NAGS HEAD,Urology Clinic,531,,,,Vizient (MS1301),4810 S Croatan Hwy,2522550583
skipped-duplicate,grosjean:ccn:050782; jimmerson:ccn:050782; lifesource:ccn:050782; zenecare:ccn:050782,2185,CASA COLINA REHAB HOSPITAL BLDG,CA,POMONA,Rehabilitation Hospital,529,050782,,,Vizient (MS1301),255 E Bonita Ave,9095967733
skipped-duplicate,klea:ccn:36007F; streamline:ccn:36007F,4499,DAYTON VA MEDICAL CENTER (VISN 10),OH,DAYTON,VA Medical Center,528,36007F,,,Marathon Medical (FFS Approval: 36F79718D0321),4100 West Third Street,9372686511
skipped-clinic,Urology Clinic,2838,PENN HIGHLANDS UROLOGY,PA,BROOKVILLE,Urology Clinic,523,,,,Vizient (MS1301),88 Hospital Rd,8148498858
skipped-clinic,Urology Clinic,2839,GROVE CITY UROLOGY,PA,GROVE CITY,Urology Clinic,515,,,,Vizient (MS1301),432 Hillcrest Ave,7244507004
skipped-clinic,Urology Clinic,2840,INTEGRATED MEDICAL SERVICES UROLOGY - PHOENIX,AZ,PHOENIX,Urology Clinic,512,,,,Vizient (MS1301),3815 E Bell Rd Ste 4500,6235124390
skipped-duplicate,greatdane:name+city+state; southern-surgical:name+city+state,4500,VA CENTRAL ALABAMA HEALTHCARE SYSTEM - MONTGOMERY,AL,MONTGOMERY,VA Medical Center,506,01019F,,,Marathon Medical (FFS Approval: 36F79718D0321),215 PERRY HILL ROAD,3342604100
skipped-clinic,Urology Clinic,2841,AFFINITY UROLOGY CLINIC 2,LA,MONROE,Urology Clinic,504,,,,Vizient (MS1301),2516 Broadmoor Blvd Ste C,3184100002
skipped-clinic,Urology Clinic,2842,SHANNON CLINIC BIG SPRING MOB,TX,BIG SPRING,Urology Clinic,503,,,,Vizient (MS1301),1501 W 11th Pl Ste 103,4327144600
skipped-duplicate,klea:name+city+state; streamline:name+city+state,4502,BECKLEY VA MEDICAL CENTER,WV,BECKLEY,VA Medical Center,486,51002F,,,Marathon Medical (FFS Approval: 36F79718D0321),200 VETERANS AVENUE,3042552121
skipped-clinic,Urology Clinic,2843,CMG UROLOGY (BEDFORD),VA,BEDFORD,Urology Clinic,463,,,,Vizient (MS1301),1613 Oakwood St Ste 201,4342005297
skipped-duplicate,whittiker:ccn:06007F,4504,GRAND JUNCTION VA MEDICAL CENTER (VISN 19),CO,GRAND JUNCTION,VA Medical Center,426,06007F,,,Marathon Medical (FFS Approval: 36F79718D0321),2121 North Avenue,9702441329
skipped-clinic,Urology Clinic,2844,CROSSROADS UROLOGY,IL,MOUNT VERNON,Urology Clinic,420,,,,Vizient (MS1301),209 Crossroads Pl Ste 150,6182445500
skipped-clinic,Urology Clinic,2845,UROLOGY CENTER OF SLIDELL,LA,SLIDELL,Urology Clinic,413,,,,Vizient (MS1301),1150 Robert Blvd Ste 350,9856496660
skipped-clinic,Urology Clinic,2846,NORTHEAST INDIANA UROLOGY PC,IN,HUNTINGTON,Urology Clinic,396,,,,Vizient (MS1301),2003 Stults Rd Ste 200,2604366667
skipped-clinic,Urology Clinic,2847,LAKESHORE UROLOGY,MI,GRAND HAVEN,Urology Clinic,386,,,,"Vizient (MS1301), Premier (BT-NS-002)",1445 Sheldon Rd Ste 101,2488773801
skipped-clinic,Urology Clinic,2848,ALEXANDRIA UROLOGY ASSOCIATES,LA,ALEXANDRIA,Urology Clinic,380,,,,Vizient (MS1301),1201 N Bolton Ave Ste C,3184732169
skipped-duplicate,intuitek:campus,2187,ROOSEVELT WARM SPRINGS REHAB & SPECIALTY HOS,GA,WARM SPRINGS,Rehabilitation Hospital,373,,,,Vizient (MS1301),94 Pine Rd,7066559351
skipped-clinic,Urology Clinic,2849,SALINA UROLOGY ASSOCIATES PA,KS,SALINA,Urology Clinic,370,,,,"Vizient (MS1301), Premier (BT-NS-002)",218 S Santa Fe Ave,7858279635
skipped-clinic,Urology Clinic,2850,NGPG UROLOGY BARROW,GA,WINDER,Urology Clinic,369,,,,Vizient (MS1301),314 N Broad St Ste 240,7705353553
skipped-clinic,Urology Clinic,2851,THEDACARE UROLOGY CLINIC,WI,BERLIN,Urology Clinic,363,,,,Vizient (MS1301),225 Memorial Dr,9207293131
skipped-clinic,Urology Clinic,2852,BLUE RIDGE UROLOGY,NC,COLUMBUS,Urology Clinic,350,,,,Vizient (MS1301),54 Hospital Dr Ste 3b,8288943311
skipped-clinic,Urology Clinic,2853,FIRST UROLOGY SHELBYVILLE,KY,SHELBYVILLE,Urology Clinic,337,,,,Vizient (MS1301),515 Hospital Dr,9725555555
skipped-clinic,Urology Clinic,2854,MILLENNIUM PHYSICIANS - UROLOGY,TX,HOUSTON,Urology Clinic,314,,,,"Vizient (MS1301), Premier (BT-NS-002)",17070 Red Oak Dr Ste 200,2815392900
skipped-clinic,Urology Clinic,2855,PAMF-UROLOGY,CA,SANTA CRUZ,Urology Clinic,294,,,,Vizient (MS1301),2911 Chanticleer Ave,8314772396
skipped-clinic,Urology Clinic,2856,ARKANSAS UROLOGY HEBER SPRINGS,AR,HEBER SPRINGS,Urology Clinic,274,,,,Vizient (MS1301),1800 Bypass Rd,8002551762
skipped-clinic,Urology Clinic,2857,SNMF - UROLOGY-PLUMAS,CA,YUBA CITY,Urology Clinic,272,,,,Vizient (MS1301),460 Plumas Blvd Ste 201,5555555555
skipped-clinic,Urology Clinic,2858,ALASKA UROLOGY - HOMER CLINIC,AK,HOMER,Urology Clinic,269,,,,Vizient (MS1301),4201 Bartlett St Ste 201,9072350310
skipped-clinic,Urology Clinic,2859,ADVANCED UROLOGY OF NEW MEXICO,NM,LOS ALAMOS,Urology Clinic,263,,,,Vizient (MS1301),3917 West Rd Ste 137,5055005624
skipped-duplicate,healthcare-cellutions:campus; sisco:campus; southern-surgical:campus,2189,ARCHER INSTITUTE OF LAKE CHARLES MEMORIAL,LA,LAKE CHARLES,Rehabilitation Hospital,231,,,,Vizient (MS1301),6713 Nelson Rd,3374746370
skipped-clinic,Urology Clinic,2860,N AUSTIN UROLOGY-FAR WEST,TX,AUSTIN,Urology Clinic,228,,,,"Vizient (MS1301), Premier (BT-NS-002)",6818 Austin Center Blvd Ste 105,5122380762
skipped-duplicate,franklin-mountain-group:campus; healthcare-cellutions:campus; ju:campus; martinez:campus; meinnovations:campus; sandia:campus; sisco:campus; streit:campus; uromobile:campus,2190,BAYLOR SCOTT & WHITE INSTITUTE FOR REHABILITATION - DALLAS,TX,DALLAS,Rehabilitation Hospital,225,,,,Vizient (MS1301),909 N Washington Ave,2144433000
skipped-clinic,Urology Clinic,2861,HOUSTON FEMALE UROLOGY,TX,HOUSTON,Urology Clinic,215,,,,Vizient (MS1301),18400 Katy Fwy Ste 530,2817174003
skipped-clinic,Urology Clinic,2862,CARSON UROLOGY SPECIALISTS,MI,CARSON CITY,Urology Clinic,209,,,,"Vizient (MS1301), Premier (BT-NS-002)",245 S 2nd St,9895840930
skipped-clinic,Urology Clinic,2863,MULTICARE - COVINGTON UROLOGY,WA,COVINGTON,Urology Clinic,198,,,,Vizient (MS1301),17700 Se 272nd St,2534031000
skipped-duplicate,healthcare-cellutions:name+city+state; sisco:name+city+state; southern-surgical:name+city+state,4508,OVERTON BROOKS VA MEDICAL CENTER (SHREVEPORT),LA,SHREVEPORT,VA Medical Center,196,19048F,,,Marathon Medical (FFS Approval: 36F79718D0321),510 EAST STONER AVENUE,3184246037
skipped-clinic,Urology Clinic,2864,LOUISIANA UROLOGY LLC,LA,BATON ROUGE,Urology Clinic,182,,,,Vizient (MS1301),8080 Bluebonnet Blvd Ste 3000,2257690788
skipped-duplicate,franklin-mountain-group:ccn:440231; greatdane:ccn:440231; richards:ccn:440231; southern-surgical:ccn:440231; tbmedical:ccn:440231,2192,TRUSTPOINT HOSPITAL OF MURFREESBORO,TN,MURFREESBORO,Rehabilitation Hospital,173,440231,,,Vizient (MS1301),1009 N Thompson Ln,6158671111
skipped-duplicate,activize:ccn:330406; parkingangels:ccn:330406; proactive:ccn:330406; streamline:ccn:330406; whisner:ccn:330406,2272,SUNNYVIEW REHABILITATION HOSPITAL,NY,SCHENECTADY,Rehabilitation Hospital,170,330406,,,Vizient (MS1301),1270 Belmont Ave,5183824500
skipped-clinic,Urology Clinic,2865,FIRST UROLOGY,IN,SCOTTSBURG,Urology Clinic,168,,,,"Vizient (MS1301), Premier (BT-NS-002)",1473 N Gardner St,9725555555
skipped-clinic,Urology Clinic,2866,APPLE HILL UROLOGY,PA,YORK,Urology Clinic,158,,,,Vizient (MS1301),25 Monument Rd Ste 196,7177419563
skipped-clinic,Urology Clinic,2867,PLAZA UROLOGY GROUP,GA,FORT OGLETHORPE,Urology Clinic,153,,,,Vizient (MS1301),100 Gross Crescent Cir Ste 500,4237567860
skipped-clinic,Urology Clinic,2868,KANSAS CITY UROLOGY CARE PAOLA,KS,PAOLA,Urology Clinic,148,,,,Vizient (MS1301),2102 Baptiste Dr Ste A,9135574385
skipped-clinic,Urology Clinic,2869,UROLOGY SURGEONS OF OKLAHOMA,OK,OKLAHOMA CITY,Urology Clinic,143,,,,Vizient (MS1301),4200 W Memorial Rd Ste 501,4056349300
skipped-clinic,Urology Clinic,2870,BRAZOS VALLEY UROLOGY,TX,BRYAN,Urology Clinic,126,,,,Vizient (MS1301),3201 University Dr E Ste 440,9797318660
skipped-clinic,Urology Clinic,2871,TEXAS REGIONAL UROLOGY-KINGWOOD,TX,KINGWOOD,Urology Clinic,118,,,,Vizient (MS1301),201 Kingwood Medical Dr,8324422392
skipped-clinic,Urology Clinic,2872,IUHP-UROLOGY IUH NORTH HOSPITAL,IN,CARMEL,Urology Clinic,108,,,,Vizient (MS1301),11725 Illinois St Ste 558,3179621075
skipped-clinic,Urology Clinic,2873,GATEWAY UROLOGY - ROCHESTER,NH,ROCHESTER,Urology Clinic,100,,,,Vizient (MS1301),21 Whitehall Rd Ste 203,6033303545
skipped-duplicate,gptsurgical:ccn:370057; healthcare-cellutions:ccn:370057; martinez:ccn:370057,2193,MUSCOGEE (CREEK) NATION REHABILITATION HOSPITAL,OK,OKMULGEE,Rehabilitation Hospital,85,370057,,,Vizient (MS1301),900 E Airport Rd,9187564233
skipped-duplicate,chowning:name+city+state; stengel:name+city+state,4512,POPLAR BLUFF VA MEDICAL CENTER,MO,POPLAR BLUFF,VA Medical Center,69,26007F,,,Marathon Medical (FFS Approval: 36F79718D0321),1500 N. WESTWOOD BLVD.,5736864151
skipped-duplicate,activize:ccn:33011F; parkingangels:ccn:33011F; proactive:ccn:33011F; streamline:ccn:33011F; whisner:ccn:33011F,4513,BATH VA MEDICAL CENTER (VISN 2),NY,BATH,VA Medical Center,61,33011F,,,Marathon Medical (FFS Approval: 36F79718D0321),76 Veterans Avenue,6076644000
skipped-clinic,Urology Clinic,2874,DURANGO UROLOGICAL ASSOC,CO,DURANGO,Urology Clinic,58,,,,Vizient (MS1301),575 Rivergate Unit 209,9702590440
skipped-duplicate,healthcare-cellutions:campus; sisco:campus; southern-surgical:campus,4514,ALEXANDRIA VA MEDICAL CENTER (VISN 16),LA,PINEVILLE,VA Medical Center,55,,,,Marathon Medical (FFS Approval: 36F79718D0321),2495 Shreveport Highway,3184730010
skipped-duplicate,steimel:ccn:52002F,4515,TOMAH VA MEDICAL CENTER (VISN 12),WI,TOMAH,VA Medical Center,25,52002F,,,Marathon Medical (FFS Approval: 36F79718D0321),500 East Veterans Street,6083723971
skipped-clinic,Urology Clinic,2875,FIRST UROLOGY SALEM,IN,SALEM,Urology Clinic,20,,,,Vizient (MS1301),911 N Shelby St,8128835881
skipped-clinic,Urology Clinic,2876,CENTRAL OHIO UROLOGY GROUP - CANAL WINCHESTER,OH,CANAL WINCHESTER,Urology Clinic,4,,,,Vizient (MS1301),7901 Diley Rd Ste 260,6143962684
skipped-clinic,Urology Clinic,2877,SOUTHEAST VALLEY UROLOGY,AZ,GILBERT,Urology Clinic,3,,,,Vizient (MS1301),1501 N Gilbert Rd Ste 204,4809247333
skipped-clinic,Urology Clinic,2878,CAMC UROLOGY SURGICAL CTR,WV,CHARLESTON,Urology Clinic,3,,,,Vizient (MS1301),100 Tracy Way,3043434371
skipped-clinic,Urology Clinic,2879,ALBANY UROLOGY CLINIC PC,GA,ALBANY,Urology Clinic,0,,,,Vizient (MS1301),1950 Palmyra Rd,2298831503
skipped-clinic,Urology Clinic,2880,PHOEBE UROLOGY (DR STEVE ALLEN),GA,ALBANY,Urology Clinic,0,,,,Vizient (MS1301),425 W 3rd Ave Ste 550,2298831800
skipped-clinic,Urology Clinic,2881,SOUTH GA UROLOGY CLINIC PC,GA,ALBANY,Urology Clinic,0,,,,"Vizient (MS1301), Premier (BT-NS-002)",803 N Jackson St,2294350832
skipped-clinic,Urology Clinic,2882,GEORGIA UROLOGY CUMMING,GA,ALPHARETTA,Urology Clinic,0,,,,Vizient (MS1301),1800 Northside Forsyth Dr Ste 370,7708899737
skipped-clinic,Urology Clinic,2883,ATHENS UROLOGICAL ASSOCIATES,GA,ATHENS,Urology Clinic,0,,,,Vizient (MS1301),957 Baxter St,7065494999
skipped-clinic,Urology Clinic,2884,ATHENA UROLOGY,GA,ATHENS,Urology Clinic,0,,,,Vizient (MS1301),195 King Ave,7065433429
skipped-clinic,Urology Clinic,2885,THE UROLOGY CLINIC PC,GA,ATHENS,Urology Clinic,0,,,,Vizient (MS1301),120 Trinity Pl,7065432718
skipped-clinic,Urology Clinic,2886,SWEET-UROLOGY GROUP OF ATHENS,GA,ATHENS,Urology Clinic,0,,,,Vizient (MS1301),1500 Oglethorpe Ave,4786070614
skipped-clinic,Urology Clinic,2887,ATHENS AREA UROLOGY PC,GA,ATHENS,Urology Clinic,0,,,,Vizient (MS1301),2142 W Broad St Bldg 200 Ste 200,7063899978
skipped-clinic,Urology Clinic,2888,NORTH ATLANTA UROLOGY,GA,ATLANTA,Urology Clinic,0,,,,Vizient (MS1301),980 Johnson Ferry Rd Ste 270,4047855252
skipped-clinic,Urology Clinic,2889,PIEDMONT UROLOGY PC,GA,ATLANTA,Urology Clinic,0,,,,Vizient (MS1301),95 Collier Rd Nw Ste 6025,4043529260
skipped-clinic,Urology Clinic,2890,MIDTOWN UROLOGY PC,GA,ATLANTA,Urology Clinic,0,,,,Vizient (MS1301),550 Peachtree St Ne Ste 1635,4048810966
skipped-clinic,Urology Clinic,2891,ATLANTA COSMETIC UROLOGY,GA,ATLANTA,Urology Clinic,0,,,,Vizient (MS1301),371 East Paces Ferry Road,6467758515
skipped-clinic,Urology Clinic,2892,PEACHTREE UROLOGY,GA,ATLANTA,Urology Clinic,0,,,,Vizient (MS1301),3200 Downwood Cir Nw Ste 680,4043557272
skipped-clinic,Urology Clinic,2893,MORGANSTERN UROLOGY CLINIC P,GA,ATLANTA,Urology Clinic,0,,,,Vizient (MS1301),3193 Howell Mill Rd Nw Ste 323,0
skipped-clinic,Urology Clinic,2894,XENON-MIDTOWN UROLOGY SURG CTR,GA,ATLANTA,Urology Clinic,0,,,,Vizient (MS1301),1924 Piedmont Rd Ne,6782814917
skipped-clinic,Urology Clinic,2895,ATLANTA UROLOGICAL GROUP,GA,ATLANTA,Urology Clinic,0,,,,Vizient (MS1301),285 Boulevard Ne Ste 215,4043558141
skipped-clinic,Urology Clinic,2896,GEORGIA UROLOGY CRAWFORD LONG,GA,ATLANTA,Urology Clinic,0,,,,"Vizient (MS1301), Premier (BT-NS-002)",1 Baltimore Pl Nw Ste 350,4042220292
skipped-clinic,Urology Clinic,2897,GEORGIA UROLOGY - ADULT,GA,ATLANTA,Urology Clinic,0,,,,"Vizient (MS1301), Premier (BT-NS-002)",5730 Glenridge Dr Ste Ste 200 A,4042561844
skipped-clinic,Urology Clinic,2898,GEORGIA UROLOGY CAMP CREEK,GA,ATLANTA,Urology Clinic,0,,,,"Vizient (MS1301), Premier (BT-NS-002)",3890 Redwine Rd Ste 112,4407667151
skipped-clinic,Urology Clinic,2899,UROLOGY ASSOCIATES OF AUGUSTA,GA,AUGUSTA,Urology Clinic,0,,,,Vizient (MS1301),818 E St Sebastian Way Ste 403,7067220705
skipped-clinic,Urology Clinic,2900,WELLSTAR UROLOGY - AUSTELL,GA,AUSTELL,Urology Clinic,0,,,,Vizient (MS1301),1700 Hospital South Dr Ste 404,7704284475
skipped-clinic,Urology Clinic,2901,NGPG UROLOGY BRASELTON,GA,BRASELTON,Urology Clinic,0,,,,Vizient (MS1301),1404 River Pl Ste 402,7702196520
skipped-clinic,Urology Clinic,2902,SGPA UROLOGY-BRUNSWICK,GA,BRUNSWICK,Urology Clinic,0,,,,Vizient (MS1301),2500 Starling St Ste 406,9124663029
skipped-clinic,Urology Clinic,2903,GEORGIA UROLOGY CANTON,GA,CANTON,Urology Clinic,0,,,,Vizient (MS1301),320 Hospital Rd Ste 101,7707207246
skipped-clinic,Urology Clinic,2904,WEST GEORGIA UROLOGY,GA,CARROLTON,Urology Clinic,0,,,,Vizient (MS1301),150 Clinic Ave #202,7708346988
skipped-clinic,Urology Clinic,2905,NGPG UROLOGY CLEVELAND,GA,CLEVELAND,Urology Clinic,0,,,,Vizient (MS1301),2578 Helen Hwy,7705353553
skipped-clinic,Urology Clinic,2906,UROLOGY CENTER OF COLUMBUS,GA,COLUMBUS,Urology Clinic,0,,,,Vizient (MS1301),1021 Talbotton Rd,7062433677
skipped-clinic,Urology Clinic,2907,UROLOGY ASSOCIATES OF COLUMBUS,GA,COLUMBUS,Urology Clinic,0,,,,Vizient (MS1301),1538 13th Ave Ste A,7063234000
skipped-clinic,Urology Clinic,2908,GA UROLOGY ASC,GA,CONYERS,Urology Clinic,0,,,,Vizient (MS1301),1301 Sigman Rd NE Ste 250,7707609900
skipped-clinic,Urology Clinic,2909,GEORGIA UROLOGY COVINGTON,GA,COVINGTON,Urology Clinic,0,,,,Vizient (MS1301),4142 N Mill St,7707877311
skipped-clinic,Urology Clinic,2910,GEORGIA UROLOGY CUMMING ASC,GA,CUMMING,Urology Clinic,0,,,,Vizient (MS1301),4150 Dep Bill Cantrell Memorial Rd Ste 104a,7705744861
skipped-clinic,Urology Clinic,2911,DAHLONEGA UROLOGY CENTER,GA,DAHLONEGA,Urology Clinic,0,,,,Vizient (MS1301),134 Ansley Dr Ste 700,7068671877
skipped-clinic,Urology Clinic,2912,NORTH GEORGIA UROLOGY CENTER-CHAR,GA,DALTON,Urology Clinic,0,,,,Vizient (MS1301),1434 Broadrick Dr,7062785961
skipped-clinic,Urology Clinic,2913,GEORGIA UROLOGY DAWSONVILLE,GA,DAWSONVILLE,Urology Clinic,0,,,,Vizient (MS1301),200 Dawson Commons Cir,7063343350
skipped-clinic,Urology Clinic,2914,NORTHSIDE DECATUR UROLOGY SURGERY CENTER,GA,DECATUR,Urology Clinic,0,,,,Vizient (MS1301),2685 Milscott Dr,4042923727
skipped-clinic,Urology Clinic,2915,GEORGIA UROLOGY PA,GA,DECATUR,Urology Clinic,0,,,,Vizient (MS1301),1670 Scott Blvd Ste 204k,6782844040
skipped-clinic,Urology Clinic,2916,RAM UROLOGICAL ASSOCIATES,GA,DEMOREST,Urology Clinic,0,,,,Vizient (MS1301),101 Adams Dr,7067543054
skipped-clinic,Urology Clinic,2917,CRH UROLOGY GROUP,GA,DOUGLAS,Urology Clinic,0,,,,Vizient (MS1301),200 Doctors Dr Ste Q,9123844030
skipped-clinic,Urology Clinic,2918,MIDDLE GEORGIA UROLOGY ASSOCIATES,GA,DUBLIN,Urology Clinic,0,,,,Vizient (MS1301),200 Fairview Park Dr,4782726150
skipped-clinic,Urology Clinic,2919,GEORGIA UROLOGY DULUTH,GA,DULUTH,Urology Clinic,0,,,,Vizient (MS1301),3855 Pleasant Hill Rd Ste 300,7709632451
skipped-clinic,Urology Clinic,2920,AU UROLOGY/GYN AND REGIONAL PERINATAL CTR,GA,EVANS,Urology Clinic,0,,,,Vizient (MS1301),618 Ponder Pl Ste 2,7062100642
skipped-clinic,Urology Clinic,2921,AUGUSTA UROLOGY ASSOCIATES,GA,EVANS,Urology Clinic,0,,,,Vizient (MS1301),4350 Towne Centre Dr Ste 2200,7067220705
skipped-clinic,Urology Clinic,2922,ALASKA UROLOGY - KODIAK CLINIC,AK,KODIAK,Urology Clinic,0,,,,Vizient (MS1301),1915 E Rezanof Dr,9074869580
skipped-clinic,Urology Clinic,2923,UROLOGY CENTERS OF ALABAMA - VINCENTS #2,AL,BIRMINGHAM,Urology Clinic,0,,,,Vizient (MS1301),2660 10th Ave S Ste 735,2054450133
skipped-clinic,Urology Clinic,2924,WETUMPKA UROLOGY LLC,AL,WETUMPKA,Urology Clinic,0,,,,Vizient (MS1301),525 Hospital Dr,3345143715
skipped-clinic,Urology Clinic,2925,ARKANSAS UROLOGY,AR,LITTLE ROCK,Urology Clinic,0,,,,Vizient (MS1301),1300 Centerview Dr,5012198900
skipped-clinic,Urology Clinic,2926,NORTHWEST ARKANSAS UROLOGY,AR,SPRINGDALE,Urology Clinic,0,,,,Vizient (MS1301),5401 Willow Creek Dr,4795218980
skipped-clinic,Urology Clinic,2927,ALARCON UROLOGY CENTER,CA,MONTEBELLO,Urology Clinic,0,,,,Vizient (MS1301),2133 W Beverly Blvd Ste 200,6262849278
skipped-clinic,Urology Clinic,2928,ORANGE COUNTY UROLOGY ASSOC IRVINE,CA,IRVINE,Urology Clinic,0,,,,Vizient (MS1301),16305 Sand Canyon Ave Ste 280,9497275000
skipped-clinic,Urology Clinic,2929,ASSOCIATED NORTHWEST UROLOGY,CT,SHARON,Urology Clinic,0,,,,Vizient (MS1301),17 Hospital Hill Rd,8603640225
skipped-clinic,Urology Clinic,2930,GA UROLOGY ASC FAYETTEVILLE,GA,FAYETTEVILLE,Urology Clinic,0,,,,Vizient (MS1301),119 N Park Trail,6786103395
skipped-clinic,Urology Clinic,2931,GEORGIA UROLOGY FAYETTEVILLE,GA,FAYETTEVILLE,Urology Clinic,0,,,,Vizient (MS1301),1336 Hwy 54w Bldg 200,7704609777
skipped-clinic,Urology Clinic,2932,UROLOGY OF INDIANA - MAGEE,IN,INDIANAPOLIS,Urology Clinic,0,,,,Vizient (MS1301),8040 Clearvista Pkwy Ste 370,3178071232
skipped-clinic,Urology Clinic,2933,LONGWOOD UROLOGICAL ASSOC - KEARNEY & DOYLE,MA,BOSTON,Urology Clinic,0,,,,Vizient (MS1301),319 Longwood Ave Ste 5,6172770103
skipped-clinic,Urology Clinic,2934,HAHNEMANN UROLOGY ASSOCIATES INC-BENNETT ROBERT S,MA,WORCESTER,Urology Clinic,0,,,,Vizient (MS1301),291 Lincoln St Ste 201,5087558663
skipped-clinic,Urology Clinic,2935,NASHOBA VALLEY UROLOGY,MA,AYER,Urology Clinic,0,,,,Vizient (MS1301),190 Groton Rd Ste 230,9787725419
skipped-clinic,Urology Clinic,2936,BOSTON TO GREATER BOSTON UROLOGY,MA,BOSTON,Urology Clinic,0,,,,"Vizient (MS1301), Premier (BT-NS-002)",2100 Dorchester Ave Ste 2206,6172962222
skipped-clinic,Urology Clinic,2937,ASSOCIATES IN UROLOGY-ST CLAIR STEPHEN MD,MA,NORTH ADAMS,Urology Clinic,0,,,,"Vizient (MS1301), Premier (BT-NS-002)",77 Hospital Ave Ste 214,4136622486
skipped-clinic,Urology Clinic,2938,COMP UROLOGY - HOWARD KORMAN,MI,BRIGHTON,Urology Clinic,0,,,,Vizient (MS1301),7575 Grand River Rd Ste 350,7345951166
skipped-clinic,Urology Clinic,2939,DUKE UROLOGY,NC,RALEIGH,Urology Clinic,0,,,,Vizient (MS1301),3480 Wake Forest Rd Ste 506,9198625600
skipped-clinic,Urology Clinic,2940,ADULT & PEDIATRIC UROLOGY FREMONT,NE,FREMONT,Urology Clinic,0,,,,Vizient (MS1301),2735 N Clarkson St,4027211610
skipped-clinic,Urology Clinic,2941,NEBRASKA UROLOGY,NE,LINCOLN,Urology Clinic,0,,,,"Vizient (MS1301), Premier (BT-NS-002)",5500 Pine Lake Rd,4023283000
skipped-clinic,Urology Clinic,2942,NEW YORK UROLOGICAL ASSOC,NY,NEW YORK,Urology Clinic,0,,,,Vizient (MS1301),245 East 54th St Between 2nd 3rd Ave,2125706800
skipped-clinic,Urology Clinic,2943,WNY UROLOGY - WARSAW,NY,WARSAW,Urology Clinic,0,,,,Vizient (MS1301),408 N Main St,7168445000
skipped-clinic,Urology Clinic,2944,OUP UROLOGY,OK,OKLAHOMA CITY,Urology Clinic,0,,,,Vizient (MS1301),825 Ne 10th St Ste 5400,4052713932
skipped-clinic,Urology Clinic,2945,NORMAN UROLOGY ASSOCIATES PC,OK,NORMAN,Urology Clinic,0,,,,Vizient (MS1301),500 E Robinson St Ste 1300,4053609966
skipped-clinic,Urology Clinic,2946,UROLOGIC CONSULTANTS OF SE PA,PA,PHILADELPHIA,Urology Clinic,0,,,,Vizient (MS1301),231 N Broad St Fl 2,2154304000
skipped-clinic,Urology Clinic,2947,UROLOGY SPECIALISTS OF EAST TENNESSEE-KNOXVILLE,TN,KNOXVILLE,Urology Clinic,0,,,,"Vizient (MS1301), Premier (BT-NS-002)",2001 Laurel Ave Ste 502,8653319000
skipped-clinic,Urology Clinic,2948,METHODIST UROLOGY ASSOCIATES,TX,HOUSTON,Urology Clinic,0,,,,Vizient (MS1301),6624 Fannin St Ste 2280,7133946000
skipped-clinic,Urology Clinic,2949,AUA-UROLOGY OFFICE-JOHN BOON MD,TX,SUGAR LAND,Urology Clinic,0,,,,Vizient (MS1301),16651 Southwest Fwy Ste 310,2815651250
skipped-clinic,Urology Clinic,2950,THE METHODIST UROLOGY ASSOC - MEDICAL CENTER,TX,HOUSTON,Urology Clinic,0,,,,Vizient (MS1301),6560 Fannin Ste 2100 Id# 11064,8326675398
skipped-clinic,Urology Clinic,2951,BSW UROLOGY – WAXAHACHIE,TX,WAXAHACHIE,Urology Clinic,0,,,,Vizient (MS1301),2360 North Interstate 35 East Ste 310,2148200111
skipped-clinic,Urology Clinic,2952,CHMG UROLOGY - PLANO,TX,PLANO,Urology Clinic,0,,,,Vizient (MS1301),7601 Preston Rd,2144567000
skipped-clinic,Urology Clinic,2953,CHRISTUS TRINITY UROLOGY CLINI,TX,LONGVIEW,Urology Clinic,0,,,,Vizient (MS1301),703 E Marshall Ave Ste 5007,9039276712
skipped-clinic,Urology Clinic,2954,CCPN PROSPER UROLOGY-PROSPER,TX,PROSPER,Urology Clinic,0,,,,Vizient (MS1301),4200 W University Dr Ste 200,8173474100
skipped-clinic,Urology Clinic,2955,UROLOGY TYLER PA - WINNSBORO,TX,WINNSBORO,Urology Clinic,0,,,,Vizient (MS1301),719 W Coke Rd Ste 2,9033425227
skipped-clinic,Urology Clinic,2956,DENTON UROLOGY,TX,DENTON,Urology Clinic,0,,,,Vizient (MS1301),2401 W Oak St Ste 102,9403872241
skipped-clinic,Urology Clinic,2957,PSG-PRECISION UROLOGY ASSOCIATES,TX,HUMBLE,Urology Clinic,0,,,,Vizient (MS1301),8811 Fm 1960 Bypass W Ste 300,2815487713
skipped-clinic,Urology Clinic,2958,UROLOGY CLINICS OF N TX,TX,DALLAS,Urology Clinic,0,,,,"Vizient (MS1301), Premier (BT-NS-002)",7515 Greenville Ave Ste 900,8173368034
skipped-clinic,Urology Clinic,2959,UNIV OF UTAH UROLOGY,UT,SALT LAKE CITY,Urology Clinic,0,,,,Vizient (MS1301),100 N Mario Capecchi Dr Ste 3550,8015812121
skipped-clinic,Urology Clinic,2960,MULTICARE UROLOGY-NORTHWEST,WA,TACOMA,Urology Clinic,0,,,,Vizient (MS1301),316 Martin L King Jr Way,2534031000
skipped-clinic,Urology Clinic,2961,ALASKA UROLOGY - FAIRBANKS CLINIC,AK,FAIRBANKS,Urology Clinic,0,,,,Vizient (MS1301),1001 Noble St,9075633103
skipped-clinic,Urology Clinic,2962,ALASKA UROLOGY LLC - APS,AK,ANCHORAGE,Urology Clinic,0,,,,Vizient (MS1301),3841 Piper St Ste T300,0
skipped-clinic,Urology Clinic,2963,ALASKA UROLOGY - SOLDOTNA CLINIC,AK,SOLDOTNA,Urology Clinic,0,,,,Vizient (MS1301),154 W Marydale Ave,9075633101
skipped-clinic,Urology Clinic,2964,ALASKA UROLOGY - EAGLE RIVER CLINIC,AK,EAGLE RIVER,Urology Clinic,0,,,,Vizient (MS1301),17025 Snowmobile Ln Ste 1,9077459300
skipped-clinic,Urology Clinic,2965,ALASKA UROLOGICAL INSTITUTE,AK,ANCHORAGE,Urology Clinic,0,,,,Vizient (MS1301),188 W Northern Lights Blvd Ste 800,9075198184
skipped-clinic,Urology Clinic,2966,TANANA VALLEY UROLOGY,AK,FAIRBANKS,Urology Clinic,0,,,,Vizient (MS1301),1919 Lathrop St Ste 207,9074580720
skipped-clinic,Urology Clinic,2967,WIREGRASS UROLOGY,AL,DOTHAN,Urology Clinic,0,,,,Vizient (MS1301),4300 W Main St Ste 102,3347939564
skipped-clinic,Urology Clinic,2968,JACKSON CLINIC UROLOGY,AL,MONTGOMERY,Urology Clinic,0,,,,Vizient (MS1301),1722 Pine St Ste 903,3342938588
skipped-clinic,Urology Clinic,2969,UROLOGY ASSOC 2,AL,MOBILE,Urology Clinic,0,,,,Vizient (MS1301),6701 Airport Blvd Ste B135,2516390900
skipped-clinic,Urology Clinic,2970,KARI KUBIK MD - UROGYNECOLOGIST - 62300,AL,DECATUR,Urology Clinic,0,,,,Vizient (MS1301),1215 7th St Se Ste G300,2563516154
skipped-clinic,Urology Clinic,2971,MOUNTAIN LAKE UROLOGY PC,AL,SCOTTSBORO,Urology Clinic,0,,,,Vizient (MS1301),750 Byron Rd,2562598765
skipped-clinic,Urology Clinic,2972,ALABAMA UROLOGY ASSOCIATES PC,AL,BIRMINGHAM,Urology Clinic,0,,,,Vizient (MS1301),2022 Brookwood Medical Ctr Dr Ste 305,2058772860
skipped-clinic,Urology Clinic,2973,SHOALS UROLOGICAL ASSOCIATES - BILL TO,AL,FLORENCE,Urology Clinic,0,,,,Vizient (MS1301),2122 Helton Dr,2563815510
skipped-clinic,Urology Clinic,2974,SHOALS UROLOGICAL ASSOCIATES,AL,SHEFFIELD,Urology Clinic,0,,,,Vizient (MS1301),1015 S Jackson Hwy,2568315510
skipped-clinic,Urology Clinic,2975,CLINICAL UROLOGY ASSOCIATES,AL,GADSDEN,Urology Clinic,0,,,,Vizient (MS1301),300 Medical Center Dr Ste 200,2564924040
skipped-clinic,Urology Clinic,2976,UROLOGY SPECIALISTS PC,AL,HUNTSVILLE,Urology Clinic,0,,,,Vizient (MS1301),4704 Whitesburg Dr S,2568823605
skipped-clinic,Urology Clinic,2977,CULLMAN UROLOGY PC,AL,CULLMAN,Urology Clinic,0,,,,Vizient (MS1301),1848 Parkland Dr Ne,2567392885
skipped-clinic,Urology Clinic,2978,UNIVERSITY UROLOGY MAPP,AL,FAIRHOPE,Urology Clinic,0,,,,Vizient (MS1301),21950 State Highway 181 Ste C,0
skipped-clinic,Urology Clinic,2979,UCA MENS HEALTH,AL,BIRMINGHAM,Urology Clinic,0,,,,Vizient (MS1301),3125 Independence Dr Ste 210,0
skipped-clinic,Urology Clinic,2980,UROGYNECOLOGY CENTER OF NORTH ALABAMA - 62300,AL,DECATUR,Urology Clinic,0,,,,Vizient (MS1301),1874 Beltline Rd Sw Ste 105,2563013702
skipped-clinic,Urology Clinic,2981,CLINICAL UROLOGY ASSOC,AL,GUNTERSVILLE,Urology Clinic,0,,,,Vizient (MS1301),7633 Al Highway 69,0
skipped-clinic,Urology Clinic,2982,UROLOGY ASSOCIATES SPRINGHILL LABORATORY,AL,MOBILE,Urology Clinic,0,,,,Vizient (MS1301),100 Memorial Hospital Dr Ste 2A,0
skipped-clinic,Urology Clinic,2983,UROLOGY PC,AL,FAIRHOPE,Urology Clinic,0,,,,Vizient (MS1301),188 Hospital Dr Ste 301,2519901930
skipped-clinic,Urology Clinic,2984,NORTH ALABAMA UROLOGY,AL,HUNTSVILLE,Urology Clinic,0,,,,Vizient (MS1301),825 Adams St Se,2565369020
skipped-clinic,Urology Clinic,2985,POOLE UROLOGY,AL,BIRMINGHAM,Urology Clinic,0,,,,Vizient (MS1301),1222 14th Ave S Professional Office Building Suite 206,2059390078
skipped-clinic,Urology Clinic,2986,RMC UROLOGICAL ASSOCIATES,AL,ANNISTON,Urology Clinic,0,,,,Vizient (MS1301),622 Leighton Ave,0
skipped-clinic,Urology Clinic,2987,FLORENCE UROLOGICAL ASSOCIATES PC,AL,FLORENCE,Urology Clinic,0,,,,Vizient (MS1301),541 W College St Ste 3300,8288378877
skipped-clinic,Urology Clinic,2988,UROLOGY CENTERS OF ALABAMA - WINFIELD,AL,WINFIELD,Urology Clinic,0,,,,Vizient (MS1301),255 Medical Dr,2054450133
skipped-clinic,Urology Clinic,2989,UROLOGY CENTERS OF ALABAMA - SYLACAUGA,AL,SYLACAUGA,Urology Clinic,0,,,,Vizient (MS1301),209 W Spring St Ste 104,2054450133
skipped-clinic,Urology Clinic,2990,UROLOGY CENTERS OF ALABAMA - PRATTVILLE,AL,PRATTVILLE,Urology Clinic,0,,,,Vizient (MS1301),645 Mcqueen Smith Rd N Ste 102,2054450133
skipped-clinic,Urology Clinic,2991,UROLOGY CENTERS OF ALABAMA - HOOVER,AL,HOOVER,Urology Clinic,0,,,,Vizient (MS1301),5295 Preserve Pkwy Ste 250,2054450133
skipped-clinic,Urology Clinic,2992,UROLOGY CENTERS OF ALABAMA - GARDENDALE,AL,GARDENDALE,Urology Clinic,0,,,,Vizient (MS1301),2217 Decatur Hwy,2054450133
skipped-clinic,Urology Clinic,2993,UROLOGY CENTERS OF ALABAMA,AL,HOMEWOOD,Urology Clinic,0,,,,Vizient (MS1301),3485 Independence Dr,2054450133
skipped-clinic,Urology Clinic,2994,UROLOGY ASSOCIATES OF EAST ALABAMA LLC,AL,OPELIKA,Urology Clinic,0,,,,Vizient (MS1301),121 N 20th St Ste 19,3347498146
skipped-clinic,Urology Clinic,2995,MARSHALL UROLOGY & CONTNNC CTR,AL,GUNTERSVILLE,Urology Clinic,0,,,,Vizient (MS1301),55 Rowe Dr Ste B,2565932240
skipped-clinic,Urology Clinic,2996,MEDICAL AFFILIATED RESEARCH,AL,HUNTSVILLE,Urology Clinic,0,,,,Vizient (MS1301),303 Williams Ave Sw Ste 512,2565336603
skipped-clinic,Urology Clinic,2997,CHAKRABARTY DR AMIT,AL,HUNTSVILLE,Urology Clinic,0,,,,Vizient (MS1301),185 Whitesport Dr Sw Ste 6,2566500306
skipped-clinic,Urology Clinic,2998,TUSCALOOSA UROLOGY CENTER,AL,TUSCALOOSA,Urology Clinic,0,,,,"Vizient (MS1301), Premier (BT-NS-002)",1780 Mcfarland Blvd N,2053457351
skipped-clinic,Urology Clinic,2999,BAPTIST HEALTH UROLOGY CLINIC-FORT SMITH,AR,FORT SMITH,Urology Clinic,0,,,,Vizient (MS1301),5500 Ellsworth Rd,4797097295
skipped-clinic,Urology Clinic,3000,ARKANSAS UROLOGY NORTH LITTLE ROCK,AR,NORTH LITTLE ROCK,Urology Clinic,0,,,,Vizient (MS1301),4200 Stockton Dr,5019452121
skipped-clinic,Urology Clinic,3001,BENTON COUNTY UROLOGY,AR,ROGERS,Urology Clinic,0,,,,Vizient (MS1301),200 S 20th St Ste C,4796369669
skipped-clinic,Urology Clinic,3002,UROLOGY SPECIALIST OF PARAGOULD,AR,PARAGOULD,Urology Clinic,0,,,,Vizient (MS1301),4000 Linwood Dr Ste G,8702398592
skipped-clinic,Urology Clinic,3003,OZARK UROLOGY,AR,FAYETTEVILLE,Urology Clinic,0,,,,Vizient (MS1301),3 E Appleby Rd Ste 201,4794041100
skipped-clinic,Urology Clinic,3004,920 BATTERY UROLOGY,AR,LITTLE ROCK,Urology Clinic,0,,,,Vizient (MS1301),920 Battery,5016867000
skipped-clinic,Urology Clinic,3005,THE UROLOGY GROUP PC,AR,MARION,Urology Clinic,0,,,,Vizient (MS1301),944 State Highway 77,0
skipped-clinic,Urology Clinic,3006,TRIPLE CROWN UROLOGY,AR,MENA,Urology Clinic,0,,,,Vizient (MS1301),400 Crestwood Cir Ste J,5016174282
skipped-clinic,Urology Clinic,3007,CONWAY UROLOGY PA,AR,CONWAY,Urology Clinic,0,,,,Vizient (MS1301),495 Hogan Ln Ste 2e,5013275850
skipped-clinic,Urology Clinic,3008,COLLOM & CARNEY - FAMILY PRACTICE,AR,TEXARKANA,Urology Clinic,0,,,,Vizient (MS1301),1307 Trinity Blvd,0
skipped-clinic,Urology Clinic,3009,ST JOSEPH S MERCY CLINIC UROLOGY,AR,HOT SPRINGS,Urology Clinic,0,,,,Vizient (MS1301),220 Mcauley Ct,5016238110
skipped-clinic,Urology Clinic,3010,MOUNTAIN HOME UROLOGY,AR,MOUNTAIN HOME,Urology Clinic,0,,,,Vizient (MS1301),15 Green Valley Dr,8288378877
skipped-clinic,Urology Clinic,3011,UAMS UROLOGY,AR,LITTLE ROCK,Urology Clinic,0,,,,Vizient (MS1301),Shorey S6 04 324 Campus Dr,5016867000
skipped-clinic,Urology Clinic,3012,TERKEURST UROLOGY CLINIC,AR,MOUNTAIN HOME,Urology Clinic,0,,,,Vizient (MS1301),124 Highway 201 N,8704243699
skipped-clinic,Urology Clinic,3013,BATESVILLE UROLOGY,AR,BATESVILLE,Urology Clinic,0,,,,Vizient (MS1301),501 Virginia Dr,8706981846
skipped-clinic,Urology Clinic,3014,WRMC - OZK UROLOGY,AR,SPRINGDALE,Urology Clinic,0,,,,Vizient (MS1301),813 Founders Park Dr E,4797131000
skipped-clinic,Urology Clinic,3015,ARKANSAS UROLOGY RUSSELLVILLE,AR,RUSSELLVILLE,Urology Clinic,0,,,,Vizient (MS1301),2504 W Main St,4799682600
skipped-clinic,Urology Clinic,3016,ARKANSAS UROLOGY EL DORADO,AR,EL DORADO,Urology Clinic,0,,,,Vizient (MS1301),619 N Newton Ave,8708625439
skipped-clinic,Urology Clinic,3017,CARTI UROLOGY,AR,PINE BLUFF,Urology Clinic,0,,,,"Vizient (MS1301), Premier (BT-NS-002)",4303 S Mulberry St Ste A,0
skipped-clinic,Urology Clinic,3018,MID-SOUTH UROLOGY PC,AR,WEST MEMPHIS,Urology Clinic,0,,,,"Vizient (MS1301), Premier (BT-NS-002)",228 W Tyler Ave Ste 202,0
skipped-clinic,Urology Clinic,3019,NORTHWEST UROLOGY ASSOCIATES - ESTRELLA,AZ,PHOENIX,Urology Clinic,0,,,,Vizient (MS1301),9150 W Indian School Rd Ste 118,6235461400
skipped-clinic,Urology Clinic,3020,SUMMIT HEALTHCARE - WILLIAM C WALKER MD - UROLOGY,AZ,SHOW LOW,Urology Clinic,0,,,,Vizient (MS1301),5171 S Cub Lake Rd Ste B280,9285376377
skipped-clinic,Urology Clinic,3021,INSTITUTE OF UROLOGY,AZ,FORT MOHAVE,Urology Clinic,0,,,,Vizient (MS1301),5300 S Hwy 95 Ste K,9287686800
skipped-clinic,Urology Clinic,3022,SIEFER UROLOGY CLINIC,AZ,CHANDLER,Urology Clinic,0,,,,Vizient (MS1301),485 S Dobson Rd Ste 103,0
skipped-clinic,Urology Clinic,3023,ARIZONA UROLOGY GILBERT,AZ,GILBERT,Urology Clinic,0,,,,Vizient (MS1301),1488 W Elliot Rd,0
skipped-clinic,Urology Clinic,3024,ARIZONA UROLOGY GLENDALE,AZ,GLENDALE,Urology Clinic,0,,,,Vizient (MS1301),20325 N 51st Ave Ste 170,0
skipped-clinic,Urology Clinic,3025,NORTHWEST UROLOGY ASSOCIATES,AZ,SUN CITY,Urology Clinic,0,,,,Vizient (MS1301),10503 W Thunderbird Blvd Ste 313,6235461400
skipped-clinic,Urology Clinic,3026,VALLEY UROLOGICAL ASSOCIATES,AZ,PHOENIX,Urology Clinic,0,,,,Vizient (MS1301),9250 N 3rd St Ste 2015,6239355522
skipped-clinic,Urology Clinic,3027,CHOI UROLOGY,AZ,TUCSON,Urology Clinic,0,,,,Vizient (MS1301),3140 N Swan Rd,5202457562
skipped-clinic,Urology Clinic,3028,IRONWOOD UROLOGY PHOENIX,AZ,PHOENIX,Urology Clinic,0,,,,Vizient (MS1301),15920 S 48th St Ste 100,4809612323
skipped-clinic,Urology Clinic,3029,YRMC UROLOGY,AZ,YUMA,Urology Clinic,0,,,,Vizient (MS1301),2851 S Avenue B Ste 2001,9283442000
skipped-clinic,Urology Clinic,3030,TMC SOUTHWEST PREMIER UROLOGY (395),AZ,TUCSON,Urology Clinic,0,,,,Vizient (MS1301),1100 N El Dorado Pl,8182224367
skipped-clinic,Urology Clinic,3031,ARIZONA UROLOGY INSTITUTE PC,AZ,LITCHFIELD PARK,Urology Clinic,0,,,,Vizient (MS1301),14044 W Camelback Rd Ste 118,6235472600
skipped-clinic,Urology Clinic,3032,NORTHWEST UROLOGY ASSOCIATES - PEORIA,AZ,PEORIA,Urology Clinic,0,,,,Vizient (MS1301),9151 W Thunderbird Rd Ste 104,6235461400
skipped-clinic,Urology Clinic,3033,ARIZONA ONCOLOGY - ARROWHEAD UROLOGY,AZ,GLENDALE,Urology Clinic,0,,,,Vizient (MS1301),6320 W Union Hills Dr Bldg B Ste 1600,6023378500
skipped-clinic,Urology Clinic,3034,ARIZONA UROLOGY INSTITUTE PC - SUN CITY,AZ,SUN CITY,Urology Clinic,0,,,,Vizient (MS1301),13000 N 103rd Ave Ste 95,6239331778
skipped-clinic,Urology Clinic,3035,THE ONCOLOGY INSTITUTE EAST TUCSON,AZ,TUCSON,Urology Clinic,0,,,,Vizient (MS1301),6565 E Carondelet Dr Ste 285,5202971345
skipped-clinic,Urology Clinic,3036,BLACK HILLS UROLOGY,AZ,COTTONWOOD,Urology Clinic,0,,,,Vizient (MS1301),294 W State Route 89a Ste 208,9286497970
skipped-clinic,Urology Clinic,3037,IRONWOOD UROLOGY LAB,AZ,GILBERT,Urology Clinic,0,,,,Vizient (MS1301),690 E Warner Rd Ste 119,7033615116
skipped-clinic,Urology Clinic,3038,SUN VALLEY UROLOGY,AZ,SUN CITY,Urology Clinic,0,,,,Vizient (MS1301),13907 W Camino Del Sol Ste 101,6235844695
skipped-clinic,Urology Clinic,3039,UROLOGY ASSOCIATES OF SOUTHERN AZ C/O,AZ,GREEN VALLEY,Urology Clinic,0,,,,Vizient (MS1301),695 S Pecan Tree Ln,5206258116
skipped-clinic,Urology Clinic,3040,UROLOGY ASSOCIATES - 202 E EARLL DR,AZ,PHOENIX,Urology Clinic,0,,,,Vizient (MS1301),1313 E Osborn Rd Ste B105,6022644431
skipped-clinic,Urology Clinic,3041,ARIZONA STATE UROLOGY,AZ,SCOTTSDALE,Urology Clinic,0,,,,Vizient (MS1301),20201 N Scottsdale Healthcare Dr Ste 240,6023572400
skipped-clinic,Urology Clinic,3042,IRONWOOD UROLOGY,AZ,PHOENIX,Urology Clinic,0,,,,Vizient (MS1301),4633 E Chandler Blvd Ste 100,4809612327
skipped-clinic,Urology Clinic,3043,BERNSTEIN MD IRIS B,AZ,TUCSON,Urology Clinic,0,,,,Vizient (MS1301),6226 E Pima St Ste 100,5202987200
skipped-clinic,Urology Clinic,3044,YUMA UROLOGY,AZ,YUMA,Urology Clinic,0,,,,Vizient (MS1301),2275 S Elks Ln,9283411900
skipped-clinic,Urology Clinic,3045,ARIZONA UROLOGY CENTER PLLC,AZ,SIERRA VISTA,Urology Clinic,0,,,,Vizient (MS1301),3410 Canyon De Flores Ste B,5204594477
skipped-clinic,Urology Clinic,3046,UROLOGICAL ASSOCIATES OF S AZ,AZ,TUCSON,Urology Clinic,0,,,,"Vizient (MS1301), Premier (BT-NS-002)",6325 E Tanque Verde Rd,5207955830
skipped-clinic,Urology Clinic,3047,PRECOTT UROLOGY,AZ,PRESCOTT,Urology Clinic,0,,,,"Vizient (MS1301), Premier (BT-NS-002)",811 Ainsworth Dr Ste 101,9287715282
skipped-clinic,Urology Clinic,3048,ARIZONA INSTITUTE OF UROLOGY PLLC,AZ,TUCSON,Urology Clinic,0,,,,"Vizient (MS1301), Premier (BT-NS-002)",4811 E Grant Rd Ste 261,5202022549
skipped-clinic,Urology Clinic,3049,ARIZONA INSTITUTE OF UROLOGY - GREEN VALLEY,AZ,GREEN VALLEY,Urology Clinic,0,,,,"Vizient (MS1301), Premier (BT-NS-002)",1930 N La Canada Dr Ste 2,5202971345
skipped-clinic,Urology Clinic,3050,ARIZONA INSTITUTE OF UROLOGY - WEST,AZ,TUCSON,Urology Clinic,0,,,,"Vizient (MS1301), Premier (BT-NS-002)",395 N Silverbell Rd Ste 315,0
skipped-clinic,Urology Clinic,3051,ARIZONA INSTITUTE OF UROLOGY,AZ,TUCSON,Urology Clinic,0,,,,"Vizient (MS1301), Premier (BT-NS-002)",5670 N Professional Park Dr,8003312716
skipped-clinic,Urology Clinic,3052,BALBOA UNITED - TRNSPLT,CA,SAN DIEGO,Urology Clinic,0,,,,Vizient (MS1301),8010 Frost St Ste 510,8586374600
skipped-clinic,Urology Clinic,3053,WASHINGTON TOWNSHIP MEDICAL FOUNDATION,CA,FREMONT,Urology Clinic,0,,,,Vizient (MS1301),39141 Civic Center Dr Ste 315,5102481000
skipped-clinic,Urology Clinic,3054,NAVAL MEDICAL CENTER UROLOGY,CA,SAN DIEGO,Urology Clinic,0,,,,Vizient (MS1301),34800 Bob Wilson Dr,0
skipped-clinic,Urology Clinic,3055,BALBOA UNITED - LM,CA,LA MESA,Urology Clinic,0,,,,Vizient (MS1301),8851 Center Dr Ste 505,6194613894
skipped-clinic,Urology Clinic,3056,BALBOA UNITED - CV1,CA,CHULA VISTA,Urology Clinic,0,,,,Vizient (MS1301),340 4th Ave Ste 4,6194271144
skipped-clinic,Urology Clinic,3057,MENDEZ TRANSPLANT/UROLOGICAL,CA,LOS ANGELES,Urology Clinic,0,,,,Vizient (MS1301),2200 W 3rd St Ste 500,2134836830
skipped-clinic,Urology Clinic,3058,SANTA CLARITA UROLOGY ASSOCIATES,CA,SANTA CLARITA,Urology Clinic,0,,,,Vizient (MS1301),23928 Lyons Ave Ste 202,6612542777
skipped-clinic,Urology Clinic,3059,UROLOGY CLINIC OF HANFORD,CA,LEMOORE,Urology Clinic,0,,,,Vizient (MS1301),16684 W Hanford Armona Rd,5592709723
skipped-clinic,Urology Clinic,3060,UFIRSTUROLOGY,CA,SANTA MARIA,Urology Clinic,0,,,,Vizient (MS1301),821 E Chapel St Ste 103,8059251822
skipped-clinic,Urology Clinic,3061,NAPA VALLEY UROLOGY,CA,NAPA,Urology Clinic,0,,,,Vizient (MS1301),3250 Beard Rd,7072247944
skipped-clinic,Urology Clinic,3062,OMNI-RAZI SALMAN,CA,TRACY,Urology Clinic,0,,,,Vizient (MS1301),2160 W Grantline Rd Ste 140,2098333449
skipped-clinic,Urology Clinic,3063,MARK H DAVIS MD,CA,CRESCENT CITY,Urology Clinic,0,,,,Vizient (MS1301),1485 Pkwy Dr,7074643033
skipped-clinic,Urology Clinic,3064,ALVARADO LA MESA UROLOGY,CA,LA MESA,Urology Clinic,0,,,,Vizient (MS1301),8881 Fletcher Pkwy Ste 250,6152292626
skipped-clinic,Urology Clinic,3065,SAN DIEGO UROLOGY ASSOCIATES,CA,LAMESA,Urology Clinic,0,,,,Vizient (MS1301),8851 Center Dr Ste 208,6198281001
skipped-clinic,Urology Clinic,3066,PEDS UROLOGY,CA,LOS ANGELES,Urology Clinic,0,,,,Vizient (MS1301),200 Med Plaza Ste 165,3107947700
skipped-clinic,Urology Clinic,3067,SEBMF-OAKLAND MOB UROLOGY,CA,OAKLAND,Urology Clinic,0,,,,Vizient (MS1301),350 30th 1st Flr,5108698262
skipped-clinic,Urology Clinic,3068,SMF W-UROLOGY - MASON,CA,VACAVILLE,Urology Clinic,0,,,,Vizient (MS1301),770 Mason St,9167338800
skipped-clinic,Urology Clinic,3069,SMF -C7529 - UROLOGY LOW CT,CA,FAIRFIELD,Urology Clinic,0,,,,Vizient (MS1301),2702 Low Ct,9167338800
skipped-clinic,Urology Clinic,3070,CAPITOL PAVILION UROLOGY,CA,SACRAMENTO,Urology Clinic,0,,,,Vizient (MS1301),2801 K St Ste 205,9167335005
skipped-clinic,Urology Clinic,3071,ORANGE COUNTY UROLOGY ASSOCIATES,CA,LAGUNA HILLS,Urology Clinic,0,,,,Vizient (MS1301),25200 La Paz Rd Ste 200,9498551101
skipped-clinic,Urology Clinic,3072,LLUHC - UROGYNECOLOGY,CA,RANCHO CUCAMONGA,Urology Clinic,0,,,,Vizient (MS1301),8599 Haven Ave Ste 102,0
skipped-clinic,Urology Clinic,3073,CMC UROLOGY SPECIALTY CLINIC WC OSC,CA,WALNUT CREEK,Urology Clinic,0,,,,Vizient (MS1301),177 La Casa Via Ste100,9259473243
skipped-clinic,Urology Clinic,3074,ADULT UROLOGY-HIGHLAND SPRINGS SHARED SUITES 8203-FPS,CA,BEAUMONT,Urology Clinic,0,,,,Vizient (MS1301),81 Highland Springs Ave Ste 301,9095587134
skipped-clinic,Urology Clinic,3075,SVH PRIMECARE SALINAS - UPSTAIRS,CA,SALINAS,Urology Clinic,0,,,,Vizient (MS1301),355 Abbott St Ste 201,8314224500
skipped-clinic,Urology Clinic,3076,BOGHOSIAN UROLOGY,CA,GLENDALE,Urology Clinic,0,,,,Vizient (MS1301),116 S Louise St,8185074228
skipped-clinic,Urology Clinic,3077,GRAYBILL UROLOGY,CA,ESCONDIDO,Urology Clinic,0,,,,Vizient (MS1301),225 E Second Ave Bldg 1 Ste 300,0
skipped-clinic,Urology Clinic,3078,SAMUEL SPIGELMAN MD,CA,TARZANA,Urology Clinic,0,,,,Vizient (MS1301),18411 Clark St Ste 104,8187760660
skipped-clinic,Urology Clinic,3079,PATEL MAYANK MD,CA,TARZANA,Urology Clinic,0,,,,Vizient (MS1301),18370 Burbank Blvd Ste 514,8183443592
skipped-clinic,Urology Clinic,3080,SUTTER PACIFIC MEDICAL FOUNDATION/UROLOGY,CA,SANTA ROSA,Urology Clinic,0,,,,Vizient (MS1301),3883 Airway Dr Ste 203,7075218900
skipped-clinic,Urology Clinic,3081,FELIX YIP MD - WEST COVINA,CA,WEST COVINA,Urology Clinic,0,,,,Vizient (MS1301),2707 E Valley Blvd Ste 106,6268399680
skipped-clinic,Urology Clinic,3082,FELIX YIP MD - CHINATOWN,CA,LOS ANGELES,Urology Clinic,0,,,,Vizient (MS1301),711 W College St Ste 590,2136873388
skipped-clinic,Urology Clinic,3083,PELVIC MEDICINE DIAGNOSTIC CONSULTANTS,CA,ALPINE,Urology Clinic,0,,,,Vizient (MS1301),570 Josh Way,6198204414
skipped-clinic,Urology Clinic,3084,CHINN & CHINN UROLOGY,CA,ARCADIA,Urology Clinic,0,,,,Vizient (MS1301),65 N 1st Ave Ste 102,6265747111
skipped-clinic,Urology Clinic,3085,SIERRA NEVADA UROLOGY TIMOTHY R MORENO MD,CA,SONORA,Urology Clinic,0,,,,Vizient (MS1301),105 S Forest Rd,2095321255
skipped-clinic,Urology Clinic,3086,MONTEREY BAY UROLOGY ASSOCIATES,CA,FREEDOM,Urology Clinic,0,,,,Vizient (MS1301),160 Green Valley Rd Ste 203,8317284227
skipped-clinic,Urology Clinic,3087,GREATER SACRAMENTO UROLOGICAL ASSOCIATES,CA,SACRAMENTO,Urology Clinic,0,,,,Vizient (MS1301),3939 J St,9167391400
skipped-clinic,Urology Clinic,3088,ESCONDIDO UROLOGY MEDICAL GROUP,CA,ESCONDIDO,Urology Clinic,0,,,,Vizient (MS1301),303 S Juniper St,7607456199
skipped-clinic,Urology Clinic,3089,SJH AMG 4TH ST UROLOGY,CA,SANTA ROSA,Urology Clinic,0,,,,Vizient (MS1301),510 Doyle Park Dr,9493814063
skipped-clinic,Urology Clinic,3090,SAN DIEGO UROLOGY ASSOC,CA,CHULA VISTA,Urology Clinic,0,,,,Vizient (MS1301),2060 Otay Lakes Rd Ste 220,6198281000
skipped-clinic,Urology Clinic,3091,BALBOA UNITED - HILL,CA,SAN DIEGO,Urology Clinic,0,,,,Vizient (MS1301),4060 4th Ave Ste 220,6192992350
skipped-clinic,Urology Clinic,3092,MARINHEALTH UROLOGY SONOMA-A UCSF HEALTH CLINIC,CA,SONOMA,Urology Clinic,0,,,,Vizient (MS1301),651 1st St W Ste L,4154614000
skipped-clinic,Urology Clinic,3093,MARINHEALTH UROLOGY PETALUMA-A UCSF HEALTH CLINIC,CA,PETALUMA,Urology Clinic,0,,,,Vizient (MS1301),1496 Professional Dr Ste 603,7077620059
skipped-clinic,Urology Clinic,3094,UCLA SOM UROLOGY SANTA CLARITA,CA,SANTA CLARITA,Urology Clinic,0,,,,Vizient (MS1301),35775 Mcbean Pkwy Ste 202,3107946027
skipped-clinic,Urology Clinic,3095,ROBOTIC UROLOGY OF SANTA BARBARA,CA,SANTA BARBARA,Urology Clinic,0,,,,Vizient (MS1301),5333 Hollister Ave Ste 275,0
skipped-clinic,Urology Clinic,3096,NCMA/UROLOGY,CA,SANTA ROSA,Urology Clinic,0,,,,Vizient (MS1301),1140 Sonoma Ave Ste 1a,0
skipped-clinic,Urology Clinic,3097,SGMF 18925 SMP II UROLOGY,CA,STOCKTON,Urology Clinic,0,,,,Vizient (MS1301),2545 W Hammer Ln Fl 3,9167338800
skipped-clinic,Urology Clinic,3098,SENSA HEALTH,CA,BUENA PARK,Urology Clinic,0,,,,Vizient (MS1301),5832 Beach Blvd Ste 206,7147526835
skipped-clinic,Urology Clinic,3099,UCI-NEWPORT BEACH-UROLOGY,CA,NEWPORT BEACH,Urology Clinic,0,,,,Vizient (MS1301),20350 Sw Birch St Ste 210,9498244115
skipped-clinic,Urology Clinic,3100,UCI-EASTVALE-UROLOGY,CA,EASTVALE,Urology Clinic,0,,,,Vizient (MS1301),12523 Limonite Ave Ste 400,9498244115
skipped-clinic,Urology Clinic,3101,ORANGE COUNTY UROLOGY ASSOC,CA,MISSION VIEJO,Urology Clinic,0,,,,Vizient (MS1301),26991 Crown Valley Pkwy Ste 200,0
skipped-clinic,Urology Clinic,3102,BALBOA UNITED - FV,CA,FOUNTAIN VALLEY,Urology Clinic,0,,,,Vizient (MS1301),11100 Warner Ave Ste 218,7146419696
skipped-clinic,Urology Clinic,3103,BALBOA UNITED - ESC,CA,ESCONDIDO,Urology Clinic,0,,,,Vizient (MS1301),1955 Citracado Pkwy Ste 301,7602941660
skipped-clinic,Urology Clinic,3104,MISSION UROLOGY,CA,RIVERSIDE,Urology Clinic,0,,,,Vizient (MS1301),4500 Brockton Ave Ste 301,9512764505
skipped-clinic,Urology Clinic,3105,UCI UROLOGY,CA,CHINO HILLS,Urology Clinic,0,,,,Vizient (MS1301),15944 Los Serranos Country Club Dr Ste 200,7144566011
skipped-clinic,Urology Clinic,3106,ORANGE COUNTY UROLOGY ASSOC FOUNT VALLEY,CA,FOUNTAIN VALLEY,Urology Clinic,0,,,,Vizient (MS1301),18785 Brookhurst St Ste 105,0
skipped-clinic,Urology Clinic,3107,ROSEVILLE UROLOGY INC,CA,ROSEVILLE,Urology Clinic,0,,,,Vizient (MS1301),584 N Sunrise Ave Ste 100,9166632100
skipped-clinic,Urology Clinic,3108,NORCAL UROLOGY LAB,CA,DANVILLE,Urology Clinic,0,,,,Vizient (MS1301),1320 El Capitan Dr Ste 320,0
skipped-clinic,Urology Clinic,3109,NORCAL UROLOGY,CA,OAKLAND,Urology Clinic,0,,,,Vizient (MS1301),3300 Webster St Ste 710,0
skipped-clinic,Urology Clinic,3110,AUA-GOLDEN GATE 2 UROLOGY-OAKLANDCA,CA,OAKLAND,Urology Clinic,0,,,,Vizient (MS1301),6935 Elverton Dr,5102381238
skipped-clinic,Urology Clinic,3111,UCLA SOM UROLOGY BURBANK,CA,BURBANK,Urology Clinic,0,,,,Vizient (MS1301),2625 W Alameda Ave Ste 310,3108254747
skipped-clinic,Urology Clinic,3112,CHOMP-CARMEL HILL UROLOGY 203,CA,MONTEREY,Urology Clinic,0,,,,Vizient (MS1301),2101 Del Monte Ave,8316254688
skipped-clinic,Urology Clinic,3113,UCLA CLARK UROLOGICAL CTR,CA,LOS ANGELES,Urology Clinic,0,,,,Vizient (MS1301),650 Charles E Young Dr Rm B7 240 Chs,3107946027
skipped-clinic,Urology Clinic,3114,UROLOGY ASSOCIATES OF THE CENTRAL COASR,CA,SAN LUIS OBISPO,Urology Clinic,0,,,,Vizient (MS1301),225 Prado Rd Ste D,8057862500
skipped-clinic,Urology Clinic,3115,SJHH - HMS RENFREW UROLOGY,CA,EUREKA,Urology Clinic,0,,,,Vizient (MS1301),2576 Renfrew St,7074453257
skipped-clinic,Urology Clinic,3116,GOLDEN GATE UROLOGY INC,CA,SAN FRANCISCO,Urology Clinic,0,,,,Vizient (MS1301),139 Townsend St Ste 100,4155432830
skipped-clinic,Urology Clinic,3117,UROLOGY CENTER OF SOUTHERN CALIFORNIA THE,CA,WILDOMAR,Urology Clinic,0,,,,Vizient (MS1301),36450 Inland Valley Dr Ste 206,9516773000
skipped-clinic,Urology Clinic,3118,FRESENIUS VASCULAR CARE RIVERSIDE,CA,RIVERSIDE,Urology Clinic,0,,,,Vizient (MS1301),4100 Latham St Ste A,9512481291
skipped-clinic,Urology Clinic,3119,REDDING UROLOGY ASSOCIATES,CA,REDDING,Urology Clinic,0,,,,Vizient (MS1301),2624 Edith Ave,5302413316
skipped-clinic,Urology Clinic,3120,CAPITAL UROLOGY MEDICAL GROUP,CA,FAIR OAKS,Urology Clinic,0,,,,Vizient (MS1301),6600 Mercy Ct Ste 150,9169619696
skipped-clinic,Urology Clinic,3121,CHABOT UROLOGY MEDICAL ASSOCIATES-MISRA SOURJYA P MD,CA,SAN LEANDRO,Urology Clinic,0,,,,Vizient (MS1301),13847 E 14th St Ste 119,5104835500
skipped-clinic,Urology Clinic,3122,LANDER COMPREHENSIVE UROLOGY-LANDER ELLIOT,CA,INDIO,Urology Clinic,0,,,,Vizient (MS1301),81880 Doctor Carreon Blvd Ste B108,7607750560
skipped-clinic,Urology Clinic,3123,CENTURY UROLOGY MEDICAL GROUP-KUYT FRED S,CA,LOS ANGELES,Urology Clinic,0,,,,Vizient (MS1301),2080 Century Park E Ste 1407,3102848191
skipped-clinic,Urology Clinic,3124,CITRUS VALLEY UROLOGY MEDICAL GROUP INC-METZGER CHARLES K MD,CA,GLENDORA,Urology Clinic,0,,,,Vizient (MS1301),412 W Carroll Ave Ste 200,6263350228
skipped-clinic,Urology Clinic,3125,UROLOGICAL MEDICAL GROUP OF NORTH ORANGE COUNTY,CA,YORBA LINDA,Urology Clinic,0,,,,Vizient (MS1301),16960 Bastanchury Rd Ste F,7145791139
skipped-clinic,Urology Clinic,3126,PJNF - UROLOGY & UROGYN SANTA MONICA,CA,SANTA MONICA,Urology Clinic,0,,,,Vizient (MS1301),1811 Wilshire Blvd Ste 301,3108298272
skipped-clinic,Urology Clinic,3127,PREMIER UROLOGY ASSOCIATES HILLCREST,CA,CORONADO,Urology Clinic,0,,,,Vizient (MS1301),1050 B Avenue,0
skipped-clinic,Urology Clinic,3128,NEWPORT COAST UROLOGY,CA,NEWPORT BEACH,Urology Clinic,0,,,,Vizient (MS1301),1401 Avocado Ave Ste 608,9496402081
skipped-clinic,Urology Clinic,3129,WALSH UROLOGY ASSOCIATES,CA,RANCHO MIRAGE,Urology Clinic,0,,,,Vizient (MS1301),72057 Highway 111,0
skipped-clinic,Urology Clinic,3130,DESERT COMPREHENSIVE UROLOGY,CA,RANCHO MIRAGE,Urology Clinic,0,,,,Vizient (MS1301),72780 Country Club Dr,0
skipped-clinic,Urology Clinic,3131,SKYLINE UROLOGY,CA,SANTA ANA,Urology Clinic,0,,,,Vizient (MS1301),1125 E 17th St Ste W240,7145423563
skipped-clinic,Urology Clinic,3132,REDLANDS UROLOGY MEDICAL GRP,CA,RIVERSIDE,Urology Clinic,0,,,,Vizient (MS1301),5041 La Mart Dr Ste 110,9097932714
skipped-clinic,Urology Clinic,3133,PALLADIUM HEALTHCARE RADIATION SOLUTIONS,CA,TUSTIN,Urology Clinic,0,,,,Vizient (MS1301),2895 Edinger Ave,9493815800
skipped-clinic,Urology Clinic,3134,SAN GABRIEL VALLEY UROLOGY,CA,ALHAMBRA,Urology Clinic,0,,,,Vizient (MS1301),1048 S Garfield Ave Ste 200,6262818288
skipped-clinic,Urology Clinic,3135,SMF-ELK GROVE UROLOGY,CA,ELK GROVE,Urology Clinic,0,,,,Vizient (MS1301),8170 Laguna Blvd Ste 303,9164546840
skipped-clinic,Urology Clinic,3136,HILLCREST UROLOGICAL MED GROUP,CA,POWAY,Urology Clinic,0,,,,Vizient (MS1301),12630 Monte Vista Rd Ste 103,8584511772
skipped-clinic,Urology Clinic,3137,MERCED UROLOGY LAB,CA,MERCED,Urology Clinic,0,,,,Vizient (MS1301),2517 Canal St Ste 1,2097232122
skipped-clinic,Urology Clinic,3138,WEST COAST CLINICAL RESEARCH,CA,TARZANA,Urology Clinic,0,,,,Vizient (MS1301),5525 Etiwanda Ave Ste 202,8187760820
skipped-clinic,Urology Clinic,3139,SEBMF-BRENTWOOD MOB UROLOGY,CA,BRENTWOOD,Urology Clinic,0,,,,Vizient (MS1301),350 John Muir Pkwy Ste 105a,5108698262
skipped-clinic,Urology Clinic,3140,RICHMOND UROLOGICAL MEDICAL GROUP,CA,PINOLE,Urology Clinic,0,,,,Vizient (MS1301),1430 Tara Hills Dr Ste A,5107241500
skipped-clinic,Urology Clinic,3141,ATLANTIC UROLOGY MEDICAL GROUP,CA,LONG BEACH,Urology Clinic,0,,,,Vizient (MS1301),701 E 28th St Ste 319,5625955977
skipped-clinic,Urology Clinic,3142,BOSCH MD PHILIP C,CA,ESCONDIDO,Urology Clinic,0,,,,Vizient (MS1301),651 E Pennsylvania Ave Ste 201,7607433135
skipped-clinic,Urology Clinic,3143,GOLDEN GATE UROLOGY,CA,SAN FRANCISCO,Urology Clinic,0,,,,Vizient (MS1301),2100 Webster St Ste 222,4152020251
skipped-clinic,Urology Clinic,3144,UCSD HEALTH UROLOGY MENS HEALTH,CA,SAN DIEGO,Urology Clinic,0,,,,"Vizient (MS1301), Premier (BT-NS-002)",9333 Genesee Ave Ste 320,6195436222
skipped-clinic,Urology Clinic,3145,INLAND UROLOGICAL MED GRP,CA,POMONA,Urology Clinic,0,,,,"Vizient (MS1301), Premier (BT-NS-002)",160 E Artesia St Ste 220,9096233428
skipped-clinic,Urology Clinic,3146,OMNI-ALBERT NORMAN,CA,LODI,Urology Clinic,0,,,,"Vizient (MS1301), Premier (BT-NS-002)",830 S Ham Ln Ste 26,2093686661
skipped-clinic,Urology Clinic,3147,SEBMF - ORINDA CLINIC UROLOGY,CA,ORINDA,Urology Clinic,0,,,,"Vizient (MS1301), Premier (BT-NS-002)",12 Camino Encinas,5108698262
skipped-clinic,Urology Clinic,3148,PREETHI SRIDHAR MD,CA,MOUNTAIN VIEW,Urology Clinic,0,,,,"Vizient (MS1301), Premier (BT-NS-002)",2204 Grant Rd Ste 103,0
skipped-clinic,Urology Clinic,3149,THE CENTER FOR MENS HEALTH,CA,ENCINITAS,Urology Clinic,0,,,,"Vizient (MS1301), Premier (BT-NS-002)",477 N El Camino Real Ste C204,7602302256
skipped-clinic,Urology Clinic,3150,ADVANCED UROLOGY MEDICAL OFFICES,CA,LOS ANGELES,Urology Clinic,0,,,,"Vizient (MS1301), Premier (BT-NS-002)",8540 S Sepulveda Blvd Ste 911,3106709119
skipped-clinic,Urology Clinic,3151,UROLOGY SAN DIEGO,CA,OCEANSIDE,Urology Clinic,0,,,,"Vizient (MS1301), Premier (BT-NS-002)",3907 Waring Rd Ste 4,7602959984
skipped-clinic,Urology Clinic,3152,MARINHEALTH UROLOGY GREENBRAE-A UCSF HEALTH CLINIC,CA,GREENBRAE,Urology Clinic,0,,,,"Vizient (MS1301), Premier (BT-NS-002)",1240 S Eliseo Dr Ste 200,4154614000
skipped-clinic,Urology Clinic,3153,WEST COAST CENTER OF UROLOGY,CA,OXNARD,Urology Clinic,0,,,,"Vizient (MS1301), Premier (BT-NS-002)",1901 Holser Walk Ste 310,8059735902
skipped-clinic,Urology Clinic,3154,AUA-BAY AREA UROLOGY MEDICAL GROUP,CA,SAN MATEO,Urology Clinic,0,,,,"Vizient (MS1301), Premier (BT-NS-002)",50 S San Mateo Dr Ste 120,6503487770
skipped-clinic,Urology Clinic,3155,PACIFIC UROLOGY,CA,WALNUT CREEK,Urology Clinic,0,,,,"Vizient (MS1301), Premier (BT-NS-002)",100 N Wiget Ln Ste 290,0
skipped-clinic,Urology Clinic,3156,GOLDEN GATE UROLOGY - PATHOLOGY,CA,BERKELEY,Urology Clinic,0,,,,"Vizient (MS1301), Premier (BT-NS-002)",2999 Regent St Ste 612,5108481727
skipped-clinic,Urology Clinic,3157,PENINSULA UROLOGY CENTER INC,CA,REDWOOD CITY,Urology Clinic,0,,,,"Vizient (MS1301), Premier (BT-NS-002)",2900 Whipple Ave Ste 132,6503061016
skipped-clinic,Urology Clinic,3158,MERCED UNIVERSITY UROLOGY-SULLIVAN MICHAEL J,CA,MERCED,Urology Clinic,0,,,,"Vizient (MS1301), Premier (BT-NS-002)",378 W Olive Ave Ste C,2097260944
skipped-clinic,Urology Clinic,3159,UROLOGY SPECIALTY GROUP,CA,TORRANCE,Urology Clinic,0,,,,"Vizient (MS1301), Premier (BT-NS-002)",3445 Pacific Coast Hwy Ste 310,3106025020
skipped-clinic,Urology Clinic,3160,GHP URO KEARNY MESA,CA,SAN DIEGO,Urology Clinic,0,,,,"Vizient (MS1301), Premier (BT-NS-002)",3444 Kearny Villa Rd Ste 202,6192990670
skipped-clinic,Urology Clinic,3161,GLA TELO - KPW URO SPEC GROUP,CA,TORRANCE,Urology Clinic,0,,,,"Vizient (MS1301), Premier (BT-NS-002)",23600 Telo Ave Ste 220,3106025005
skipped-clinic,Urology Clinic,3162,NORTH COLORADO UROLOGY,CO,GREELEY,Urology Clinic,0,,,,Vizient (MS1301),5754 W 11th St Ste 204,9703781000
skipped-clinic,Urology Clinic,3163,UCHMG UROLOGY HARMONY 1500 2036,CO,FORT COLLINS,Urology Clinic,0,,,,Vizient (MS1301),2315 East Harmony Rd Ste 140,9704846700
skipped-clinic,Urology Clinic,3164,THE UROLOGY CENTER OF COLORADO,CO,DENVER,Urology Clinic,0,,,,Vizient (MS1301),2777 Mile High Stadium Cir,3038258822
skipped-clinic,Urology Clinic,3165,UCHMG UROLOGY CLINC PP 1510 2035,CO,COLORADO SPRINGS,Urology Clinic,0,,,,Vizient (MS1301),175 S Union Blvd,7193651950
skipped-clinic,Urology Clinic,3166,UCH PMC UROLOGY CLINIC PARK WEST 2023-2040,CO,PUEBLO,Urology Clinic,0,,,,Vizient (MS1301),3676 Parker Blvd Ste 280,7195957704
skipped-clinic,Urology Clinic,3167,CU UROLOGY SOUTH DENVER,CO,HIGHLANDS RANCH,Urology Clinic,0,,,,Vizient (MS1301),9330 S University Blvd,3033991211
skipped-clinic,Urology Clinic,3168,AUA-SAN JUAN UROLOGY ASSOC PC,CO,MONTROSE,Urology Clinic,0,,,,Vizient (MS1301),904 S 4th St,9702492291
skipped-clinic,Urology Clinic,3169,AUA-EL DORADO UROLOGY & PROSTATE CTR,CO,CENTENNIAL,Urology Clinic,0,,,,Vizient (MS1301),2305 E Arapahoe Rd Ste 113,5202023606
skipped-clinic,Urology Clinic,3170,PIKES PEAK UROLOGY PC,CO,COLORADO SPRINGS,Urology Clinic,0,,,,Vizient (MS1301),6071 E Woodmen Rd Ste 300,7195317007
skipped-clinic,Urology Clinic,3171,UROLOGY CLINIC PC-HADEN JAMES,CO,STEAMBOAT SPRINGS,Urology Clinic,0,,,,Vizient (MS1301),501 Anglers Dr Ste 202,9708719710
skipped-clinic,Urology Clinic,3172,AURORA UROLOGY (PHD)/LINCOLN,CO,PARKER,Urology Clinic,0,,,,Vizient (MS1301),11960 Lioness Way #210,3036956106
skipped-clinic,Urology Clinic,3173,UROLOGY ASSOC OF W COLORADO,CO,GRAND JUNCTION,Urology Clinic,0,,,,Vizient (MS1301),2373 G Rd Ste 200,9702433061
skipped-clinic,Urology Clinic,3174,FOOTHILLS UROLOGY,CO,WHEAT RIDGE,Urology Clinic,0,,,,Vizient (MS1301),3550 Lutheran Pkwy Ste G20,3039852550
skipped-clinic,Urology Clinic,3175,COLO UROLOGY CTR,CO,FORT MORGAN,Urology Clinic,0,,,,Vizient (MS1301),400 State St,9705420444
skipped-clinic,Urology Clinic,3176,UROLOGY CONSULTANTS CLINIC,CO,PUEBLO,Urology Clinic,0,,,,"Vizient (MS1301), Premier (BT-NS-002)",4100 Jerry Murphy Rd,7195459713
skipped-clinic,Urology Clinic,3177,UROLOGY ASSOCIATES OF DANBURY,CT,DANBURY,Urology Clinic,0,,,,Vizient (MS1301),73 Sand Pit Rd Ste 204,0
skipped-clinic,Urology Clinic,3178,YNHH-THE UROLOGY CENTER - WEST HAVEN,CT,WEST HAVEN,Urology Clinic,0,,,,Vizient (MS1301),687 Campbell Ave 2nd Fl,2037892222
skipped-clinic,Urology Clinic,3179,THAMES UROLOGY,CT,NEW LONDON,Urology Clinic,0,,,,Vizient (MS1301),3 Shaws Cove Ste 206,8604430622
skipped-clinic,Urology Clinic,3180,YNHH-THE UROLOGY CENTER - NEW HAVEN,CT,NEW HAVEN,Urology Clinic,0,,,,Vizient (MS1301),330 Orchard St Ste 164,2037892222
skipped-clinic,Urology Clinic,3181,UROLOGICAL ASSOC OF CENTRAL CT-CHESHIRE,CT,CHESHIRE,Urology Clinic,0,,,,Vizient (MS1301),680 S Main St,2032281241
skipped-clinic,Urology Clinic,3182,UROLOGY LONG RIDGE,CT,STAMFORD,Urology Clinic,0,,,,Vizient (MS1301),260 Long Ridge Rd Ste 2400,2036884608
skipped-clinic,Urology Clinic,3183,PEDIATRIC UROLOGY ASSOCIATES,CT,FARMINGTON,Urology Clinic,0,,,,Vizient (MS1301),10 Birdseye Rd Ste 260,8604090413
skipped-clinic,Urology Clinic,3184,WESTMED MEDICAL GROUP,CT,NORWALK,Urology Clinic,0,,,,Vizient (MS1301),40 Cross St,0
skipped-clinic,Urology Clinic,3185,EXECUTIVE HEALTH,CT,STAMFORD,Urology Clinic,0,,,,Vizient (MS1301),32 Strawberry Hill Ct Ste 10,2032767771
skipped-clinic,Urology Clinic,3186,SHMG HEADACHE CENTER,CT,STAMFORD,Urology Clinic,0,,,,Vizient (MS1301),1 Blachley Rd Ste 2,2032768474
skipped-clinic,Urology Clinic,3187,SHMG PRIMARY CARE NEW CANAAN,CT,NEW CANAAN,Urology Clinic,0,,,,Vizient (MS1301),36 Grove St,2033257592
skipped-clinic,Urology Clinic,3188,SHMG-FAIRFIELD COUNTY OB GYN - GREENWICH,CT,GREENWICH,Urology Clinic,0,,,,Vizient (MS1301),115 E Putnam Ave,2033257592
skipped-clinic,Urology Clinic,3189,SHMG ADMINISTRATION - SUMMER ST,CT,STAMFORD,Urology Clinic,0,,,,Vizient (MS1301),1111 Summer St,2033257592
skipped-clinic,Urology Clinic,3190,SHMG RIVERSIDE PC,CT,RIVERSIDE,Urology Clinic,0,,,,Vizient (MS1301),1200 E Putnam Ave,2036370057
skipped-clinic,Urology Clinic,3191,STAMFORD HEALTH MEDICAL GROUP PRIMARY CARE,CT,DARIEN,Urology Clinic,0,,,,Vizient (MS1301),1500 Post Rd Ste 100,2036620313
skipped-clinic,Urology Clinic,3192,ASSOCIATED UROLOGISTS PC/VERNON,CT,VERNON,Urology Clinic,0,,,,Vizient (MS1301),7 Keynote Dr Ste A,8608717610
skipped-clinic,Urology Clinic,3193,NE PM UROLOGY WESTPORT,CT,WESTPORT,Urology Clinic,0,,,,Vizient (MS1301),327 Riverside Ave Fl 2,2033367353
skipped-clinic,Urology Clinic,3194,YNHH-THE UROLOGY CENTER - NEW HAVEN HOWARD,CT,NEW HAVEN,Urology Clinic,0,,,,Vizient (MS1301),800 Howard Ave Fl 3,2036882259
skipped-clinic,Urology Clinic,3195,GREENWICH UROLOGY-RATNA JEFFREY,CT,GREENWICH,Urology Clinic,0,,,,Vizient (MS1301),49 Lake Ave,2038691285
skipped-clinic,Urology Clinic,3196,UROLOGY CLINIC OF GREENWICH,CT,COS COB,Urology Clinic,0,,,,Vizient (MS1301),31 River Rd Ste 101,2038631180
skipped-clinic,Urology Clinic,3197,STAMFORD HEALTH MEDICAL GROUP- UROLOGY,CT,STAMFORD,Urology Clinic,0,,,,Vizient (MS1301),1351 Washington Blvd Fl 4,0
skipped-clinic,Urology Clinic,3198,BHMG - UROLOGY,CT,BRISTOL,Urology Clinic,0,,,,Vizient (MS1301),15 Riverside Ave,8605856944
skipped-clinic,Urology Clinic,3199,UROLOGY SPECIALISTS,CT,MIDDLEBURY,Urology Clinic,0,,,,Vizient (MS1301),1579 Straits Tpke,8288378877
skipped-clinic,Urology Clinic,3200,YNHH-THE UROLOGY CENTER - MADISON,CT,MADISON,Urology Clinic,0,,,,Vizient (MS1301),6 Woodland Rd 1st Fl,2037892222
skipped-clinic,Urology Clinic,3201,YNHH-THE UROLOGY CENTER - HAMDEN,CT,HAMDEN,Urology Clinic,0,,,,Vizient (MS1301),2200 Whitney Ave 2nd Fl,2037892222
skipped-clinic,Urology Clinic,3202,NE UROLOGY FAIRFIELD BEACH ROAD,CT,FAIRFIELD,Urology Clinic,0,,,,"Vizient (MS1301), Premier (BT-NS-002)",52 Beach Rd Ste 205,0
skipped-clinic,Urology Clinic,3203,NE PM URO TRUMBULL PARK AVE,CT,TRUMBULL,Urology Clinic,0,,,,"Vizient (MS1301), Premier (BT-NS-002)",5520 Park Ave,2033367353
skipped-clinic,Urology Clinic,3204,NHMP NEW MILFORD UROLOGY,CT,NEW MILFORD,Urology Clinic,0,,,,"Vizient (MS1301), Premier (BT-NS-002)",120 Park Lane Rd Ste A202,0
skipped-clinic,Urology Clinic,3205,BR-UROLOGY & BEHAVIORAL HEALTH,CT,SOUTHINGTON,Urology Clinic,0,,,,"Vizient (MS1301), Premier (BT-NS-002)",360 N Main St Ste 2,2036884608
skipped-clinic,Urology Clinic,3206,MEDSTAR UROLOGY/MENS HEALTH-LAFAYETTE MACC 2,DC,WASHINGTON,Urology Clinic,0,,,,Vizient (MS1301),1133 21st St Nw Ste 601,4434018638
skipped-clinic,Urology Clinic,3207,METROPOLITAN AMBULATORY UROLOGY INSTITUTE,DC,WASHINGTON,Urology Clinic,0,,,,Vizient (MS1301),650 Pennsylvania Ave Se Ste 450,2025461107
skipped-clinic,Urology Clinic,3208,MEDICAL FACULTY ASSOCIATES UROLOGY,DC,WASHINGTON,Urology Clinic,0,,,,Vizient (MS1301),2300 M St Nw Fl 2,2029944011
skipped-clinic,Urology Clinic,3209,BRANDYWINE UROLOGY CONSULTANTS,DE,WILMINGTON,Urology Clinic,0,,,,Vizient (MS1301),2000 Foulk Rd Ste F,3026528990
skipped-clinic,Urology Clinic,3210,BENZ UROLOGY,DE,SEAFORD,Urology Clinic,0,,,,Vizient (MS1301),9096 Riverside Dr,3026284222
skipped-clinic,Urology Clinic,3211,MIDDLETOWN OFFICE,DE,MIDDLETOWN,Urology Clinic,0,,,,Vizient (MS1301),104 Sleepy Hollow Dr Ste 207,0
skipped-clinic,Urology Clinic,3212,BRANDYWINE UROLOGY,DE,WILMINGTON,Urology Clinic,0,,,,Vizient (MS1301),1801 Rockland Rd Ste 300,3026528940
skipped-clinic,Urology Clinic,3213,NEWARK VASCULAR ACCESS CENTER,DE,NEWARK,Urology Clinic,0,,,,"Vizient (MS1301), Premier (BT-NS-002)",1092 Old Churchmans Rd,3024729880
skipped-clinic,Urology Clinic,3214,MCIVER UROLOGICAL CLINIC,FL,JACKSONVILLE,Urology Clinic,0,,,,Vizient (MS1301),710 Lomax St,8003312716
skipped-clinic,Urology Clinic,3215,BMG - UROLOGY,FL,PENSACOLA,Urology Clinic,0,,,,Vizient (MS1301),125 Baptist Way Ste 4B,8504378711
skipped-clinic,Urology Clinic,3216,UF HEALTH UROLOGY - JACKSONVILLE,FL,JACKSONVILLE,Urology Clinic,0,,,,Vizient (MS1301),653 West 8th St,9043831016
skipped-clinic,Urology Clinic,3217,GENESISCARE - CS6,FL,CAPE CORAL,Urology Clinic,0,,,,Vizient (MS1301),2721 Del Prado Blvd S Ste 220,0
skipped-clinic,Urology Clinic,3218,OSLER MEDICAL-UROLOGY STE 311,FL,MELBOURNE,Urology Clinic,0,,,,Vizient (MS1301),240 N Wickham Ste 311,0
skipped-clinic,Urology Clinic,3219,FLORIDA UROLOGY PARTNERS-ASSAD WILLIAM,FL,TAMPA,Urology Clinic,0,,,,Vizient (MS1301),601 S Armenia Ave,8133538803
skipped-clinic,Urology Clinic,3220,FLORIDA UROLOGY PARTNERS-HOCHBERG DAVID A,FL,TAMPA,Urology Clinic,0,,,,Vizient (MS1301),2708 W St Isabel St,8138777434
skipped-clinic,Urology Clinic,3221,FLORIDA UROLOGY PARTNERS-ROOT MALCOLM,FL,TAMPA,Urology Clinic,0,,,,Vizient (MS1301),1209 W Swann Ave,8132533007
skipped-clinic,Urology Clinic,3222,UROLOGY SPEC W FL,FL,NEW PORT RICHEY,Urology Clinic,0,,,,Vizient (MS1301),5305 Gulf Dr Ste 4,7278470848
skipped-clinic,Urology Clinic,3223,UROLOGY SPEC OF W FLORIDA,FL,SAFETY HARBOR,Urology Clinic,0,,,,Vizient (MS1301),1840 Mease Dr Ste 403a,7274492298
skipped-clinic,Urology Clinic,3224,AUI - WINDSOR OAKS,FL,OCALA,Urology Clinic,0,,,,Vizient (MS1301),1901 Se 18th Ave Bldg 300,3523511313
skipped-clinic,Urology Clinic,3225,ADVANCED UROLOGY INSTITUTE - TIMBER RIDGE,FL,OCALA,Urology Clinic,0,,,,Vizient (MS1301),9401 Sw Sr200 Ste 3001,3523512801
skipped-clinic,Urology Clinic,3226,CENTRAL FLORIDA UROLOGY INSTITUTE,FL,OCALA,Urology Clinic,0,,,,Vizient (MS1301),3200 Sw 34th Ave Ste 502,3523698216
skipped-clinic,Urology Clinic,3227,KASRAEIAN UROLOGY,FL,JACKSONVILLE,Urology Clinic,0,,,,Vizient (MS1301),6269 Beach Blvd Ste 2,9045362967
skipped-clinic,Urology Clinic,3228,GULFSTREAM UROLOGY,FL,FORT MYERS,Urology Clinic,0,,,,Vizient (MS1301),8931 Colonial Center Dr Ste 100,2392775770
skipped-clinic,Urology Clinic,3229,GREAT SOUTH BAY UROLOGY - LOUGHLIN MD,FL,TITUSVILLE,Urology Clinic,0,,,,Vizient (MS1301),1781 Garden St,3212674414
skipped-clinic,Urology Clinic,3230,MID FLORIDA UROLOGY,FL,ORLANDO,Urology Clinic,0,,,,Vizient (MS1301),1616 Woodward St,4078961181
skipped-clinic,Urology Clinic,3231,UROLOGY CENTER OF CENTRAL FL LLC,FL,KISSIMMEE,Urology Clinic,0,,,,Vizient (MS1301),720 W Oak St Ste 160,4078462698
skipped-clinic,Urology Clinic,3232,WEST SHORE UROLOGY ASSOCIATES,FL,LARGO,Urology Clinic,0,,,,Vizient (MS1301),13201 Walsingham Rd,7275969652
skipped-clinic,Urology Clinic,3233,PANAMA CITY UROLOGICAL CENTER,FL,PANAMA CITY,Urology Clinic,0,,,,Vizient (MS1301),80 Doctors Dr,8507858557
skipped-clinic,Urology Clinic,3234,BMDA MEDICAL UROLOGY,FL,JACKSONVILLE,Urology Clinic,0,,,,Vizient (MS1301),1301 Palm Ave Ste 500,9042024553
skipped-clinic,Urology Clinic,3235,LPG UROLOGY - BONITA HEALTH CENTER,FL,BONITA SPRINGS,Urology Clinic,0,,,,Vizient (MS1301),3501 Health Center Blvd Ste 1700,2394242030
skipped-clinic,Urology Clinic,3236,ADVANCED UROLOGY INSTITUTE,FL,SOUTH PASADENA,Urology Clinic,0,,,,Vizient (MS1301),1401 Pasadena Ave S Ste 5,0
skipped-clinic,Urology Clinic,3237,ACKERMAN UROLOGY,FL,SAINT AUGUSTINE,Urology Clinic,0,,,,Vizient (MS1301),533 W TwinCt Trl Ste 701,0
skipped-clinic,Urology Clinic,3238,AUI-ADVANCED UROLOGY INSTITUTE-MURSHED,FL,LYNN HAVEN,Urology Clinic,0,,,,Vizient (MS1301),2900 S Highway 77,0
skipped-clinic,Urology Clinic,3239,AUI - LECANTO,FL,LECANTO,Urology Clinic,0,,,,Vizient (MS1301),3264 W Audubon Park Path,3526287671
skipped-clinic,Urology Clinic,3240,FLORIDA UROLOGY GROUP,FL,ORLANDO,Urology Clinic,0,,,,Vizient (MS1301),100 W Gore St Ste 405,4078391155
skipped-clinic,Urology Clinic,3241,CITRUS UROLOGY CENTER,FL,LECANTO,Urology Clinic,0,,,,Vizient (MS1301),3075 W Gulf To Lake Hwy,3525270102
skipped-clinic,Urology Clinic,3242,ANGELO GOUSSE MD,FL,AVENTURA,Urology Clinic,0,,,,Vizient (MS1301),21097 Ne 27th Ct Ste 200,0
skipped-clinic,Urology Clinic,3243,FLORIDA UROLOGICAL CENTER,FL,PALMETTO BAY,Urology Clinic,0,,,,Vizient (MS1301),9299 SW 152nd St Ste 104,0
skipped-clinic,Urology Clinic,3244,CENTRAL FLORIDA KIDNEY SPECIALISTS INC,FL,ORLANDO,Urology Clinic,0,,,,Vizient (MS1301),3885 Oakwater Cir Ste B,4074725120
skipped-clinic,Urology Clinic,3245,ALVER MD JAMES EUGENE,FL,BRANDON,Urology Clinic,0,,,,Vizient (MS1301),1142 BELL SHOALS ROAD,0
skipped-clinic,Urology Clinic,3246,SUNCOAST UROLOGY PA,FL,SPRING HILL,Urology Clinic,0,,,,Vizient (MS1301),10441 Quality Dr,0
skipped-clinic,Urology Clinic,3247,WCE-WOMENS HEALTH CENTER - PLANT CITY,FL,PLANT CITY,Urology Clinic,0,,,,Vizient (MS1301),2108 Thonotosassa Rd Ste 337,8137547562
skipped-clinic,Urology Clinic,3248,CANCER CARE & UROLOGY OF NORTH FLORIDA - UROLOGY,FL,LAKE CITY,Urology Clinic,0,,,,Vizient (MS1301),289 Sw Stonegate Ter Ste 102,3867551655
skipped-clinic,Urology Clinic,3249,ASSOCIATES OF UROLOGY,FL,ORLANDO,Urology Clinic,0,,,,Vizient (MS1301),2501 N Orange Ave Ste 501,4078964717
skipped-clinic,Urology Clinic,3250,AVANT CONCIERGE UROLOGY,FL,WINTER GARDEN,Urology Clinic,0,,,,Vizient (MS1301),15548 W Colonial Dr,8632584999
skipped-clinic,Urology Clinic,3251,GUARDIAN MENS HEALTH SERVICES LLC,FL,WINTER PARK,Urology Clinic,0,,,,Vizient (MS1301),1850 Lee Rd Ste 240,9784827342
skipped-clinic,Urology Clinic,3252,SUNCOAST UROLOGY,FL,HUDSON,Urology Clinic,0,,,,Vizient (MS1301),7614 Jacque Rd Ste A,7278628548
skipped-clinic,Urology Clinic,3253,BAYSIDE UROLOGY,FL,CLEARWATER,Urology Clinic,0,,,,Vizient (MS1301),501 S Lincoln Ave Ste 11,9544647401
skipped-clinic,Urology Clinic,3254,UROLOGY ASSOCIATES OF SOUTH FLORIDA,FL,BOCA RATON,Urology Clinic,0,,,,Vizient (MS1301),7280 W Palmetto Park Rd Ste 305,5619556025
skipped-clinic,Urology Clinic,3255,DR TRACY BURNEY MD PA,FL,LAKE MARY,Urology Clinic,0,,,,Vizient (MS1301),3272 W Lake Mary Blvd Ste 1810,4073029595
skipped-clinic,Urology Clinic,3256,UROLOGY SPECIALTY CARE,FL,CORAL GABLES,Urology Clinic,0,,,,Vizient (MS1301),6817 Riviera Dr,3052755525
skipped-clinic,Urology Clinic,3257,GENESISCARE - U22,FL,LAKE WORTH,Urology Clinic,0,,,,Vizient (MS1301),5065 S State Road 7 Ste 203,2399317275
skipped-clinic,Urology Clinic,3258,GENESISCARE NU11 PA11 GT11,FL,MARCO ISLAND,Urology Clinic,0,,,,Vizient (MS1301),531 Bald Eagle Dr,0
skipped-clinic,Urology Clinic,3259,GENESISCARE - XUP,FL,PUNTA GORDA,Urology Clinic,0,,,,Vizient (MS1301),100 Madrid Blvd Unit 104 and 105,0
skipped-clinic,Urology Clinic,3260,GENESISCARE - UWV,FL,VENICE,Urology Clinic,0,,,,Vizient (MS1301),4120 Woodmere Park Blvd Ste 8a,0
skipped-clinic,Urology Clinic,3261,GENESISCARE - UPR,FL,LAKEWOOD RANCH,Urology Clinic,0,,,,Vizient (MS1301),6310 Health Park Way Ste 100,0
skipped-clinic,Urology Clinic,3262,KAPIL PURI MD PA,FL,NICEVILLE,Urology Clinic,0,,,,Vizient (MS1301),4322 Sunset Beach Cir,8502794600
skipped-clinic,Urology Clinic,3263,LAKE UROLOGY ADMIN,FL,LADY LAKE,Urology Clinic,0,,,,Vizient (MS1301),918 Rolling Acres Rd Ste 8,0
skipped-clinic,Urology Clinic,3264,UROLOGY CENTER OF SOUTH FLORID,FL,MIAMI,Urology Clinic,0,,,,Vizient (MS1301),8000 W Flagler St Ste 206,0
skipped-clinic,Urology Clinic,3265,LIGHTHOUSE UROLOGY ASSOCIATES,FL,JUPITER,Urology Clinic,0,,,,Vizient (MS1301),2141 Fl A1a Alternate Ste 420,5617435580
skipped-clinic,Urology Clinic,3266,GENESISCARE - U30,FL,BOYNTON BEACH,Urology Clinic,0,,,,Vizient (MS1301),8198 S Jog Rd Ste 102a,0
skipped-clinic,Urology Clinic,3267,SOUTH FLORIDA UROLOGY INSTITUTE LLC,FL,JUPITER,Urology Clinic,0,,,,Vizient (MS1301),210 Jupiter Lakes Blvd Ste 106a Bldg 400,8288378877
skipped-clinic,Urology Clinic,3268,KMS UROLOGY FT MYERS,FL,FORT MYERS,Urology Clinic,0,,,,Vizient (MS1301),14421 Metropolis Ave Ste 103,0
skipped-clinic,Urology Clinic,3269,CENTER FOR ADVANCED UROLOGY & ROBOT,FL,MELBOURNE,Urology Clinic,0,,,,Vizient (MS1301),6032 Farcenda Pl Ste 102,9193083994
skipped-clinic,Urology Clinic,3270,UROLOGY SPECIALISTS OF WEST FLORIDA,FL,ORLANDO,Urology Clinic,0,,,,Vizient (MS1301),7421 Conroy Windemere Rd,4075062148
skipped-clinic,Urology Clinic,3271,GULFSTREAM UROLOGY ASSOCIATES,FL,PORT SAINT LUCIE,Urology Clinic,0,,,,Vizient (MS1301),579 Nw Lake Whitney Pl Ste 105,7724652020
skipped-clinic,Urology Clinic,3272,COMPLETE CARE UROLOGY,FL,FORT MYERS,Urology Clinic,0,,,,Vizient (MS1301),13770 Plantation Rd Ste 3,2392049855
skipped-clinic,Urology Clinic,3273,AUI - EASTLAKE,FL,PALM HARBOR,Urology Clinic,0,,,,Vizient (MS1301),3890 Tampa Rd Ste 408,7277813547
skipped-clinic,Urology Clinic,3274,AUA-UROLOGY CENTER OF PALM BEACH,FL,WELLINGTON,Urology Clinic,0,,,,Vizient (MS1301),2319 Alford Way,5616151234
skipped-clinic,Urology Clinic,3275,AUA-RTR UROLOGY,FL,VENICE,Urology Clinic,0,,,,Vizient (MS1301),842 Sunset Lake Blvd Ste 403,9416843216
skipped-clinic,Urology Clinic,3276,AUA-LAKESHORE UROLOGY,FL,OKEECHOBEE,Urology Clinic,0,,,,Vizient (MS1301),215 Ne 19th Dr,8637630217
skipped-clinic,Urology Clinic,3277,SIMED UROLOGY,FL,GAINESVILLE,Urology Clinic,0,,,,Vizient (MS1301),1179 Nw 64th Ter,3523335400
skipped-clinic,Urology Clinic,3278,UROLOGY CTR OF EXCELLENCE S FLORIDA,FL,MIAMI,Urology Clinic,0,,,,Vizient (MS1301),9380 Sw 150th St Ste 200,3052518650
skipped-clinic,Urology Clinic,3279,RAUCH UROLOGY,FL,BOCA RATON,Urology Clinic,0,,,,Vizient (MS1301),880 Nw 13th St Ste 400,5613916470
skipped-clinic,Urology Clinic,3280,UROLOGY CENTER,FL,MARIANNA,Urology Clinic,0,,,,Vizient (MS1301),2915 Madison St,0
skipped-clinic,Urology Clinic,3281,UROLOGY PARTNERS PA,FL,BRADENTON,Urology Clinic,0,,,,Vizient (MS1301),200 3rd Ave W,0
skipped-clinic,Urology Clinic,3282,FLORIDA UROLOGY PARTNERS - PARENT FLORIDA UROLOGY PARTNERS- DR ACOSTA,FL,TAMPA,Urology Clinic,0,,,,Vizient (MS1301),12408 N 56th St,8139890115
skipped-clinic,Urology Clinic,3283,CENTRAL FLORIDA UROLOGY SPECIALISTS - PROSTATE CANCER CENTER,FL,OXFORD,Urology Clinic,0,,,,Vizient (MS1301),12109 County Road 103,3522058094
skipped-clinic,Urology Clinic,3284,UROLOGY CARE OF CENTRAL FL,FL,OCALA,Urology Clinic,0,,,,Vizient (MS1301),6907 Sw Highway 200,3522058094
skipped-clinic,Urology Clinic,3285,LAKE UROLOGY,FL,LEESBURG,Urology Clinic,0,,,,Vizient (MS1301),616 N Palmetto St,3527874567
skipped-clinic,Urology Clinic,3286,GENESISCARE - USA,FL,NORTH PORT,Urology Clinic,0,,,,Vizient (MS1301),2345 Bobcat Village Center Rd Unit 201,9412572918
skipped-clinic,Urology Clinic,3287,OCALA UROLOGY SPECIALISTS,FL,DUNNELLON,Urology Clinic,0,,,,Vizient (MS1301),10461 Sw Highway 484,3522058094
skipped-clinic,Urology Clinic,3288,GENESISCARE - NU17,FL,BONITA SPRINGS,Urology Clinic,0,,,,Vizient (MS1301),3291 Woods Edge Pkwy Ste A,0
skipped-clinic,Urology Clinic,3289,GENESISCARE - DEF,FL,PLANTATION,Urology Clinic,0,,,,Vizient (MS1301),1216 N University Dr,9544724072
skipped-clinic,Urology Clinic,3290,UROLOGY SPECIALISTS OF WEST FLORIDA LLP,FL,CLEARWATER,Urology Clinic,0,,,,Vizient (MS1301),1744 N Belcher Rd Ste 100,0
skipped-clinic,Urology Clinic,3291,GENESISCARE - ZBS,FL,ESTERO,Urology Clinic,0,,,,Vizient (MS1301),3501 Health Center Blvd Ste 2420,2397720500
skipped-clinic,Urology Clinic,3292,CITRUS UROLOGY ASSOCIATES - HOMOSASSA,FL,HOMOSASSA,Urology Clinic,0,,,,Vizient (MS1301),3475 S Suncoast Blvd,3522058094
skipped-clinic,Urology Clinic,3293,GENESISCARE - CS2,FL,NORTH FORT MYERS,Urology Clinic,0,,,,Vizient (MS1301),18900 N Tamiami Trl Ste 12,2395438352
skipped-clinic,Urology Clinic,3294,BAY UROLOGY CENTER,FL,PANAMA CITY,Urology Clinic,0,,,,Vizient (MS1301),740 Harrison Ave,8508180021
skipped-clinic,Urology Clinic,3295,STUART UROLOGY-MIRAGLIA VINCENT P,FL,STUART,Urology Clinic,0,,,,Vizient (MS1301),2398 Se Ocean Blvd Ste A,7722862884
skipped-clinic,Urology Clinic,3296,UROLOGY ASSOCIATES OF CENTRAL FLORIDA PC,FL,WINTER HAVEN,Urology Clinic,0,,,,Vizient (MS1301),427 E Central Ave,0
skipped-clinic,Urology Clinic,3297,FLORIDA UROLOGY PARTNERS-MASTANDREA FRANK D,FL,TAMPA,Urology Clinic,0,,,,Vizient (MS1301),4710 N Habana Ave Ste 400,8138758914
skipped-clinic,Urology Clinic,3298,FLORIDA UROLOGY PARTNERS-FUSIA TOD,FL,TAMPA,Urology Clinic,0,,,,Vizient (MS1301),2822 W Virginia Ave,8138755855
skipped-clinic,Urology Clinic,3299,FLORIDA UROLOGY PARTNER,FL,TAMPA,Urology Clinic,0,,,,Vizient (MS1301),1 Davis Blvd Ste 604,8132589565
skipped-clinic,Urology Clinic,3300,UROLOGY CENTER OF SOUTH FLORIDA,FL,BOYNTON BEACH,Urology Clinic,0,,,,Vizient (MS1301),10151 Entrprs Cntr Blvd Ste 201,5617379191
skipped-clinic,Urology Clinic,3301,LAUDERDALE UROLOGY ASSOCIATES-SCHNEIDER ALAN R,FL,OAKLAND PARK,Urology Clinic,0,,,,Vizient (MS1301),5301 N Dixie Hwy Ste 107,9547721220
skipped-clinic,Urology Clinic,3302,CENTRAL FLORIDA UROLOGY-FRIEDMAN MICHAEL,FL,LAKE MARY,Urology Clinic,0,,,,Vizient (MS1301),210 Rinehart Rd Ste 1000,4073327700
skipped-clinic,Urology Clinic,3303,UROLOGY GROUP OF FLORIDA,FL,DELRAY BEACH,Urology Clinic,0,,,,Vizient (MS1301),5350 W Atlantic Ave Ste 102,8003312716
skipped-clinic,Urology Clinic,3304,FLORIDA UROLOGY SPECIALISTS,FL,SARASOTA,Urology Clinic,0,,,,Vizient (MS1301),1 S School Ave Ste 102,8003312716
skipped-clinic,Urology Clinic,3305,UROLOGY ASSOC OF WEST BROWARD,FL,TAMARAC,Urology Clinic,0,,,,Vizient (MS1301),7710 Nw 71st Ct Ste 303,8003312716
skipped-clinic,Urology Clinic,3306,HAVKIN UROLOGY,FL,MELBOURNE,Urology Clinic,0,,,,Vizient (MS1301),3021 W Eau Gallie Blvd Ste 103,3216937778
skipped-clinic,Urology Clinic,3307,IRMC UROLOGY,FL,VERO BEACH,Urology Clinic,0,,,,Vizient (MS1301),3745 11th Cir Ste 103 Christopher Tardif Dept 6097,7727949771
skipped-clinic,Urology Clinic,3308,FLORIDA UROLOGY PRACTICE,FL,WINTER PARK,Urology Clinic,0,,,,Vizient (MS1301),1561 W Fairbanks Ave,3216313232
skipped-clinic,Urology Clinic,3309,ADVANCED UROLOGY ASSOCIATES OF FLOR,FL,VERO BEACH,Urology Clinic,0,,,,Vizient (MS1301),1986 35th Ave,7724738919
skipped-clinic,Urology Clinic,3310,UROLOGY ASSOCIATES OF NORTHEAST FLORIDA,FL,ORANGE PARK,Urology Clinic,0,,,,Vizient (MS1301),1715 Village Way,0
skipped-clinic,Urology Clinic,3311,UROLOGICAL AMBULATORY,FL,ORLANDO,Urology Clinic,0,,,,Vizient (MS1301),1812 N Mills Ave,0
skipped-clinic,Urology Clinic,3312,UROLOGY CTR WINTER PARK,FL,WINTER PARK,Urology Clinic,0,,,,Vizient (MS1301),111 N Lakemont Ave Ste 2d,7037241195
skipped-clinic,Urology Clinic,3313,UNIV OF MIAMI-DEPT OF UROLOGY,FL,MIAMI,Urology Clinic,0,,,,Vizient (MS1301),1400 Nw 10th Ave Ste 510,3052436591
skipped-clinic,Urology Clinic,3314,ATLANTIC UROLOGICAL ASSOCIATES- PORT ORANGE,FL,PORT ORANGE,Urology Clinic,0,,,,Vizient (MS1301),633 Dunlawton Ave Ste 2,3867561945
skipped-clinic,Urology Clinic,3315,ADVANCED UROLOGY SPECIALISTS - 3RD AVE,FL,OCALA,Urology Clinic,0,,,,Vizient (MS1301),2301 Se 3rd Ave Bldg 100 Ste A,3862398530
skipped-clinic,Urology Clinic,3316,PANAMA CITY UROLOGICAL CENTER - BEACH,FL,PANAMA CITY,Urology Clinic,0,,,,Vizient (MS1301),11038 Hutchinson Blvd,8503090500
skipped-clinic,Urology Clinic,3317,ATLANTIC UROLOGICAL ASSOCIATES - DELAND,FL,DELAND,Urology Clinic,0,,,,Vizient (MS1301),685 Peachwood Dr,3867363463
skipped-clinic,Urology Clinic,3318,ADVANCED UROLOGY INSTITUTE - LEESBURG,FL,LEESBURG,Urology Clinic,0,,,,Vizient (MS1301),210 S Lake St Ste 9,3522600055
skipped-clinic,Urology Clinic,3319,ATLANTIC UROLOGICAL ASSOCIATES - ST AUGUSTINE,FL,ST AUGUSTINE,Urology Clinic,0,,,,Vizient (MS1301),240 Southpark Cir E,9048241450
skipped-clinic,Urology Clinic,3320,ATLANTIC UROLOGICAL ASSOCIATES - ORANGE CITY,FL,ORANGE CITY,Urology Clinic,0,,,,Vizient (MS1301),1061 Medical Center Dr Ste 300,3867742121
skipped-clinic,Urology Clinic,3321,UROLOGY SPCLSTS OF WEST FL,FL,CLEARWATER,Urology Clinic,0,,,,Vizient (MS1301),430 Morton Plant St Ste 206,7274411508
skipped-clinic,Urology Clinic,3322,UROLOGY SPECIALISTS OF WEST FL,FL,LARGO,Urology Clinic,0,,,,Vizient (MS1301),8787 Bryan Dairy Rd Ste 280,7274411508
skipped-clinic,Urology Clinic,3323,UROLOGY HEALTH SOLUTIONS INC,FL,CELEBRATION,Urology Clinic,0,,,,Vizient (MS1301),410 Celebration Pl Ste 203,4075661105
skipped-clinic,Urology Clinic,3324,BUSCH UROLOGY (LCCC URO),FL,LAKE CITY,Urology Clinic,0,,,,Vizient (MS1301),4601 W Us Highway 90,3867524189
skipped-clinic,Urology Clinic,3325,ASSOCIATES IN UROLOGY OF CENTRAL FLORIDA,FL,LAKE MARY,Urology Clinic,0,,,,Vizient (MS1301),101 N 8th St,4073301100
skipped-clinic,Urology Clinic,3326,BAY AREA UROLOGY INC,FL,WIMAUMA,Urology Clinic,0,,,,Vizient (MS1301),16513 S Us Highway 301,8136349231
skipped-clinic,Urology Clinic,3327,CENTER FOR UROLOGY,FL,ALTAMONTE SPRINGS,Urology Clinic,0,,,,Vizient (MS1301),106 Boston Ave Ste 103,4078304777
skipped-clinic,Urology Clinic,3328,SOUTH LAKE UROLOGY ASSOCIATES PA,FL,CLERMONT,Urology Clinic,0,,,,Vizient (MS1301),235 Citrus Tower Blvd Ste 102,9043098680
skipped-clinic,Urology Clinic,3329,UROLOGY CONSULTANTS,FL,LONGWOOD,Urology Clinic,0,,,,Vizient (MS1301),515 W State Rd 434 Ste 302,4073320777
skipped-clinic,Urology Clinic,3330,KLAIMAN UROLOGY,FL,MAITLAND,Urology Clinic,0,,,,Vizient (MS1301),668 N Orlando Ave Ste 105,4077742431
skipped-clinic,Urology Clinic,3331,PASCO UROLOGY CENTER,FL,ZEPHYRHILLS,Urology Clinic,0,,,,Vizient (MS1301),38023 Medical Center Ave,8137887641
skipped-clinic,Urology Clinic,3332,DEARDORFF & TIMMONS AND ASSOCUROLOGY SURGEONS,FL,GAINESVILLE,Urology Clinic,0,,,,Vizient (MS1301),6420 Nw 9th Blvd Ste 2,3523312332
skipped-clinic,Urology Clinic,3333,STARLING MD JEFFREY B,FL,TAMPA,Urology Clinic,0,,,,Vizient (MS1301),5332 Primrose Lake Cir,8135589091
skipped-clinic,Urology Clinic,3334,UF HEALTH UROLOGY - MEDICAL PLAZA,FL,GAINESVILLE,Urology Clinic,0,,,,Vizient (MS1301),1549 Gale Lemerand Dr Fl 3,3522658240
skipped-clinic,Urology Clinic,3335,SPACE COAST UROLOGY,FL,TITUSVILLE,Urology Clinic,0,,,,Vizient (MS1301),4420 S Hopkins Ave,3212684693
skipped-clinic,Urology Clinic,3336,GARNER MD JAMES J,FL,FORT LAUDERDALE,Urology Clinic,0,,,,Vizient (MS1301),4800 Ne 20th Ter Ste 207,9542299560
skipped-clinic,Urology Clinic,3337,ZAGHA M D RALPH,FL,LAUDERDALE LAKES,Urology Clinic,0,,,,Vizient (MS1301),2951 Nw 49th Ave Ste 207,9544861250
skipped-clinic,Urology Clinic,3338,INDIAN RIVER UROLOGY,FL,SEBASTIAN,Urology Clinic,0,,,,"Vizient (MS1301), Premier (BT-NS-002)",7925 Bay St Ste 2,7725673003
skipped-clinic,Urology Clinic,3339,UROLOGY HEALTH CENTER,FL,TRINITY,Urology Clinic,0,,,,"Vizient (MS1301), Premier (BT-NS-002)",2075 Little Rd,7278429561
skipped-clinic,Urology Clinic,3340,UROLOGY CENTER OF FLORIDA,FL,POMPANO BEACH,Urology Clinic,0,,,,"Vizient (MS1301), Premier (BT-NS-002)",550 Sw 3rd St Ste 305,9549413333
skipped-clinic,Urology Clinic,3341,CITRUS UROLOGY ASSOCIATES - TAVARES,FL,TAVARES,Urology Clinic,0,,,,"Vizient (MS1301), Premier (BT-NS-002)",1934 Salk Ave,3522058094
skipped-clinic,Urology Clinic,3342,FLORIDA UROLOGY PARTNERS-ACOSTA RUDOLPH,FL,TEMPLE TERRACE,Urology Clinic,0,,,,"Vizient (MS1301), Premier (BT-NS-002)",12408 N 56th St Ste 1,8139803104
skipped-clinic,Urology Clinic,3343,BAY AREA UROLOGY,FL,RIVERVIEW,Urology Clinic,0,,,,"Vizient (MS1301), Premier (BT-NS-002)",6043 Winthrop Commerce Ave Ste 201,8137589097
skipped-clinic,Urology Clinic,3344,FLORIDA UROLOGY PARTNERS,FL,LUTZ,Urology Clinic,0,,,,"Vizient (MS1301), Premier (BT-NS-002)",4211 Van Dyke Rd Ste 206,8133560196
skipped-clinic,Urology Clinic,3345,GEORGIA UROLOGY - BRASELTON,GA,FLOWERY BRANCH,Urology Clinic,0,,,,Vizient (MS1301),7316 Spout Springs Rd,7709632451
skipped-clinic,Urology Clinic,3346,NGPG UROLOGY GAINESVILLE,GA,GAINESVILLE,Urology Clinic,0,,,,Vizient (MS1301),1315 Jesse Jewell Pkwy Ne Ste 201,7705353553
skipped-clinic,Urology Clinic,3347,ATLANTA CENTER FOR UROLOGY PC,GA,GREENSBORO,Urology Clinic,0,,,,Vizient (MS1301),1000 Cowles Clinc Way,7064540100
skipped-clinic,Urology Clinic,3348,GAINESVILLE UROLOGY-HIAWASSEE,GA,HIAWASSEE,Urology Clinic,0,,,,Vizient (MS1301),110 S Main St,7705328438
skipped-clinic,Urology Clinic,3349,WAYNE UROLOGY,GA,JESUP,Urology Clinic,0,,,,Vizient (MS1301),162 Memorial Dr,9124278033
skipped-clinic,Urology Clinic,3350,ADVANCED UROLOGY INSTITUTE OF GA,GA,JOHNS CREEK,Urology Clinic,0,,,,Vizient (MS1301),10730 Medlock Bridge Rd,6786665201
skipped-clinic,Urology Clinic,3351,GEORGIA UROLOGY JOHNS CREEK,GA,JOHNS CREEK,Urology Clinic,0,,,,"Vizient (MS1301), Premier (BT-NS-002)",11459 Johns Creek Pkwy Ste 170,6784170400
skipped-clinic,Urology Clinic,3352,PPG UROLOGY -KENNESAW,GA,KENNESAW,Urology Clinic,0,,,,Vizient (MS1301),187 Chastain Rd NW Ste 250,0
skipped-clinic,Urology Clinic,3353,METRO ATLANTA UROLOGY AND PELVIC HEALTH CENTER,GA,KENNESAW,Urology Clinic,0,,,,Vizient (MS1301),1301 Shiloh Rd Nw Ste 660,3013672187
skipped-clinic,Urology Clinic,3354,WELLSTAR UROLOGY - LAGRANGE,GA,LAGRANGE,Urology Clinic,0,,,,Vizient (MS1301),1555 Doctors Dr Ste 101,7062425201
skipped-clinic,Urology Clinic,3355,NORTH ATLANTA UROLOGY ASSOC,GA,LAWRENCEVILLE,Urology Clinic,0,,,,Vizient (MS1301),631 Professional Dr Ste 490,7709950424
skipped-clinic,Urology Clinic,3356,GA UROLOGY ASC GWINNETT,GA,LAWRENCEVILLE,Urology Clinic,0,,,,"Vizient (MS1301), Premier (BT-NS-002)",720 Old Snellville Hwy Ste 100,6789870877
skipped-clinic,Urology Clinic,3357,GEORGIA UROLOGY  - LAWRENCEVILLE,GA,LAWRENCEVILLE,Urology Clinic,0,,,,"Vizient (MS1301), Premier (BT-NS-002)",850 Lawrenceville Suwanee Rd,0
skipped-clinic,Urology Clinic,3358,GEORGIA UROLOGY LITHONIA,GA,LITHONIA,Urology Clinic,0,,,,"Vizient (MS1301), Premier (BT-NS-002)",5900 Hillandale Dr Ste 200,7709812090
skipped-clinic,Urology Clinic,3359,UROLOGY SPECIALIST OF GA,GA,MACON,Urology Clinic,0,,,,Vizient (MS1301),1062 Forsyth St Ste 2a,4787456576
skipped-clinic,Urology Clinic,3360,UROLOGY ASSOCIATES PC,GA,MARIETTA,Urology Clinic,0,,,,Vizient (MS1301),300 Tower Rd Ste 175,7704284475
skipped-clinic,Urology Clinic,3361,WELLSTAR UROLOGY ECHP,GA,MARIETTA,Urology Clinic,0,,,,Vizient (MS1301),3747 Roswell Rd Ste 317,4706440242
skipped-clinic,Urology Clinic,3362,GEORGIA UROLOGY MARIETTA,GA,MARIETTA,Urology Clinic,0,,,,Vizient (MS1301),790 Church St Ne Ste 430,6784170400
skipped-clinic,Urology Clinic,3363,GEORGIA REGIONAL UROLOGY PC,GA,MARIETTA,Urology Clinic,0,,,,Vizient (MS1301),2520 Windy Hill Rd Se Ste 305,7709510866
skipped-clinic,Urology Clinic,3364,GEORGIA UROLOGY EAST COBB,GA,MARIETTA,Urology Clinic,0,,,,"Vizient (MS1301), Premier (BT-NS-002)",4800 Olde Towne Pkwy Ste 220,6782528227
skipped-clinic,Urology Clinic,3365,OCONEE UROLOGY PC,GA,MILLEDGEVILLE,Urology Clinic,0,,,,Vizient (MS1301),1217 N Columbia Dr,4784537516
skipped-clinic,Urology Clinic,3366,ROME UROLOGY ASSOCIATES PC,GA,ROME,Urology Clinic,0,,,,Vizient (MS1301),1013 N 5th Ave Ne Ste 1,7062952393
skipped-clinic,Urology Clinic,3367,GEORGIA UROLOGY PROSTATE CANCER,GA,ROSWELL,Urology Clinic,0,,,,Vizient (MS1301),1357 Hembree Rd Ste 250,6782844040
skipped-clinic,Urology Clinic,3368,SGPA UROLOGY-CAMDEN,GA,SAINT MARYS,Urology Clinic,0,,,,Vizient (MS1301),52 Lindsey Ln,9124663029
skipped-clinic,Urology Clinic,3369,UROLOGY SPECIALISTS OF COASTAL GA,GA,SAVANNAH,Urology Clinic,0,,,,Vizient (MS1301),613 Stephenson Ave Ste 208,9123545779
skipped-clinic,Urology Clinic,3370,UROLOGICAL ASSOCIATES OF SAVANNAH,GA,SAVANNAH,Urology Clinic,0,,,,Vizient (MS1301),230 E Derenne Ave,9124281273
skipped-clinic,Urology Clinic,3371,SMYRNA UROLOGY PC,GA,SMYRNA,Urology Clinic,0,,,,Vizient (MS1301),3903 S Cobb Dr Se Ste 200,7707095820
skipped-clinic,Urology Clinic,3372,GEORGIA UROLOGY  - SMYRNA,GA,SMYRNA,Urology Clinic,0,,,,Vizient (MS1301),4298 Atlanta Rd SE Ste 305,0
skipped-clinic,Urology Clinic,3373,GEORGIA UROLOGY SNELLVILLE,GA,SNELLVILLE,Urology Clinic,0,,,,Vizient (MS1301),1700 Tree Ln Rd Ste 420,7709798427
skipped-clinic,Urology Clinic,3374,ADVANCED UROLOGY INSTITUTE OF GA - SNELLVILLE,GA,SNELLVILLE,Urology Clinic,0,,,,Vizient (MS1301),1557 Janmar Rd,0
skipped-clinic,Urology Clinic,3375,GEORGIA UROLOGY STOCKBRIDGE,GA,STOCKBRIDGE,Urology Clinic,0,,,,Vizient (MS1301),119 Northpark Trl Ste 119,7703893769
skipped-clinic,Urology Clinic,3376,GEORGIA UROLOGY,GA,STOCKBRIDGE,Urology Clinic,0,,,,Vizient (MS1301),1930 Brannon Rd,4042561844
skipped-clinic,Urology Clinic,3377,PERLOW UROLOGY PRACTICE,GA,SUWANEE,Urology Clinic,0,,,,Vizient (MS1301),4060 Johns Creek Pkwy Ste F,7706049301
skipped-clinic,Urology Clinic,3378,SOUTH GEORGIA UROLOGY GROUP PC,GA,THOMASVILLE,Urology Clinic,0,,,,Vizient (MS1301),116 Mimosa Dr Ste 2,2292285500
skipped-clinic,Urology Clinic,3379,THE UROLOGY INSTITUTE-GLOVER FRANK E,GA,THOMASVILLE,Urology Clinic,0,,,,Vizient (MS1301),817 Smith Ave,2292270086
skipped-clinic,Urology Clinic,3380,NGPG UROLOGY TOCCOA,GA,TOCCOA,Urology Clinic,0,,,,Vizient (MS1301),274 Big A Rd,7705353553
skipped-clinic,Urology Clinic,3381,HOUSTON UROLOGY ASSOCIATES,GA,WARNER ROBINS,Urology Clinic,0,,,,Vizient (MS1301),233 N Houston Rd Ste 100,4782931580
skipped-clinic,Urology Clinic,3382,ADULT & PEDIATRIC UROLOGY PC/COUNCIL BLUFFS,IA,COUNCIL BLUFFS,Urology Clinic,0,,,,Vizient (MS1301),3434 W Broadway Ste 102,0
skipped-clinic,Urology Clinic,3383,UROLOGY CENTER OF IOWA,IA,CLIVE,Urology Clinic,0,,,,Vizient (MS1301),12129 University Ave,0
skipped-clinic,Urology Clinic,3384,THE IOWA CLINIC UROLOGY,IA,URBANDALE,Urology Clinic,0,,,,Vizient (MS1301),4323 Nw Urbandale Dr,5158759800
skipped-clinic,Urology Clinic,3385,HEARTLAND CLINIC LLC,IA,DAVENPORT,Urology Clinic,0,,,,"Vizient (MS1301), Premier (BT-NS-002)",5041 Utica Ridge Rd Ste 100,0
skipped-clinic,Urology Clinic,3386,CEDAR VALLEY UROLOGY,IA,WATERLOO,Urology Clinic,0,,,,"Vizient (MS1301), Premier (BT-NS-002)",2413 W Ridgeway Ave,3192330340
skipped-clinic,Urology Clinic,3387,BOISE UROLOGY PA,ID,MERIDIAN,Urology Clinic,0,,,,Vizient (MS1301),520 S Eagle Rd Ste 3201,2088876622
skipped-clinic,Urology Clinic,3388,UROLOGY PA,ID,BOISE,Urology Clinic,0,,,,Vizient (MS1301),333 N 1st St Ste 100,2083437736
skipped-clinic,Urology Clinic,3389,MERIDIAN UROLOGY & MALE INFERTILITY CLINIC,ID,MERIDIAN,Urology Clinic,0,,,,Vizient (MS1301),3090 E Gentry Way Ste 220,2088550708
skipped-clinic,Urology Clinic,3390,CALDWELL UROLOGY PLLC,ID,CALDWELL,Urology Clinic,0,,,,Vizient (MS1301),1620 S Kimball Ave,2084549181
skipped-clinic,Urology Clinic,3391,TREASURE VALLEY UROLOGY PLLC,ID,MERIDIAN,Urology Clinic,0,,,,Vizient (MS1301),3085 E Magic View Dr Ste 140,2082299009
skipped-clinic,Urology Clinic,3392,UROLOGY ASSOCIATES-WALKER DONALD,ID,BOISE,Urology Clinic,0,,,,Vizient (MS1301),125 E Idaho St Ste 303,2083445757
skipped-clinic,Urology Clinic,3393,NORTH IDAHO UROLOGY,ID,COEUR D ALENE,Urology Clinic,0,,,,"Vizient (MS1301), Premier (BT-NS-002)",980 W Ironwood Dr Ste 104,2086670621
skipped-clinic,Urology Clinic,3394,NORTHSHORE UROLOGY - SKOKIE,IL,SKOKIE,Urology Clinic,0,,,,Vizient (MS1301),9711 Skokie Blvd Ste H,8475702000
skipped-clinic,Urology Clinic,3395,SIU MEDICINE - UROLOGY EQUIPMENT,IL,SPRINGFIELD,Urology Clinic,0,,,,Vizient (MS1301),301 N 8th St Ste 4b119,2175458000
skipped-clinic,Urology Clinic,3396,ASSOC IN UROLOGY LTD,IL,CHICAGO,Urology Clinic,0,,,,Vizient (MS1301),7447 W Talcott Ave Ste 522,7737631314
skipped-clinic,Urology Clinic,3397,PEORIA UROLOGICAL ASSOC,IL,PEORIA,Urology Clinic,0,,,,Vizient (MS1301),7309 N Knoxville Ave,3096929898
skipped-clinic,Urology Clinic,3398,UROLOGICAL GROUP LTD,IL,MOLINE,Urology Clinic,0,,,,Vizient (MS1301),608 35th Ave,3092773500
skipped-clinic,Urology Clinic,3399,MIDWEST UROLOGY ASSOCIATES,IL,ELMHURST,Urology Clinic,0,,,,Vizient (MS1301),1200 S York Rd Ste 4190,6307580090
skipped-clinic,Urology Clinic,3400,ASSOCIATED UROLOGICAL SPECIALISTS,IL,ORLAND PARK,Urology Clinic,0,,,,Vizient (MS1301),15234 S Harlem,0
skipped-clinic,Urology Clinic,3401,AUS-TURK MANCINI UROLOGY,IL,PALOS HEIGHTS,Urology Clinic,0,,,,Vizient (MS1301),7808 College Dr,0
skipped-clinic,Urology Clinic,3402,NMFF - UROLOGY FL 21,IL,CHICAGO,Urology Clinic,0,,,,Vizient (MS1301),675 N Saint Clair Galter 21 120,3126950141
skipped-clinic,Urology Clinic,3403,AMG ELGIN 745 FLETCHER UROLOGY,IL,ELGIN,Urology Clinic,0,,,,Vizient (MS1301),745 Fletcher Dr Ste 301,8477410398
skipped-clinic,Urology Clinic,3404,UNIVERSITY CTR FOR UROLOGY,IL,CHICAGO,Urology Clinic,0,,,,Vizient (MS1301),60 E Delaware Pl,2172449177
skipped-clinic,Urology Clinic,3405,EFFINGHAM UROLOGY ASSOC SC,IL,EFFINGHAM,Urology Clinic,0,,,,Vizient (MS1301),414 W Virginia Ave,2173429738
skipped-clinic,Urology Clinic,3406,UROPARTNERS CHICAGO DAMEN,IL,CHICAGO,Urology Clinic,0,,,,Vizient (MS1301),4733 N Damen Ave,2242603100
skipped-clinic,Urology Clinic,3407,NMG UROLOGY HUNTLEY,IL,HUNTLEY,Urology Clinic,0,,,,Vizient (MS1301),10370 Haligus Rd Ste 320,0
skipped-clinic,Urology Clinic,3408,NORTHSHORE MEDICAL GROUP UROLOGY,IL,EVANSTON,Urology Clinic,0,,,,Vizient (MS1301),1000 Central St Ste 720,8474758600
skipped-clinic,Urology Clinic,3409,AHER UROLOGY LTD,IL,BELLEVILLE,Urology Clinic,0,,,,Vizient (MS1301),301 W Lincoln Ste 203,6182775400
skipped-clinic,Urology Clinic,3410,ADVANCED UROLOGY ASSOC,IL,JOLIET,Urology Clinic,0,,,,Vizient (MS1301),1300 Copperfield Ave,8157263110
skipped-clinic,Urology Clinic,3411,DOWN THERE UROLOGY,IL,CHICAGO,Urology Clinic,0,,,,Vizient (MS1301),1030 N Clark St Ste 310,0
skipped-clinic,Urology Clinic,3412,MIDWEST UROLOGICAL GROUP,IL,PEKIN,Urology Clinic,0,,,,Vizient (MS1301),1503 Valle Vista Blvd,3093536619
skipped-clinic,Urology Clinic,3413,VALLEY WOMENS HEALTH SC,IL,AURORA,Urology Clinic,0,,,,Vizient (MS1301),2121 Ridge Ave Ste 103,6303750101
skipped-clinic,Urology Clinic,3414,NORTHSHORE UROLOGY BLUM,IL,HIGHLAND PARK,Urology Clinic,0,,,,Vizient (MS1301),767 Park Ave Ste B 100,8475013434
skipped-clinic,Urology Clinic,3415,AUS - HOMEWOOD,IL,HOMEWOOD,Urology Clinic,0,,,,Vizient (MS1301),17901 Governors Hwy Ste 102,7089570220
skipped-clinic,Urology Clinic,3416,FAIRVIEW HEIGHTS CANCER TREATMENT CENTER,IL,FAIRVIEW HEIGHTS,Urology Clinic,0,,,,Vizient (MS1301),326 Fountains Pkwy,0
skipped-clinic,Urology Clinic,3417,SIH MEDICAL GROUP UROLOGY,IL,HERRIN,Urology Clinic,0,,,,Vizient (MS1301),220 S Park Ave Fl 2,6189886240
skipped-clinic,Urology Clinic,3418,ELTERMAN UROLOGY CENTER,IL,SKOKIE,Urology Clinic,0,,,,Vizient (MS1301),4959 Golf Rd,0
skipped-clinic,Urology Clinic,3419,UROPARTNERS LAGRANGE UROLOGY,IL,LA GRANGE HIGHLANDS,Urology Clinic,0,,,,Vizient (MS1301),5201 Willow Springs Rd Ste 380b,0
skipped-clinic,Urology Clinic,3420,KPG - DEKALB - UROLOGY 356385,IL,SYCAMORE,Urology Clinic,0,,,,Vizient (MS1301),1850 Gateway Dr,0
skipped-clinic,Urology Clinic,3421,UROPARTNERS NORTH UROLOGY,IL,SKOKIE,Urology Clinic,0,,,,Vizient (MS1301),9669 Kenton Ave Ste 608,8476774111
skipped-clinic,Urology Clinic,3422,LAKE SHORE UROLOGY,IL,CHICAGO,Urology Clinic,0,,,,Vizient (MS1301),2400 N Ashland Ave,7738809909
skipped-clinic,Urology Clinic,3423,DUPAGE UROLOGY,IL,NAPERVILLE,Urology Clinic,0,,,,Vizient (MS1301),1020 E Ogden Ave Ste 301,0
skipped-clinic,Urology Clinic,3424,ASSOCIATED UROLOGICAL SPECIALISTS RADIATION DEPARTMENT,IL,TINLEY PARK,Urology Clinic,0,,,,Vizient (MS1301),6701 159th St,7085908970
skipped-clinic,Urology Clinic,3425,UROLOGY CONSULTANTS LLC,IL,GRAYSLAKE,Urology Clinic,0,,,,Vizient (MS1301),1475 E Belvidere Rd Ste 202,8479863030
skipped-clinic,Urology Clinic,3426,FOX VALLEY UROLOGY,IL,SANDWICH,Urology Clinic,0,,,,Vizient (MS1301),15 W Pleasant Ave,6304306036
skipped-clinic,Urology Clinic,3427,COMPREHENSIVE UROLOGICAL CARE,IL,LAKE BARRINGTON,Urology Clinic,0,,,,Vizient (MS1301),22285 N Pepper Rd Ste 201 And 208,8003312716
skipped-clinic,Urology Clinic,3428,ASSOCIATED UROLOGICAL SPECIALI,IL,ORLAND PARK,Urology Clinic,0,,,,Vizient (MS1301),15300 West Ave Ste 314,7086334544
skipped-clinic,Urology Clinic,3429,NORTHWEST UROLOGICAL ASC,IL,ARLINGTON HEIGHTS,Urology Clinic,0,,,,Vizient (MS1301),2101 S Arlington Heights Rd Ste 108,8474394343
skipped-clinic,Urology Clinic,3430,KANKAKEE UROLOGICAL ASSO,IL,STREATOR,Urology Clinic,0,,,,Vizient (MS1301),104 E 6th St #301,8156729412
skipped-clinic,Urology Clinic,3431,KANKAKEE UROLOGICAL,IL,MORRIS,Urology Clinic,0,,,,Vizient (MS1301),1345 N Edwards St,8159374006
skipped-clinic,Urology Clinic,3432,NW SUBURBAN UROLOGY,IL,MOUNT PROSPECT,Urology Clinic,0,,,,Vizient (MS1301),431 Lakeview Ct Ste D,8478233185
skipped-clinic,Urology Clinic,3433,UROLOGY SPEC OF LAKE CO SC,IL,LIBERTYVILLE,Urology Clinic,0,,,,Vizient (MS1301),151 W Golf Rd,8476803803
skipped-clinic,Urology Clinic,3434,SW UROLOGY ASSOCIATES,IL,EVERGREEN PARK,Urology Clinic,0,,,,Vizient (MS1301),9760 S Kedzie Ave Ste 6,7084250112
skipped-clinic,Urology Clinic,3435,SIU MEDICINE - UROLOGY - FLUROSCOPY,IL,SPRINGFIELD,Urology Clinic,0,,,,Vizient (MS1301),747 N Rutledge St Fl 5a,2176468000
skipped-clinic,Urology Clinic,3436,NW METROPOLITAN UROLOGY,IL,NILES,Urology Clinic,0,,,,Vizient (MS1301),7900 N Milwaukee Ave Ste 17,8474701500
skipped-clinic,Urology Clinic,3437,ASSOCIATED UROLOGICAL SPEC,IL,ORLAND PARK,Urology Clinic,0,,,,Vizient (MS1301),16522 106th Ct,8155451966
skipped-clinic,Urology Clinic,3438,ILLINOIS UROLOGICAL INSTITUTE,IL,WHEATON,Urology Clinic,0,,,,Vizient (MS1301),311 S County Farm Rd Ste B,6306906400
skipped-clinic,Urology Clinic,3439,PREMIER MEDICAL GROUP/KULB CHALIAN AND LEAK UROLOGY LTD,IL,BLOOMINGTON,Urology Clinic,0,,,,"Vizient (MS1301), Premier (BT-NS-002)",1401 Eastland Dr Ste B,3096639424
skipped-clinic,Urology Clinic,3440,UROLOGICAL ASSOCIATES PC,IL,MOLINE,Urology Clinic,0,,,,"Vizient (MS1301), Premier (BT-NS-002)",600 Valley View Dr,3097577196
skipped-clinic,Urology Clinic,3441,WOODFIELD UROLOGY,IL,SCHAUMBURG,Urology Clinic,0,,,,"Vizient (MS1301), Premier (BT-NS-002)",806 E Woodfield Rd,8473644990
skipped-clinic,Urology Clinic,3442,CHRISTIE CLINIC-UNIVERSITY-UROLOGY,IL,CHAMPAIGN,Urology Clinic,0,,,,"Vizient (MS1301), Premier (BT-NS-002)",101 W University Ave,2173665428
skipped-clinic,Urology Clinic,3443,ROCKFORD UROLOGICAL ASSOC,IL,ROCKFORD,Urology Clinic,0,,,,"Vizient (MS1301), Premier (BT-NS-002)",351 Executive Pkwy,8153980220
skipped-clinic,Urology Clinic,3444,UROLOGY OF INDIANA - MENS HEALTH CLINIC,IN,INDIANAPOLIS,Urology Clinic,0,,,,Vizient (MS1301),8240 Naab Rd Ste 220,3178720123
skipped-clinic,Urology Clinic,3445,NE IND UROLOGY COLUMBIA CTY,IN,FORT WAYNE,Urology Clinic,0,,,,Vizient (MS1301),2512 E Dupont Rd Ste 100,2604366667
skipped-clinic,Urology Clinic,3446,UROLOGY ASSOCIATES OF ELKHART,IN,ELKHART,Urology Clinic,0,,,,Vizient (MS1301),105 N Nappanee St,5742951131
skipped-clinic,Urology Clinic,3447,UROLOGY ASSOCIATES OF NORTHWEST INDIAN,IN,VALPARAISO,Urology Clinic,0,,,,Vizient (MS1301),1101 E Glendale Blvd,2194641001
skipped-clinic,Urology Clinic,3448,IUHP-UROLOGY IUH SAXONY HOSP,IN,FISHERS,Urology Clinic,0,,,,Vizient (MS1301),13100 E 136th St Ste 3400,3179621075
skipped-clinic,Urology Clinic,3449,SUMMIT UROLOGY,IN,BLOOMINGTON,Urology Clinic,0,,,,Vizient (MS1301),2907 Mcintire Dr Ste A,8123328765
skipped-clinic,Urology Clinic,3450,UROLOGY OF INDIANA - DANVILLE,IN,DANVILLE,Urology Clinic,0,,,,Vizient (MS1301),100 Hospital Ln Ste 105,3177453747
skipped-clinic,Urology Clinic,3451,FIRST UROLOGY - ATTN ACCOUNTS PAY,IN,JEFFERSONVILLE,Urology Clinic,0,,,,Vizient (MS1301),101 Hospital Blvd,0
skipped-clinic,Urology Clinic,3452,FIRST UROLOGY CORYDON - NORTHFIELD PLAZA,IN,CORYDON,Urology Clinic,0,,,,Vizient (MS1301),313 N Federal Dr Nw Ste 140,0
skipped-clinic,Urology Clinic,3453,IUHP-UROLOGY ADMIN,IN,INDIANAPOLIS,Urology Clinic,0,,,,Vizient (MS1301),535 Barnhill Dr Rt 150,3149621075
skipped-clinic,Urology Clinic,3454,IUHP-UROLOGY BILLING SAFECO,IN,INDIANAPOLIS,Urology Clinic,0,,,,Vizient (MS1301),550 N Meridan St Ste 260,3179624023
skipped-clinic,Urology Clinic,3455,KOKOMO UROLOGY INC,IN,KOKOMO,Urology Clinic,0,,,,Vizient (MS1301),2345 W Lincoln Rd,7654554075
skipped-clinic,Urology Clinic,3456,UROLOGY OF INDIANA - NEY,IN,GREENFIELD,Urology Clinic,0,,,,Vizient (MS1301),1 Memorial Sq Ste 255,3174620700
skipped-clinic,Urology Clinic,3457,UROLOGY OF INDIANA-GREENWOOD,IN,GREENWOOD,Urology Clinic,0,,,,Vizient (MS1301),679 E County Line Rd Ste 103,3178851250
skipped-clinic,Urology Clinic,3458,UROLOGY OF INDIANA - BEAM,IN,NOBLESVILLE,Urology Clinic,0,,,,Vizient (MS1301),18051 River Ave Ste 202,3178071232
skipped-clinic,Urology Clinic,3459,SOUTHERN INDIANA UROLOGY,IN,COLUMBUS,Urology Clinic,0,,,,Vizient (MS1301),2475 Northpark Dr Ste 10,8123769261
skipped-clinic,Urology Clinic,3460,BALL UROLOGY,IN,MUNCIE,Urology Clinic,0,,,,Vizient (MS1301),2901 W Jackson St,0
skipped-clinic,Urology Clinic,3461,WHITLEY COUNTY UROLOGY,IN,COLUMBIA CITY,Urology Clinic,0,,,,Vizient (MS1301),333 N Oak St Ste E,2604010528
skipped-clinic,Urology Clinic,3462,UROLOGY OF INDIANA - FISHERS,IN,FISHERS,Urology Clinic,0,,,,Vizient (MS1301),14300 E 138th,3178071232
skipped-clinic,Urology Clinic,3463,EDISON LAKES UROLOGY,IN,MISHAWAKA,Urology Clinic,0,,,,Vizient (MS1301),410 Park Pl Ste B,0
skipped-clinic,Urology Clinic,3464,GOSHEN PHYSICIANS UROLOGY,IN,GOSHEN,Urology Clinic,0,,,,Vizient (MS1301),1615 Winsted Dr Ste 4,5745332141
skipped-clinic,Urology Clinic,3465,WABASH VALLEY UROLOGICAL ASSOCIATES INC-PATEL PULKIT J,IN,TERRE HAUTE,Urology Clinic,0,,,,Vizient (MS1301),1235 Ohio St,0
skipped-clinic,Urology Clinic,3466,UROLOGICAL LABORATORY,IN,RICHMOND,Urology Clinic,0,,,,Vizient (MS1301),1485 Chester Blvd,0
skipped-clinic,Urology Clinic,3467,ADVANCED UROLOGY-DUGAN JAMES,IN,PERU,Urology Clinic,0,,,,Vizient (MS1301),68 E 3rd St,7654734943
skipped-clinic,Urology Clinic,3468,ADVANCED UROLOGY-DUGAN JAMES A,IN,INDIANAPOLIS,Urology Clinic,0,,,,Vizient (MS1301),8091 Township Line Rd Ste 109,3178029900
skipped-clinic,Urology Clinic,3469,FIRST UROLOGY - MADISON,IN,MADISON,Urology Clinic,0,,,,Vizient (MS1301),1373 E State Rd 62 Ste 2g,8122068181
skipped-clinic,Urology Clinic,3470,UROLOGY LIBERTY,IN,BLOOMINGTON,Urology Clinic,0,,,,Vizient (MS1301),1520 S Liberty Dr 2nd Floor,3179624023
skipped-clinic,Urology Clinic,3471,NORTHEAST INDIANA UROLOGY,IN,AUBURN,Urology Clinic,0,,,,Vizient (MS1301),1310 E 7th St Ste D,2604366667
skipped-clinic,Urology Clinic,3472,UROLOGY - DEPT 8853,IN,JASPER,Urology Clinic,0,,,,Vizient (MS1301),600 W 13th St Ste 105,8129965850
skipped-clinic,Urology Clinic,3473,UROLOGICAL ASSOC INC,IN,EVANSVILLE,Urology Clinic,0,,,,"Vizient (MS1301), Premier (BT-NS-002)",920 S Hebron Ave Ste 100,8124731111
skipped-clinic,Urology Clinic,3474,SEP UROLOGY LBG,IN,LAWRENCEBURG,Urology Clinic,0,,,,"Vizient (MS1301), Premier (BT-NS-002)",360 Walnut St,0
skipped-clinic,Urology Clinic,3475,RHEUMATOLOGY ASSOCIATES LAB-IRVING,IN,EAST CHICAGO,Urology Clinic,0,,,,"Vizient (MS1301), Premier (BT-NS-002)",4320 Fir St Unit 220,2193927667
skipped-clinic,Urology Clinic,3476,UROLOGICAL ASSOCIATES INC,IN,EVANSVILLE,Urology Clinic,0,,,,"Vizient (MS1301), Premier (BT-NS-002)",3801 Bellemeade Ave Ste 300,8124753913
skipped-clinic,Urology Clinic,3477,COOK UROLOGICALS INC,IN,SPENCER,Urology Clinic,0,,,,"Vizient (MS1301), Premier (BT-NS-002)",1100 W Morgan St,8288378877
skipped-clinic,Urology Clinic,3478,MID-AMERICA UROLOGY,KS,OVERLAND PARK,Urology Clinic,0,,,,Vizient (MS1301),10550 Quivira Rd Ste 270,8168169424
skipped-clinic,Urology Clinic,3479,TUKH-UROLOGIC SURGERY,KS,KANSAS CITY,Urology Clinic,0,,,,Vizient (MS1301),2000 Olathe Blvd Fl 2 Ste Ab Pav A,9135882500
skipped-clinic,Urology Clinic,3480,WICHITA UROLOGY GROUP - WEST OFFICE,KS,WICHITA,Urology Clinic,0,,,,Vizient (MS1301),7570 W 21st N Bldg,3167210119
skipped-clinic,Urology Clinic,3481,KANSAS CITY UROLOGY CARE PA - SMOF,KS,MERRIAM,Urology Clinic,0,,,,Vizient (MS1301),7450 Kessler St Ste 110,9138311003
skipped-clinic,Urology Clinic,3482,KANSAS CITY UROLOGY CARE,KS,LENEXA,Urology Clinic,0,,,,Vizient (MS1301),8551 Bluejacket St,8163335433
skipped-clinic,Urology Clinic,3483,KANSAS CITY UROLOGY CARE PA,KS,OVERLAND PARK,Urology Clinic,0,,,,Vizient (MS1301),10701 Nall Ave Ste 100,9133417985
skipped-clinic,Urology Clinic,3484,CENTRAL KANSAS UROLOGY,KS,HOISINGTON,Urology Clinic,0,,,,Vizient (MS1301),353 W 10th St A,3166537306
skipped-clinic,Urology Clinic,3485,UROLOGY ASSOCIATES OF TOPEKA PA,KS,TOPEKA,Urology Clinic,0,,,,Vizient (MS1301),1001 Sw Garfield 301 Medical Plaza Blvd,7852334256
skipped-clinic,Urology Clinic,3486,TUKH MEDWEST UROLOGY,KS,SHAWNEE,Urology Clinic,0,,,,Vizient (MS1301),7405 Renner Rd Fl 2,9135888460
skipped-clinic,Urology Clinic,3487,LAWRENCE UROLOGY,KS,LAWRENCE,Urology Clinic,0,,,,Vizient (MS1301),330 Arkansas St Ste 205,7857490639
skipped-clinic,Urology Clinic,3488,HIGH PLAINS UROLOGY,KS,GARDEN CITY,Urology Clinic,0,,,,Vizient (MS1301),311 E Spruce St Ste 3a,6202753760
skipped-clinic,Urology Clinic,3489,ADVANCED UROLOGY CLINIC,KS,TOPEKA,Urology Clinic,0,,,,Vizient (MS1301),631 Sw Horne St #631,7852338188
skipped-clinic,Urology Clinic,3490,FIRST UROLOGY KRESGE KUA,KY,LOUISVILLE,Urology Clinic,0,,,,Vizient (MS1301),3900 Kresge Way Ste 40,0
skipped-clinic,Urology Clinic,3491,OWENSBORO UROLOGY,KY,OWENSBORO,Urology Clinic,0,,,,Vizient (MS1301),2200 E Parrish Ste E Bldg 201,2706855534
skipped-clinic,Urology Clinic,3492,PENNYRILE UROLOGY,KY,HOPKINSVILLE,Urology Clinic,0,,,,Vizient (MS1301),219 W 17th,2708865141
skipped-clinic,Urology Clinic,3493,FIRST UROLOGY EASTPOINT,KY,LOUISVILLE,Urology Clinic,0,,,,Vizient (MS1301),2400 Eastpoint Pkwy Ste 560,8122068181
skipped-clinic,Urology Clinic,3494,FIRST UROLOGY BUG DUPONT RD,KY,LOUISVILLE,Urology Clinic,0,,,,Vizient (MS1301),912 Dupont Rd,0
skipped-clinic,Urology Clinic,3495,FIRST UROLOGY SHEPERDSVILLE,KY,SHEPHERDSVILLE,Urology Clinic,0,,,,Vizient (MS1301),115 Huston Dr,0
skipped-clinic,Urology Clinic,3496,UROLOGY PARTNERS OF WESTERN KY,KY,MADISONVILLE,Urology Clinic,0,,,,Vizient (MS1301),44 Mccoy Ave Ste 227,2708250020
skipped-clinic,Urology Clinic,3497,OGBLOU UROLOGY,KY,ASHLAND,Urology Clinic,0,,,,Vizient (MS1301),613 23rd St,6063241561
skipped-clinic,Urology Clinic,3498,UK-UROLOGY CLINIC KYC,KY,LEXINGTON,Urology Clinic,0,,,,Vizient (MS1301),740 S Limestone St Ste B200,8593235000
skipped-clinic,Urology Clinic,3499,AUA-ADVANCED UROLOGY - DENIS YALKUT,KY,RICHMOND,Urology Clinic,0,,,,Vizient (MS1301),2161 Lexington Rd Ste 2,8596242442
skipped-clinic,Urology Clinic,3500,COMMONWEALTH UROLOGY,KY,DANVILLE,Urology Clinic,0,,,,Vizient (MS1301),222 S 3rd St,8592369670
skipped-clinic,Urology Clinic,3501,UROLOGY SPECIALTY CARE-DAMICO ANNA M,KY,MADISONVILLE,Urology Clinic,0,,,,Vizient (MS1301),127 E North St B,2703266116
skipped-clinic,Urology Clinic,3502,TRI STATE UROLOGY,KY,PIKEVILLE,Urology Clinic,0,,,,Vizient (MS1301),255 Church St Ste 201,6064329550
skipped-clinic,Urology Clinic,3503,UROLOGY CENTER OF NORTHEASTERN KENTUCKY,KY,ASHLAND,Urology Clinic,0,,,,Vizient (MS1301),336 29th St,6063254404
skipped-clinic,Urology Clinic,3504,UROLOGY SPECIALTY CARE PSC,KY,MADISONVILLE,Urology Clinic,0,,,,Vizient (MS1301),1851 N Main St,2708217739
skipped-clinic,Urology Clinic,3505,BLUEGRASS CLINICAL RESEARCH,KY,LOUISVILLE,Urology Clinic,0,,,,Vizient (MS1301),5512 Bardstown Rd Ste 2,5022311982
skipped-clinic,Urology Clinic,3506,SOUTHERN UROLOGY-KALISTE SALOOM,LA,LAFAYETTE,Urology Clinic,0,,,,Vizient (MS1301),1103 Kaliste Saloom Rd Ste 200,3379881803
skipped-clinic,Urology Clinic,3507,THE UROLOGY CLINIC,LA,ALEXANDRIA,Urology Clinic,0,,,,Vizient (MS1301),3311 Prescott Rd Ste 100,3184423384
skipped-clinic,Urology Clinic,3508,ARK LA TEX UROLOGY,LA,BOSSIER CITY,Urology Clinic,0,,,,Vizient (MS1301),2449 Hospital Dr Ste 340,3188414004
skipped-clinic,Urology Clinic,3509,UROLOGY CLINIC MONROE/TAXABLE,LA,MONROE,Urology Clinic,0,,,,Vizient (MS1301),711 St John St,3183879420
skipped-clinic,Urology Clinic,3510,SIGNATURE UROLOGY,LA,SHREVEPORT,Urology Clinic,0,,,,Vizient (MS1301),2551 Greenwood Rd Ste 140,3182128899
skipped-clinic,Urology Clinic,3511,MMG - ADVANCED UROLOGY,LA,LAKE CHARLES,Urology Clinic,0,,,,Vizient (MS1301),1715 Wolf Cir,3374807499
skipped-clinic,Urology Clinic,3512,SOUTHERN UROLOGY - ST LANDRY,LA,LAFAYETTE,Urology Clinic,0,,,,Vizient (MS1301),602 Saint Landry St,3372351200
skipped-clinic,Urology Clinic,3513,SOUTHERN UROLOGY-HEYMANN,LA,LAFAYETTE,Urology Clinic,0,,,,Vizient (MS1301),457 Heymann Blvd,3372375774
skipped-clinic,Urology Clinic,3514,SOUTHERN UROLOGY-PARKWAY,LA,LAFAYETTE,Urology Clinic,0,,,,Vizient (MS1301),200a Energy Pkwy,3372339546
skipped-clinic,Urology Clinic,3515,UROLOGY CLINIC OF NEW ORLEANS-MCSHERRY SUSAN,LA,NEW ORLEANS,Urology Clinic,0,,,,Vizient (MS1301),1445 2nd St,5048949102
skipped-clinic,Urology Clinic,3516,QUEEN CITY UROLOGY APMC,LA,NEW IBERIA,Urology Clinic,0,,,,Vizient (MS1301),500 N Lewis St Ste 270,3373522210
skipped-clinic,Urology Clinic,3517,ASCENSION UROLOGY,LA,GONZALES,Urology Clinic,0,,,,Vizient (MS1301),1014 St Clair Blvd Ste 3000,2257432444
skipped-clinic,Urology Clinic,3518,SOUTHERN UROLOGY - JOHN VALLEE MD,LA,LAFAYETTE,Urology Clinic,0,,,,Vizient (MS1301),219 Kings Rd,3375942025
skipped-clinic,Urology Clinic,3519,SOUTHERN UROLOGY,LA,VILLE PLATTE,Urology Clinic,0,,,,Vizient (MS1301),4940 Vidrine Rd,3375063540
skipped-clinic,Urology Clinic,3520,DERIDDER UROLOGY CLINIC,LA,DERIDDER,Urology Clinic,0,,,,Vizient (MS1301),316 W 7th St,3374621400
skipped-clinic,Urology Clinic,3521,MEDICAL ARTS ADULT AND PEDIATRIC UROLOGY,LA,HAMMOND,Urology Clinic,0,,,,"Vizient (MS1301), Premier (BT-NS-002)",42421 Pelican Professional Park,9855421317
skipped-clinic,Urology Clinic,3522,SOUTHERN UROLOGY - BEAULLIEU,LA,LAFAYETTE,Urology Clinic,0,,,,"Vizient (MS1301), Premier (BT-NS-002)",200 Beaullieu Dr Ste 7,3372324555
skipped-clinic,Urology Clinic,3523,UROLOGY ASSOCIATES OF MILFORD,MA,MILFORD,Urology Clinic,0,,,,Vizient (MS1301),115 Water St Ste 104,5084731480
skipped-clinic,Urology Clinic,3524,UROLOGY CONSULTANTS OF THE NORTH SHORE - MELR,MA,MELROSE,Urology Clinic,0,,,,Vizient (MS1301),775 Main St,7815990220
skipped-clinic,Urology Clinic,3525,UROLOGY CONSULTANTS OF THE NORTH SHORE - LYNN,MA,LYNN,Urology Clinic,0,,,,Vizient (MS1301),496 Lynnfield St Ste 201,7815990220
skipped-clinic,Urology Clinic,3526,SALTZMAN UROLOGICAL ASSOCIATES - BROOKLINE,MA,BROOKLINE,Urology Clinic,0,,,,Vizient (MS1301),1180 Beacon St Ste 1c,6177344996
skipped-clinic,Urology Clinic,3527,DRETLER STEPHEN MD - CHARLES RIVER UROLOGY,MA,BOSTON,Urology Clinic,0,,,,Vizient (MS1301),15 Parkman St St 486,6177263512
skipped-clinic,Urology Clinic,3528,MERRIMACK UROLOGY ASSOCIATES,MA,CHELMSFORD,Urology Clinic,0,,,,Vizient (MS1301),31 Village Sq,9782569507
skipped-clinic,Urology Clinic,3529,HINGHAM TO GREAT BOSTON UROLOGY,MA,HINGHAM,Urology Clinic,0,,,,Vizient (MS1301),72 Sharp St Ste A10,7813376737
skipped-clinic,Urology Clinic,3530,MILTON TO GREATER BOSTON UROLOGY,MA,MILTON,Urology Clinic,0,,,,Vizient (MS1301),100 Highland St Ste 126,6176961826
skipped-clinic,Urology Clinic,3531,NORTHEAST UROLOGIC SURGERY PC,MA,HAVERHILL,Urology Clinic,0,,,,Vizient (MS1301),1 Park Way Ste 3,9784695620
skipped-clinic,Urology Clinic,3532,PIONEER VALLEY UROLOGY PC - WARE,MA,WARE,Urology Clinic,0,,,,Vizient (MS1301),85 South St,4132412100
skipped-clinic,Urology Clinic,3533,PIONEER VALLEY UROLOGY PC - WESTFIELD,MA,WESTFIELD,Urology Clinic,0,,,,Vizient (MS1301),75 Springfield Rd Ste 5,4132412100
skipped-clinic,Urology Clinic,3534,UROLOGY OF FALL RIVER (MAIN),MA,FALL RIVER,Urology Clinic,0,,,,Vizient (MS1301),1601 S Main St,5086780004
skipped-clinic,Urology Clinic,3535,AUA-UROLOGY PRACTICE ASSOCIATES,MA,NEEDHAM HEIGHTS,Urology Clinic,0,,,,Vizient (MS1301),100 West St Ste 1,0
skipped-clinic,Urology Clinic,3536,AUA-UROLOGY GROUP OF WNE,MA,FLORENCE,Urology Clinic,0,,,,Vizient (MS1301),10 Main St Ste 2,4135844278
skipped-clinic,Urology Clinic,3537,AUA-SALTZMAN UROLOGY,MA,NEWTON LOWER FALLS,Urology Clinic,0,,,,Vizient (MS1301),2000 Washington St Ste 600 Green,6173320116
skipped-clinic,Urology Clinic,3538,AUA-SALTZMAN UROLOGICAL ASSOCIATES,MA,NEWTON LOWER FALLS,Urology Clinic,0,,,,Vizient (MS1301),Newton Wellesley Hospital,6173320116
skipped-clinic,Urology Clinic,3539,AUA-MYSTIC VALLEY UROLOGICAL ASSOCIATION,MA,STONEHAM,Urology Clinic,0,,,,Vizient (MS1301),3 Woodland Rd Ste 216,7819790661
skipped-clinic,Urology Clinic,3540,MGH - UROLOGY,MA,BOSTON,Urology Clinic,0,,,,Vizient (MS1301),165 Cambridge St Fl 7,8572383838
skipped-clinic,Urology Clinic,3541,UROLOGY CENTRAL HAH,MA,LEOMINSTER,Urology Clinic,0,,,,Vizient (MS1301),50 Memorial Dr Ste 108,0
skipped-clinic,Urology Clinic,3542,UROLOGY INC - NAVIX,MA,FALL RIVER,Urology Clinic,0,,,,Vizient (MS1301),222 Milliken Blvd # Fl2,0
skipped-clinic,Urology Clinic,3543,PILGRIM UROLOGY,MA,PLYMOUTH,Urology Clinic,0,,,,Vizient (MS1301),110 Long Pond Rd Ste 705,0
skipped-clinic,Urology Clinic,3544,TWINBROOK UROLOGY-SHEMS MOISE,MA,WALTHAM,Urology Clinic,0,,,,Vizient (MS1301),20 Hope Ave Ste 204,7818934555
skipped-clinic,Urology Clinic,3545,SOUTHCOAST UROLOGY,MA,FAIRHAVEN,Urology Clinic,0,,,,Vizient (MS1301),208 Mill Rd,5086780004
skipped-clinic,Urology Clinic,3546,GREATER BOSTON UROLOGY,MA,PLYMOUTH,Urology Clinic,0,,,,Vizient (MS1301),51 Obery St,5082024871
skipped-clinic,Urology Clinic,3547,UROLOGY CONSULTANTS OF THE NORTH SHORE - PEAB,MA,PEABODY,Urology Clinic,0,,,,"Vizient (MS1301), Premier (BT-NS-002)",6 Essex Center Dr Ste 208,7815990220
skipped-clinic,Urology Clinic,3548,UROLOGY CONSULTANTS OF THE NORTH SHORE - DANV,MA,DANVERS,Urology Clinic,0,,,,"Vizient (MS1301), Premier (BT-NS-002)",80 Lindall St,7815990220
skipped-clinic,Urology Clinic,3549,WAYNE B GLAZIER MD PC - UROLOGY,MA,WEBSTER,Urology Clinic,0,,,,"Vizient (MS1301), Premier (BT-NS-002)",72 Cudworth Rd,5087537259
skipped-clinic,Urology Clinic,3550,PIONEER VALLEY UROLOGY PC,MA,SPRINGFIELD,Urology Clinic,0,,,,"Vizient (MS1301), Premier (BT-NS-002)",100 Wason Ave Ste 120,4132412100
skipped-clinic,Urology Clinic,3551,METROWEST UROLOGY-FRIEDMAN EMANUEL,MA,NATICK,Urology Clinic,0,,,,"Vizient (MS1301), Premier (BT-NS-002)",67 Union St Ste 308,5086554422
skipped-clinic,Urology Clinic,3552,ASSOCIATES IN UROLOGY OF WORCESTER,MA,WORCESTER,Urology Clinic,0,,,,"Vizient (MS1301), Premier (BT-NS-002)",95 Vernon St,5087563509
skipped-clinic,Urology Clinic,3553,WORCESTER UROLOGICAL ASSOC,MA,WORCESTER,Urology Clinic,0,,,,"Vizient (MS1301), Premier (BT-NS-002)",25 Oak Ave,5087566293
skipped-clinic,Urology Clinic,3554,UNIV OF MARYLAND DIVISION OF UROLOGY,MD,BALTIMORE,Urology Clinic,0,,,,Vizient (MS1301),419 W Redwood St Ste 320,4103281384
skipped-clinic,Urology Clinic,3555,SHORE COMPREHENSIVE UROLOGY,MD,EASTON,Urology Clinic,0,,,,Vizient (MS1301),505 Dutchmans Ln,4108209014
skipped-clinic,Urology Clinic,3556,AMBULATORY UROLOGICAL CENTER,MD,ROCKVILLE,Urology Clinic,0,,,,Vizient (MS1301),401 E Jefferson St Ste 105,0
skipped-clinic,Urology Clinic,3557,ELKTON OFFICE,MD,ELKTON,Urology Clinic,0,,,,Vizient (MS1301),137 W High St Ste 1A,0
skipped-clinic,Urology Clinic,3558,CUMBERLAND UROLOGY,MD,CUMBERLAND,Urology Clinic,0,,,,Vizient (MS1301),500 Memorial Ave Ste 304,3017227080
skipped-clinic,Urology Clinic,3559,POTOMAC UROLOGY,MD,OXON HILL,Urology Clinic,0,,,,Vizient (MS1301),251 National Harbor Blvd,0
skipped-clinic,Urology Clinic,3560,FREDERICK UROLOGY ASSOCIATES,MD,FREDERICK,Urology Clinic,0,,,,Vizient (MS1301),110 Baughmans Ln Ste 201,3016948080
skipped-clinic,Urology Clinic,3561,THE AMERICAN UROLOGICAL ASSOCIATION,MD,LINTHICUM,Urology Clinic,0,,,,Vizient (MS1301),1000 Corporate Blvd,7137984951
skipped-clinic,Urology Clinic,3562,U MD DIV OF UROLOGY,MD,COLUMBIA,Urology Clinic,0,,,,Vizient (MS1301),5900 Waterloo Rd Ste 250,4103283481
skipped-clinic,Urology Clinic,3563,OXON HILL UROLOGY SURGERY CENTER,MD,OXON HILL,Urology Clinic,0,,,,Vizient (MS1301),6228 Oxon Hill Rd,3018390770
skipped-clinic,Urology Clinic,3564,GREENBELT UROLOGICAL INSTITUTE,MD,GREENBELT,Urology Clinic,0,,,,Vizient (MS1301),7813 Belle Point Dr,0
skipped-clinic,Urology Clinic,3565,MARYLAND UROLOGY-LAB,MD,BALTIMORE,Urology Clinic,0,,,,Vizient (MS1301),3455 Wilkens Ave Ste 205,0
skipped-clinic,Urology Clinic,3566,MARYLAND UROLOGY,MD,GLEN BURNIE,Urology Clinic,0,,,,Vizient (MS1301),7704 Quarterfield Rd Ste C,0
skipped-clinic,Urology Clinic,3567,MARYLAND UROLOGY ASSOCIATES,MD,BEL AIR,Urology Clinic,0,,,,Vizient (MS1301),615 W Macphail Rd Ste 210,0
skipped-clinic,Urology Clinic,3568,LA PLATA UROLOGY CENTER LLC,MD,LA PLATA,Urology Clinic,0,,,,Vizient (MS1301),101 Centennial St Ste E,3013929445
skipped-clinic,Urology Clinic,3569,CENTRAL MARYLAND UROLOGY ASSOCIATES,MD,COLUMBIA,Urology Clinic,0,,,,Vizient (MS1301),1070 Charter Dr Ste 130,3017258880
skipped-clinic,Urology Clinic,3570,MEDSTAR UROLOGY-MGUH-CHEVY CHASE,MD,CHEVY CHASE,Urology Clinic,0,,,,Vizient (MS1301),5530 Wisconsin Ave Ste 950,4107726500
skipped-clinic,Urology Clinic,3571,ANNE ARUNDEL UROLOGY PA,MD,BOWIE,Urology Clinic,0,,,,Vizient (MS1301),4201 Northview Dr Ste 201,4102668049
skipped-clinic,Urology Clinic,3572,48-SHORE COMPREHENSIVE UROLOGY - EASTON,MD,EASTON,Urology Clinic,0,,,,Vizient (MS1301),490 Cadmus Ln Ste 104,0
skipped-clinic,Urology Clinic,3573,MID ATLC UROLOGY ASSOC PESSARY,MD,GREENBELT,Urology Clinic,0,,,,Vizient (MS1301),7500 Greenway Ctr Dr Ste 800,3014418900
skipped-clinic,Urology Clinic,3574,CHESAPEAKE UROLOGY LAB,MD,OWINGS MILLS,Urology Clinic,0,,,,Vizient (MS1301),25 Crossroads Dr Ste 306,4105811600
skipped-clinic,Urology Clinic,3575,ANNE ARUNDEL UROLOGY,MD,ODENTON,Urology Clinic,0,,,,Vizient (MS1301),1106 Annapolis Rd Ste 250,4102668049
skipped-clinic,Urology Clinic,3576,ANNE ARUNDEL UROLOGY P,MD,GLEN BURNIE,Urology Clinic,0,,,,Vizient (MS1301),1600 Crain Hwy S Ste 503,4102668049
skipped-clinic,Urology Clinic,3577,AAU-RIDGELY UROLOGY,MD,ANNAPOLIS,Urology Clinic,0,,,,Vizient (MS1301),600 Ridgely Ave Ste 130,4102668049
skipped-clinic,Urology Clinic,3578,MID ATLANTIC UROLOGY ASSOC,MD,ANNAPOLIS,Urology Clinic,0,,,,"Vizient (MS1301), Premier (BT-NS-002)",127 Lubrano Dr Ste 105,4108971961
skipped-clinic,Urology Clinic,3579,FORE RIVER UROLOGY LLC,ME,PORTLAND,Urology Clinic,0,,,,Vizient (MS1301),21 Donald B Dean Dr Ste 1,2075186600
skipped-clinic,Urology Clinic,3580,PINES HEALTH CENTER & UROLOGY SERVICES,ME,CARIBOU,Urology Clinic,0,,,,Vizient (MS1301),74 Access Hwy,2074982359
skipped-clinic,Urology Clinic,3581,BRONSON UROLOGY - GULL RD (20-8191),MI,KALAMAZOO,Urology Clinic,0,,,,Vizient (MS1301),1535 Gull Rd Ste 150,2693416000
skipped-clinic,Urology Clinic,3582,MICHIGAN INSTITUTE OF UROLOGY PC - TRENTON,MI,TRENTON,Urology Clinic,0,,,,Vizient (MS1301),2128 W Jefferson Ave,7346764040
skipped-clinic,Urology Clinic,3583,MICHIGAN INSTITUTE OF UROLOGY PC - MACOMB TOW,MI,MACOMB TOWNSHIP,Urology Clinic,0,,,,Vizient (MS1301),17405 Hall Rd,5862280150
skipped-clinic,Urology Clinic,3584,MICHIGAN INSTITUTE OF UROLOGY PC - LAKE ORION,MI,LAKE ORION,Urology Clinic,0,,,,Vizient (MS1301),1455 S Lapeer Rd,2488146000
skipped-clinic,Urology Clinic,3585,UROLOGY ASSOCIATES - IRON MOUNTAIN,MI,IRON MOUNTAIN,Urology Clinic,0,,,,Vizient (MS1301),1005 S Hemlock St,9067748110
skipped-clinic,Urology Clinic,3586,COMPHNSVE UROLOGY OAKLAND,MI,WATERFORD,Urology Clinic,0,,,,Vizient (MS1301),3145 Dixie Hwy,2482486748
skipped-clinic,Urology Clinic,3587,COMP UROLOGY - MUZAMMIL M AHMED,MI,WESTLAND,Urology Clinic,0,,,,Vizient (MS1301),33545 Cherry Hill Rd,7345951166
skipped-clinic,Urology Clinic,3588,CASCADES UROLOGY,MI,JACKSON,Urology Clinic,0,,,,Vizient (MS1301),2800 Spring Arbor Rd,0
skipped-clinic,Urology Clinic,3589,CH MG SOUTH-LAKELAND UROLOGY ST JOSEPH,MI,SAINT JOSEPH,Urology Clinic,0,,,,Vizient (MS1301),815 St Joseph Dr,2696845447
skipped-clinic,Urology Clinic,3590,CH MG SOUTH-LAKELAND UROLOGY NILES,MI,NILES,Urology Clinic,0,,,,Vizient (MS1301),42 N St Joseph Ste 200,2696845447
skipped-clinic,Urology Clinic,3591,SHMG-DEPT 16 - GR UROLOGY,MI,GRAND RAPIDS,Urology Clinic,0,,,,Vizient (MS1301),4069 Lake Dr Se Ste 313,6167268345
skipped-clinic,Urology Clinic,3592,COMP UROLOGY,MI,ROSEVILLE,Urology Clinic,0,,,,Vizient (MS1301),18325 E 10 Mile Rd Ste 200,5867736300
skipped-clinic,Urology Clinic,3593,UOP - METROPOLITAN UROLOGY,MI,ALLEN PARK,Urology Clinic,0,,,,Vizient (MS1301),14801 Southfield Rd,3133869300
skipped-clinic,Urology Clinic,3594,UOP - ADVANCE UROLOGY,MI,WESTLAND,Urology Clinic,0,,,,Vizient (MS1301),8191 N Wayne Rd,7344226500
skipped-clinic,Urology Clinic,3595,NORTHERN INSTITUTE OF UROLOGY PC,MI,TRAVERSE CITY,Urology Clinic,0,,,,Vizient (MS1301),1020 6th St,2319350935
skipped-clinic,Urology Clinic,3596,ROCHESTER UROLOGY,MI,ROCHESTER HILLS,Urology Clinic,0,,,,Vizient (MS1301),1135 W University Dr Ste 470,2488504699
skipped-clinic,Urology Clinic,3597,ALPENA UROLOGY,MI,ALPENA,Urology Clinic,0,,,,Vizient (MS1301),321 Long Rapids Plz,9893564564
skipped-clinic,Urology Clinic,3598,BAY AREA UROLOGY ASSOCIATES PC,MI,TRAVERSE CITY,Urology Clinic,0,,,,Vizient (MS1301),3922 Cedar Run Rd,2319350322
skipped-clinic,Urology Clinic,3599,PROMEDICA PHYSICIANS GENITO-URINARY SURGEONS,MI,ADRIAN,Urology Clinic,0,,,,Vizient (MS1301),777 Kimole Ln Ste 230,0
skipped-clinic,Urology Clinic,3600,MICHIGAN UROLOGICAL CLINIC,MI,GRAND RAPIDS,Urology Clinic,0,,,,Vizient (MS1301),4047 Saladin Southeast,6169569577
skipped-clinic,Urology Clinic,3601,COMPREHENSIVE UROLOGY GARFIELD,MI,CLINTON TOWNSHIP,Urology Clinic,0,,,,Vizient (MS1301),37555 Garfield Rd,0
skipped-clinic,Urology Clinic,3602,MAIN UROLOGY,MI,FLINT,Urology Clinic,0,,,,Vizient (MS1301),2902 N Saginaw St,0
skipped-clinic,Urology Clinic,3603,IHA WEST ARBOR UROLOGY,MI,ANN ARBOR,Urology Clinic,0,,,,Vizient (MS1301),4350 Jackson Rd Ste 350,0
skipped-clinic,Urology Clinic,3604,WEST SHORE UROLOGY,MI,MUSKEGON,Urology Clinic,0,,,,Vizient (MS1301),1301 Mercy Drive,2317330550
skipped-clinic,Urology Clinic,3605,HEALTHCARE MIDWEST UROLOGY,MI,PAW PAW,Urology Clinic,0,,,,Vizient (MS1301),451 Health Pkwy,0
skipped-clinic,Urology Clinic,3606,UROLOGY HEALTH CENTER-CUMMINGS DOUGLAS M,MI,BAY CITY,Urology Clinic,0,,,,Vizient (MS1301),712 S Trumbull St,9898934351
skipped-clinic,Urology Clinic,3607,UROLOGY CLINIC OF SOUTHEAST MICHIGAN,MI,LIVONIA,Urology Clinic,0,,,,Vizient (MS1301),14555 Levan Rd Ste 309,7344625858
skipped-clinic,Urology Clinic,3608,UROLOGY SURGEONS PC,MI,GRAND RAPIDS,Urology Clinic,0,,,,Vizient (MS1301),1000 E Paris Ave Se Ste 230,6169494340
skipped-clinic,Urology Clinic,3609,MSU UROLOGY,MI,EAST LANSING,Urology Clinic,0,,,,Vizient (MS1301),2900 Hannah Blvd Ste 104,0
skipped-clinic,Urology Clinic,3610,THUNDERBAY UROLOGY,MI,ALPENA,Urology Clinic,0,,,,Vizient (MS1301),1065 Us Highway 23 N,0
skipped-clinic,Urology Clinic,3611,COMPREHENSIVE UROLOGY LAB,MI,ROYAL OAK,Urology Clinic,0,,,,Vizient (MS1301),31157 Woodward Ave,9186651011
skipped-clinic,Urology Clinic,3612,CAPITAL UROLOGICAL ASSOC,MI,OKEMOS,Urology Clinic,0,,,,Vizient (MS1301),2090 Jolly Rd Ste 150,5173493900
skipped-clinic,Urology Clinic,3613,IHA HURON VALLEY UROLOGY ASSOC,MI,YPSILANTI,Urology Clinic,0,,,,Vizient (MS1301),5333 Mcauley Dr Rm 3001,7347128100
skipped-clinic,Urology Clinic,3614,COMPHNSVE UROLOGY LAPEER,MI,LAPEER,Urology Clinic,0,,,,Vizient (MS1301),25 Millville Rd,8105382020
skipped-clinic,Urology Clinic,3615,COMP UROLOGY-HOWARD KORMAN,MI,FARMINGTON HILLS,Urology Clinic,0,,,,Vizient (MS1301),32255 Northwestern Hwy Ste 105,2485398931
skipped-clinic,Urology Clinic,3616,COMP UROLOGY - DARRYL REAUME DO,MI,WARREN,Urology Clinic,0,,,,Vizient (MS1301),28565 Schoenherr Rd,5865583000
skipped-clinic,Urology Clinic,3617,COMPHNSVE UROLOGY TROY,MI,STERLING HEIGHTS,Urology Clinic,0,,,,Vizient (MS1301),44344 Dequindre Rd Ste 310,5869973530
skipped-clinic,Urology Clinic,3618,COMP UROLOGY HOWARD KORMAN,MI,CANTON,Urology Clinic,0,,,,Vizient (MS1301),1600 S Canton Center Rd Ste 350,7345951166
skipped-clinic,Urology Clinic,3619,JACKSON UROLOGY ASSOCIATES,MI,JACKSON,Urology Clinic,0,,,,Vizient (MS1301),1010 Burr St,5177827474
skipped-clinic,Urology Clinic,3620,PINSON UROLOGY,MI,JACKSON,Urology Clinic,0,,,,Vizient (MS1301),744 W Michigan Ave Ste 300,5177680600
skipped-clinic,Urology Clinic,3621,MICHIGAN INSTITUTE OF UROLOGY PC - UTICA,MI,UTICA,Urology Clinic,0,,,,"Vizient (MS1301), Premier (BT-NS-002)",11051 Hall Rd Ste 200,5862545759
skipped-clinic,Urology Clinic,3622,MICHIGAN INSTITUTE OF UROLOGY PC - ST CLAIR S,MI,SAINT CLAIR SHORES,Urology Clinic,0,,,,"Vizient (MS1301), Premier (BT-NS-002)",20952 12 Mile Rd Ste 200,5867714820
skipped-clinic,Urology Clinic,3623,MICHIGAN INSTITUTE OF UROLOGY PC - NOVI,MI,NOVI,Urology Clinic,0,,,,"Vizient (MS1301), Premier (BT-NS-002)",25500 Meadowbrook Rd Ste 225,2484261300
skipped-clinic,Urology Clinic,3624,MICHIGAN INSTITUTE OF UROLOGY PC - MONROE BOU,MI,DEARBORN,Urology Clinic,0,,,,"Vizient (MS1301), Premier (BT-NS-002)",1637 Monroe Blvd,3132751700
skipped-clinic,Urology Clinic,3625,MICHIGAN INSTITUTE OF UROLOGY PC - MACOMB,MI,MACOMB,Urology Clinic,0,,,,"Vizient (MS1301), Premier (BT-NS-002)",15959 Hall Rd,5864125700
skipped-clinic,Urology Clinic,3626,MICHIGAN INSTITUTE OF UROLOGY PC - LIVONIA,MI,LIVONIA,Urology Clinic,0,,,,"Vizient (MS1301), Premier (BT-NS-002)",14800 Farmington Rd Ste 103,7342617401
skipped-clinic,Urology Clinic,3627,MICHIGAN INSTITUTE OF UROLOGY PC - WEST BLOOM,MI,WEST BLOOMFIELD,Urology Clinic,0,,,,"Vizient (MS1301), Premier (BT-NS-002)",2300 Haggerty Rd Ste 2000,2486219900
skipped-clinic,Urology Clinic,3628,MICHIGAN INSTITUTE OF UROLOGY PC - CLARKSTON,MI,CLARKSTON,Urology Clinic,0,,,,"Vizient (MS1301), Premier (BT-NS-002)",5701 Bow Pointe Dr Ste 250,2486206660
skipped-clinic,Urology Clinic,3629,LANSING INSTITUTE OF UROLOGY,MI,EAST LANSING,Urology Clinic,0,,,,"Vizient (MS1301), Premier (BT-NS-002)",1625 Ramblewood Dr,5173243707
skipped-clinic,Urology Clinic,3630,METROPOLITAN UROLOGY ASSOC,MI,ROCHESTER HILLS,Urology Clinic,0,,,,"Vizient (MS1301), Premier (BT-NS-002)",2450 Walton Blvd,2486500096
skipped-clinic,Urology Clinic,3631,UROLOGICAL SERVICES PC,MI,FLINT,Urology Clinic,0,,,,"Vizient (MS1301), Premier (BT-NS-002)",1121 W Hill Rd,8003312716
skipped-clinic,Urology Clinic,3632,COMP UROLOGY - GLENN BETRUS,MI,PORT HURON,Urology Clinic,0,,,,"Vizient (MS1301), Premier (BT-NS-002)",1037 Water St Ste 1,8109844194
skipped-clinic,Urology Clinic,3633,COMPHNSVE UROLOGY MILFORD,MI,MILFORD,Urology Clinic,0,,,,"Vizient (MS1301), Premier (BT-NS-002)",1435 N Milford Rd Ste 201,2486762503
skipped-clinic,Urology Clinic,3634,MINNESOTA UROLOGY - BROOKLYN PARK,MN,MINNEAPOLIS,Urology Clinic,0,,,,Vizient (MS1301),6001 96th Ln N Ste 250,6519996800
skipped-clinic,Urology Clinic,3635,MINNESOTA UROLOGY - BUSINESS OFFICE,MN,BLOOMINGTON,Urology Clinic,0,,,,Vizient (MS1301),3001 Metro Dr Ste 460,0
skipped-clinic,Urology Clinic,3636,MINNESOTA UROLOGY-UA ANW -WEST HLTH BLG,MN,PLYMOUTH,Urology Clinic,0,,,,Vizient (MS1301),2855 Campus Dr Ste 650,7632703400
skipped-clinic,Urology Clinic,3637,MINNESOTA UROLOGY-UNITY PROFESSIONAL BUILDING,MN,FRIDLEY,Urology Clinic,0,,,,Vizient (MS1301),500 Osborne Rd Ne Ste 120,6519996800
skipped-clinic,Urology Clinic,3638,MINNESOTA UROLOGY-HEALTHEAST BUILDING,MN,MAPLEWOOD,Urology Clinic,0,,,,Vizient (MS1301),2945 Hazelwood St Ste 220,6519996896
skipped-clinic,Urology Clinic,3639,MINNESOTA UROLOGY,MN,WOODBURY,Urology Clinic,0,,,,Vizient (MS1301),6025 Lake Rd Ste 200,6519996800
skipped-clinic,Urology Clinic,3640,MINNESOTA UROLOGY-OAKDALE MED BLDG,MN,ROBBINSDALE,Urology Clinic,0,,,,"Vizient (MS1301), Premier (BT-NS-002)",3366 Oakdale Ave N Ste 303,7635207700
skipped-clinic,Urology Clinic,3641,UROLOGY SPEICIALISTS,MN,WORTHINGTON,Urology Clinic,0,,,,"Vizient (MS1301), Premier (BT-NS-002)",616 11th St,5073766143
skipped-clinic,Urology Clinic,3642,ST LOUIS UROLOGICAL SURGEONS,MO,CHESTERFIELD,Urology Clinic,0,,,,Vizient (MS1301),224 S Woods Mill Rd 510,3144343433
skipped-clinic,Urology Clinic,3643,CAPE GIRARDEAU UROLOGY ASSOCIATES,MO,CAPE GIRARDEAU,Urology Clinic,0,,,,Vizient (MS1301),3 Doctors Park,7533347748
skipped-clinic,Urology Clinic,3644,KANSAS CITY UROLOGY CARE PA NKC,MO,NORTH KANSAS CITY,Urology Clinic,0,,,,Vizient (MS1301),1950 Diamond Pkwy Ste 200,8168426717
skipped-clinic,Urology Clinic,3645,KANSAS CITY UROLOGY CARE PA - LS,MO,LEES SUMMIT,Urology Clinic,0,,,,Vizient (MS1301),301 Ne Mulberry St Ste 200,8165241007
skipped-clinic,Urology Clinic,3646,KANSAS CITY UROLOGY CARE PA - PLAZA,MO,KANSAS CITY,Urology Clinic,0,,,,Vizient (MS1301),4321 Washington Ste 5300,8165311234
skipped-clinic,Urology Clinic,3647,SSMMG UROLOGY WARRENTON,MO,WARRENTON,Urology Clinic,0,,,,Vizient (MS1301),18800 Schnucks Dr Ste B,0
skipped-clinic,Urology Clinic,3648,WESTBROOK DIALYSIS,MO,CAPE GIRARDEAU,Urology Clinic,0,,,,Vizient (MS1301),140 West Dr,5738032728
skipped-clinic,Urology Clinic,3649,UROLOGY OF STL - NEUROSURGERY,MO,SAINT PETERS,Urology Clinic,0,,,,Vizient (MS1301),5301 Veterans Memorial Pkwy Ste 105,0
skipped-clinic,Urology Clinic,3650,DR FRANK BRAXTON,MO,CAPE GIRARDEAU,Urology Clinic,0,,,,Vizient (MS1301),1349 N Mount Auburn Rd,5733349564
skipped-clinic,Urology Clinic,3651,METROPOLITAN UROLOGICAL SPECIALISTS CHRISTIAN HOSPITAL NORTHEAST,MO,FLORISSANT,Urology Clinic,0,,,,Vizient (MS1301),215 Dunn Rd Ste B,3143159917
skipped-clinic,Urology Clinic,3652,KCUC CLINTON,MO,CLINTON,Urology Clinic,0,,,,Vizient (MS1301),1715 E Ohio St,0
skipped-clinic,Urology Clinic,3653,UROLOGY OF STL - MCKELVEY,MO,BRIDGETON,Urology Clinic,0,,,,Vizient (MS1301),3165 McKelvey Rd Ste 102,0
skipped-clinic,Urology Clinic,3654,WASH U SURGERY PEDS UROLOGY,MO,SAINT LOUIS,Urology Clinic,0,,,,Vizient (MS1301),425 S Euclid Ave,3149355649
skipped-clinic,Urology Clinic,3655,CMH UROLOGICAL CLINIC - DOUGLAS MEDICAL CENTER,MO,BOLIVAR,Urology Clinic,0,,,,Vizient (MS1301),1155 W Parkview St Ste 2c,4173262550
skipped-clinic,Urology Clinic,3656,AUA-UROLOGY AT NATIONAL LLC,MO,SPRINGFIELD,Urology Clinic,0,,,,Vizient (MS1301),730 E Lakewood St,4178238700
skipped-clinic,Urology Clinic,3657,AUA-CENTRAL MO UROLOGY CLINIC,MO,ROLLA,Urology Clinic,0,,,,Vizient (MS1301),1428 E State Route 72,5733641014
skipped-clinic,Urology Clinic,3658,ADVANCED UROLOGIC ASSOCIATES-BLUE SPRINGS,MO,BLUE SPRINGS,Urology Clinic,0,,,,Vizient (MS1301),600 Ne Adams Dairy Pkwy Ste 110,8169325100
skipped-clinic,Urology Clinic,3659,WASH U/UROLOGICAL,MO,ST LOUIS,Urology Clinic,0,,,,Vizient (MS1301),1040 N Mason Rd Ste 122,3149355649
skipped-clinic,Urology Clinic,3660,SOUTH COUNTY UROLOGICAL-HAWATMEH ABRAHAM S,MO,SAINT LOUIS,Urology Clinic,0,,,,Vizient (MS1301),12345 W Bend Dr Ste 200,3148438000
skipped-clinic,Urology Clinic,3661,ACCENT UROLOGY-STILL III RICHARD H,MO,SAINT LOUIS,Urology Clinic,0,,,,Vizient (MS1301),2355 Dougherty Ferry Rd Ste 410,3149664992
skipped-clinic,Urology Clinic,3662,UROLOGY CENTER OF ST JOSEPH,MO,SAINT JOSEPH,Urology Clinic,0,,,,Vizient (MS1301),802 N Riverside Rd Ste 315,8162711260
skipped-clinic,Urology Clinic,3663,SPECIALISTS IN UROLOGY,MO,LAKE SAINT LOUIS,Urology Clinic,0,,,,Vizient (MS1301),10890 Veterans Memorial Pkwy,6365616801
skipped-clinic,Urology Clinic,3664,PHOENIX UROLOGY OF ST JOSEPH INC,MO,SAINT JOSEPH,Urology Clinic,0,,,,Vizient (MS1301),901 Heartland Rd Ste 1800,0
skipped-clinic,Urology Clinic,3665,SITEMAN SOUTH COUNTY UROLOGY,MO,SAINT LOUIS,Urology Clinic,0,,,,Vizient (MS1301),5225 Midamerica Plaza,3147475704
skipped-clinic,Urology Clinic,3666,ADVANCED UROLOGIC ASSOCIATES NORTH,MO,INDEPENDENCE,Urology Clinic,0,,,,Vizient (MS1301),17525 Medical Center Pkwy,8162515100
skipped-clinic,Urology Clinic,3667,FREEMAN UROLOGY ASSOCIATES,MO,JOPLIN,Urology Clinic,0,,,,Vizient (MS1301),3302 Mcintosh Cir Ste 2,4173473703
skipped-clinic,Urology Clinic,3668,UROLOGY MIDWEST,MO,SEDALIA,Urology Clinic,0,,,,Vizient (MS1301),1715 S Lafayette Ave,6608267077
skipped-clinic,Urology Clinic,3669,METROPOLITAN UROLOGICAL SPEC,MO,CHESTERFIELD,Urology Clinic,0,,,,Vizient (MS1301),207 Chesterfield Towne Ctr,3143159905
skipped-clinic,Urology Clinic,3670,HICKMAN MILLS CLINIC,MO,GRANDVIEW,Urology Clinic,0,,,,"Vizient (MS1301), Premier (BT-NS-002)",7201 E 147th St,0
skipped-clinic,Urology Clinic,3671,MISSISSIPPI COAST UROLOGY PLLC,MS,OCEAN SPRINGS,Urology Clinic,0,,,,Vizient (MS1301),1124 Oakleigh Rd,2288753778
skipped-clinic,Urology Clinic,3672,GREENWOOD UROLOGY CLINIC,MS,GREENWOOD,Urology Clinic,0,,,,Vizient (MS1301),205 8th St,6624536732
skipped-clinic,Urology Clinic,3673,NEW ALBANY UROLOGY,MS,NEW ALBANY,Urology Clinic,0,,,,Vizient (MS1301),303 J H Phillips Ln,6625390233
skipped-clinic,Urology Clinic,3674,UNIV PHYS - UROLOGY AT SPECIALTY SELECT,MS,JACKSON,Urology Clinic,0,,,,Vizient (MS1301),5903 Ridgewood Rd Ste 420,6019846440
skipped-clinic,Urology Clinic,3675,UROLOGY ASSOCIATES LAB,MS,OCEAN SPRINGS,Urology Clinic,0,,,,Vizient (MS1301),1153 Ocean Springs Rd,0
skipped-clinic,Urology Clinic,3676,OXFORD UROLOGY ASSOCIATES,MS,OXFORD,Urology Clinic,0,,,,Vizient (MS1301),1201 Medical Park Dr,6622345100
skipped-clinic,Urology Clinic,3677,SOUTHERN UROLOGY PA,MS,HATTIESBURG,Urology Clinic,0,,,,Vizient (MS1301),139 Fairfield Dr,0
skipped-clinic,Urology Clinic,3678,UROLOGY PROFESSIONAL ASSOCIATION,MS,TUPELO,Urology Clinic,0,,,,Vizient (MS1301),499 Gloster Creek Vlg,6623777100
skipped-clinic,Urology Clinic,3679,OXFORD UROLOGY ASSOCIATES-RENFROE DOYLE L MD,MS,OXFORD,Urology Clinic,0,,,,Vizient (MS1301),2168 S Lamar Blvd,6622341448
skipped-clinic,Urology Clinic,3680,CLARKSDALE UROLOGY CLINIC-WELDON THOMAS E MD,MS,CLARKSDALE,Urology Clinic,0,,,,Vizient (MS1301),785 Ohio Ave Ste 3e,6626245621
skipped-clinic,Urology Clinic,3681,UROLOGY ASSOCIATES OF MISSISSIPPI,MS,FLOWOOD,Urology Clinic,0,,,,Vizient (MS1301),294 E Layfair,6019364645
skipped-clinic,Urology Clinic,3682,UNIVERSITY PHYSICIANS-UROLOGY,MS,FLOWOOD,Urology Clinic,0,,,,Vizient (MS1301),1010 Lakeland Place,6019846440
skipped-clinic,Urology Clinic,3683,STARKVILLE UROLOGY PLLC,MS,STARKVILLE,Urology Clinic,0,,,,Vizient (MS1301),104 Doctors Park,6623241097
skipped-clinic,Urology Clinic,3684,SOUTHEAST UROLOGY NETWORK,MS,SOUTHAVEN,Urology Clinic,0,,,,"Vizient (MS1301), Premier (BT-NS-002)",7420 Guthrie Dr N Ste 111,0
skipped-clinic,Urology Clinic,3685,GALLATIN UROLOGY & AVIATION MEDICINE,MT,BOZEMAN,Urology Clinic,0,,,,"Vizient (MS1301), Premier (BT-NS-002)",2002 N 22nd Ave Ste 1,4065512306
skipped-clinic,Urology Clinic,3686,FIVE VALLEYS UROLOGY,MT,MISSOULA,Urology Clinic,0,,,,"Vizient (MS1301), Premier (BT-NS-002)",2875 Tina Ave Ste 101,4067283366
skipped-clinic,Urology Clinic,3687,UROLOGY ASSOC OF THE ALBEMARLE,NC,ELIZABETH CITY,Urology Clinic,0,,,,Vizient (MS1301),1134 N Rd St Ste 8,2523350976
skipped-clinic,Urology Clinic,3688,SALISBURY UROLOGY,NC,SALISBURY,Urology Clinic,0,,,,Vizient (MS1301),911 W Henderson St Ste 110,7046339441
skipped-clinic,Urology Clinic,3689,PHC - UROLOGY,NC,STATESVILLE,Urology Clinic,0,,,,Vizient (MS1301),730 Hartness Rd,7048731777
skipped-clinic,Urology Clinic,3690,BOONE UROLOGY CENTER P A,NC,BOONE,Urology Clinic,0,,,,Vizient (MS1301),935 State Farm Rd,8282645150
skipped-clinic,Urology Clinic,3691,DUKE UROLOGY OF RALEIGH,NC,DURHAM,Urology Clinic,0,,,,Vizient (MS1301),324 Blackwell St Ste 800,9198625600
skipped-clinic,Urology Clinic,3692,BENNETT UROLOGY,NC,WILMINGTON,Urology Clinic,0,,,,Vizient (MS1301),2512 Delaney Ave,9107636257
skipped-clinic,Urology Clinic,3693,ATLANTIC UROLOGY -BRUNSWICK,NC,LELAND,Urology Clinic,0,,,,Vizient (MS1301),1333 S Dickson Dr Ste 230,9102541033
skipped-clinic,Urology Clinic,3694,ROCKINGHAM UROLOGY,NC,REIDSVILLE,Urology Clinic,0,,,,Vizient (MS1301),1818 Richardson Dr Suite F,3363424791
skipped-clinic,Urology Clinic,3695,ALLIANCE UROLOGY SPECIALISTS,NC,GREENSBORO,Urology Clinic,0,,,,Vizient (MS1301),509 N Elam Ave Fl 2,3362741114
skipped-clinic,Urology Clinic,3696,CAROLINAS CENTER FOR SURGERY - UROLOGY DIVISI,NC,MOREHEAD CITY,Urology Clinic,0,,,,Vizient (MS1301),221 B Professional Cir,2522472101
skipped-clinic,Urology Clinic,3697,VIDANT UROLOGY - WASHINGTON,NC,WASHINGTON,Urology Clinic,0,,,,Vizient (MS1301),1202 Brown St,2529460136
skipped-clinic,Urology Clinic,3698,HERITAGE UROLOGY-745800,NC,TARBORO,Urology Clinic,0,,,,Vizient (MS1301),2704 N Main St Ste B,2526418660
skipped-clinic,Urology Clinic,3699,NEW BERN UROLOGY CLINIC INC,NC,NEW BERN,Urology Clinic,0,,,,Vizient (MS1301),705 Newman Rd,2526332712
skipped-clinic,Urology Clinic,3700,WPP CAPITAL UROLOGY,NC,RALEIGH,Urology Clinic,0,,,,Vizient (MS1301),23 Sunnybrook Rd Ste 310,9195261717
skipped-clinic,Urology Clinic,3701,UROLOGY SPECIALIST OF THE CAROLINAS,NC,CHARLOTTE,Urology Clinic,0,,,,Vizient (MS1301),1918 Randolph Rd Ste 400,7043378385
skipped-clinic,Urology Clinic,3702,NH UROLOGY PARTNERS-WS,NC,WINSTON SALEM,Urology Clinic,0,,,,Vizient (MS1301),2010 Baldwin Ln,0
skipped-clinic,Urology Clinic,3703,CAROLINA UROLOGICAL ASSOCIATES-WS,NC,WINSTON SALEM,Urology Clinic,0,,,,Vizient (MS1301),140 Kimel Park Dr,3362452131
skipped-clinic,Urology Clinic,3704,CARY UROLOGY PA,NC,CARY,Urology Clinic,0,,,,Vizient (MS1301),105 Sw Cary Pkwy,9194673203
skipped-clinic,Urology Clinic,3705,MAPLEWOOD UROLOGICAL ASSOCIATES PA,NC,WINSTON SALEM,Urology Clinic,0,,,,Vizient (MS1301),1806 S Hawthorne Rd Ste 200,3367680735
skipped-clinic,Urology Clinic,3706,BLUE RIDGE - UROLOGY - VALDESE,NC,RUTHERFORD COLLEGE,Urology Clinic,0,,,,Vizient (MS1301),730 Malcolm Blvd,8285807962
skipped-clinic,Urology Clinic,3707,PIEDMONT UROLOGY ASSOCIATES PA - CHARLOTTE,NC,CHARLOTTE,Urology Clinic,0,,,,Vizient (MS1301),12610 N Community House Rd Ste 100,7047523730
skipped-clinic,Urology Clinic,3708,DAVIS UROLOGY,NC,YADKINVILLE,Urology Clinic,0,,,,Vizient (MS1301),624 W Main St,3366796785
skipped-clinic,Urology Clinic,3709,PIEDMONT UROLOGY ASSOCIATES PA,NC,GASTONIA,Urology Clinic,0,,,,Vizient (MS1301),924 Cox Rd,7048690075
skipped-clinic,Urology Clinic,3710,CORNERSTONE UROLOGY,NC,HIGH POINT,Urology Clinic,0,,,,Vizient (MS1301),4515 Premier Dr Ste 308,3368022090
skipped-clinic,Urology Clinic,3711,AUA-SAI UROLOGY,NC,ROANOKE RAPIDS,Urology Clinic,0,,,,Vizient (MS1301),117 Professional Dr,2523086889
skipped-clinic,Urology Clinic,3712,CAROLINA UROLOGY PARTNERS - CUP-DENVER,NC,DENVER,Urology Clinic,0,,,,Vizient (MS1301),269 Gillman Rd,0
skipped-clinic,Urology Clinic,3713,NH UROLOGY-KMC MOB2,NC,KERNERSVILLE,Urology Clinic,0,,,,Vizient (MS1301),1730 Kernersville Medical Pkwy Ste 303,8773087101
skipped-clinic,Urology Clinic,3714,PIEDMONT UROLOGICAL ASSOCIATES,NC,HIGH POINT,Urology Clinic,0,,,,Vizient (MS1301),217 Gatewood Ave,0
skipped-clinic,Urology Clinic,3715,UROLOGY CENTER-SITE 2,NC,GREENSBORO,Urology Clinic,0,,,,Vizient (MS1301),200 E Northwood St Ste 520,3362756115
skipped-clinic,Urology Clinic,3716,MOHAMED & LIPPITT UROLOGY,NC,SMITHFIELD,Urology Clinic,0,,,,Vizient (MS1301),712 Wilkins St Ste B,0
skipped-clinic,Urology Clinic,3717,WAKE SPECIALTY PHYSICIANS - UROLOGY - KNIGHTDALE,NC,KNIGHTDALE,Urology Clinic,0,,,,Vizient (MS1301),6905 Knightdale Blvd Ste 102,9193507330
skipped-clinic,Urology Clinic,3718,UNC UROLOGY AT HILLSBOROUGH,NC,HILLSBOROUGH,Urology Clinic,0,,,,Vizient (MS1301),460 Waterstone Dr Fl 3,9195955927
skipped-clinic,Urology Clinic,3719,PIEDMONT HEALTHCARE UROLOGY,NC,STATESVILLE,Urology Clinic,0,,,,Vizient (MS1301),208 Old Mocksville Road,7048388250
skipped-clinic,Urology Clinic,3720,CAROLINA UROLOGY PARTNERS,NC,MONROE,Urology Clinic,0,,,,Vizient (MS1301),1428 Ellen St,0
skipped-clinic,Urology Clinic,3721,ONSLOW UROLOGY CLINIC,NC,JACKSONVILLE,Urology Clinic,0,,,,Vizient (MS1301),200 Doctors Dr Ste C,0
skipped-clinic,Urology Clinic,3722,KINSTON UROLOGY,NC,KINSTON,Urology Clinic,0,,,,Vizient (MS1301),Kinston Clinic North Building L,2525273043
skipped-clinic,Urology Clinic,3723,ATLANTIC UROLOGY-ABRAHAM VICTOR E,NC,WILMINGTON,Urology Clinic,0,,,,Vizient (MS1301),1606 Physicians Dr Ste 102,9103628765
skipped-clinic,Urology Clinic,3724,COASTAL UROLOGY-ABRAHAM VICTOR E MD,NC,WILMINGTON,Urology Clinic,0,,,,Vizient (MS1301),1099 Medical Center Dr Ste 101,9102549995
skipped-clinic,Urology Clinic,3725,UROLOGY SPECIALISTS OF THE CAROLINAS,NC,CHARLOTTE,Urology Clinic,0,,,,Vizient (MS1301),201 Queens Rd,7043725180
skipped-clinic,Urology Clinic,3726,UROLOGY SPECIALISTS OF THE CAROLINAS PLCC,NC,CHARLOTTE,Urology Clinic,0,,,,Vizient (MS1301),1518 E 3rd St Ste 150,7043702076
skipped-clinic,Urology Clinic,3727,FOOTHILLS UROLOGY PA,NC,RUTHERFORDTON,Urology Clinic,0,,,,Vizient (MS1301),141 Tryon Rd Ste B,8282880880
skipped-clinic,Urology Clinic,3728,UNION UROLOGY-SOWDEN RG,NC,MONROE,Urology Clinic,0,,,,Vizient (MS1301),1503 E Franklin St,7042895402
skipped-clinic,Urology Clinic,3729,EDENTON UROLOGY CLINIC-REYNOLDS JOEL C MD,NC,EDENTON,Urology Clinic,0,,,,Vizient (MS1301),210 N Broad St,2524821606
skipped-clinic,Urology Clinic,3730,GREENVILLE UROLOGY CLINIC,NC,GREENVILLE,Urology Clinic,0,,,,Vizient (MS1301),2 Doctors Park Ste 2,2527525077
skipped-clinic,Urology Clinic,3731,ASHEBORO UROLOGY CLINIC,NC,ASHEBORO,Urology Clinic,0,,,,Vizient (MS1301),610 N Fayetteville St Ste 111,8008452454
skipped-clinic,Urology Clinic,3732,BLUE MOUNTAIN UROLOGY PLLC,NC,CLYDE,Urology Clinic,0,,,,Vizient (MS1301),15 Brettwood Trace,8284529700
skipped-clinic,Urology Clinic,3733,FAYETTEVILLE UROLOGY ASSOCIATES,NC,FAYETTEVILLE,Urology Clinic,0,,,,Vizient (MS1301),1786 Metromedical Drive,9104858151
skipped-clinic,Urology Clinic,3734,DURHAM UROLOGY ASSOCIATES,NC,DURHAM,Urology Clinic,0,,,,Vizient (MS1301),205 Frasier St,9194777003
skipped-clinic,Urology Clinic,3735,WAYNE UROLOGICAL ASSOC PA-KASPAR JOHN MD,NC,GOLDSBORO,Urology Clinic,0,,,,Vizient (MS1301),1112 Gracie Pl,9197351635
skipped-clinic,Urology Clinic,3736,UROLOGY PARTNERS (KERNERSVILLE),NC,KERNERSVILLE,Urology Clinic,0,,,,Vizient (MS1301),291 Broad St,3362771717
skipped-clinic,Urology Clinic,3737,UROLOGY PARTNERS (ADVANCE),NC,ADVANCE,Urology Clinic,0,,,,Vizient (MS1301),121 Medical Dr,3362771717
skipped-clinic,Urology Clinic,3738,NH DAVIDSON UROLOGY-LEXINGTON,NC,LEXINGTON,Urology Clinic,0,,,,Vizient (MS1301),106 W Medical Park Dr Ste A,3362484413
skipped-clinic,Urology Clinic,3739,UROLOGY PARTNERS KIMEL PARK,NC,WINSTON-SALEM,Urology Clinic,0,,,,Vizient (MS1301),180 Kimel Park Dr Ste 110,0
skipped-clinic,Urology Clinic,3740,NH CAROLINA UROLOGICAL-KING,NC,KING,Urology Clinic,0,,,,Vizient (MS1301),167 Moore Rd Ste 100,8773087101
skipped-clinic,Urology Clinic,3741,SCOTLAND UROLOGY PA,NC,LAURINBURG,Urology Clinic,0,,,,Vizient (MS1301),1603 C Medical Drive,9102778636
skipped-clinic,Urology Clinic,3742,EASTERN UROLOGICAL ASSOC PA,NC,GREENVILLE,Urology Clinic,0,,,,Vizient (MS1301),275 Bethesda Dr,0
skipped-clinic,Urology Clinic,3743,UNC UROLOGY AT LENOIR,NC,KINSTON,Urology Clinic,0,,,,Vizient (MS1301),701 Doctors Dr Ste L,2527755999
skipped-clinic,Urology Clinic,3744,PSC - UROLOGY,NC,PINEHURST,Urology Clinic,0,,,,Vizient (MS1301),5 First Village Dr Fl 1,9102359794
skipped-clinic,Urology Clinic,3745,YADKIN VALLEY UROLOGY,NC,ELKIN,Urology Clinic,0,,,,Vizient (MS1301),200 Johnson Ridge Medical Park,3365260040
skipped-clinic,Urology Clinic,3746,WPP UROLOGY CARY,NC,CARY,Urology Clinic,0,,,,Vizient (MS1301),218 Asheville Ave Ste 10,9197905511
skipped-clinic,Urology Clinic,3747,ALLERGY PARTNERS OF WNC - FRANKLIN,NC,FRANKLIN,Urology Clinic,0,,,,Vizient (MS1301),56 Medical Park Dr Ste 204,8283694283
skipped-clinic,Urology Clinic,3748,ROCKY MOUNT UROLOGY ASSOCIATES,NC,ROCKY MOUNT,Urology Clinic,0,,,,Vizient (MS1301),180 Foy Dr,2524433136
skipped-clinic,Urology Clinic,3749,WPP GARNER UROLOGY,NC,GARNER,Urology Clinic,0,,,,Vizient (MS1301),400 Us Hwy 70 E Ste 202,9193507330
skipped-clinic,Urology Clinic,3750,PSC SANFORD UROLOGY,NC,SANFORD,Urology Clinic,0,,,,Vizient (MS1301),1818 Doctors Dr,9102359794
skipped-clinic,Urology Clinic,3751,ALAMANCE UROLOGICAL,NC,BURLINGTON,Urology Clinic,0,,,,Vizient (MS1301),841 Heather Rd,3362297776
skipped-clinic,Urology Clinic,3752,PIEDMONT UROLOGY PLLC,NC,NORTH WILKESBORO,Urology Clinic,0,,,,Vizient (MS1301),200 W Park Cir Ste A,3368385655
skipped-clinic,Urology Clinic,3753,WILSON UROLOGY,NC,WILSON,Urology Clinic,0,,,,Vizient (MS1301),2509 Wooten Blvd Sw,2522435511
skipped-clinic,Urology Clinic,3754,ONSLOW UROLOGY ASSOCIATES,NC,JACKSONVILLE,Urology Clinic,0,,,,"Vizient (MS1301), Premier (BT-NS-002)",52 Office Park Dr Ste B,3367185000
skipped-clinic,Urology Clinic,3755,AFFORDABLE HEALTH CARE,NC,WASHINGTON,Urology Clinic,0,,,,"Vizient (MS1301), Premier (BT-NS-002)",1314 Highland Dr,0
skipped-clinic,Urology Clinic,3756,NH DAVIDSON UROLOGY-THOMASVILL,NC,LEXINGTON,Urology Clinic,0,,,,"Vizient (MS1301), Premier (BT-NS-002)",1977 Cotton Grove Rd,3362433000
skipped-clinic,Urology Clinic,3757,UROLOGY CENTER - MIDLANDS,NE,PAPILLION,Urology Clinic,0,,,,Vizient (MS1301),401 E Gold Coast Rd,4025925567
skipped-clinic,Urology Clinic,3758,UROLOGY CENTER - VILLAGE POINTE,NE,OMAHA,Urology Clinic,0,,,,Vizient (MS1301),304 N 179th St Ste 206,4023304474
skipped-clinic,Urology Clinic,3759,UROLOGICAL ASSOCIATION OF GRAND ISLAND,NE,GRAND ISLAND,Urology Clinic,0,,,,Vizient (MS1301),620 North Alpha,3083810473
skipped-clinic,Urology Clinic,3760,NEBRASKA UROLOGY CENTER PC,NE,MCCOOK,Urology Clinic,0,,,,Vizient (MS1301),1401 E H St Ste B,4024625109
skipped-clinic,Urology Clinic,3761,ADULT & PEDIATRIC UROLOGY PC,NE,OMAHA,Urology Clinic,0,,,,Vizient (MS1301),10707 Pacific St Ste 101,4023977989
skipped-clinic,Urology Clinic,3762,NORTH PLATTE REGIONAL UROLOGY-GALLENTINE MICHAEL,NE,NORTH PLATTE,Urology Clinic,0,,,,Vizient (MS1301),611 W Francis St Ste 230,3085321329
skipped-clinic,Urology Clinic,3763,SURGERY & UROLOGY,NE,OMAHA,Urology Clinic,0,,,,Vizient (MS1301),5647 Doc Bldg,4025594017
skipped-clinic,Urology Clinic,3764,UROLOGY ASSOCIATES OF MONADNOCK REGION,NH,KEENE,Urology Clinic,0,,,,Vizient (MS1301),117 Main St,6033523700
skipped-clinic,Urology Clinic,3765,MANCHESTER UROLOGY ASSOC AT DOVER,NH,DOVER,Urology Clinic,0,,,,Vizient (MS1301),10 Members Way Ste 402,0
skipped-clinic,Urology Clinic,3766,ATLANTIC UROLOGY ASSOCIATION,NH,PORTSMOUTH,Urology Clinic,0,,,,Vizient (MS1301),200 Griffin Rd Ste 14,6034313388
skipped-clinic,Urology Clinic,3767,GATEWAY UROLOGY - PORTSMOUTH,NH,PORTSMOUTH,Urology Clinic,0,,,,Vizient (MS1301),875 Greenland Rd Bldg 3,6034368601
skipped-clinic,Urology Clinic,3768,GATEWAY UROLOGY - DOVER,NH,DOVER,Urology Clinic,0,,,,Vizient (MS1301),17 Old Rollinsford Rd Bldg Doctors,6037425011
skipped-clinic,Urology Clinic,3769,GARDEN STATE UROLOGY (PEDS),NJ,MORRISTOWN,Urology Clinic,0,,,,Vizient (MS1301),101 Madison Ave Ste 305,0
skipped-clinic,Urology Clinic,3770,COLUMBIA UNIV DEPT OF UROLOGY,NJ,ENGLEWOOD,Urology Clinic,0,,,,Vizient (MS1301),350 Engle St Fl 5,2018943690
skipped-clinic,Urology Clinic,3771,ESSEX HUDSON UROLOGY ASSOC,NJ,LYNDHURST,Urology Clinic,0,,,,Vizient (MS1301),464 Valley Brook Ave Unit 1,2019330075
skipped-clinic,Urology Clinic,3772,UROLOGY GROUP OF PRINCETON PA,NJ,PRINCETON,Urology Clinic,0,,,,Vizient (MS1301),134 Stanhope St,6099246487
skipped-clinic,Urology Clinic,3773,UROLOGY CARE OF NEW JERSEY,NJ,EDISON,Urology Clinic,0,,,,Vizient (MS1301),4 Progress St Ste A9,9175974572
skipped-clinic,Urology Clinic,3774,DELAWARE VALLEY UROLOGY,NJ,MOUNT LAUREL,Urology Clinic,0,,,,Vizient (MS1301),10000 Midlantic Dr Ste 420e,8569858000
skipped-clinic,Urology Clinic,3775,UNIVERSITY UROLOGY ASSOCIATES OF NJ-LAKEWOOD,NJ,LAKEWOOD,Urology Clinic,0,,,,Vizient (MS1301),900 Rt 70,7329285300
skipped-clinic,Urology Clinic,3776,UNIVERSITY UROLOGY ASSOCIATES OF NJ-JACKSON,NJ,JACKSON,Urology Clinic,0,,,,Vizient (MS1301),1021 W Commodore Blvd,7329285300
skipped-clinic,Urology Clinic,3777,MERCER UROLOGY ASSOCIATES-TRENTON,NJ,TRENTON,Urology Clinic,0,,,,Vizient (MS1301),416 Bellevue Ave Ste 407,6093932045
skipped-clinic,Urology Clinic,3778,PREMIER UROLOGY ASSOCIATES LLC,NJ,LAWRENCEVILLE,Urology Clinic,0,,,,Vizient (MS1301),3131 Princeton Pike Bldg 4 Ste 212,6098962950
skipped-clinic,Urology Clinic,3779,NEW JERSERY UROLOGY,NJ,ROSELLE,Urology Clinic,0,,,,Vizient (MS1301),776 E 3rd Ave,9082415268
skipped-clinic,Urology Clinic,3780,UROLOGY GROUP OF PRINCETON PA-2650 ROUTE,NJ,CRANBURY,Urology Clinic,0,,,,Vizient (MS1301),2650 Rt 130 Ste F,6099246487
skipped-clinic,Urology Clinic,3781,OCEAN RENAL ASSOCIATES PA,NJ,BRICK,Urology Clinic,0,,,,Vizient (MS1301),1617 Rt 88 W,7324585854
skipped-clinic,Urology Clinic,3782,MARTIN R CURLIK MD PA,NJ,WESTFIELD,Urology Clinic,0,,,,Vizient (MS1301),138 S Euclid Ave,9086546366
skipped-clinic,Urology Clinic,3783,JERSEY UROLOGY GROUP,NJ,GALLOWAY,Urology Clinic,0,,,,Vizient (MS1301),4 E Jimmie Leeds Rd Ste 1,6097485100
skipped-clinic,Urology Clinic,3784,MEDICAL DIAGNOSTIC ASSOCIATES PA- CHATHAM,NJ,CHATHAM,Urology Clinic,0,,,,Vizient (MS1301),384 Shunpike Rd,9733772400
skipped-clinic,Urology Clinic,3785,ESSEX HUDSON UROLOGY,NJ,JERSEY CITY,Urology Clinic,0,,,,Vizient (MS1301),414 Grand St Ste 14,2019152855
skipped-clinic,Urology Clinic,3786,APG UROLOGY CMCH,NJ,CAPE MAY COURT HOUSE,Urology Clinic,0,,,,Vizient (MS1301),3 Broadway,6094072300
skipped-clinic,Urology Clinic,3787,APG UROLOGY MANAHAWKIN,NJ,MANAHAWKIN,Urology Clinic,0,,,,Vizient (MS1301),517 Route 72 W Ste A,6094072300
skipped-clinic,Urology Clinic,3788,APG UROLOGY LINWOOD,NJ,LINWOOD,Urology Clinic,0,,,,Vizient (MS1301),2110 New Rd Fl 1,6094072300
skipped-clinic,Urology Clinic,3789,RWJBH UROLOGIC ASSOCIATES,NJ,BRICK,Urology Clinic,0,,,,Vizient (MS1301),1696 NJ 88,7329037655
skipped-clinic,Urology Clinic,3790,RUTGERS HEALTH AT MONROE UROLOGY,NJ,MONROE TOWNSHIP,Urology Clinic,0,,,,Vizient (MS1301),18 Centre Dr Ste 104,8887247123
skipped-clinic,Urology Clinic,3791,BRAGA UROLOGIC - PSA,NJ,CAPE MAY COURT HOUST,Urology Clinic,0,,,,Vizient (MS1301),106 Court House S Dennis Rd Bldg 200 Ste 201,0
skipped-clinic,Urology Clinic,3792,UROLOGY GROUP OF CENTRAL NEW JERSEY,NJ,EAST BRUNSWICK,Urology Clinic,0,,,,Vizient (MS1301),4 Auer Ct Ste A,7323904447
skipped-clinic,Urology Clinic,3793,PRINCETON - UROGYNECOLOGY,NJ,PRINCETON,Urology Clinic,0,,,,Vizient (MS1301),10 Forrestal Rd Ste 205,0
skipped-clinic,Urology Clinic,3794,PATHOLOGY LAB,NJ,WHIPPANY,Urology Clinic,0,,,,Vizient (MS1301),16 Eden Ln,0
skipped-clinic,Urology Clinic,3795,PAGNANI BRAGA KIMMEL UROLOGICAL ASSOCIATES PA,NJ,CAPE MAY COURT HOUSE,Urology Clinic,0,,,,Vizient (MS1301),8 Court House South Dennis Rd,6096534176
skipped-clinic,Urology Clinic,3796,ATLANTIC COAST UROLOGIC IMPLANT CENTER,NJ,SUMMIT,Urology Clinic,0,,,,Vizient (MS1301),1 Springfield Ave,9082194479
skipped-clinic,Urology Clinic,3797,JERSEY UROLOGY,NJ,GALLOWAY,Urology Clinic,0,,,,Vizient (MS1301),341 Chris Gaupp Dr Ste 203,6099278746
skipped-clinic,Urology Clinic,3798,NEW JERSEY UROLOGY,NJ,TRENTON,Urology Clinic,0,,,,Vizient (MS1301),2105 Klockner Rd,6095880770
skipped-clinic,Urology Clinic,3799,CENTER FOR ADVANCED UROLOGY,NJ,SALEM,Urology Clinic,0,,,,Vizient (MS1301),4 Bypass Rd Ste 103,8563394466
skipped-clinic,Urology Clinic,3800,RIVERSIDE MEDICAL / UROLOGY 443 NORTHFIE,NJ,WEST ORANGE,Urology Clinic,0,,,,Vizient (MS1301),443 Northfield Ave Fl 201,0
skipped-clinic,Urology Clinic,3801,SHULMAN UROLOGY,NJ,JERSEY CITY,Urology Clinic,0,,,,Vizient (MS1301),2255 John F Kennedy Blvd,0
skipped-clinic,Urology Clinic,3802,PINNACLE UROLOGY,NJ,LITTLE SILVER,Urology Clinic,0,,,,Vizient (MS1301),180 White Rd Ste 201,7326640282
skipped-clinic,Urology Clinic,3803,OCEAN UROLOGY GROUP PA,NJ,TOMS RIVER,Urology Clinic,0,,,,Vizient (MS1301),780 Route 37 W Ste 100,7323495200
skipped-clinic,Urology Clinic,3804,NU-MD UROLOGY PC,NJ,SOUTH ORANGE,Urology Clinic,0,,,,Vizient (MS1301),228 S Orange Ave,2062914269
skipped-clinic,Urology Clinic,3805,SURGERY UROLOGY,NJ,CHERRY HILL,Urology Clinic,0,,,,Vizient (MS1301),2339 Route 70 W Fl 4,0
skipped-clinic,Urology Clinic,3806,ATLANTICARE UROLOGY,NJ,EGG HARBOR TOWNSHIP,Urology Clinic,0,,,,Vizient (MS1301),2500 English Creek Ave Bldg 1200 Fl 2,6094072300
skipped-clinic,Urology Clinic,3807,ABRAHAM LEHMAN MD,NJ,CLIFTON,Urology Clinic,0,,,,Vizient (MS1301),28 Heights Rd,4434148201
skipped-clinic,Urology Clinic,3808,THE CENTER FOR UROLOGY CARE,NJ,SICKLERVILLE,Urology Clinic,0,,,,Vizient (MS1301),485 Williamstown Rd,8562378035
skipped-clinic,Urology Clinic,3809,AUA-SOUTH JERSEY UROLOGY CONS LLC,NJ,VINELAND,Urology Clinic,0,,,,Vizient (MS1301),2950 College Dr Ste 2e,8564050025
skipped-clinic,Urology Clinic,3810,UNIVERSITY UROLOGY ASSOCIATES,NJ,CARLSTADT,Urology Clinic,0,,,,Vizient (MS1301),630 Broad St,7326436100
skipped-clinic,Urology Clinic,3811,COASTAL UROLOGY NEPTUNE,NJ,NEPTUNE,Urology Clinic,0,,,,Vizient (MS1301),444 Neptune Blvd Unit 3,7329883313
skipped-clinic,Urology Clinic,3812,UROLOGICAL ASSOCIATES OF CENTRAL JERSEY,NJ,EDISON,Urology Clinic,0,,,,Vizient (MS1301),2177 Oak Tree Rd Ste 210,9087542100
skipped-clinic,Urology Clinic,3813,UROLOGY CONSULTANTS PA,NJ,NUTLEY,Urology Clinic,0,,,,Vizient (MS1301),181 Franklin Ave Ste 305,9736610017
skipped-clinic,Urology Clinic,3814,SOUTH JERSEY UROLOGY CONSULTANTS LLC,NJ,VOORHES,Urology Clinic,0,,,,Vizient (MS1301),4 Woodglen Ln,8564050025
skipped-clinic,Urology Clinic,3815,PARTNERS IN UROLOGY OF NEW JERSEY,NJ,SOMERVILLE,Urology Clinic,0,,,,Vizient (MS1301),453 William St,9087226900
skipped-clinic,Urology Clinic,3816,SOMERSET UROLOGICAL ASSOCIATES,NJ,SOMERVILLE,Urology Clinic,0,,,,Vizient (MS1301),72 W End Ave,9087253535
skipped-clinic,Urology Clinic,3817,UNIVERSITY UROLOGY ASSOCIATES-GAZI MUKARAM MD,NJ,TRENTON,Urology Clinic,0,,,,Vizient (MS1301),1374 Whitehorse Hamilton Square Rd Ste 101,7329285300
skipped-clinic,Urology Clinic,3818,CENTER FOR UROLOGY-WOSNITZER MOREY,NJ,SPRINGFIELD,Urology Clinic,0,,,,Vizient (MS1301),420 Morris Ave Ste 1,9733796949
skipped-clinic,Urology Clinic,3819,COOPER - SURG UROLOGY,NJ,ELMER,Urology Clinic,0,,,,Vizient (MS1301),525 State St Ste 4 Cooper Surg Urology,5555555555
skipped-clinic,Urology Clinic,3820,ESSEX-HUDSON UROLOGY,NJ,HARRISON,Urology Clinic,0,,,,Vizient (MS1301),213 Frank E Rodgers Blvd S,9734827070
skipped-clinic,Urology Clinic,3821,UROLOGY GROUP OF NEW JERSEY,NJ,MOUNTAINSIDE,Urology Clinic,0,,,,Vizient (MS1301),1122 Us Highway 22 Ste 106,0
skipped-clinic,Urology Clinic,3822,PSG-HOWARD LEITNER & PERLMUTTER UROLOGY,NJ,MANASQUAN,Urology Clinic,0,,,,Vizient (MS1301),2401 Hwy 35,7329950200
skipped-clinic,Urology Clinic,3823,UROLOGY CARE ALLIANCE,NJ,EAST BRUNSWICK,Urology Clinic,0,,,,Vizient (MS1301),570a Cranbury Rd Ste 105,7323908700
skipped-clinic,Urology Clinic,3824,CRESENT UROLOGY CARE,NJ,SOMERSET,Urology Clinic,0,,,,Vizient (MS1301),1205 Easton Ave,9083313532
skipped-clinic,Urology Clinic,3825,UMA - NJU,NJ,BLOOMFIELD,Urology Clinic,0,,,,Vizient (MS1301),1515 Broad St Ste B140,0
skipped-clinic,Urology Clinic,3826,UROLOGY GROUP PA,NJ,MIDLAND PARK,Urology Clinic,0,,,,Vizient (MS1301),4 Godwin Ave,2014447070
skipped-clinic,Urology Clinic,3827,UROLOGY CONSULTANTS OF HUNTERDON,NJ,FLEMINGTON,Urology Clinic,0,,,,Vizient (MS1301),170 Rt 31 N,9088247340
skipped-clinic,Urology Clinic,3828,HUSAIN MD AFTAB,NJ,PERTH AMBOY,Urology Clinic,0,,,,Vizient (MS1301),663 Brace Ave,7328260059
skipped-clinic,Urology Clinic,3829,UROLOGIC HEALTH CENTER OF NJ,NJ,TOMS RIVER,Urology Clinic,0,,,,"Vizient (MS1301), Premier (BT-NS-002)",67 Hwy 37 W Ste 1 Riverside Plaza 2,7329141300
skipped-clinic,Urology Clinic,3830,RIVERSIDE MEDICAL / UROLOGY 255,NJ,SECAUCUS,Urology Clinic,0,,,,"Vizient (MS1301), Premier (BT-NS-002)",255 Nj 3 Ste 105,0
skipped-clinic,Urology Clinic,3831,RIO GRANDE UROLOGY PA,NM,LAS CRUCES,Urology Clinic,0,,,,Vizient (MS1301),2545 S Don Roser Dr,5755210121
skipped-clinic,Urology Clinic,3832,ALBUQUERQUE UROLOGY ASSOCIATES PA,NM,ALBUQUERQUE,Urology Clinic,0,,,,Vizient (MS1301),610 Broadway Blvd Ne,5052423991
skipped-clinic,Urology Clinic,3833,ALAMOGORDO UROLOGY,NM,ALAMOGORDO,Urology Clinic,0,,,,Vizient (MS1301),2539 Medical Dr,0
skipped-clinic,Urology Clinic,3834,ALBUQUERQUE UROLOGY ASSOC,NM,ALBUQUERQUE,Urology Clinic,0,,,,Vizient (MS1301),4410 Irving Blvd Nw Ste 300,5055555555
skipped-clinic,Urology Clinic,3835,ALBQ MINIMALLY INVASIVE UROLOGY,NM,ALBUQUERQUE,Urology Clinic,0,,,,Vizient (MS1301),200 Oak St Ne Ste 5,5052438462
skipped-clinic,Urology Clinic,3836,LAS VEGAS UROLOGY GREEN VALLEY,NV,HENDERSON,Urology Clinic,0,,,,Vizient (MS1301),1701 N Green Valley Pkwy Bldg 10 Ste C,7023419000
skipped-clinic,Urology Clinic,3837,OPTUMCARE LUNG CARE - OAKEY,NV,LAS VEGAS,Urology Clinic,0,,,,Vizient (MS1301),4750 W Oakey Blvd Ste 2b,0
skipped-clinic,Urology Clinic,3838,LAS VEGAS UROLOGY-PECOS,NV,HENDERSON,Urology Clinic,0,,,,Vizient (MS1301),9053 S Pecos Rd Ste 2900,7022330723
skipped-clinic,Urology Clinic,3839,CLEVELAND CLINIC - LAS VEGAS UROLOGY,NV,LAS VEGAS,Urology Clinic,0,,,,Vizient (MS1301),3131 La Canada St Ste 217,2164488000
skipped-clinic,Urology Clinic,3840,CAPITOL UROLOGY,NV,CARSON CITY,Urology Clinic,0,,,,"Vizient (MS1301), Premier (BT-NS-002)",1525 Vista Ln Ste 120,7758859991
skipped-clinic,Urology Clinic,3841,AMERICAN ACADEMY OF UROLOGY,NV,LAS VEGAS,Urology Clinic,0,,,,"Vizient (MS1301), Premier (BT-NS-002)",4275 Burnham Ave Ste 320,7027358000
skipped-clinic,Urology Clinic,3842,DOWNTOWN UROLOGY,NY,BROOKLYN,Urology Clinic,0,,,,Vizient (MS1301),240 Willoughby St Apt 6b,7182506880
skipped-clinic,Urology Clinic,3843,SB CPMP UROLOGY TECH PARK,NY,SETAUKET,Urology Clinic,0,,,,Vizient (MS1301),24 Research Way Ste 500,0
skipped-clinic,Urology Clinic,3844,HUDSON VALLEY UROLOGY ASSOC,NY,NEW WINDSOR,Urology Clinic,0,,,,Vizient (MS1301),3074 Rt 9w Ste 100,8455625520
skipped-clinic,Urology Clinic,3845,UROLOGIC SURGERY & UROLOGY,NY,STATEN ISLAND,Urology Clinic,0,,,,Vizient (MS1301),1200 South Ave,7183701400
skipped-clinic,Urology Clinic,3846,NYHQ-WASHINGTON HEIGHTS UROLOGY PC,NY,NEW YORK,Urology Clinic,0,,,,Vizient (MS1301),286 Ft Washington Ave,2129237570
skipped-clinic,Urology Clinic,3847,HUNTINGTON UROLOGY,NY,NEW YORK,Urology Clinic,0,,,,Vizient (MS1301),775 Park Ave Ste 262,6312711608
skipped-clinic,Urology Clinic,3848,STATEN ISLAND UROLOGICAL ASSOCIATES,NY,STATEN ISLAND,Urology Clinic,0,,,,Vizient (MS1301),1460 Victory Blvd,7182738100
skipped-clinic,Urology Clinic,3849,UROLOGY PARK RIDGE PROF,NY,ROCHESTER,Urology Clinic,0,,,,Vizient (MS1301),378 White Spruce Blvd,5857384507
skipped-clinic,Urology Clinic,3850,NY UROLOGICAL,NY,NEW YORK,Urology Clinic,0,,,,Vizient (MS1301),880 5th Ave,2127723686
skipped-clinic,Urology Clinic,3851,MID HUSON MED GRP UROLOGY,NY,POUGHKEEPSIE,Urology Clinic,0,,,,Vizient (MS1301),30 Columbia St,8458966203
skipped-clinic,Urology Clinic,3852,UROLOGICAL FCLTY ASSOC SNDSHR,NY,NEW ROCHELLE,Urology Clinic,0,,,,Vizient (MS1301),175 Memorial Hwy Ste 1 17,9146329422
skipped-clinic,Urology Clinic,3853,UROLOGY CENTER OF WESTCHESTER,NY,HAWTHORNE,Urology Clinic,0,,,,Vizient (MS1301),19 Bradhurst Ave Ste 1900,9143471900
skipped-clinic,Urology Clinic,3854,KINGSTON UROLOGICAL ASSOC,NY,KINGSTON,Urology Clinic,0,,,,Vizient (MS1301),40 Hurley Ave Ste 17,7184617700
skipped-clinic,Urology Clinic,3855,MURRAY HILL UROLOGY,NY,NEW YORK,Urology Clinic,0,,,,Vizient (MS1301),120 E 34th St Ground FL,2126861140
skipped-clinic,Urology Clinic,3856,IMP UROLOGY INST OF LI,NY,GARDEN CITY,Urology Clinic,0,,,,Vizient (MS1301),100 Garden City Plaza Ste 101,0
skipped-clinic,Urology Clinic,3857,IMP AUC-ROCKVILLE CENTRE,NY,ROCKVILLE CENTRE,Urology Clinic,0,,,,Vizient (MS1301),143 N Long Beach Rd Ste 1,0
skipped-clinic,Urology Clinic,3858,IMP-BICOUNTY UROLOGICAL ASSOC,NY,BELLEROSE,Urology Clinic,0,,,,Vizient (MS1301),250 16 Union Tpke,0
skipped-clinic,Urology Clinic,3859,IMP-NORTH SHORE UROLOGY,NY,RIVERHEAD,Urology Clinic,0,,,,Vizient (MS1301),792 Harrison Ave Ste 3,0
skipped-clinic,Urology Clinic,3860,IMP AUC-PT JEFFERSON,NY,PORT JEFFERSON STATION,Urology Clinic,0,,,,Vizient (MS1301),5400 Nesconset Hwy,0
skipped-clinic,Urology Clinic,3861,IMP - AUC-SEAFORD,NY,SEAFORD,Urology Clinic,0,,,,Vizient (MS1301),4100 Duff Pl Ste A,5169310041
skipped-clinic,Urology Clinic,3862,IMP AUC-LAKE SUCCESS,NY,NEW HYDE PARK,Urology Clinic,0,,,,Vizient (MS1301),2001 Marcus Ave N214,0
skipped-clinic,Urology Clinic,3863,IMP AUC-SMITHTOWN SOUTH,NY,SMITHTOWN,Urology Clinic,0,,,,Vizient (MS1301),373 Route 111 Ste 7,0
skipped-clinic,Urology Clinic,3864,IMP AUC-ROCKLAND,NY,WEST NYACK,Urology Clinic,0,,,,Vizient (MS1301),2 Medical Park Dr Ste 10,0
skipped-clinic,Urology Clinic,3865,IMP WESTCHESTER UROLOGICAL,NY,WHITE PLAINS,Urology Clinic,0,,,,Vizient (MS1301),170 Maple Ave Ste 104,0
skipped-clinic,Urology Clinic,3866,WNY UROLOGY ASSOCIATES LLC-STERLING PK,NY,ORCHARD PARK,Urology Clinic,0,,,,Vizient (MS1301),500 Sterling Dr,4157444404
skipped-clinic,Urology Clinic,3867,WNY UROLOGY ASSOCIATES LLC-HARLEM RD,NY,CHEEKTOWAGA,Urology Clinic,0,,,,Vizient (MS1301),3085 Harlem Rd Harlem Professional Park,4157444404
skipped-clinic,Urology Clinic,3868,ALLIED UROLOGICAL SERVICES LLC - WHITE PLAINS,NY,WEST HARRISON,Urology Clinic,0,,,,Vizient (MS1301),222 Westchester Ave Fl G 1,9144286700
skipped-clinic,Urology Clinic,3869,ALLIED UROLOGICAL SERVICES LLC - QUEENS,NY,FRESH MEADOWS,Urology Clinic,0,,,,Vizient (MS1301),Utopia Ctr 176 60 Union Tpke Ste 200,7185918118
skipped-clinic,Urology Clinic,3870,ALLIED UROLOGICAL SERVICES LLC - MANHATTAN,NY,NEW YORK,Urology Clinic,0,,,,Vizient (MS1301),160 E 32nd St Ste 101,2124818118
skipped-clinic,Urology Clinic,3871,ALLIED UROLOGICAL SERVICES LLC - EAST SETAUKE,NY,EAST SETAUKET,Urology Clinic,0,,,,Vizient (MS1301),Stony Brook Tech Ctr 14 Technology Dr Ste,6316898118
skipped-clinic,Urology Clinic,3872,ALLIED UROLOGICAL SERVICES LLC - CORPORATE OF,NY,NEW YORK,Urology Clinic,0,,,,Vizient (MS1301),450 Park Ave South 4th Floor,6467428800
skipped-clinic,Urology Clinic,3873,CHPP UROLOGY AT EAST HILLS,NY,GREENVALE,Urology Clinic,0,,,,Vizient (MS1301),2200 Northern Blvd Ste 120,5165637788
skipped-clinic,Urology Clinic,3874,AMERICAN ACCESS CARE PHYSICIAN PLLC,NY,QUEENS VILLAGE,Urology Clinic,0,,,,Vizient (MS1301),20602 Hillside Ave,7188209729
skipped-clinic,Urology Clinic,3875,UROLOGIC SURGICAL CARE,NY,LAWRENCE,Urology Clinic,0,,,,Vizient (MS1301),290 Central Ave Ste 207,5162398585
skipped-clinic,Urology Clinic,3876,PRINE UROLOGY,NY,HEWLETT,Urology Clinic,0,,,,Vizient (MS1301),1800 Rockaway Ave Ste 212,0
skipped-clinic,Urology Clinic,3877,UR MEDICINE UROLOGY-CANANDAIGUA,NY,CANANDAIGUA,Urology Clinic,0,,,,Vizient (MS1301),699 S Main St,0
skipped-clinic,Urology Clinic,3878,DOREEN E CHUNG MD,NY,SCARSDALE,Urology Clinic,0,,,,Vizient (MS1301),33 Chesterfield,6468953084
skipped-clinic,Urology Clinic,3879,ADVANCED PHYSICIANS PC,NY,REGO PARK,Urology Clinic,0,,,,Vizient (MS1301),9530 Queens Blvd,7183609550
skipped-clinic,Urology Clinic,3880,UR MEDICINE UROLOGY-GENESEO,NY,GENESEO,Urology Clinic,0,,,,Vizient (MS1301),50 E South St,5852758762
skipped-clinic,Urology Clinic,3881,ADULT UROLOGY,NY,BRONX,Urology Clinic,0,,,,Vizient (MS1301),1695 Eastchester Rd Ste 501,7189041130
skipped-clinic,Urology Clinic,3882,ALEX SHTEYNSHLYUGER MD PC,NY,BROOKLYN,Urology Clinic,0,,,,Vizient (MS1301),35 Seacoast Ter Apt 20p,6464504952
skipped-clinic,Urology Clinic,3883,DR MICHAEL WERNER MD,NY,NEW YORK,Urology Clinic,0,,,,Vizient (MS1301),110 E 40th St Rm 703,6463802700
skipped-clinic,Urology Clinic,3884,NEWARK WAYNE UROLOGY,NY,ROCHESTER,Urology Clinic,0,,,,Vizient (MS1301),980 Westfall Rd Ste 100,5854426600
skipped-clinic,Urology Clinic,3885,THOMPSON UROLOGICAL CLINICS,NY,WOODHAVEN,Urology Clinic,0,,,,Vizient (MS1301),8012 Jamaica Ave,0
skipped-clinic,Urology Clinic,3886,DR GOBIND LAUNGANI MD,NY,BROOKLYN,Urology Clinic,0,,,,Vizient (MS1301),443 Linden Blvd,7182826333
skipped-clinic,Urology Clinic,3887,CAPITAL REGION UROLOGICAL SURGEONS PLLC,NY,ALBANY,Urology Clinic,0,,,,Vizient (MS1301),4 Executive Park Dr,5184897494
skipped-clinic,Urology Clinic,3888,PREMIER MEDICAL GROUP - UROLOGY - VEMULAPALLI,NY,NEW WINDSOR,Urology Clinic,0,,,,Vizient (MS1301),955 Little Britain Rd,8454375000
skipped-clinic,Urology Clinic,3889,PREMIER MEDICAL GROUP - FRANK C PEDEVILLANO,NY,POUGHKEEPSIE,Urology Clinic,0,,,,Vizient (MS1301),21 Springside Ave,8454852720
skipped-clinic,Urology Clinic,3890,PREMIER MEDICAL GROUP - JASON S KRUMHOLTZ MD,NY,FISHKILL,Urology Clinic,0,,,,Vizient (MS1301),400 Westage Business Ctr Dr Ste 210,8458968553
skipped-clinic,Urology Clinic,3891,PREMIER MEDICAL GROUP - URGENT CARE,NY,POUGHKEEPSIE,Urology Clinic,0,,,,Vizient (MS1301),1 Webster Ave Fl 3,8454528730
skipped-clinic,Urology Clinic,3892,IMP AUCNY-BRONXVILLE,NY,BRONXVILLE,Urology Clinic,0,,,,Vizient (MS1301),77 Pondfield Rd Ste 2f4,9142372201
skipped-clinic,Urology Clinic,3893,ROSWELL PARK UROLOGY,NY,NIAGARA FALLS,Urology Clinic,0,,,,Vizient (MS1301),10175 Niagara Falls Blvd,7168452300
skipped-clinic,Urology Clinic,3894,NY HEALTH CENTER FOR UROLOGY,NY,BROOKLYN,Urology Clinic,0,,,,Vizient (MS1301),175 Remsen St Fl 12,9176814963
skipped-clinic,Urology Clinic,3895,SHEMTOV UROLOGY,NY,NEW YORK,Urology Clinic,0,,,,Vizient (MS1301),115 E 61st St Ste 11n,2125355888
skipped-clinic,Urology Clinic,3896,ADVANCED SURGICAL UROLOGY PC,NY,BROOKLYN,Urology Clinic,0,,,,Vizient (MS1301),2844 Ocean Pkwy Ste 5,9148868403
skipped-clinic,Urology Clinic,3897,CENTER FOR UROLOGY-BATAVIA,NY,BATAVIA,Urology Clinic,0,,,,Vizient (MS1301),203 Summit St,0
skipped-clinic,Urology Clinic,3898,UROLOGY DYNAMICS,NY,FOREST HILLS,Urology Clinic,0,,,,Vizient (MS1301),7603 113th St,7182687262
skipped-clinic,Urology Clinic,3899,COMMUNITY CARE UROLOGY - CLIFTON PARK,NY,HALFMOON,Urology Clinic,0,,,,Vizient (MS1301),1783 Route 9 Ste 203,0
skipped-clinic,Urology Clinic,3900,LAKE SUCCESS UROLOGY,NY,LAKE SUCCESS,Urology Clinic,0,,,,Vizient (MS1301),1 Dakota Dr Ste 110,0
skipped-clinic,Urology Clinic,3901,WESTERN NEW YORK UROLOGY ASSOCIATES,NY,DERBY,Urology Clinic,0,,,,Vizient (MS1301),7060 Erie Rd,7166772273
skipped-clinic,Urology Clinic,3902,ONEONTA UROLOGY,NY,ONEONTA,Urology Clinic,0,,,,Vizient (MS1301),438 Main St,6074315161
skipped-clinic,Urology Clinic,3903,SHTAINER UROLOGY,NY,BROOKLYN,Urology Clinic,0,,,,Vizient (MS1301),2148 Ocean Ave Ste 6a,0
skipped-clinic,Urology Clinic,3904,BATAVIA UROLOGY,NY,BATAVIA,Urology Clinic,0,,,,Vizient (MS1301),36 Ellicott St,5853434555
skipped-clinic,Urology Clinic,3905,GREENRIDGE UROLOGY ASSOCIATES,NY,WHITE PLAINS,Urology Clinic,0,,,,Vizient (MS1301),12 Greenridge Ave Ste 101,9149483128
skipped-clinic,Urology Clinic,3906,CLOVE UROLOGY PC,NY,STATEN ISLAND,Urology Clinic,0,,,,Vizient (MS1301),1800 Clove Rd Ste 1,7187206040
skipped-clinic,Urology Clinic,3907,OSWEGO COUNTY UROLOGY PC,NY,FULTON,Urology Clinic,0,,,,Vizient (MS1301),17 S 1st St,3155927375
skipped-clinic,Urology Clinic,3908,COLUMBIA UNIVERSITY - DEPT OF UROLOGY,NY,NEW YORK,Urology Clinic,0,,,,Vizient (MS1301),5141 Broadway Fl 3 Rm 20,2129324000
skipped-clinic,Urology Clinic,3909,COLUMBIA EASTSIDE UROLOGY,NY,NEW YORK,Urology Clinic,0,,,,Vizient (MS1301),51 W 51st St Ste 390,2123268500
skipped-clinic,Urology Clinic,3910,OSTAD MICHAEL MD/ ADVANCED UROLOGY,NY,JACKSON HEIGHTS,Urology Clinic,0,,,,Vizient (MS1301),37 39 75th St,7185051177
skipped-clinic,Urology Clinic,3911,ELMIRA UROLOGICAL ASSOCIATES-GOEBEL JOHN,NY,ELMIRA,Urology Clinic,0,,,,Vizient (MS1301),301 Hoffman St,6077331156
skipped-clinic,Urology Clinic,3912,SCHENECTADY UROLOGICAL ASSOCIATES PC,NY,SCHENECTADY,Urology Clinic,0,,,,Vizient (MS1301),2200 Rosa Rd,5183745984
skipped-clinic,Urology Clinic,3913,NORTHEAST UROLOGICAL SPECIALISTS,NY,ALBANY,Urology Clinic,0,,,,Vizient (MS1301),63 Shaker Rd Ste 202,5184341283
skipped-clinic,Urology Clinic,3914,PECONIC UROLOGY-MUCCIOLO ROBERT MD,NY,MASSAPEQUA,Urology Clinic,0,,,,Vizient (MS1301),20 Hicksville Rd Ste 3,5165415500
skipped-clinic,Urology Clinic,3915,WON JOHN H,NY,FLUSHING,Urology Clinic,0,,,,Vizient (MS1301),14238 37th Ave Ste 2f,7188887800
skipped-clinic,Urology Clinic,3916,ORANGE COUNTY UROLOGICAL-SCHWALB MURRAY,NY,MIDDLETOWN,Urology Clinic,0,,,,Vizient (MS1301),12 Grove St,8453541151
skipped-clinic,Urology Clinic,3917,ADVANCED UROLOGY-BERMAN STEVEN MD,NY,BRONX,Urology Clinic,0,,,,Vizient (MS1301),3594 E Tremont Ave,2185181108
skipped-clinic,Urology Clinic,3918,PINNACLE UROLOGY PC,NY,FLUSHING,Urology Clinic,0,,,,Vizient (MS1301),13338 41st Rd Ste 2d,7188865758
skipped-clinic,Urology Clinic,3919,ADVANCED NEW YORK UROLOGY,NY,BROOKLYN,Urology Clinic,0,,,,Vizient (MS1301),2882 W 15th St,0
skipped-clinic,Urology Clinic,3920,RADIUS-UROLOGY DYNAMIC PC,NY,NEW YORK,Urology Clinic,0,,,,Vizient (MS1301),130 E 18th St Apt 1BCDE,0
skipped-clinic,Urology Clinic,3921,UROLOGICAL ASSOC OF LI PC,NY,CENTEREACH,Urology Clinic,0,,,,Vizient (MS1301),23 S Howell Ave,6314731178
skipped-clinic,Urology Clinic,3922,WESTERN NEW YORK UROLOGY ASSOCIATES LLC,NY,SANBORN,Urology Clinic,0,,,,Vizient (MS1301),3850 Saunders Settlement Rd,7168445000
skipped-clinic,Urology Clinic,3923,WNY UROLOGY-CORFU,NY,CORFU,Urology Clinic,0,,,,Vizient (MS1301),24 E Main St,7168445000
skipped-clinic,Urology Clinic,3924,UPSTATE UROLOGY PC,NY,ALBANY,Urology Clinic,0,,,,Vizient (MS1301),1365 Washington Ave,8288378877
skipped-clinic,Urology Clinic,3925,SLR-BROADSKY UROLOGY,NY,NEW YORK,Urology Clinic,0,,,,Vizient (MS1301),425 W 59th St,8288378877
skipped-clinic,Urology Clinic,3926,KLEIN AND BIRNS UROLOGY,NY,NEW YORK,Urology Clinic,0,,,,Vizient (MS1301),157 East 72nd St,2127448700
skipped-clinic,Urology Clinic,3927,WNY UROLOGY ASSOCIATES LLC-HAMBURG,NY,HAMBURG,Urology Clinic,0,,,,Vizient (MS1301),3040 Amsdell Rd,7166499000
skipped-clinic,Urology Clinic,3928,MID HUD UROLOGICAL ASSOC,NY,NEWBURGH,Urology Clinic,0,,,,Vizient (MS1301),600 Stony Brook Ct,8455611538
skipped-clinic,Urology Clinic,3929,RADIUS-CONSULTANTS IN UROLOGY,NY,STATEN ISLAND,Urology Clinic,0,,,,Vizient (MS1301),4143 Hylan Blvd,7182331306
skipped-clinic,Urology Clinic,3930,MIDDLETOWN UROLOGY ASSOC,NY,MIDDLETOWN,Urology Clinic,0,,,,Vizient (MS1301),236 Crystal Run Rd,8456922200
skipped-clinic,Urology Clinic,3931,SHUSTERMAN DAVID,NY,FOREST HILLS,Urology Clinic,0,,,,Vizient (MS1301),69 15 Yellowstone Blvd Ste 4,7183609550
skipped-clinic,Urology Clinic,3932,UROLOGY ASSOC DAY-OP,NY,MANHASSET,Urology Clinic,0,,,,Vizient (MS1301),535 Plandome Rd Frnt 3,5166276188
skipped-clinic,Urology Clinic,3933,UROLOGY ASSOC DAY OP,NY,GREAT NECK,Urology Clinic,0,,,,Vizient (MS1301),833 Northern Blvd Ste 200,5166276188
skipped-clinic,Urology Clinic,3934,TWENTY FIRST CENTURY UROLOGY,NY,BROOKLYN,Urology Clinic,0,,,,Vizient (MS1301),202 St Nicholas Ave,3472952600
skipped-clinic,Urology Clinic,3935,PROGRESSIVE UROLOGY,NY,MANHASSET,Urology Clinic,0,,,,Vizient (MS1301),315 E Shore Rd,5164875577
skipped-clinic,Urology Clinic,3936,MIDDLETOWN UROLOGY ASSOCIATES,NY,MIDDLETOWN,Urology Clinic,0,,,,Vizient (MS1301),27 Ridge St,8453434141
skipped-clinic,Urology Clinic,3937,NEW YORK UROLOGY SPECIALISTS,NY,NEW YORK,Urology Clinic,0,,,,"Vizient (MS1301), Premier (BT-NS-002)",33 W 46th St Fl 5,6464504952
skipped-clinic,Urology Clinic,3938,NAPA UROLOGY,NY,POUGHKEEPSIE,Urology Clinic,0,,,,"Vizient (MS1301), Premier (BT-NS-002)",243 North Rd Ste 301,5169453058
skipped-clinic,Urology Clinic,3939,IMP AUC-THE BRONX,NY,BRONX,Urology Clinic,0,,,,"Vizient (MS1301), Premier (BT-NS-002)",2510 Westchester Ave Ste A,0
skipped-clinic,Urology Clinic,3940,DR ARNO HOUSMAN MD,NY,SLEEPY HOLLOW,Urology Clinic,0,,,,"Vizient (MS1301), Premier (BT-NS-002)",755 N Broadway Ste 417,9149410617
skipped-clinic,Urology Clinic,3941,PREMIER UROLOGY,NY,POUGHKEEPSIE,Urology Clinic,0,,,,"Vizient (MS1301), Premier (BT-NS-002)",50 Eastdale Ave N,8454375000
skipped-clinic,Urology Clinic,3942,AUA-ADVANCED UROLOGICAL CARE,NY,NEW YORK,Urology Clinic,0,,,,"Vizient (MS1301), Premier (BT-NS-002)",435 E 63rd St,2125356690
skipped-clinic,Urology Clinic,3943,WCMC-UROLOGY,NY,FOREST HILLS,Urology Clinic,0,,,,"Vizient (MS1301), Premier (BT-NS-002)",10828 68th Dr,6469623691
skipped-clinic,Urology Clinic,3944,NEW YORK UROLOGY ASSOCIATES,NY,BAYSIDE,Urology Clinic,0,,,,"Vizient (MS1301), Premier (BT-NS-002)",4402 Francis Lewis Blvd,2125706800
skipped-clinic,Urology Clinic,3945,EASTERN SUFFOLK UROLOGY,NY,SOUTHAMPTON,Urology Clinic,0,,,,"Vizient (MS1301), Premier (BT-NS-002)",117 Hampton Rd,6312878600
skipped-clinic,Urology Clinic,3946,MOHAWK VALLEY UROLOGY PC,NY,UTICA,Urology Clinic,0,,,,"Vizient (MS1301), Premier (BT-NS-002)",1703 Genesee St,3157241012
skipped-clinic,Urology Clinic,3947,FINGER LAKES UROLOGY,NY,CANANDAIGUA,Urology Clinic,0,,,,"Vizient (MS1301), Premier (BT-NS-002)",229 Parrish St Ste 200,5852752100
skipped-clinic,Urology Clinic,3948,CAPITAL UROLOGY INC,OH,COLUMBUS,Urology Clinic,0,,,,Vizient (MS1301),4885 Olentangy River Rd Ste 250,6147848765
skipped-clinic,Urology Clinic,3949,TCH UROLOGY ASSOCIATES,OH,CINCINNATI,Urology Clinic,0,,,,Vizient (MS1301),2123 Auburn Ave Ste 441,5137217373
skipped-clinic,Urology Clinic,3950,CENTRAL OHIO UROLOGY GROUP - DUBLIN,OH,DUBLIN,Urology Clinic,0,,,,Vizient (MS1301),7450 Hospital Dr Ste 350,6143962684
skipped-clinic,Urology Clinic,3951,UPPER MIAMI VAL-UROLOGY CLINIC (ACC),OH,PIQUA,Urology Clinic,0,,,,Vizient (MS1301),9163 N County Rd 25a,9377737083
skipped-clinic,Urology Clinic,3952,TOLEDO CLINIC - 8610 ROMIUS UROLOGY,OH,TOLEDO,Urology Clinic,0,,,,Vizient (MS1301),3020 N Mccord Rd Ste 100,4197256850
skipped-clinic,Urology Clinic,3953,REGENCY UROLOGICAL ASSOCIATES,OH,TOLEDO,Urology Clinic,0,,,,Vizient (MS1301),2000 Regency Court Ste 200,4197251900
skipped-clinic,Urology Clinic,3954,UROLOGY SPECIALISTS OF AMERICA,OH,COLUMBUS,Urology Clinic,0,,,,Vizient (MS1301),2100 Marble Cliff Office Park Ste A,6142988150
skipped-clinic,Urology Clinic,3955,SOUTHWESTERN OHIO UROLOGY,OH,WILMINGTON,Urology Clinic,0,,,,Vizient (MS1301),1150 W Locust St Ste 600,9373821141
skipped-clinic,Urology Clinic,3956,NORTHEASTERN OHIO UROLOGICAL SURGEONS,OH,SALEM,Urology Clinic,0,,,,Vizient (MS1301),2360 Southeast Blvd,3308231112
skipped-clinic,Urology Clinic,3957,ADVANCED UROLOGY INC,OH,YOUNGSTOWN,Urology Clinic,0,,,,Vizient (MS1301),904 Sahara Trl,6145276762
skipped-clinic,Urology Clinic,3958,CLEVELAND UROLOGY ASSOCIATES,OH,GARFIELD HEIGHTS,Urology Clinic,0,,,,Vizient (MS1301),10500 Antenucci Blvd Ste 101,4408916500
skipped-clinic,Urology Clinic,3959,SUMMIT UROLOGY INC-MILLER,OH,MIDDLETOWN,Urology Clinic,0,,,,Vizient (MS1301),1064 Summit Sq,5134232244
skipped-clinic,Urology Clinic,3960,NE OHIO UROLOGICAL SURGEONS INC,OH,ALLIANCE,Urology Clinic,0,,,,Vizient (MS1301),885 S Sawburg St Ste 105,3308231112
skipped-clinic,Urology Clinic,3961,UPPER ARLINGTON - UROLOGY/GYN,OH,UPPER ARLINGTON,Urology Clinic,0,,,,Vizient (MS1301),1800 Zollinger Rd Ste 4,6144422200
skipped-clinic,Urology Clinic,3962,ZANESVILLE UROLOGY INC,OH,ZANESVILLE,Urology Clinic,0,,,,Vizient (MS1301),751 Forest Ave Ste 402,7404530548
skipped-clinic,Urology Clinic,3963,CLEVELAND CLINIC UROGYNECOLOGY,OH,AKRON,Urology Clinic,0,,,,Vizient (MS1301),809 White Pond Dr Ste B,2342052040
skipped-clinic,Urology Clinic,3964,OPG UROLOGY REFUGEE,OH,PICKERINGTON,Urology Clinic,0,,,,Vizient (MS1301),1010 Refugee Rd Ste 310,6147880231
skipped-clinic,Urology Clinic,3965,OPG UROLOGY THOMAS LN 4C,OH,COLUMBUS,Urology Clinic,0,,,,Vizient (MS1301),500 Thomas Ln Ste 4C,6147880231
skipped-clinic,Urology Clinic,3966,AULTMAN INDUS HEALTH CLINICS,OH,ALLIANCE,Urology Clinic,0,,,,Vizient (MS1301),14599 Commerce St Ne,0
skipped-clinic,Urology Clinic,3967,AMG UROLOGY,OH,CANTON,Urology Clinic,0,,,,Vizient (MS1301),2600 W Tuscarawas Ste 400,3304582000
skipped-clinic,Urology Clinic,3968,CITYBLOCK HEALTH INC,OH,COLUMBUS,Urology Clinic,0,,,,Vizient (MS1301),6100 E Main St,0
skipped-clinic,Urology Clinic,3969,PREMIER UROLOGY CORP,OH,WESTERVILLE,Urology Clinic,0,,,,Vizient (MS1301),430 Altair Pkwy Ste 200,6148180215
skipped-clinic,Urology Clinic,3970,OSU OUTPATIENT CARE DUBLIN - UROLOGY,OH,DUBLIN,Urology Clinic,0,,,,Vizient (MS1301),6700 University Blvd Ste 2A,6148325655
skipped-clinic,Urology Clinic,3971,CLEVELAND CLINIC MASSILLON UROLOGY,OH,MASSILLON,Urology Clinic,0,,,,Vizient (MS1301),7337 Caritas Circle Nw Ste 240,3308306110
skipped-clinic,Urology Clinic,3972,CENTRAL OHIO UROLOGY GROUP CLINIC - WORTHINGTON III,OH,WORTHINGTON,Urology Clinic,0,,,,Vizient (MS1301),350 W Wilson Bridge Rd Ste 100,6143962684
skipped-clinic,Urology Clinic,3973,THE TOLEDO CLINIC THE - UROLOGY,OH,TOLEDO,Urology Clinic,0,,,,Vizient (MS1301),4235 Secor Rd,4194795900
skipped-clinic,Urology Clinic,3974,CENTRAL OHIO UROLOGY GROUP - LONDON AVE,OH,MARYSVILLE,Urology Clinic,0,,,,Vizient (MS1301),498 London Ave Ste H,9376445240
skipped-clinic,Urology Clinic,3975,SOUTHWESTERN OHIO UROLOGY A CARE CENTER OF UROLOGY SPECIALISTS OF AMERICA,OH,MAINEVILLE,Urology Clinic,0,,,,Vizient (MS1301),87 E Us Highway 22 And 3 Ste 500,9373821141
skipped-clinic,Urology Clinic,3976,ROGER G AMIGO DO/NELSONVILLE A CARE CENTER OF UROLOGY SPECIALISTS OF AMERICA,OH,NELSONVILLE,Urology Clinic,0,,,,Vizient (MS1301),1950 Mount Saint Marys Dr,6144371126
skipped-clinic,Urology Clinic,3977,ROGER G AMIGO DO/BEACON HILL A CARE CENTER OF UROLOGY SPECIALISTS OF AMERICA,OH,COLUMBUS,Urology Clinic,0,,,,Vizient (MS1301),5131 Beacon Hill Rd Ste 220,6144371126
skipped-clinic,Urology Clinic,3978,CENTRAL OHIO UROLOGY GROUP,OH,COLUMBUS,Urology Clinic,0,,,,Vizient (MS1301),340 E Town St Ste 7 200,6142212893
skipped-clinic,Urology Clinic,3979,KENNETH E STANLEY MD,OH,LIMA,Urology Clinic,0,,,,Vizient (MS1301),1220 E Elm St Ste 101,4192280570
skipped-clinic,Urology Clinic,3980,ADENA ROSS UROLOGY,OH,CHILLICOTHE,Urology Clinic,0,,,,Vizient (MS1301),8 Medical Dr,7407798520
skipped-clinic,Urology Clinic,3981,PREMIER UROLOGY SPECIALISTS,OH,ENGLEWOOD,Urology Clinic,0,,,,Vizient (MS1301),9000 N Main St Ste 333,9372088417
skipped-clinic,Urology Clinic,3982,UROLOGY REYNOLDSBURG YMCA,OH,REYNOLDSBURG,Urology Clinic,0,,,,Vizient (MS1301),1450 Davidson Dr,6147880231
skipped-clinic,Urology Clinic,3983,CENTRAL OHIO UROLOGY GROUP - COLUMBUS,OH,COLUMBUS,Urology Clinic,0,,,,Vizient (MS1301),750 Mount Carmel Mall Ste 350,6142215189
skipped-clinic,Urology Clinic,3984,CENTRAL OHIO UROLOGY GROUP - WESTERVILLE,OH,WESTERVILLE,Urology Clinic,0,,,,Vizient (MS1301),625 Africa Rd Ste 200,6143962684
skipped-clinic,Urology Clinic,3985,CENTRAL OHIO UROLOGY GROUP - HILLIARD,OH,HILLIARD,Urology Clinic,0,,,,Vizient (MS1301),3958 Leap Rd Ste 101,6143962684
skipped-clinic,Urology Clinic,3986,CENTRAL OHIO UROLOGY SURGERY CENTER,OH,GAHANNA,Urology Clinic,0,,,,Vizient (MS1301),701 Tech Center Dr Ste 200,6143962670
skipped-clinic,Urology Clinic,3987,PPN-PREMIER HLTH UROLOGY,OH,TROY,Urology Clinic,0,,,,Vizient (MS1301),3130 N County Road 25a Ste 205,9374998204
skipped-clinic,Urology Clinic,3988,OPG UROLOGY HILLIARD,OH,HILLIARD,Urology Clinic,0,,,,Vizient (MS1301),4363 All Seasons Dr Ste 240,6145444421
skipped-clinic,Urology Clinic,3989,OHIOHEALTH PHYSICIAN GROUP - UROLOGY NA,OH,NEW ALBANY,Urology Clinic,0,,,,Vizient (MS1301),5868 N Hamilton Rd Ste 200,6147889370
skipped-clinic,Urology Clinic,3990,COMPREHENSIVE UROLOGY INSTITUTE,OH,CANFIELD,Urology Clinic,0,,,,Vizient (MS1301),3660 Stutz Dr Ste 202,8288378877
skipped-clinic,Urology Clinic,3991,AKUMIN CORP - NEO UROLOGY ASSOCIATES,OH,AUSTINTOWN,Urology Clinic,0,,,,Vizient (MS1301),6262 Mahoning Ave,3307299214
skipped-clinic,Urology Clinic,3992,UROLOGY GRP CLINICS - CORP,OH,CINCINNATI,Urology Clinic,0,,,,Vizient (MS1301),4700 Smith Rd Ste M,5138417400
skipped-clinic,Urology Clinic,3993,UROLOGY GROUP CLINICS,OH,HAMILTON,Urology Clinic,0,,,,Vizient (MS1301),10 Office Parklane Dr Ste B,5138671183
skipped-clinic,Urology Clinic,3994,UROLOGY GRP DIV #9,OH,CINCINNATI,Urology Clinic,0,,,,Vizient (MS1301),2450 Kipling Ave Ste 101,0
skipped-clinic,Urology Clinic,3995,SOUTHWEST UROLOGY ASSOC,OH,PARMA,Urology Clinic,0,,,,Vizient (MS1301),6900 Pearl Rd,0
skipped-clinic,Urology Clinic,3996,SOUTH DAYTON UROLOGICAL ASSOCIATES LLC,OH,DAYTON,Urology Clinic,0,,,,Vizient (MS1301),10 Southmoor Cir Nw,9372941489
skipped-clinic,Urology Clinic,3997,UROLOGY ONE INC,OH,CANTON,Urology Clinic,0,,,,Vizient (MS1301),1455 Harrison Ave Nw Ste 108,3304566760
skipped-clinic,Urology Clinic,3998,CPP SOUTHWEST UROLOGY INC,OH,MIDDLEBURG HEIGHTS,Urology Clinic,0,,,,Vizient (MS1301),6900 Pearl Rd Fl 2,4408450900
skipped-clinic,Urology Clinic,3999,CENTRAL OHIO UROLOGY APCC,OH,GAHANNA,Urology Clinic,0,,,,Vizient (MS1301),620a Morrison Rd,6142682316
skipped-clinic,Urology Clinic,4000,CENTRAL OHIO UROLOGY GROUP-ROY RICHARD A,OH,COLUMBUS,Urology Clinic,0,,,,Vizient (MS1301),3100 Plaza Properties Blvd Ste 320,6147511010
skipped-clinic,Urology Clinic,4001,CENTRAL OHIO UROLOGY GROUP-KLUMP RICHARD MD,OH,WESTERVILLE,Urology Clinic,0,,,,Vizient (MS1301),495 Cooper Rd Ste 320,6148642426
skipped-clinic,Urology Clinic,4002,UROLOGY ASSOCIATES OF DAYTON INC,OH,DAYTON,Urology Clinic,0,,,,Vizient (MS1301),30 E Apple St Ste 1200,9378851705
skipped-clinic,Urology Clinic,4003,UROLOGY SERVICES - SANDUSKY,OH,SANDUSKY,Urology Clinic,0,,,,Vizient (MS1301),2800 Hayes Ave Bldg D,4196278772
skipped-clinic,Urology Clinic,4004,NEO UROLOGY,OH,BOARDMAN,Urology Clinic,0,,,,Vizient (MS1301),7430 Southern Blvd,3307265378
skipped-clinic,Urology Clinic,4005,NORTHEAST INDIANIA UROLOGY,OH,VAN WERT,Urology Clinic,0,,,,Vizient (MS1301),140 Fox Rd,2604366667
skipped-clinic,Urology Clinic,4006,TRI COUNTY UROLOGY,OH,CENTERVILLE,Urology Clinic,0,,,,Vizient (MS1301),8934 Kingsridge Dr Ste 102,9374396242
skipped-clinic,Urology Clinic,4007,CASCADES UROLOGY CENTER,OH,FINDLAY,Urology Clinic,0,,,,Vizient (MS1301),1651 N Lake Ct,4194238090
skipped-clinic,Urology Clinic,4008,SEP HEART & VASCULAR UROLOGY (10437 10570),OH,CINCINNATI,Urology Clinic,0,,,,Vizient (MS1301),8251 Pine Rd Ste 220,5139369191
skipped-clinic,Urology Clinic,4009,CURTIS UROLOGICAL,OH,SAINT CLAIRSVILLE,Urology Clinic,0,,,,Vizient (MS1301),51370 National Rd E,7406956625
skipped-clinic,Urology Clinic,4010,WOOSTER UROLOGY,OH,WOOSTER,Urology Clinic,0,,,,Vizient (MS1301),546 Winter St Ste 210,3303455533
skipped-clinic,Urology Clinic,4011,TCLEVELAND CLINIC UNION HOSP UROLOGY,OH,DOVER,Urology Clinic,0,,,,Vizient (MS1301),300 Medical Park Dr Ste 103,3303642311
skipped-clinic,Urology Clinic,4012,UROLOGY ASSOCIATES OF N CENTRAL OH INC,OH,MANSFIELD,Urology Clinic,0,,,,"Vizient (MS1301), Premier (BT-NS-002)",675 Bally Row,4197564999
skipped-clinic,Urology Clinic,4013,SUPERIOR MED LLC - CLIFFORD MAXIMO MD,OH,CAMBRIDGE,Urology Clinic,0,,,,"Vizient (MS1301), Premier (BT-NS-002)",1200 Clark St,7404398839
skipped-clinic,Urology Clinic,4014,UROLOGY GROUP ASSOCIATES,OH,STEUBENVILLE,Urology Clinic,0,,,,"Vizient (MS1301), Premier (BT-NS-002)",1524 Sunset Blvd Ste A,7402826291
skipped-clinic,Urology Clinic,4015,CENTRAL OHIO UROLOGY GROUP - GROVE CITY,OH,GROVE CITY,Urology Clinic,0,,,,"Vizient (MS1301), Premier (BT-NS-002)",5775 N Meadows Dr Ste C,6143962684
skipped-clinic,Urology Clinic,4016,SOUTH DAYTON UROLOGICAL ASSOC,OH,KETTERING,Urology Clinic,0,,,,"Vizient (MS1301), Premier (BT-NS-002)",3737 Southern Blvd Ste 4200,0
skipped-clinic,Urology Clinic,4017,UROLOGY INC,OH,FAIRLAWN,Urology Clinic,0,,,,"Vizient (MS1301), Premier (BT-NS-002)",2651 W Market St,3308355584
skipped-clinic,Urology Clinic,4018,PREMIER UROLOGY CENTER,OH,MIDDLETOWN,Urology Clinic,0,,,,"Vizient (MS1301), Premier (BT-NS-002)",112 S Main St,5134230739
skipped-clinic,Urology Clinic,4019,TULSA UROLOGY,OK,BROKEN ARROW,Urology Clinic,0,,,,Vizient (MS1301),850 W Mission St,9188729611
skipped-clinic,Urology Clinic,4020,UROLOGY OF NE OKLAHOMA,OK,BARTLESVILLE,Urology Clinic,0,,,,Vizient (MS1301),500 E 5th St Bldg A,9183363520
skipped-clinic,Urology Clinic,4021,THE UROLOGY GROUP/MD MEDICAL TOWER,OK,MIDWEST CITY,Urology Clinic,0,,,,Vizient (MS1301),8121 National Ave Ste 306,4057375300
skipped-clinic,Urology Clinic,4022,CLINICAL UROLOGY INC,OK,OKLAHOMA CITY,Urology Clinic,0,,,,Vizient (MS1301),4200 S Douglas Ave Ste 300,4056347727
skipped-clinic,Urology Clinic,4023,CIMARRON UROLOGY/SURGICAL ASSOCIATES,OK,STILLWATER,Urology Clinic,0,,,,Vizient (MS1301),801 S Walnut St,4057433760
skipped-clinic,Urology Clinic,4024,ALTUS SURGICAL & UROLOGY ASSOCIATES,OK,ALTUS,Urology Clinic,0,,,,Vizient (MS1301),304 S Park Ln Ste B,5804777444
skipped-clinic,Urology Clinic,4025,UROLOGY ASSOCIATES INC - SHAWNEE,OK,SHAWNEE,Urology Clinic,0,,,,Vizient (MS1301),1533 N Harrison St,4057499655
skipped-clinic,Urology Clinic,4026,OUHSC DEPT OF UROLOGY RESEARCH PROGRAM,OK,OKLAHOMA CITY,Urology Clinic,0,,,,Vizient (MS1301),940 Stanton L Young Blvd,4052716900
skipped-clinic,Urology Clinic,4027,OUHSC DEPT OF UROLOGY RESEARCH PROGRAM-RESEARCH PARK MED CENTER LAB,OK,OKLAHOMA CITY,Urology Clinic,0,,,,Vizient (MS1301),800 Research Pkwy Ste 462,4052716900
skipped-clinic,Urology Clinic,4028,OU PHYSICIANS AT EDMOND MULTISPECIALTY,OK,EDMOND,Urology Clinic,0,,,,Vizient (MS1301),14101 N Eastern Ave Ste C,4053401279
skipped-clinic,Urology Clinic,4029,AUA-ENID UROLOGY ASSOCIATES,OK,ENID,Urology Clinic,0,,,,Vizient (MS1301),615 E Oklahoma Ave Ste 200,5802333230
skipped-clinic,Urology Clinic,4030,DUNCAN UROLOGY,OK,DUNCAN,Urology Clinic,0,,,,Vizient (MS1301),2115 Duncan Regional Loop Ste 300,5802512212
skipped-clinic,Urology Clinic,4031,LONE STAR UROLOGY PC,OK,DURANT,Urology Clinic,0,,,,Vizient (MS1301),1323 N 16th Ave,0
skipped-clinic,Urology Clinic,4032,UROLOGY CENTER OF SOUTHERN OKLAHOMA INC,OK,ARDMORE,Urology Clinic,0,,,,Vizient (MS1301),915 S 10th St Nw,0
skipped-clinic,Urology Clinic,4033,CLAREMORE UROLOGY-JOHNSON C MICHAEL MD,OK,CLAREMORE,Urology Clinic,0,,,,Vizient (MS1301),131 W Blue Starr Dr,9183436100
skipped-clinic,Urology Clinic,4034,SOUTHERN OKLA UROLOGY-GLEN DIACON MD,OK,ADA,Urology Clinic,0,,,,Vizient (MS1301),1414 Arlington St Ste 2300,8003312716
skipped-clinic,Urology Clinic,4035,UROLOGY CENTERS OF OKLAHOMA,OK,BETHANY,Urology Clinic,0,,,,Vizient (MS1301),2353 N Thompkins Ave,8003312716
skipped-clinic,Urology Clinic,4036,IMG - GRAND LAKE UROLOGY,OK,GROVE,Urology Clinic,0,,,,Vizient (MS1301),900 E 13th St Ste 205,4059512361
skipped-clinic,Urology Clinic,4037,WILLAMETTE UROLOGY - DALLAS,OR,DALLAS,Urology Clinic,0,,,,Vizient (MS1301),591 Se Clay St,5035617110
skipped-clinic,Urology Clinic,4038,WILLAMETTE UROLOGY,OR,SALEM,Urology Clinic,0,,,,Vizient (MS1301),2973 12th St Se,5035617110
skipped-clinic,Urology Clinic,4039,UROLOGY SPECIALISTS OF OREGON - BEND,OR,BEND,Urology Clinic,0,,,,Vizient (MS1301),2084 Ne Professional Ct,5412784733
skipped-clinic,Urology Clinic,4040,UROLOGY SPECIALISTS OF OREGON - REDMOND,OR,REDMOND,Urology Clinic,0,,,,Vizient (MS1301),236 Nw Kingwood Ave,5412784733
skipped-clinic,Urology Clinic,4041,NW UROLOGICAL CLINIC PC,OR,PORTLAND,Urology Clinic,0,,,,Vizient (MS1301),2230 Nw Pettigrove 210,5032236223
skipped-clinic,Urology Clinic,4042,TOC UROLOGY HAPPY VALLEY,OR,HAPPY VALLEY,Urology Clinic,0,,,,Vizient (MS1301),9300 SE 91st Ave Ste 406,0
skipped-clinic,Urology Clinic,4043,OREGON UROLOGY INSTITUTE,OR,SPRINGFIELD,Urology Clinic,0,,,,Vizient (MS1301),1007 Harlow Rd Fl 3,0
skipped-clinic,Urology Clinic,4044,ROGUE VALLEY UROLOGY BEND,OR,BEND,Urology Clinic,0,,,,Vizient (MS1301),431 Ne Revere Ave Ste 200,5417745808
skipped-clinic,Urology Clinic,4045,BEND UROLOGY ASSOCIATES LLC - REDMOND,OR,REDMOND,Urology Clinic,0,,,,Vizient (MS1301),333 Nw Larch Ave,5415484017
skipped-clinic,Urology Clinic,4046,BEND UROLOGY ASSOCIATES,OR,BEND,Urology Clinic,0,,,,Vizient (MS1301),2090 Ne Wyatt Ct Ste 101,5413507257
skipped-clinic,Urology Clinic,4047,OREGON UROLOGY INSTITUTE IMAGING DEPARTMENT,OR,SPRINGFIELD,Urology Clinic,0,,,,Vizient (MS1301),2400 Hartman Ln Ste 400,5417461618
skipped-clinic,Urology Clinic,4048,ROBERT MOORE MD,OR,ALBANY,Urology Clinic,0,,,,Vizient (MS1301),631 Elm St Sw Ste 201,0
skipped-clinic,Urology Clinic,4049,BCS - OREGON UROLOGY RADIATION,OR,SPRINGFIELD,Urology Clinic,0,,,,Vizient (MS1301),1457 G St,0
skipped-clinic,Urology Clinic,4050,OREGON UROLOGY INSTITUTE PC,OR,ROSEBURG,Urology Clinic,0,,,,Vizient (MS1301),2550 Nw Edenbower Blvd Ste 102,0
skipped-clinic,Urology Clinic,4051,PMG UROLOGY,OR,PORTLAND,Urology Clinic,0,,,,Vizient (MS1301),5050 Ne Hoyt St Ste 210,5038936999
skipped-clinic,Urology Clinic,4052,AUA-ROGUE VALLEY UROLOGY,OR,MEDFORD,Urology Clinic,0,,,,Vizient (MS1301),1698 E Mcandrews Rd Ste 280,5417745808
skipped-clinic,Urology Clinic,4053,NW UROLOGICAL MCMINNVILLE,OR,MCMINNVILLE,Urology Clinic,0,,,,Vizient (MS1301),2435 Ne Cumulus Ave Ste E,5034352561
skipped-clinic,Urology Clinic,4054,UROLOGY HEALTHCARE PC,OR,EUGENE,Urology Clinic,0,,,,Vizient (MS1301),1180 Patterson St Ste 4,5413439250
skipped-clinic,Urology Clinic,4055,THE CORVALLIS CLINIC - 444,OR,CORVALLIS,Urology Clinic,0,,,,"Vizient (MS1301), Premier (BT-NS-002)",444 Nw Elks Dr,5417541150
skipped-clinic,Urology Clinic,4056,UROLOGY SPECIALISTS OF THE LEHIGH VALL,PA,ALLENTOWN,Urology Clinic,0,,,,Vizient (MS1301),5018 Medical Ctr Cir Ste 101a,6107701215
skipped-clinic,Urology Clinic,4057,RML UROLOGY,PA,ALLENTOWN,Urology Clinic,0,,,,Vizient (MS1301),1259 S Cedar Crest Blvd Ste 235,6103669455
skipped-clinic,Urology Clinic,4058,DOYLESTOWN UROLOGY,PA,DOYLESTOWN,Urology Clinic,0,,,,Vizient (MS1301),599 W State St Ste 303,2152309070
skipped-clinic,Urology Clinic,4059,BEAVER VALLEY UROLOGY,PA,BEAVER,Urology Clinic,0,,,,Vizient (MS1301),1700 3rd Street,7247756446
skipped-clinic,Urology Clinic,4060,MON VALLEY UROLOGY,PA,MONONGAHELA,Urology Clinic,0,,,,Vizient (MS1301),900 W Main St,7242588866
skipped-clinic,Urology Clinic,4061,PLZ TRIANGLE UROLOGICALCMURRAY,PA,MCMURRAY,Urology Clinic,0,,,,Vizient (MS1301),4141 Washington Rd,4122814492
skipped-clinic,Urology Clinic,4062,PLZ TRIANGLE UROLOGICALHIO VALLEY,PA,MCKEES ROCKS,Urology Clinic,0,,,,Vizient (MS1301),27 Heckel Rd Ste 201,4122814492
skipped-clinic,Urology Clinic,4063,PLZ TRIANGLE UROLOGICALNDIANA,PA,INDIANA,Urology Clinic,0,,,,Vizient (MS1301),1480 Indian Springs Rd,7244652056
skipped-clinic,Urology Clinic,4064,TRIANGLE UROLOGICAL GROUP,PA,WEST MIFFLIN,Urology Clinic,0,,,,Vizient (MS1301),2027 Lebanon Church Rd,4122814492
skipped-clinic,Urology Clinic,4065,WATERSHED UROLOGY PC,PA,CARLISLE,Urology Clinic,0,,,,Vizient (MS1301),9 Brookwood Ave,7172412200
skipped-clinic,Urology Clinic,4066,LANCASTER UROLOGICAL GRP,PA,WILLOW STREET,Urology Clinic,0,,,,Vizient (MS1301),222 Willow Valley Lakes Dr,7173971374
skipped-clinic,Urology Clinic,4067,SHOLDER AND BORDEAU UROLOGY,PA,PITTSBURGH,Urology Clinic,0,,,,Vizient (MS1301),1145 Mt Lebanon Ste 105,4129422185
skipped-clinic,Urology Clinic,4068,COCOA UROLOGY ASSOCIATES,PA,HERSHEY,Urology Clinic,0,,,,Vizient (MS1301),475 W Governor Rd Ste 6,0
skipped-clinic,Urology Clinic,4069,BUCKS COUNTY UROLOGY PC,PA,LANGHORNE,Urology Clinic,0,,,,Vizient (MS1301),825 Town Center Dr Ste 150,2157506510
skipped-clinic,Urology Clinic,4070,UPHS-PAH UROLOGY-TERRANCE MALLOY MD,PA,PHILADELPHIA,Urology Clinic,0,,,,Vizient (MS1301),299 S 8th St,0
skipped-clinic,Urology Clinic,4071,UROLOGICAL ASSOCIATES PC-H ALTMAN MD,PA,PHILADELPHIA,Urology Clinic,0,,,,Vizient (MS1301),1342 Cottman Ave,0
skipped-clinic,Urology Clinic,4072,CKHN - UROLOGY SPRINGFIELD,PA,SPRINGFIELD,Urology Clinic,0,,,,Vizient (MS1301),196 W Sproul Rd Ste 210,6103283210
skipped-clinic,Urology Clinic,4073,CKHN - UROLOGY DCMH,PA,DREXEL HILL,Urology Clinic,0,,,,Vizient (MS1301),2100 Keystone Ave Ste 307,0
skipped-clinic,Urology Clinic,4074,CKHN - UROLOGY CCMC,PA,UPLAND,Urology Clinic,0,,,,Vizient (MS1301),30 Medical Ctr Blvd Pob 1 Ste 102,0
skipped-clinic,Urology Clinic,4075,LAUREL UROLOGY,PA,JOHNSTOWN,Urology Clinic,0,,,,Vizient (MS1301),321 Main St Ste 3f,8145362113
skipped-clinic,Urology Clinic,4076,UROLOGY OF CENTRAL PENNSYLVANIA INC,PA,LEMOYNE,Urology Clinic,0,,,,Vizient (MS1301),100 Corporate Center Dr Ste 100,7177244672
skipped-clinic,Urology Clinic,4077,TUH FOX CHASE MEDICAL GROUP- BENIGN UROLOGY FORT WASHINGTON,PA,FORT WASHINGTON,Urology Clinic,0,,,,Vizient (MS1301),515 Pennsylvania Ave 1st FL W ENTRANCE,2157282199
skipped-clinic,Urology Clinic,4078,FOX CHASE CANCER CENTER- HUNTINGDON PIKE UROLOGY,PA,ROCKLEDGE,Urology Clinic,0,,,,Vizient (MS1301),850 Huntingdon Pike Fl 3,2157281111
skipped-clinic,Urology Clinic,4079,ADVANCED UROLOGY LLP,PA,CHALFONT,Urology Clinic,0,,,,Vizient (MS1301),700 Horizon Dr Ste 201,4845300205
skipped-clinic,Urology Clinic,4080,MIDLANTIC UROLOGY - WEST CHESTER,PA,WEST CHESTER,Urology Clinic,0,,,,Vizient (MS1301),1055 Andrew Dr Ste A,0
skipped-clinic,Urology Clinic,4081,MIDLANTIC UROLOGY BALA CYNWYD CLINIC,PA,BALA CYNWYD,Urology Clinic,0,,,,Vizient (MS1301),1 Presidential Blvd Ste 100,0
skipped-clinic,Urology Clinic,4082,YORKTOWNE UROLOGY,PA,YORK,Urology Clinic,0,,,,Vizient (MS1301),2350 Freedom Way Ste 102,7177419536
skipped-clinic,Urology Clinic,4083,FVC ELKINS PARK,PA,ELKINS PARK,Urology Clinic,0,,,,Vizient (MS1301),250 Yorktown Plz,3522128252
skipped-clinic,Urology Clinic,4084,KEYSTONE UROLOGY SPECIALISTS,PA,LANCASTER,Urology Clinic,0,,,,Vizient (MS1301),2106 Harrisburg Pike Ste 200,7325390538
skipped-clinic,Urology Clinic,4085,MID LANTIC UROLOGY,PA,HUNTINGDON VALLEY,Urology Clinic,0,,,,Vizient (MS1301),1800 Byberry Rd,0
skipped-clinic,Urology Clinic,4086,NURSE FAMILY PARTNERSHIP,PA,STATE COLLEGE,Urology Clinic,0,,,,Vizient (MS1301),450 Windmere Dr,4126478813
skipped-clinic,Urology Clinic,4087,UROLOGY OF CENTRAL PA - MILLERSBURG,PA,MILLERSBURG,Urology Clinic,0,,,,Vizient (MS1301),1000 Evelyn Dr,7177240720
skipped-clinic,Urology Clinic,4088,TRICOUNTY UROLOGY ASSOCIATES - WAYNESBURG OFFICE,PA,WAYNESBURG,Urology Clinic,0,,,,Vizient (MS1301),112 Walnut Ave,7248522110
skipped-clinic,Urology Clinic,4089,INTEGRATED MEDICAL GROUP PC - UROLOGY,PA,POTTSVILLE,Urology Clinic,0,,,,Vizient (MS1301),100 E Union St,5706228903
skipped-clinic,Urology Clinic,4090,SISBARRO UROLOGICAL SPECIALISTS A CARE CENTER OF UROLOGY SPECIALISTS OF AMERICA,PA,EPHRATA,Urology Clinic,0,,,,Vizient (MS1301),804 Grandview Dr Ste 3,7175697015
skipped-clinic,Urology Clinic,4091,ALLIED UROLOGY ASSOCIATES,PA,ERIE,Urology Clinic,0,,,,Vizient (MS1301),311 W 24th St Ste 101,8144524214
skipped-clinic,Urology Clinic,4092,STEPT & ARNHEIM UROLOGIC ASSOC/BUTLER,PA,BUTLER,Urology Clinic,0,,,,Vizient (MS1301),480 E Jefferson St Ste C,7242858550
skipped-clinic,Urology Clinic,4093,MOUNT NITTANY PHYSICIAN GROUP - MIFFLIN COUNTY,PA,REEDSVILLE,Urology Clinic,0,,,,Vizient (MS1301),96 Kish Rd,7176672725
skipped-clinic,Urology Clinic,4094,CH UROLOGY SPECIALISTS - LOWER MAKEFIELD,PA,NEWTOWN,Urology Clinic,0,,,,Vizient (MS1301),3 Penns Trl Fl 2,0
skipped-clinic,Urology Clinic,4095,MIDLANTIC UROLOGY PLYMOUTH MEETING,PA,PLYMOUTH MEETING,Urology Clinic,0,,,,Vizient (MS1301),400 Davis Dr Ste 200b,4845300205
skipped-clinic,Urology Clinic,4096,UROLOGY FOR CHILDREN,PA,WILLOW GROVE,Urology Clinic,0,,,,Vizient (MS1301),2701 Blair Mill Rd Ste 6,0
skipped-clinic,Urology Clinic,4097,GREENSBURG UROLOGY-GU INC,PA,GREENSBURG,Urology Clinic,0,,,,Vizient (MS1301),522 W Newton St Ste 300,7246891646
skipped-clinic,Urology Clinic,4098,GREENSBURG UROLOGY INC,PA,LATROBE,Urology Clinic,0,,,,Vizient (MS1301),911 Ligonier St Ste 104,7245399736
skipped-clinic,Urology Clinic,4099,AUA-UROLOGICAL ASSOCIATES,PA,HAZLETON,Urology Clinic,0,,,,Vizient (MS1301),140 N Sherman Ct,5704506333
skipped-clinic,Urology Clinic,4100,SUBURBAN UROLOGICAL ASSOCIATES,PA,MONROEVILLE,Urology Clinic,0,,,,Vizient (MS1301),2790 Mosside Blvd Ste G110,4123726330
skipped-clinic,Urology Clinic,4101,HIGHLAND UROLOGY,PA,HORSHAM,Urology Clinic,0,,,,Vizient (MS1301),3 Village Rd Ste 100,2158847114
skipped-clinic,Urology Clinic,4102,THREE RIVERS UROLOGY,PA,WEXFORD,Urology Clinic,0,,,,Vizient (MS1301),3000 Stonewood Dr,7249345520
skipped-clinic,Urology Clinic,4103,SOUTHEASTEN PENNSYLVANIA UROLOGY SURGERY,PA,WEST GROVE,Urology Clinic,0,,,,Vizient (MS1301),1011 W Baltimore Pike Ste 101,0
skipped-clinic,Urology Clinic,4104,RIVERVIEW UROLOGICAL,PA,KINGSTON,Urology Clinic,0,,,,Vizient (MS1301),423 3rd Ave,5702883601
skipped-clinic,Urology Clinic,4105,FIORELLI UROLOGY ASSOCIATES-FIORELLI ROBERT L DO,PA,WILKES-BARRE,Urology Clinic,0,,,,Vizient (MS1301),1155 Route 315,5708203320
skipped-clinic,Urology Clinic,4106,NORTHGATE UROLOGY ASSOC-LENNERT JOSEPH,PA,BETHLEHEM,Urology Clinic,0,,,,Vizient (MS1301),5325 Northgate Dr Ste 203,6108673171
skipped-clinic,Urology Clinic,4107,UROLOGICAL ASSOCIATES-GRIBLE PAM,PA,BUTLER,Urology Clinic,0,,,,Vizient (MS1301),300 S Washington St,7242837676
skipped-clinic,Urology Clinic,4108,LAUREL HIGHLANDS UROLOGY,PA,JOHNSTOWN,Urology Clinic,0,,,,Vizient (MS1301),353 Market St,0
skipped-clinic,Urology Clinic,4109,TRIANGLE UROLOGICAL GROUP INDIANA OFFICE-MILLER RALPH,PA,INDIANA,Urology Clinic,0,,,,Vizient (MS1301),Heatherbrae Square,7244652056
skipped-clinic,Urology Clinic,4110,UROLOGY ASSOCIATES OF BEAVER-DANIELS GEORGE F,PA,BEAVER,Urology Clinic,0,,,,Vizient (MS1301),350 3rd St,7247743232
skipped-clinic,Urology Clinic,4111,MIDLANTIC UROLOGY - PAOLI,PA,PAOLI,Urology Clinic,0,,,,Vizient (MS1301),4 Industrial Blvd Ste 180,6105252515
skipped-clinic,Urology Clinic,4112,NORTH PENNSYLVANIA UROLOGY ASSOCIATES,PA,LANSDALE,Urology Clinic,0,,,,Vizient (MS1301),506 N Broad St,2153625633
skipped-clinic,Urology Clinic,4113,UROLOGY ASSOCIATES OF KINGSTON,PA,KINGSTON,Urology Clinic,0,,,,Vizient (MS1301),470 Wyoming Ave,8889064217
skipped-clinic,Urology Clinic,4114,HMG-UROLOGY,PA,HANOVER,Urology Clinic,0,,,,Vizient (MS1301),250 Fame Ave Ste 235,7176329263
skipped-clinic,Urology Clinic,4115,ADAMS HANOVER UROLOGY ASSOC-450 S WASHINGTON,PA,GETTYSBURG,Urology Clinic,0,,,,Vizient (MS1301),450 S Washington St Ste D,7176321448
skipped-clinic,Urology Clinic,4116,ACADEMIC UROLOGY,PA,ROSEMONT,Urology Clinic,0,,,,Vizient (MS1301),919 Conestoga Rd Attn Lab,6105256580
skipped-clinic,Urology Clinic,4117,UROLOGY OF THE POCHONOS,PA,TOBYHANNA,Urology Clinic,0,,,,Vizient (MS1301),100 Community Dr Ste 109,5203356271
skipped-clinic,Urology Clinic,4118,BEDFORD REGIONAL UROLOGY,PA,EVERETT,Urology Clinic,0,,,,Vizient (MS1301),202 Memorial Dr Ste 2,8146230552
skipped-clinic,Urology Clinic,4119,JACOBS MD DAVID,PA,MCKEESPORT,Urology Clinic,0,,,,Vizient (MS1301),1050 Lincoln Way,4126738600
skipped-clinic,Urology Clinic,4120,LEBANON UROLOGICAL GROUP,PA,LEBANON,Urology Clinic,0,,,,"Vizient (MS1301), Premier (BT-NS-002)",1023 Poplar St,7176752060
skipped-clinic,Urology Clinic,4121,UROLOGY ASSOCIATES OF LEBANON PA PC,PA,LEBANON,Urology Clinic,0,,,,"Vizient (MS1301), Premier (BT-NS-002)",815 Norman Dr,7172724500
skipped-clinic,Urology Clinic,4122,MIDLANTIC UROLOGY - CONESTOGA ROAD,PA,BRYN MAWR,Urology Clinic,0,,,,"Vizient (MS1301), Premier (BT-NS-002)",919 Conestoga Rd Ste 300,0
skipped-clinic,Urology Clinic,4123,MIDLANTIC UROLOGY COATESVILLE,PA,COATESVILLE,Urology Clinic,0,,,,"Vizient (MS1301), Premier (BT-NS-002)",213 Reeceville Rd Ste 24,0
skipped-clinic,Urology Clinic,4124,MICHAEL A DANIELS MD,PA,PHILADELPHIA,Urology Clinic,0,,,,"Vizient (MS1301), Premier (BT-NS-002)",2 Penn Blvd Ste 206,2158431002
skipped-clinic,Urology Clinic,4125,MOUNT NITTANY PHYSICIAN GROUP - UROLOGY,PA,STATE COLLEGE,Urology Clinic,0,,,,"Vizient (MS1301), Premier (BT-NS-002)",905 University Dr,8142316835
skipped-clinic,Urology Clinic,4126,MIDLANTIC UROLOGY,PA,POTTSTOWN,Urology Clinic,0,,,,"Vizient (MS1301), Premier (BT-NS-002)",20 N Sunnybrook Rd,6103235550
skipped-clinic,Urology Clinic,4127,CENTRAL PENNSYLVANIA UROLOGY,PA,YORK,Urology Clinic,0,,,,"Vizient (MS1301), Premier (BT-NS-002)",1408 3rd Ave,7178432620
skipped-clinic,Urology Clinic,4128,KOSTER MD LEE H,PA,NEW KENSINGTON,Urology Clinic,0,,,,"Vizient (MS1301), Premier (BT-NS-002)",634 4th Ave,7243398600
skipped-clinic,Urology Clinic,4129,UROLOGY ASSOC OF THE POCONOS,PA,EAST STROUDSBURG,Urology Clinic,0,,,,"Vizient (MS1301), Premier (BT-NS-002)",422 Normal St,5704242100
skipped-clinic,Urology Clinic,4130,KENT UROLOGY - NAVIX,RI,WARWICK,Urology Clinic,0,,,,Vizient (MS1301),390 Tollgate Rd E,5089772814
skipped-clinic,Urology Clinic,4131,RHODE ISLAND UROLOGICAL SPECIALTIES - WEST WA,RI,WEST WARWICK,Urology Clinic,0,,,,Vizient (MS1301),207 Quaker Ln Fl 1,4018287110
skipped-clinic,Urology Clinic,4132,RHODE ISLAND UROLOGICAL SPECIALTIES - WOONSOC,RI,WOONSOCKET,Urology Clinic,0,,,,Vizient (MS1301),191 Social St Fl 6,4014212110
skipped-clinic,Urology Clinic,4133,MEDICAL AND WELLNESS CENTER - EAST GREENWICH,RI,EAST GREENWICH,Urology Clinic,0,,,,Vizient (MS1301),3462 S County Trail Ste 104,0
skipped-clinic,Urology Clinic,4134,BROWN UROLOGY INC,RI,PROVIDENCE,Urology Clinic,0,,,,Vizient (MS1301),827 N Main St Ste 4,4012762004
skipped-clinic,Urology Clinic,4135,UNIVERSITY UROLOGICAL - PSA LAB - UPI,RI,EAST PROVIDENCE,Urology Clinic,0,,,,Vizient (MS1301),450 Veterans Memorial Pkwy,4012762003
skipped-clinic,Urology Clinic,4136,CHARTERCARE MEDICAL ASSOCIATES-UROLOGY,RI,JOHNSTON,Urology Clinic,0,,,,Vizient (MS1301),1524 Atwood Ave Ste 322,4013317400
skipped-clinic,Urology Clinic,4137,UNIVERSITY UROLOGICAL OPERATORY FOUND,RI,PROVIDENCE,Urology Clinic,0,,,,Vizient (MS1301),195 Collyer St Ste 104,4012762026
skipped-clinic,Urology Clinic,4138,UNIVERSITY UROLOGICAL ASSO INC,RI,PROVIDENCE,Urology Clinic,0,,,,Vizient (MS1301),2 Dudley St Ste 175 & 185,4014210710
skipped-clinic,Urology Clinic,4139,MEDICAL AND WELLNESS CENTER - WARWICK,RI,WARWICK,Urology Clinic,0,,,,"Vizient (MS1301), Premier (BT-NS-002)",120 Centerville Rd,0
skipped-clinic,Urology Clinic,4140,LEXINGTON UROLOGY,SC,WEST COLUMBIA,Urology Clinic,0,,,,Vizient (MS1301),222 E Medical Ln Lexington Medical Park 3 Ste 101,0
skipped-clinic,Urology Clinic,4141,MUSC HEALTH-UROLOGY,SC,FLORENCE,Urology Clinic,0,,,,Vizient (MS1301),805 Pamplico Hwy Ste B310,8438760550
skipped-clinic,Urology Clinic,4142,LOW COUNTRY UROLOGY CLINIC - LAKE HUNT,SC,MOUNT PLEASANT,Urology Clinic,0,,,,Vizient (MS1301),999 Lake Hunter Cir Ste D,8438849646
skipped-clinic,Urology Clinic,4143,LOW COUNTRY UROLOGY CLINIC - LAKE PARK,SC,NORTH CHARLESTON,Urology Clinic,0,,,,Vizient (MS1301),2687 Lake Park Dr,8435721010
skipped-clinic,Urology Clinic,4144,LOW COUNTRY UROLOGY CLINIC - ST ANDREW,SC,CHARLESTON,Urology Clinic,0,,,,Vizient (MS1301),641 St Andrews Blvd,8437664070
skipped-clinic,Urology Clinic,4145,PALMETTO UROLOGY PRACTICE,SC,ORANGEBURG,Urology Clinic,0,,,,Vizient (MS1301),1747 Village Park Dr,8035345700
skipped-clinic,Urology Clinic,4146,UPSTATE UROLOGY,SC,EASLEY,Urology Clinic,0,,,,Vizient (MS1301),1673 E Main St Ste B,8646440142
skipped-clinic,Urology Clinic,4147,FLORENCE UROLOGICAL ASSOCIATES,SC,FLORENCE,Urology Clinic,0,,,,Vizient (MS1301),214 W Pine St,8436603423
skipped-clinic,Urology Clinic,4148,UROLOGY ASSOCIATES OF CHARLESTON LLC,SC,MT PLEASANT,Urology Clinic,0,,,,Vizient (MS1301),1122 Chuck Dawley Blvd Ste 200,2514630050
skipped-clinic,Urology Clinic,4149,AUCU - GS5,SC,MURRELLS INLET,Urology Clinic,0,,,,Vizient (MS1301),1255 Tadlock Dr,0
skipped-clinic,Urology Clinic,4150,STEVEN P KERNER MD,SC,NEWBERRY,Urology Clinic,0,,,,Vizient (MS1301),2616 Main St,0
skipped-clinic,Urology Clinic,4151,CHARLESTON UROLOGY ASSOCIATES,SC,CHARLESTON,Urology Clinic,0,,,,Vizient (MS1301),125 Doughty St Ste 300,8435776015
skipped-clinic,Urology Clinic,4152,MGC - UROLOGY - SKYLYN,SC,SPARTANBURG,Urology Clinic,0,,,,Vizient (MS1301),11 Doctors Park Dr Ste 220,0
skipped-clinic,Urology Clinic,4153,LOWCOUNTRY UROLOGY CLINICS-SUMM UDS,SC,SUMMERVILLE,Urology Clinic,0,,,,Vizient (MS1301),295a Midland Pkwy Ste 100,0
skipped-clinic,Urology Clinic,4154,AUCU - CF2,SC,MYRTLE BEACH,Urology Clinic,0,,,,Vizient (MS1301),101 Mcleod Health Blvd Ste 202,0
skipped-clinic,Urology Clinic,4155,AIKEN CENTER FOR UROLOGY PA,SC,AIKEN,Urology Clinic,0,,,,Vizient (MS1301),770 Medical Park Dr,9739282880
skipped-clinic,Urology Clinic,4156,LOWCOUNTRY UROLOGY CLINICS - WEST ASH UDS,SC,CHARLESTON,Urology Clinic,0,,,,Vizient (MS1301),1470 Tobias Gadson Blvd Ste 201,0
skipped-clinic,Urology Clinic,4157,AUCU - PA1 PATHOLOGY LAB,SC,LITTLE RIVER,Urology Clinic,0,,,,Vizient (MS1301),3600 Sea Mountain Hwy Ste A,8433999696
skipped-clinic,Urology Clinic,4158,GREENWOOD UROLOGICAL ASSOCIATES,SC,GREENWOOD,Urology Clinic,0,,,,Vizient (MS1301),109 Liner Dr,8642276401
skipped-clinic,Urology Clinic,4159,ABBEVILLE UROLOGY AND SURGICAL,SC,ABBEVILLE,Urology Clinic,0,,,,Vizient (MS1301),901 W Greenwood St,8643666060
skipped-clinic,Urology Clinic,4160,SPARTANBURG UROLOGICAL,SC,UNION,Urology Clinic,0,,,,Vizient (MS1301),319 W South St Ste B,8644278089
skipped-clinic,Urology Clinic,4161,LOW COUNTRY UROLOGY PA,SC,FLORENCE,Urology Clinic,0,,,,Vizient (MS1301),1509 W Evans St,8436610402
skipped-clinic,Urology Clinic,4162,KEOWEE FAM UROLOGY AND GASTRO,SC,SENECA,Urology Clinic,0,,,,Vizient (MS1301),107 Omni Dr,8648857569
skipped-clinic,Urology Clinic,4163,MUSC UROLOGY ASSOCIATES,SC,MOUNT PLEASANT,Urology Clinic,0,,,,Vizient (MS1301),1156 Bowman Rd Unit 104,8435328675
skipped-clinic,Urology Clinic,4164,AIKEN UROLOGICAL ASSOCIATES PA,SC,AIKEN,Urology Clinic,0,,,,Vizient (MS1301),191 Centre S Blvd Ste 20,8036487815
skipped-clinic,Urology Clinic,4165,ANDERSON UROLOGY ASSOC PA,SC,ANDERSON,Urology Clinic,0,,,,Vizient (MS1301),112 Essex Dr,8642266131
skipped-clinic,Urology Clinic,4166,UPSTATE UROLOGY ASSOC,SC,GREENVILLE,Urology Clinic,0,,,,"Vizient (MS1301), Premier (BT-NS-002)",11 Park Creek Dr,8647977450
skipped-clinic,Urology Clinic,4167,SOUTHERN UROGYNECOLOGY,SC,WEST COLUMBIA,Urology Clinic,0,,,,"Vizient (MS1301), Premier (BT-NS-002)",115 Midlands Ct,8034577000
skipped-clinic,Urology Clinic,4168,SUMTER UROLOGICAL,SC,SUMTER,Urology Clinic,0,,,,"Vizient (MS1301), Premier (BT-NS-002)",410 W Wesmark Blvd,8034694402
skipped-clinic,Urology Clinic,4169,JOSEPH R BOUDREAU MD,SD,YANKTON,Urology Clinic,0,,,,Vizient (MS1301),2009 Locust St,0
skipped-clinic,Urology Clinic,4170,YANKTON UROLOGICAL SURGERY,SD,YANKTON,Urology Clinic,0,,,,Vizient (MS1301),Po Box 709,6056688790
skipped-clinic,Urology Clinic,4171,PATHAN DR KARAM/WATERTOWN UROLOGY PC,SD,WATERTOWN,Urology Clinic,0,,,,Vizient (MS1301),600 4th St Ne,6058869201
skipped-clinic,Urology Clinic,4172,KNOXVILLE UROLOGY CLINIC - E BLOUNT A,TN,KNOXVILLE,Urology Clinic,0,,,,Vizient (MS1301),9245 Parkwest Blvd,8655465590
skipped-clinic,Urology Clinic,4173,UROLOGY & UROLOGIC SURGEONS,TN,KNOXVILLE,Urology Clinic,0,,,,Vizient (MS1301),1932 Alcoa Hwy Suite C 475,8653055000
skipped-clinic,Urology Clinic,4174,CHATTANOOGA UROLOGY ASSOCIATES,TN,CHATTANOOGA,Urology Clinic,0,,,,Vizient (MS1301),725 Glenwood Dr Ste E 280,4236971298
skipped-clinic,Urology Clinic,4175,KNOXVILLE UROLOGY CLINIC,TN,KNOXVILLE,Urology Clinic,0,,,,Vizient (MS1301),101 E Blount Ave Ste 100,8656903811
skipped-clinic,Urology Clinic,4176,UTMG UROLOGY - METH SOUTH,TN,MEMPHIS,Urology Clinic,0,,,,Vizient (MS1301),1264 Wesley Dr Ste 601,9013478369
skipped-clinic,Urology Clinic,4177,UTMG UROLOGY,TN,CORDOVA,Urology Clinic,0,,,,Vizient (MS1301),57 Germantown Ct Ste 204,9013478369
skipped-clinic,Urology Clinic,4178,BRISTOL UROLOGICAL ASSOCIATES,TN,BRISTOL,Urology Clinic,0,,,,Vizient (MS1301),350 Blountville Hwy Ste 105,4238446600
skipped-clinic,Urology Clinic,4179,IR CENTERS AT TENNESSEE UROLOGY,TN,KNOXVILLE,Urology Clinic,0,,,,Vizient (MS1301),1415 Old Weisgarber Rd,8656868096
skipped-clinic,Urology Clinic,4180,BHMA UROLOGY KINGSPORT,TN,KINGSPORT,Urology Clinic,0,,,,Vizient (MS1301),2204 Pavilion Dr Ste 300,4232308200
skipped-clinic,Urology Clinic,4181,FRANKLIN UROLOGICAL ASSOCIATES,TN,FRANKLIN,Urology Clinic,0,,,,Vizient (MS1301),100 Covey Dr Ste 207,6157901660
skipped-clinic,Urology Clinic,4182,UROLOGY SPECIALISTS OF OAK RIDGE,TN,OAK RIDGE,Urology Clinic,0,,,,Vizient (MS1301),200 New York Ave Ste 250,8655315555
skipped-clinic,Urology Clinic,4183,MRMG UROLOGY,TN,MT PLEASANT,Urology Clinic,0,,,,Vizient (MS1301),8129 Dry Creek Rd,9316986518
skipped-clinic,Urology Clinic,4184,THE BILLUPS CENTER,TN,MURFREESBORO,Urology Clinic,0,,,,Vizient (MS1301),1508 Carl Adams Dr Ste 400,6155512100
skipped-clinic,Urology Clinic,4185,UNIVERSITY UROLOGY PC - FOUNTAIN VALLEY,TN,KNOXVILLE,Urology Clinic,0,,,,Vizient (MS1301),4005 Fountain Valley Dr Ste 350,8653059254
skipped-clinic,Urology Clinic,4186,UNIVERSITY UROLOGY PC - TAZEWELL,TN,TAZEWELL,Urology Clinic,0,,,,Vizient (MS1301),1610 Tazewell Rd Ste 304,8653059254
skipped-clinic,Urology Clinic,4187,UNIVERSITY UROLOGY PC - ATHENS,TN,ATHENS,Urology Clinic,0,,,,Vizient (MS1301),719 Cook Dr Ste 105,8653059254
skipped-clinic,Urology Clinic,4188,UNIVERSITY UROLOGY PC - LAFOLLETTE,TN,LA FOLLETTE,Urology Clinic,0,,,,Vizient (MS1301),109 Independence Ln,8653059254
skipped-clinic,Urology Clinic,4189,UNIVERSITY UROLOGY PC - SEVIERVILLE,TN,SEVIERVILLE,Urology Clinic,0,,,,Vizient (MS1301),1130 Middle Creek Rd Ste 130,8653059254
skipped-clinic,Urology Clinic,4190,CORE PHYSICIANS,TN,COLUMBIA,Urology Clinic,0,,,,Vizient (MS1301),1114 W 7th St,9313889706
skipped-clinic,Urology Clinic,4191,TULLAHOMA UROLOGY CENTER,TN,TULLAHOMA,Urology Clinic,0,,,,Vizient (MS1301),107 Ledford Mill Rd,9314541955
skipped-clinic,Urology Clinic,4192,NASHVILLE PEDS UROLOGY PRACTICE,TN,NASHVILLE,Urology Clinic,0,,,,Vizient (MS1301),330 23rd Ave N Ste 602,0
skipped-clinic,Urology Clinic,4193,UROLOGY JACKSON,TN,JACKSON,Urology Clinic,0,,,,Vizient (MS1301),379 Hospital Blvd,7316641831
skipped-clinic,Urology Clinic,4194,UROLOGY CLINIC DYERSBURG,TN,DYERSBURG,Urology Clinic,0,,,,Vizient (MS1301),1718 Parr Ave Ste A,7312854104
skipped-clinic,Urology Clinic,4195,TENNESSEE UROLOGY ASSOCIATES,TN,KNOXVILLE,Urology Clinic,0,,,,Vizient (MS1301),9041 Executive Park Dr Ste 112,0
skipped-clinic,Urology Clinic,4196,TENNESSEE VALLEY UROLOGY CENTER,TN,CLEVELAND,Urology Clinic,0,,,,Vizient (MS1301),400 Berywood Trl Nw Ste B,4234723201
skipped-clinic,Urology Clinic,4197,TENNESSEE UROLOGY ASSOCIATES PLLC,TN,KNOXVILLE,Urology Clinic,0,,,,Vizient (MS1301),9724 Kingston Pike Ste 800,8656900602
skipped-clinic,Urology Clinic,4198,CENTER FOR UROLOGICAL TREATMENT,TN,DICKSON,Urology Clinic,0,,,,Vizient (MS1301),127 Crestview Park Dr Ste 207,6154414484
skipped-clinic,Urology Clinic,4199,UROLOGY SPECIALISTS OF EAST TENNESSEE-ALCOA,TN,ALCOA,Urology Clinic,0,,,,Vizient (MS1301),205 Corporate Pl,8653319050
skipped-clinic,Urology Clinic,4200,KENTUCKY LAKE UROLOGICAL,TN,PARIS,Urology Clinic,0,,,,Vizient (MS1301),1002 Cornerstone Dr Ste A,7316428884
skipped-clinic,Urology Clinic,4201,HAMBLEN UROLOGY CLINIC,TN,MORRISTOWN,Urology Clinic,0,,,,Vizient (MS1301),701 Mcfarland St,4235816084
skipped-clinic,Urology Clinic,4202,WALLACE MD CHARLES,TN,MEMPHIS,Urology Clinic,0,,,,Vizient (MS1301),1325 Eastmoreland Ave Ste 425,9012723200
skipped-clinic,Urology Clinic,4203,US UROLOGY PARTNERS,TN,NOLENSVILLE,Urology Clinic,0,,,,"Vizient (MS1301), Premier (BT-NS-002)",7211 Haley Industrial Dr Ste 200,0
skipped-clinic,Urology Clinic,4204,SOUTHEAST UROLOGY CLINIC/TN,TN,MEMPHIS,Urology Clinic,0,,,,"Vizient (MS1301), Premier (BT-NS-002)",995 S Yates Rd Ste 1,9012511767
skipped-clinic,Urology Clinic,4205,UROLOGY ASSOCIATES OF HENDERSON,TN,HENDERSONVILLE,Urology Clinic,0,,,,"Vizient (MS1301), Premier (BT-NS-002)",107 Glen Oak Blvd Ste 100,6158229336
skipped-clinic,Urology Clinic,4206,EAST UROLOGY,TN,MEMPHIS,Urology Clinic,0,,,,"Vizient (MS1301), Premier (BT-NS-002)",6555 Quince Rd,9015153150
skipped-clinic,Urology Clinic,4207,UROLOGY ASSOC OF KINGSPORT PC,TN,KINGSPORT,Urology Clinic,0,,,,"Vizient (MS1301), Premier (BT-NS-002)",822 Broad St,4232466251
skipped-clinic,Urology Clinic,4208,UPPER CUMBERLAND UROLOGY,TN,COOKEVILLE,Urology Clinic,0,,,,"Vizient (MS1301), Premier (BT-NS-002)",320 N Oak Ave,9315285547
skipped-clinic,Urology Clinic,4209,UROLOGY CLINICS OF NORTH TEXAS #2,TX,DALLAS,Urology Clinic,0,,,,Vizient (MS1301),3600 Gaston Ave,2148266021
skipped-clinic,Urology Clinic,4210,FETNER UROLOGY,TX,DALLAS,Urology Clinic,0,,,,Vizient (MS1301),7777 Forest Ln Ste A234,9725667772
skipped-clinic,Urology Clinic,4211,GREATER HOUSTON UROLOGY,TX,HOUSTON,Urology Clinic,0,,,,Vizient (MS1301),1200 Binz St Ste 1340,7135221944
skipped-clinic,Urology Clinic,4212,TEXAS UROLOGY - CLEAR LAKE,TX,WEBSTER,Urology Clinic,0,,,,Vizient (MS1301),17099 N Texas Ave Ste 400,0
skipped-clinic,Urology Clinic,4213,HILLCREST UROLOGY,TX,WACO,Urology Clinic,0,,,,Vizient (MS1301),50 Hillcrest Medical Blvd,0
skipped-clinic,Urology Clinic,4214,UROLOGY SAN ANTONIO NC,TX,SAN ANTONIO,Urology Clinic,0,,,,Vizient (MS1301),18915 Meisner Dr,9898522602
skipped-clinic,Urology Clinic,4215,UROLOGY SAN ANTONIO,TX,SAN ANTONIO,Urology Clinic,0,,,,Vizient (MS1301),3327 Research Plz Ste 403,2103376228
skipped-clinic,Urology Clinic,4216,TEXAS UROLOGY SPECIALISTS - BROWNSVILLE,TX,BROWNSVILLE,Urology Clinic,0,,,,Vizient (MS1301),4770 N Expressway Ste 305a,9569827190
skipped-clinic,Urology Clinic,4217,TEXAS UROLOGY SPECIALISTS - SUGAR LAND,TX,SUGAR LAND,Urology Clinic,0,,,,Vizient (MS1301),17510 W Grand Pkwy S Ste 420,7138309100
skipped-clinic,Urology Clinic,4218,BCM SL SGL UROLOGY,TX,SUGAR LAND,Urology Clinic,0,,,,Vizient (MS1301),1327 Lake Pointe Pkwy Ste 305,7137982261
skipped-clinic,Urology Clinic,4219,DALLAS MEDICAL PHYSICIAN GROUP- UROLOGY,TX,DALLAS,Urology Clinic,0,,,,Vizient (MS1301),9 Medical Pkwy Ste 306,9724889656
skipped-clinic,Urology Clinic,4220,UROLOGY ASSOC OF N TEXAS-CANCER,TX,ARLINGTON,Urology Clinic,0,,,,Vizient (MS1301),811 Interstate 20 W Ste 1,8177848268
skipped-clinic,Urology Clinic,4221,UROLOGY SAN ANTONIO PA-SS,TX,SAN ANTONIO,Urology Clinic,0,,,,Vizient (MS1301),7909 Fredericksburg Rd,2107312050
skipped-clinic,Urology Clinic,4222,GULF REGION UROLOGY,TX,PASADENA,Urology Clinic,0,,,,Vizient (MS1301),3326 Watters Rd Bldg C,7139449170
skipped-clinic,Urology Clinic,4223,GHPMA-NORTHWOODS UROLOGY,TX,HOUSTON,Urology Clinic,0,,,,Vizient (MS1301),1140a Cypress Station Dr,2813592870
skipped-clinic,Urology Clinic,4224,UROLOGY OF STONE OAK,TX,SAN ANTONIO,Urology Clinic,0,,,,Vizient (MS1301),540 Madison Oak Dr Ste 400,2104903040
skipped-clinic,Urology Clinic,4225,NORTH DALLAS UROLOGY ASSOC,TX,PLANO,Urology Clinic,0,,,,Vizient (MS1301),5300 W Plano Pkwy Ste 200,9726128037
skipped-clinic,Urology Clinic,4226,EL PASO UROLOGY CONSULTANTS PA,TX,EL PASO,Urology Clinic,0,,,,Vizient (MS1301),2400 Trawood Dr Ste 204,9155927400
skipped-clinic,Urology Clinic,4227,LAKE JACKSON UROLOGY,TX,LAKE JACKSON,Urology Clinic,0,,,,Vizient (MS1301),188 Abner Jackson Pkwy,9792979488
skipped-clinic,Urology Clinic,4228,UROLOGY ASSOC OF KERRVILLE,TX,KERRVILLE,Urology Clinic,0,,,,Vizient (MS1301),251 Cully Dr Ste C,8302577533
skipped-clinic,Urology Clinic,4229,SOUTHEAST TEXAS UROLOGY ASSOCIATES,TX,BEAUMONT,Urology Clinic,0,,,,Vizient (MS1301),755 N 11th St Ste P3200,4094098994
skipped-clinic,Urology Clinic,4230,JASPER UROLOGY ASSOCIATE,TX,JASPER,Urology Clinic,0,,,,Vizient (MS1301),215 E Water St,4093846835
skipped-clinic,Urology Clinic,4231,NORTHWOODS UROLOGY ASSOCIATES-MONTGOMERY,TX,MONTGOMERY,Urology Clinic,0,,,,Vizient (MS1301),18059 Hwy 105 W Ste 115,9365826454
skipped-clinic,Urology Clinic,4232,NORTHWOODS UROLOGY ASSOCIATES-HUNTSVILLE,TX,HUNTSVILLE,Urology Clinic,0,,,,Vizient (MS1301),100 Medical Ctr Pkwy Ste 600,9364359200
skipped-clinic,Urology Clinic,4233,NORTHWOODS UROLOGY ASSOCIATES-THE WOODLANDS,TX,THE WOODLANDS,Urology Clinic,0,,,,Vizient (MS1301),135 Vision Park,2814043000
skipped-clinic,Urology Clinic,4234,NORTH DFW UROLOGY,TX,GRAPEVINE,Urology Clinic,0,,,,Vizient (MS1301),1601 Lancaster Dr Ste 170,8174817727
skipped-clinic,Urology Clinic,4235,UROLOGY ASSOC OF N TEXAS-CATSCAN,TX,IRVING,Urology Clinic,0,,,,Vizient (MS1301),7200 State Hwy 161 Ste 200,8177848268
skipped-clinic,Urology Clinic,4236,UROLOGY ASSOC OF N TEXAS-TERRELL,TX,FORT WORTH,Urology Clinic,0,,,,Vizient (MS1301),1300 W Terrell Ave Ste 405,8177848268
skipped-clinic,Urology Clinic,4237,MHMG-UROLOGY ASSOCIATES OF HOUSTON-WEBSTER,TX,WEBSTER,Urology Clinic,0,,,,Vizient (MS1301),250 Blossom St Ste 220,2813320202
skipped-clinic,Urology Clinic,4238,UROLOGY ASSOCIATES OF HOUSTON-PASADENA,TX,PASADENA,Urology Clinic,0,,,,Vizient (MS1301),3315 Burke Rd Ste 201,7139109428
skipped-clinic,Urology Clinic,4239,MHMG-UROLOGY ASSOCIATES OF HOUSTON,TX,HOUSTON,Urology Clinic,0,,,,Vizient (MS1301),11914 Astoria Blvd Ste 520,2814812804
skipped-clinic,Urology Clinic,4240,LUBBOCK UROLOGY CLINIC,TX,LUBBOCK,Urology Clinic,0,,,,Vizient (MS1301),6102 82nd St,8067710077
skipped-clinic,Urology Clinic,4241,HEALEY UROLOGY CLINIC,TX,PORT ARTHUR,Urology Clinic,0,,,,Vizient (MS1301),3180 Central Mall Dr,4097296231
skipped-clinic,Urology Clinic,4242,NORTHWOODS UROLOGY ASSOCIATES-TOMBALL,TX,TOMBALL,Urology Clinic,0,,,,Vizient (MS1301),24721 Tomball Pkwy,2812909800
skipped-clinic,Urology Clinic,4243,WEST TEXAS UROLOGY,TX,MIDLAND,Urology Clinic,0,,,,Vizient (MS1301),122 N N St,0
skipped-clinic,Urology Clinic,4244,UROLOGY PARTNERS OF NORTH TEXAS,TX,IRVING,Urology Clinic,0,,,,Vizient (MS1301),7701 Las Colinas Ridge Ste 460,0
skipped-clinic,Urology Clinic,4245,UROLOGY SPECIALISTS OF CYPRESS,TX,CYPRESS,Urology Clinic,0,,,,Vizient (MS1301),27700 Nw Freeway Ste 560,0
skipped-clinic,Urology Clinic,4246,CYPRESS UROLOGY,TX,CYPRESS,Urology Clinic,0,,,,Vizient (MS1301),10425 Huffmeister Rd Ste 210,2818900911
skipped-clinic,Urology Clinic,4247,ALAMO UROLOGY ASSOCIATES,TX,SAN ANTONIO,Urology Clinic,0,,,,Vizient (MS1301),3338 Oakwell Ct Ste 216,2105901018
skipped-clinic,Urology Clinic,4248,UROLOGY AUSTIN,TX,AUSTIN,Urology Clinic,0,,,,Vizient (MS1301),608 Radam Ln,5124435988
skipped-clinic,Urology Clinic,4249,MHMG UROLOGY ASSOCIATES PEARLAND,TX,PEARLAND,Urology Clinic,0,,,,Vizient (MS1301),10907 Memorial Hermann Dr Ste 390,7132422700
skipped-clinic,Urology Clinic,4250,UROLOGY SAN ANTONIO-NORTHEAST,TX,LIVE OAK,Urology Clinic,0,,,,Vizient (MS1301),12709 Toepperwein Rd Ste 206,9898522605
skipped-clinic,Urology Clinic,4251,UROLOGY SAN ANTONIO-BOERNE,TX,BOERNE,Urology Clinic,0,,,,Vizient (MS1301),134 Menger Spgs Ste 1210,9898522603
skipped-clinic,Urology Clinic,4252,GRAND PRAIRIE UROLOGY CLINIC,TX,GRAND PRAIRIE,Urology Clinic,0,,,,Vizient (MS1301),655 S Great Southwest Pkwy,8177310316
skipped-clinic,Urology Clinic,4253,EXCEL UROLOGY,TX,HURST,Urology Clinic,0,,,,Vizient (MS1301),6138 Precinct Line Rd,7176350811
skipped-clinic,Urology Clinic,4254,UROLOGY CLINICS OF N TX - MCKINNEY,TX,MCKINNEY,Urology Clinic,0,,,,Vizient (MS1301),5220 W University Dr Ste 210,2146911902
skipped-clinic,Urology Clinic,4255,RIO GRANDE UROLOGY PA LEE TREVINO,TX,EL PASO,Urology Clinic,0,,,,Vizient (MS1301),3100 N Lee Trevino Dr Ste G,0
skipped-clinic,Urology Clinic,4256,CCP - UROLOGY TEAM-WESTLAKE,TX,WEST LAKE HILLS,Urology Clinic,0,,,,Vizient (MS1301),5300 Bee Caves Rd Ste 100 Bldg 1,5122311444
skipped-clinic,Urology Clinic,4257,CCP - UROLOGY TEAN RR CT,TX,ROUND ROCK,Urology Clinic,0,,,,Vizient (MS1301),511 Oakwood Blvd Ste 103,5122311444
skipped-clinic,Urology Clinic,4258,CCP - UROLOGY TEAM ROUND ROCK,TX,AUSTIN,Urology Clinic,0,,,,Vizient (MS1301),15534 Ranch Road 620 N Ste 100,5122311444
skipped-clinic,Urology Clinic,4259,N AUSTIN UROLOGY DRIPPING SPRINGS,TX,DRIPPING SPRINGS,Urology Clinic,0,,,,Vizient (MS1301),170 Benney Ln Ste 202,0
skipped-clinic,Urology Clinic,4260,THE UROLOGY PLACE,TX,SAN ANTONIO,Urology Clinic,0,,,,Vizient (MS1301),9618 Huebner Rd Ste 202,2106173670
skipped-clinic,Urology Clinic,4261,AUA-STAR UROLOGY OF TEXAS PA,TX,CORSICANA,Urology Clinic,0,,,,Vizient (MS1301),Po Box 1476,9038749008
skipped-clinic,Urology Clinic,4262,AUA-ATX UROLOGY PLLC - CHRISTOPHER YANG,TX,AUSTIN,Urology Clinic,0,,,,Vizient (MS1301),801 W 5th St Apt 413,8322608255
skipped-clinic,Urology Clinic,4263,NORTHWOODS UROLOGY WOODLANDS,TX,CONROE,Urology Clinic,0,,,,Vizient (MS1301),1501 River Pointe Dr Ste 160,2814043000
skipped-clinic,Urology Clinic,4264,MEMORIAL UROLOGY CONSULTANTS,TX,HOUSTON,Urology Clinic,0,,,,Vizient (MS1301),7777 Southwest Frwy Suit 514,8327710044
skipped-clinic,Urology Clinic,4265,UROLOGY AUSTIN KYLE,TX,KYLE,Urology Clinic,0,,,,Vizient (MS1301),1180 Seton Pkwy Ste 125,5122687100
skipped-clinic,Urology Clinic,4266,UROLOGY AUSTIN GEORGETOWN,TX,GEORGETOWN,Urology Clinic,0,,,,Vizient (MS1301),1900 Scenic Dr Ste 2222,5122482200
skipped-clinic,Urology Clinic,4267,AMBULATORY UROLOGICAL SURGERY CENTER,TX,ABILENE,Urology Clinic,0,,,,Vizient (MS1301),1149 Ambler Ave,9156763557
skipped-clinic,Urology Clinic,4268,METROPLEX UROLOGY & TRANSPLANT SURGERY,TX,FORT WORTH,Urology Clinic,0,,,,Vizient (MS1301),900 Jerome St Ste 304,8173488399
skipped-clinic,Urology Clinic,4269,UROLOGY TYLER PA - QUITMAN,TX,QUITMAN,Urology Clinic,0,,,,Vizient (MS1301),606 E Goode St,0
skipped-clinic,Urology Clinic,4270,UROLOGY AUSTIN - LAKEWAY,TX,LAKEWAY,Urology Clinic,0,,,,Vizient (MS1301),101 Medical Pkwy Ste 200,5122630300
skipped-clinic,Urology Clinic,4271,TEXAS UROLOGY SPECIALISTS - WHARTON,TX,WHARTON,Urology Clinic,0,,,,Vizient (MS1301),2100 Regional Medical Dr,0
skipped-clinic,Urology Clinic,4272,TEXAS UROLOGY SPECIALISTS - CLEVELAND,TX,CLEVELAND,Urology Clinic,0,,,,Vizient (MS1301),203 N College Ave Ste 2002,2813580171
skipped-clinic,Urology Clinic,4273,MEDICAL EDGE TEXAS UROLOGY - FLOWER MOUND,TX,FLOWER MOUND,Urology Clinic,0,,,,Vizient (MS1301),3101 Churchill Dr Ste 320,2145131227
skipped-clinic,Urology Clinic,4274,UROLOGY TYLER PA,TX,TYLER,Urology Clinic,0,,,,Vizient (MS1301),700 Olympic Plaza Cir Ste 700,9032623900
skipped-clinic,Urology Clinic,4275,CAPITAL UROLOGY ASSOCIATES,TX,AUSTIN,Urology Clinic,0,,,,Vizient (MS1301),4007 James Casey St Ste B200,0
skipped-clinic,Urology Clinic,4276,UROLOGY ASSOCIATES-MILLER JEFFREY S MD,TX,GEORGETOWN,Urology Clinic,0,,,,Vizient (MS1301),3201 S Austin Ave Ste 160,5122440161
skipped-clinic,Urology Clinic,4277,SALAMEH UROLOGY INSTITUTE-SALAMEH RAJA N MD,TX,MCALLEN,Urology Clinic,0,,,,Vizient (MS1301),1801 S 5th St Ste 104,9364671401
skipped-clinic,Urology Clinic,4278,ALAMO UROLOGY ASSOCIATES PA,TX,SAN ANTONIO,Urology Clinic,0,,,,Vizient (MS1301),8601 Village Dr Ste 206,2105901019
skipped-clinic,Urology Clinic,4279,1960 UROLOGY ASSOCIATES-BLACHER ERIC,TX,HOUSTON,Urology Clinic,0,,,,Vizient (MS1301),11302 Fallbrook Dr Ste 107,2818903900
skipped-clinic,Urology Clinic,4280,WEST TEXAS MEDICAL ASSOCIATES UROLOGY DEPARTMENT,TX,SAN ANGELO,Urology Clinic,0,,,,Vizient (MS1301),3555 Knickerbocker Rd,3252445635
skipped-clinic,Urology Clinic,4281,TEXOMA UROLOGY CLINIC,TX,WICHITA FALLS,Urology Clinic,0,,,,Vizient (MS1301),5500 Kelll West Blvd Suite 200,9406898765
skipped-clinic,Urology Clinic,4282,LAHIJI UROLOGY CENTERS PA-LAHIJI HOSSEIN,TX,MCALLEN,Urology Clinic,0,,,,Vizient (MS1301),120 Cardinal Ave,9566878080
skipped-clinic,Urology Clinic,4283,LUBBOCK UROLOGY ASSOCIATES,TX,LUBBOCK,Urology Clinic,0,,,,Vizient (MS1301),3417 20th St,8067926221
skipped-clinic,Urology Clinic,4284,SPRING CREEK URO SPC-PDP,TX,THE WOODLANDS,Urology Clinic,0,,,,Vizient (MS1301),9305 Pinecroft Dr Ste 303,2819432545
skipped-clinic,Urology Clinic,4285,SPRING CREEK UROLOGY SPECIALISTS,TX,CONROE,Urology Clinic,0,,,,Vizient (MS1301),1020 Riverwood Ct Ste 330,9364411005
skipped-clinic,Urology Clinic,4286,LAMANNA UROLOGY ASSOCIATES,TX,DALLAS,Urology Clinic,0,,,,Vizient (MS1301),2909 S Hampton Rd Ste 101d,8003312716
skipped-clinic,Urology Clinic,4287,LONESTAR UROLOGY,TX,AUSTIN,Urology Clinic,0,,,,Vizient (MS1301),2911 Medical Arts Square Ste 1a,5124769850
skipped-clinic,Urology Clinic,4288,TEXAS UROLOGICAL CLINIC,TX,LUFKIN,Urology Clinic,0,,,,Vizient (MS1301),1704 E Denman Ave,9366391224
skipped-clinic,Urology Clinic,4289,PINEYWOODS UROLOGY,TX,PALESTINE,Urology Clinic,0,,,,Vizient (MS1301),127 Medical Dr,9037238800
skipped-clinic,Urology Clinic,4290,UROLOGY WITH DIGNITY PA,TX,SAN ANTONIO,Urology Clinic,0,,,,Vizient (MS1301),7434 Louis Pasteur Dr Ste 215,2105934392
skipped-clinic,Urology Clinic,4291,PARC UROLOGY,TX,FRISCO,Urology Clinic,0,,,,Vizient (MS1301),5680 Frisco Square Blvd Ste 2300,2146184405
skipped-clinic,Urology Clinic,4292,METROPLEX TRANSPLANT AND UROLOGY,TX,FORT WORTH,Urology Clinic,0,,,,Vizient (MS1301),747 8th Ave Ste B,8172401347
skipped-clinic,Urology Clinic,4293,UROLOGY ASSOCIATES OF SA,TX,SAN ANTONIO,Urology Clinic,0,,,,Vizient (MS1301),1303 Mccullough Ave Ste 270,2102279376
skipped-clinic,Urology Clinic,4294,TEXAS CENTER FOR UROLOGY,TX,FORT WORTH,Urology Clinic,0,,,,Vizient (MS1301),2900 Acme Brick Plz,8178719069
skipped-clinic,Urology Clinic,4295,WEST TEXAS UROLOGY-MIDLAND,TX,MIDLAND,Urology Clinic,0,,,,Vizient (MS1301),2706 W Cuthbert Ave Ste C,4326870311
skipped-clinic,Urology Clinic,4296,PRECISION UROLOGY,TX,SAN ANTONIO,Urology Clinic,0,,,,Vizient (MS1301),1010 Nw Loop 410 Ste 100a,2103082907
skipped-clinic,Urology Clinic,4297,ADVANCED UROLOGY ASSOC/BROTHERS,TX,LUBBOCK,Urology Clinic,0,,,,Vizient (MS1301),418 N Utica Ave Closedfridays,8067715882
skipped-clinic,Urology Clinic,4298,UROLOGY CLINIC OF N TEXAS,TX,CORSICANA,Urology Clinic,0,,,,Vizient (MS1301),400 Hospital Way Ste 104,2148266021
skipped-clinic,Urology Clinic,4299,IR CENTERS AT UROLOGY AUSTIN,TX,AUSTIN,Urology Clinic,0,,,,"Vizient (MS1301), Premier (BT-NS-002)",8701 N Mopac Expy,7372412184
skipped-clinic,Urology Clinic,4300,TEXAS UROLOGY SPECIALIST AUSTIN,TX,AUSTIN,Urology Clinic,0,,,,"Vizient (MS1301), Premier (BT-NS-002)",11645 Angus Rd Ste B9,5124214235
skipped-clinic,Urology Clinic,4301,TEXAS REGIONAL UROLOGY,TX,TOMBALL,Urology Clinic,0,,,,"Vizient (MS1301), Premier (BT-NS-002)",919 Graham Dr Ste A,2812909800
skipped-clinic,Urology Clinic,4302,THE UROLOGY TEAM PA,TX,AUSTIN,Urology Clinic,0,,,,"Vizient (MS1301), Premier (BT-NS-002)",15534 Rr 620 Ste100,5128285522
skipped-clinic,Urology Clinic,4303,UROLOGY CLINICS OF NORTH TEXAS PA,TX,GARLAND,Urology Clinic,0,,,,"Vizient (MS1301), Premier (BT-NS-002)",2241 Peggy Ln Ste E,9722766191
skipped-clinic,Urology Clinic,4304,UROLOGY ASSOCIATES OF SOUTH TEXAS,TX,EDINBURG,Urology Clinic,0,,,,"Vizient (MS1301), Premier (BT-NS-002)",2603 Michael Angelo,9566868357
skipped-clinic,Urology Clinic,4305,UROLOGY AUSTIN - RED RIVER/MDS,TX,AUSTIN,Urology Clinic,0,,,,"Vizient (MS1301), Premier (BT-NS-002)",3100 Red River St,2106554009
skipped-clinic,Urology Clinic,4306,DFW UROLOGY,TX,FORT WORTH,Urology Clinic,0,,,,"Vizient (MS1301), Premier (BT-NS-002)",4809 Brentwood Stair Rd,8177310316
skipped-clinic,Urology Clinic,4307,AUSTIN UROLOGICAL ASSOC,TX,AUSTIN,Urology Clinic,0,,,,"Vizient (MS1301), Premier (BT-NS-002)",6500 N Mo Pac Expy Building 2 Suite 2102,5124766060
skipped-clinic,Urology Clinic,4308,UROLOGY SPECIALISTS FO UTAH,UT,SALT LAKE CITY,Urology Clinic,0,,,,Vizient (MS1301),3336 S 4155 W Ste 202,8019554685
skipped-clinic,Urology Clinic,4309,TOOELE UROLOGY,UT,TOOELE,Urology Clinic,0,,,,Vizient (MS1301),2376 N 400 E Ste 104,4358820071
skipped-clinic,Urology Clinic,4310,GRANGER SUMMIT UROLOGY - WJ,UT,WEST JORDAN,Urology Clinic,0,,,,Vizient (MS1301),3181 W 9000 S Ste 202,0
skipped-clinic,Urology Clinic,4311,UTAH UROLOGY,UT,SPANISH FORK,Urology Clinic,0,,,,Vizient (MS1301),415 N Main St,8016094476
skipped-clinic,Urology Clinic,4312,GRANGER SUMMIT UROLOGY - MUR,UT,MURRAY,Urology Clinic,0,,,,Vizient (MS1301),5323 S Woodrow St Ste 203,8012668664
skipped-clinic,Urology Clinic,4313,GRANGER MEDICAL CLINIC - SUMMIT UROLOGY - PAYSON,UT,PAYSON,Urology Clinic,0,,,,Vizient (MS1301),39 Professional Way Ste 3,8013577530
skipped-clinic,Urology Clinic,4314,GMC - UROLOGY- WEST VALLEY,UT,WEST VALLEY CITY,Urology Clinic,0,,,,Vizient (MS1301),2965 W 3500 S Fl 4,8019653698
skipped-clinic,Urology Clinic,4315,REVERE HEALTH - UROLOGY,UT,PROVO,Urology Clinic,0,,,,Vizient (MS1301),1055 N 500 W Ste 211,8013577327
skipped-clinic,Urology Clinic,4316,INTERMOUNTAIN MG UROLOGY CLINIC,UT,PROVO,Urology Clinic,0,,,,Vizient (MS1301),395 W Cougar Blvd Ste 702,8013573242
skipped-clinic,Urology Clinic,4317,INTERMOUNTAIN SOUTHWEST UROLOGY CLINIC,UT,SAINT GEORGE,Urology Clinic,0,,,,Vizient (MS1301),1380 E Medical Center Dr Ste 2100,4352512730
skipped-clinic,Urology Clinic,4318,UROLOGY CLINIC OF UTAH VALLEY,UT,AMERICAN FORK,Urology Clinic,0,,,,Vizient (MS1301),1159 E 200 N Ste 300,0
skipped-clinic,Urology Clinic,4319,ST GEORGE UROLOGY LLC,UT,SAINT GEORGE,Urology Clinic,0,,,,Vizient (MS1301),1490 E Foremaster Dr Ste 300,4356882104
skipped-clinic,Urology Clinic,4320,WESTERN UROLOGICAL CLINIC,UT,SALT LAKE CITY,Urology Clinic,0,,,,Vizient (MS1301),4252 Highland Dr Ste 200,8019931800
skipped-clinic,Urology Clinic,4321,MIDDLETON UROLOGICAL ASSOC,UT,SALT LAKE CITY,Urology Clinic,0,,,,Vizient (MS1301),1060 E 100 S Ste 110,8015319453
skipped-clinic,Urology Clinic,4322,SEVEN HILLS UROLOGY CENTER INC,VA,LYNCHBURG,Urology Clinic,0,,,,Vizient (MS1301),2542 Langhorne Rd,4349475297
skipped-clinic,Urology Clinic,4323,CMG UROLOGY - OAK VASSAR,VA,LYNCHBURG,Urology Clinic,0,,,,Vizient (MS1301),1330 Oak Ln Ste 303,0
skipped-clinic,Urology Clinic,4324,UROLOGY OF VA (HRW) OYSTER POINT,VA,NEWPORT NEWS,Urology Clinic,0,,,,Vizient (MS1301),895 Middle Ground Blvd Ste 108,0
skipped-clinic,Urology Clinic,4325,UROLOGY ASSOC OF NEW RIVER VL,VA,CHRISTIANSBURG,Urology Clinic,0,,,,Vizient (MS1301),120 Akers Farm Rd,5403823440
skipped-clinic,Urology Clinic,4326,UROLOGY ASSOC ATTEN VIRGINIA,VA,ROANOKE,Urology Clinic,0,,,,Vizient (MS1301),102 Highland Ave Se Ste 105,5403438066
skipped-clinic,Urology Clinic,4327,UROLOGICAL ASSOCIATES LTD,VA,CHARLOTTESVILLE,Urology Clinic,0,,,,Vizient (MS1301),155 Riverbend Dr,4342950184
skipped-clinic,Urology Clinic,4328,UROLOGY - OAKVILLE,VA,ALEXANDRIA,Urology Clinic,0,,,,Vizient (MS1301),400 Fannon St Fl 3,8556946682
skipped-clinic,Urology Clinic,4329,PROSTATE CENTERS AT POTOMAC UROLOGY,VA,ALEXANDRIA,Urology Clinic,0,,,,Vizient (MS1301),1800 N Beauregard St Ste 300,7036802111
skipped-clinic,Urology Clinic,4330,BLUE RIDGE UROLOGICAL HARRISONBURG,VA,ROCKINGHAM,Urology Clinic,0,,,,Vizient (MS1301),2006 Health Campus Dr,0
skipped-clinic,Urology Clinic,4331,WILLIAM REHA MD,VA,WOODBRIDGE,Urology Clinic,0,,,,Vizient (MS1301),2296 Opitz Blvd Ste 220,7036705107
skipped-clinic,Urology Clinic,4332,BLUE RIDGE UROLOGICAL-LEXINGTON,VA,LEXINGTON,Urology Clinic,0,,,,Vizient (MS1301),130 Walker St Ste A,7574132797
skipped-clinic,Urology Clinic,4333,UROLOGY OF VIRGINIA HARBORVIEW,VA,SUFFOLK,Urology Clinic,0,,,,Vizient (MS1301),7185 Harbour Towne Pkwy S Ste 200,0
skipped-clinic,Urology Clinic,4334,AUA-UROLOGY ASSOCIATES OF FREDERICKSBURG #1,VA,FREDERICKSBURG,Urology Clinic,0,,,,Vizient (MS1301),1051 Care Way,5408991654
skipped-clinic,Urology Clinic,4335,AUA-COMMONWEALTH UROLOGY,VA,FAIRFAX,Urology Clinic,0,,,,Vizient (MS1301),3020 Hamaker Ct Ste B111,7038760288
skipped-clinic,Urology Clinic,4336,NORTHERN VIRGINIA UROLOGY PLLC,VA,ANNANDALE,Urology Clinic,0,,,,Vizient (MS1301),3299 Woodburn Rd Ste 450,0
skipped-clinic,Urology Clinic,4337,DEVINE TIDEWATER UROLOGY,VA,NASSAWADOX,Urology Clinic,0,,,,Vizient (MS1301),9536 Hospital Ave,7576683532
skipped-clinic,Urology Clinic,4338,BLUE RIDGE PATHOLOGISTS,VA,FISHERSVILLE,Urology Clinic,0,,,,Vizient (MS1301),19 Briar Knoll Ct Ste 3,8003312716
skipped-clinic,Urology Clinic,4339,CMG UROLOGY (DANVILLE),VA,DANVILLE,Urology Clinic,0,,,,Vizient (MS1301),414 Park Ave,4347971383
skipped-clinic,Urology Clinic,4340,UROLOGY OF VIRGINIA,VA,SOUTH BOSTON,Urology Clinic,0,,,,Vizient (MS1301),2202a Beechmont Rd,4343337760
skipped-clinic,Urology Clinic,4341,UROLOGY OF VA-URODYNAMICS,VA,VIRGINIA BEACH,Urology Clinic,0,,,,Vizient (MS1301),225 Clearfield Ave Fl 1,6107701215
skipped-clinic,Urology Clinic,4342,UROLOGY CENTER OF SWVA,VA,ABINGDON,Urology Clinic,0,,,,Vizient (MS1301),390 Commerce Dr,2766230500
skipped-clinic,Urology Clinic,4343,UROLOGY LAB,VA,CHARLOTTESVILLE,Urology Clinic,0,,,,Vizient (MS1301),1300 Jefferson Park Ave Rm 1768,4349823865
skipped-clinic,Urology Clinic,4344,UROLOGY-REPRODUCTIVE BIO (ZUREPRO),VA,CHARLOTTESVILLE,Urology Clinic,0,,,,Vizient (MS1301),409 Lane Rd,8049247684
skipped-clinic,Urology Clinic,4345,UROLOGY DEPT-ADMIN (ZUADMIN),VA,CHARLOTTESVILLE,Urology Clinic,0,,,,Vizient (MS1301),81 Hospital Drive,8049247684
skipped-clinic,Urology Clinic,4346,UROLOGY ASSOCIATES OF RICHMOND,VA,RICHMOND,Urology Clinic,0,,,,Vizient (MS1301),1401 Johnston Willis Dr Ste 4500,8043201355
skipped-clinic,Urology Clinic,4347,UROLOGIC SURGERY PC,VA,SALEM,Urology Clinic,0,,,,Vizient (MS1301),1802 Braeburn Dr Ste 2130,5404444670
skipped-clinic,Urology Clinic,4348,VIRGINIA UROLOGY - WILLIAMSBURG,VA,WILLIAMSBURG,Urology Clinic,0,,,,"Vizient (MS1301), Premier (BT-NS-002)",113 Bulifants Blvd Ste A,8042876100
skipped-clinic,Urology Clinic,4349,VIRGINIA UROLOGY HANOVER,VA,MECHANICSVILLE,Urology Clinic,0,,,,"Vizient (MS1301), Premier (BT-NS-002)",8228 Meadowbridge Rd,8043309105
skipped-clinic,Urology Clinic,4350,BHMA UROLOGY MARION,VA,MARION,Urology Clinic,0,,,,"Vizient (MS1301), Premier (BT-NS-002)",1201 Snider St,4234316708
skipped-clinic,Urology Clinic,4351,UROLOGY - DR ESENLER,VT,SAINT ALBANS,Urology Clinic,0,,,,Vizient (MS1301),6 Crest Rd,8025240719
skipped-clinic,Urology Clinic,4352,MARIE-CLAUDE BETTENCOURT MD,VT,SPRINGFIELD,Urology Clinic,0,,,,Vizient (MS1301),29 Ridgewood Rd,8028861507
skipped-clinic,Urology Clinic,4353,GREEN MOUNTAIN UROLOGY INC-GRUNERT RICHARD MD,VT,MIDDLEBURY,Urology Clinic,0,,,,Vizient (MS1301),1330 Exchange St Ste 103,8026554900
skipped-clinic,Urology Clinic,4354,GREEN MOUNTAIN UROLOGY,VT,SAINT ALBANS,Urology Clinic,0,,,,Vizient (MS1301),27 Fisher Pond Rd,8025247551
skipped-clinic,Urology Clinic,4355,TACOMA UROLOGY CENTER PLLC,WA,TACOMA,Urology Clinic,0,,,,Vizient (MS1301),1802 Yakima Ave Ste 205,2539227421
skipped-clinic,Urology Clinic,4356,NORTHWEST UROLOGY SPECIALISTS,WA,FEDERAL WAY,Urology Clinic,0,,,,Vizient (MS1301),34612 6th Ave S Ste 210,2538334050
skipped-clinic,Urology Clinic,4357,MULTICARE UROLOGY GIG HARBOR,WA,GIG HARBOR,Urology Clinic,0,,,,Vizient (MS1301),4545 Point Fosdick Dr Ste 160,2533015100
skipped-clinic,Urology Clinic,4358,PMG SE UROLOGY,WA,WALLA WALLA,Urology Clinic,0,,,,Vizient (MS1301),380 Chase Ave Ste 220,4255253355
skipped-clinic,Urology Clinic,4359,ROCKWOOD CLINIC UROLOGY CENTER,WA,SPOKANE,Urology Clinic,0,,,,Vizient (MS1301),910 W 5th Ave Ste 801,5097555121
skipped-clinic,Urology Clinic,4360,UROLOGICAL CONSULTANTS,WA,TACOMA,Urology Clinic,0,,,,Vizient (MS1301),1901 S Union Ave Ste A221,2535726835
skipped-clinic,Urology Clinic,4361,UROLOGY NORTHWEST PA,WA,MOUNTLAKE TERRACE,Urology Clinic,0,,,,Vizient (MS1301),6005 244th St Sw Ste 111,4252755555
skipped-clinic,Urology Clinic,4362,PMP UROLOGY,WA,SPOKANE VALLEY,Urology Clinic,0,,,,Vizient (MS1301),16528 Desmet Ct,4255253355
skipped-clinic,Urology Clinic,4363,KITSAP UROLOGY ASSOC - CC 5863200,WA,PORT ORCHARD,Urology Clinic,0,,,,Vizient (MS1301),451 Sw Sedgwick Rd Ste 220,0
skipped-clinic,Urology Clinic,4364,SOUTHWEST WA UROLOGY CLINIC PLLC,WA,OLYMPIA,Urology Clinic,0,,,,Vizient (MS1301),402 Black Hills Ln Sw Ste A,0
skipped-clinic,Urology Clinic,4365,MID COLUMBIA UROLOGY,WA,KENNEWICK,Urology Clinic,0,,,,Vizient (MS1301),7131 W Deschutes Ave Ste 102,5097835959
skipped-clinic,Urology Clinic,4366,BELLINGHAM UROLOGY GROUP PLLC,WA,BELLINGHAM,Urology Clinic,0,,,,"Vizient (MS1301), Premier (BT-NS-002)",340 Birchwood Ave,3603104126
skipped-clinic,Urology Clinic,4367,YAKIMA UROLOGY ASSOC MYMH,WA,YAKIMA,Urology Clinic,0,,,,"Vizient (MS1301), Premier (BT-NS-002)",2500 Racquet Ln Ste 100,5092493900
skipped-clinic,Urology Clinic,4368,COLUMBIA SURG SPECIALISTS-SPOKANE UROGYN,WA,SPOKANE,Urology Clinic,0,,,,"Vizient (MS1301), Premier (BT-NS-002)",920 N Washington St Fl 2,5097895702
skipped-clinic,Urology Clinic,4369,EASTSIDE UROLOGY ASSOCIATES,WA,KIRKLAND,Urology Clinic,0,,,,"Vizient (MS1301), Premier (BT-NS-002)",11911 Ne 132nd St Ste 200,4258995801
skipped-clinic,Urology Clinic,4370,NORTHWEST UROLOGY CNTR PS CC 5869200,WA,TACOMA,Urology Clinic,0,,,,"Vizient (MS1301), Premier (BT-NS-002)",1624 S I St Ste 204,0
skipped-clinic,Urology Clinic,4371,MILWAUKEE UROLOGY SPECIALISTS,WI,FRANKLIN,Urology Clinic,0,,,,Vizient (MS1301),7400 W Rawson Ste 211,4144258700
skipped-clinic,Urology Clinic,4372,NORTHWEST SURGERY CENTER,WI,MILWAUKEE,Urology Clinic,0,,,,Vizient (MS1301),1233 N Mayfair Rd Ste 304,0
skipped-clinic,Urology Clinic,4373,SHEBOYGAN UROLOGY SPECIALISTS,WI,SHEBOYGAN,Urology Clinic,0,,,,Vizient (MS1301),1414 N Taylor Dr Ste 210,9204574858
skipped-clinic,Urology Clinic,4374,METROPOLITAN UROLOGY GROUP SC,WI,WAUWATOSA,Urology Clinic,0,,,,Vizient (MS1301),2600 N Mayfair Rd Ste 545,4144760430
skipped-clinic,Urology Clinic,4375,NORTH SHORE UROLOGY,WI,MILWAUKEE,Urology Clinic,0,,,,Vizient (MS1301),500 W Silver Spring Dr Ste K240,4149678844
skipped-clinic,Urology Clinic,4376,FORT HEALTHCARE UROLOGY ASSOCIATES-KOZLER CRAIG,WI,FORT ATKINSON,Urology Clinic,0,,,,Vizient (MS1301),426 Mcmillen St,9205637744
skipped-clinic,Urology Clinic,4377,WISCONSIN INST OF UROLOGY FOND DU LAC,WI,FOND DU LAC,Urology Clinic,0,,,,Vizient (MS1301),210 Wisconsin American Dr Pod C,9207227747
skipped-clinic,Urology Clinic,4378,WISCONSIN INST OF UROLOGY RIPON,WI,RIPON,Urology Clinic,0,,,,Vizient (MS1301),1242 W Fond Du Lac St,9207227747
skipped-clinic,Urology Clinic,4379,FOX VALLEY UROLOGICAL ASSOC SC,WI,KIMBERLY,Urology Clinic,0,,,,Vizient (MS1301),310 N Roger St,9204703573
skipped-clinic,Urology Clinic,4380,UROLOGY ASSOCIATES LTD SC,WI,WAUKESHA,Urology Clinic,0,,,,Vizient (MS1301),1111 Delafield St Ste 207,2627871555
skipped-clinic,Urology Clinic,4381,ASPIRUS UROLOGY CLINIC,WI,WAUSAU,Urology Clinic,0,,,,Vizient (MS1301),3300 Westhill Dr,9728307808
skipped-clinic,Urology Clinic,4382,WISCONSIN INST OF UROLOGY NEW LONDON,WI,NEW LONDON,Urology Clinic,0,,,,Vizient (MS1301),1370 N Shawano St Ste A,9207227747
skipped-clinic,Urology Clinic,4383,WISCONSIN INSTITUTE OF UROLOGY SC,WI,NEENAH,Urology Clinic,0,,,,Vizient (MS1301),100 Theda Clark Medical Plz Ste 300,9207227747
skipped-clinic,Urology Clinic,4384,BAYCARE UROLOGICAL SURGEONS SPECIALTY,WI,KAUKAUNA,Urology Clinic,0,,,,"Vizient (MS1301), Premier (BT-NS-002)",1500 Arbor Way,9203011212
skipped-clinic,Urology Clinic,4385,WESTERN WISCONSIN UROLOGY,WI,EAU CLAIRE,Urology Clinic,0,,,,"Vizient (MS1301), Premier (BT-NS-002)",3217 Stein Blvd,7158356548
skipped-clinic,Urology Clinic,4386,CAMC UROLOGY TEAYS VALLEY,WV,HURRICANE,Urology Clinic,0,,,,Vizient (MS1301),3248 Teays Valley Rd Ste 100,3043885432
skipped-clinic,Urology Clinic,4387,IHCPI - UROLOGY CENTER OF CHARLESTON - MEM,WV,CHARLESTON,Urology Clinic,0,,,,Vizient (MS1301),3100 Maccorkle Ave Ste 602,3043885280
skipped-clinic,Urology Clinic,4388,ST MARYS UROLOGY,WV,HUNTINGTON,Urology Clinic,0,,,,Vizient (MS1301),2860 3rd Ave Ste 230,3045253711
skipped-clinic,Urology Clinic,4389,UNIVERSITY UROLOGY 488,WV,MARTINSBURG,Urology Clinic,0,,,,Vizient (MS1301),880 N Tennessee Ave,3045965757
skipped-clinic,Urology Clinic,4390,KANAWHA UROLOGY ASSOCIATION INC,WV,SOUTH CHARLESTON,Urology Clinic,0,,,,Vizient (MS1301),4610 Kanawha Ave Ste 402,3047687368
skipped-clinic,Urology Clinic,4391,WAYCROSS UROLOGY CLINIC,GA,WAYCROSS,Urology Clinic,0,,,,Vizient (MS1301),1306 Alice St,9122837951
skipped-clinic,Urology Clinic,4392,GEORGIA UROLOGY WOODSTOCK,GA,WOODSTOCK,Urology Clinic,0,,,,"Vizient (MS1301), Premier (BT-NS-002)",900 Towne Lake Pkwy Ste 200,6784949201
added,missing-from-slug,1962,SAN ANTONIO REHABILITATION HOSPITAL,TX,SAN ANTONIO,Rehabilitation Hospital,39777,,FA-1962,"franklin-mountain-group,healthcare-cellutions,ju,martinez,meinnovations,sandia,sisco,streit,uromobile",Vizient (MS1301),8903 Floyd Curl Dr,2105754000
added,missing-from-slug,1964,CHARLOTTE INSTITUTE OF REHABILITATION,NC,CHARLOTTE,Rehabilitation Hospital,36062,,FA-1964,"gerrard,tbmedical",Vizient (MS1301),1100 Blythe Blvd,7043552000
added,missing-from-slug,1965,UF HEALTH REHAB HOSPITAL,FL,GAINESVILLE,Rehabilitation Hospital,33819,,FA-1965,"a3-biomedical,emina-taylor,expert-medical-sales,lamitina,salmons,southern-surgical,tplconsulting",Vizient (MS1301),2708 Sw Archer Rd,3522658000
pending-no-rep,no live slug for MI,220,UNIVERSITY OF MICHIGAN HEALTH SYSTEM,MI,ANN ARBOR,Hospital/ Medical Center,33035,230046,230046,,Vizient (MS1301),"1500 E MEDICAL CENTER DRIVE, SPC 5474",7347641505
pending-no-rep,no live slug for MI,2201,UNIVERSITY OF MICHIGAN (SCI-MS),MI,ANN ARBOR,Rehabilitation Hospital,33035,,FA-2201,,Vizient (MS1301),4250 Plymouth Rd,7347641505
added,missing-from-slug,2203,STANFORD HOSPITAL & CLINICS,CA,STANFORD,Rehabilitation Hospital,31992,,FA-2203,"grosjean,jimmerson,lifesource,zenecare",Vizient (MS1301),300 Pasteur Dr,6507234000
pending-no-rep,no live slug for MI,224,BEAUMONT HOSPITAL ROYAL OAK,MI,ROYAL OAK,Hospital/ Medical Center,31629,230130,230130,,Premier (BT-NS-002),3601 W THIRTEEN MILE RD,2488985400
added,missing-from-slug,1966,FROEDTERT BLUEMOUND REHABILITATION HOSPITAL,WI,MILWAUKEE,Rehabilitation Hospital,31234,,FA-1966,steimel,Vizient (MS1301),10000 W Bluemound Rd,4148053000
added,missing-from-slug,1,ENCOMPASS HEALTH REHAB HSP OF N MEMPHIS JV METHODIST HEALTHCARE,TN,MEMPHIS,Rehabilitation Hospital,30891,,FA-1,"franklin-mountain-group,greatdane,richards,southern-surgical,tbmedical",Vizient (MS1301),4100 Austin Peay Hwy,9012135400
added,missing-from-slug,1968,EMORY REHABILITATION HOSPITAL,GA,ATLANTA,Rehabilitation Hospital,30026,,FA-1968,intuitek,Vizient (MS1301),1441 Clifton Rd Ne,4046868500
added,missing-from-slug,2,ENCOMPASS HEALTH REHABILITATION HOSPITAL OF FORT WORTH,TX,FORT WORTH,Rehabilitation Hospital,25994,,FA-2,"franklin-mountain-group,healthcare-cellutions,ju,martinez,meinnovations,sandia,sisco,streit,uromobile",Vizient (MS1301),1212 W Lancaster Ave,8178702336
added,missing-from-slug,1970,SELECT SPECIALTY HOSPITAL - PHOENIX DOWNTOWN,AZ,PHOENIX,Rehabilitation Hospital,25936,,FA-1970,zenecare,Vizient (MS1301),1111 E Mcdowell Rd Fl 11,6028392000
added,missing-from-slug,2205,CAREPARTNERS REHABILITATION HOSPITAL,NC,ASHEVILLE,Rehabilitation Hospital,24706,,FA-2205,"gerrard,tbmedical","Vizient (MS1301), Premier (BT-NS-002)",534 Biltmore Ave,8282130850
added,missing-from-slug,1971,WARM SPRINGS REHAB HOSPITAL OF SAN ANTONIO,TX,SAN ANTONIO,Rehabilitation Hospital,24510,,FA-1971,"franklin-mountain-group,healthcare-cellutions,ju,martinez,meinnovations,sandia,sisco,streit,uromobile",Vizient (MS1301),5101 Medical Dr,2103582637
added,missing-from-slug,256,CHI ST LUKE'S HEALTH BAYLOR COLLEGE OF MEDICINE ME,TX,HOUSTON,Hospital/ Medical Center,23975,,FA-256,"franklin-mountain-group,healthcare-cellutions,ju,martinez,meinnovations,sandia,sisco,streit,uromobile",,"6720 BERTNER AVE, STE MC1-266",8323551000
pending-no-rep,no live slug for MI,259,SPECTRUM HEALTH,MI,GRAND RAPIDS,Hospital/ Medical Center,23807,230038,230038,,"Vizient (MS1301), Premier (BT-NS-002)",100 MICHIGAN ST NE,6163911774
added,missing-from-slug,3,ENCOMPASS HEALTH DEACONESS REHAB HOSP DOWNTOWN REMOTE UNIT,IN,EVANSVILLE,Rehabilitation Hospital,23718,,FA-3,klea,Vizient (MS1301),600 Mary St Fl 4,8124376110
pending-no-rep,no live slug for MI,266,HENRY FORD HEALTH HOSPITAL,MI,DETROIT,Hospital/ Medical Center,22852,230053,230053,,"Vizient (MS1301), Premier (BT-NS-002)",2799 W GRAND BLVD,3139162600
added,missing-from-slug,1974,ORTHOPEDIC SPECIALTY HOSPITAL OF NEVADA,NV,LAS VEGAS,Rehabilitation Hospital,21658,,FA-1974,"lifesource,zenecare",Vizient (MS1301),8656 W Patrick Ln,7027318000
added,missing-from-slug,1975,WAKEMED REHABILITATION HOSPITAL,NC,RALEIGH,Rehabilitation Hospital,21130,,FA-1975,"gerrard,tbmedical",Vizient (MS1301),3000 New Bern Ave,9193508000
added,missing-from-slug,2207,VIDANT MEDICAL CENTER,NC,GREENVILLE,Rehabilitation Hospital,20506,,FA-2207,"gerrard,tbmedical",Vizient (MS1301),2100 Stantonsburg Rd,8163261026
added,missing-from-slug,1976,SELECT SPECIALTY HOSPITAL - WEST TENNESSEE LLC,TN,JACKSON,Rehabilitation Hospital,20415,,FA-1976,"franklin-mountain-group,greatdane,richards,southern-surgical,tbmedical",Vizient (MS1301),620 Skyline Dr 5 6 FL,7315415000
added,missing-from-slug,1977,SELECT SPECIALTY HOSPITAL - PHOENIX,AZ,PHOENIX,Rehabilitation Hospital,20067,,FA-1977,zenecare,Vizient (MS1301),350 W Thomas Rd,6024068225
added,missing-from-slug,1978,TRIHEALTH REHABILITATION HOSPITAL,OH,CINCINNATI,Rehabilitation Hospital,19418,,FA-1978,"klea,streamline",Vizient (MS1301),2155 Dana Ave,5135852000
added,missing-from-slug,1979,LANCASTER REHAB HOSPITAL LLP,PA,LANCASTER,Rehabilitation Hospital,18683,,FA-1979,"activize,ghanem,streamline",Vizient (MS1301),675 Good Dr,7175445511
added,missing-from-slug,4,ENCOMPASS HEALTH REHABILITATION HOSPITAL OF TOLEDO,OH,TOLEDO,Rehabilitation Hospital,18679,,FA-4,"klea,streamline",Vizient (MS1301),4647 Monroe St,5672903500
added,missing-from-slug,1980,NH NEW HANOVER REHABILITATION HOSP,NC,WILMINGTON,Rehabilitation Hospital,18641,,FA-1980,"gerrard,tbmedical","Vizient (MS1301), Premier (BT-NS-002)",2131 S 17th St,9103437000
added,missing-from-slug,1981,ANMED HEALTH REHAB HSP ENCOMPASS HEALTH,SC,ANDERSON,Rehabilitation Hospital,18014,,FA-1981,"gerrard,intuitek,tbmedical",Vizient (MS1301),1 Spring Back Way,8645122830
added,missing-from-slug,2210,HEALTHSOUTH REHABILITATION HOSPITAL,NM,ALBUQUERQUE,Rehabilitation Hospital,17184,,FA-2210,"franklin-mountain-group,meinnovations,sandia",Vizient (MS1301),7000 Jefferson St Ne,5053449478
added,missing-from-slug,5,ENCOMPASS HEALTH REHAB HSP ATLANTA,GA,ATLANTA,Rehabilitation Hospital,16947,,FA-5,intuitek,Vizient (MS1301),1968 Peachtree Rd NW Bldg 2 Fl 6,4049374400
added,missing-from-slug,6,ENCOMPASS HEALTH REHABILITATION HOSPITAL OF GREENVILLE,SC,GREENVILLE,Rehabilitation Hospital,16458,,FA-6,"gerrard,intuitek,tbmedical",Vizient (MS1301),3372 Laurens Rd,8645374600
pending-no-rep,no live slug for MI,334,EDWARD W SPARROW HOSPITAL,MI,LANSING,Hospital/ Medical Center,16435,230230,230230,,Vizient (MS1301),1215 E MICHIGAN AVENUE,5173641000
added,missing-from-slug,7,HEALTHSOUTH CTR FOR ORTHOPEDICS,SC,WEST COLUMBIA,Rehabilitation Hospital,16400,,FA-7,"gerrard,intuitek,tbmedical",Vizient (MS1301),3300 Sunset Blvd Ste 100,8037394670
added,missing-from-slug,4401,JACKSONVILLE NORTH VA CLINIC (VISN 8),FL,JACKSONVILLE,VA Medical Center,15971,,FA-4401,"a3-biomedical,emina-taylor,expert-medical-sales,lamitina,salmons,southern-surgical,tplconsulting",Marathon Medical (FFS Approval: 36F79718D0321),145 Heron Bay Road,9049532000
added,missing-from-slug,341,ST LUKE'S HOSPITAL BETHLEHEM,PA,BETHLEHEM,Hospital/ Medical Center,15921,,FA-341,"activize,ghanem,streamline","Vizient (MS1301), Premier (BT-NS-002)",801 OSTRUM STREET,4845264000
added,missing-from-slug,342,UAMS MEDICAL CENTER,AR,LITTLE ROCK,Hospital/ Medical Center,15865,,FA-342,"chowning,gptsurgical,greatdane,healthcare-cellutions",,4301 WEST MARKHAM STREET MAIL SLOT 612,5016865000
added,missing-from-slug,8,ENCOMPASS HEALTH REHABILITATION HOSPITAL OF NAPLES,FL,NAPLES,Rehabilitation Hospital,15743,,FA-8,"a3-biomedical,emina-taylor,expert-medical-sales,lamitina,salmons,southern-surgical,tplconsulting",Vizient (MS1301),14305 Collier Blvd,2393836000
added,missing-from-slug,1983,HEALTHSOUTH PLANO REHAB HOSP I/P PROG PAIN,TX,PLANO,Rehabilitation Hospital,15506,,FA-1983,"franklin-mountain-group,healthcare-cellutions,ju,martinez,meinnovations,sandia,sisco,streit,uromobile",Vizient (MS1301),2800 W 15th St,9725966800
added,missing-from-slug,1984,PAM HEALTH SPECIALTY HOSPITAL OF JACKSONVILLE,FL,JACKSONVILLE,Rehabilitation Hospital,15012,,FA-1984,"a3-biomedical,emina-taylor,expert-medical-sales,lamitina,salmons,southern-surgical,tplconsulting",Vizient (MS1301),4901 Richard St,9042022000
pending-no-rep,no live slug for MI,360,TRINITY HEALTH MUSKEGON HOSPITAL,MI,MUSKEGON,Hospital/ Medical Center,14426,230066,230066,,"Vizient (MS1301), Premier (BT-NS-002)",1500 E SHERMAN BLVD,2317263511
added,missing-from-slug,1985,SELECT MEDICAL REHABILITATION HOSPITAL AT LUTHERAN HOSPITAL,IN,FORT WAYNE,Rehabilitation Hospital,14312,,FA-1985,klea,Vizient (MS1301),7970 W Jefferson Blvd,2604357001
added,missing-from-slug,9,ENCOMPASS HEALTH REHAB HSPTL OF TALLAHASSEE,FL,TALLAHASSEE,Rehabilitation Hospital,14259,,FA-9,"a3-biomedical,emina-taylor,expert-medical-sales,lamitina,salmons,southern-surgical,tplconsulting",Vizient (MS1301),1675 Riggins Rd,8506564800
added,missing-from-slug,1986,SELECT MEDICAL REHABILITATION - SPRINGFIELD,MO,SPRINGFIELD,Rehabilitation Hospital,14081,,FA-1986,"chowning,stengel",Vizient (MS1301),1630 E Primrose St Ste 2,4178202000
added,missing-from-slug,10,ENCOMPASS HEALTH REHAB HSP OF FLORENCE,SC,FLORENCE,Rehabilitation Hospital,13896,,FA-10,"gerrard,intuitek,tbmedical",Vizient (MS1301),900 E Cheves St,8436799000
added,missing-from-slug,1987,INTRACARE SUGARLAND,TX,SUGAR LAND,Rehabilitation Hospital,13721,,FA-1987,"franklin-mountain-group,healthcare-cellutions,ju,martinez,meinnovations,sandia,sisco,streit,uromobile",Vizient (MS1301),1111 Hwy 6 S Ste 122,2812748000
added,missing-from-slug,1988,AMARILLO REHABCARE HOSPITAL,TX,AMARILLO,Rehabilitation Hospital,13319,,FA-1988,"franklin-mountain-group,healthcare-cellutions,ju,martinez,meinnovations,sandia,sisco,streit,uromobile",Vizient (MS1301),7200 W 9th Ave,8062122000
pending-no-rep,no live slug for MI,389,HENRY FORD MACOMB HOSPITAL,MI,CLINTON TOWNSHIP,Hospital/ Medical Center,13272,230047,230047,,,15855 NINETEEN MILE RD,5862632300
added,missing-from-slug,11,ENCOMPASS HEALTH REHABILITATION HOSPITAL OF DALLAS,TX,DALLAS,Rehabilitation Hospital,12369,,FA-11,"franklin-mountain-group,healthcare-cellutions,ju,martinez,meinnovations,sandia,sisco,streit,uromobile",Vizient (MS1301),7930 Northaven Rd,2147068200
pending-no-rep,no live slug for MI,423,BEAUMONT HOSPITAL TROY,MI,TROY,Hospital/ Medical Center,12065,230269,230269,,Vizient (MS1301),44201 DEQUINDRE ROAD,2489648800
pending-no-rep,no live slug for DC,424,GEORGE WASHINGTON UNIV HOSPITAL,DC,WASHINGTON,Hospital/ Medical Center,12037,090001,090001,,"Vizient (MS1301), Premier (BT-NS-002)",900 23RD ST NW,2027164605
added,missing-from-slug,13,ENCOMPASS HEALTH REHABILITATION HOSPITAL OF DOTHAN,AL,DOTHAN,Rehabilitation Hospital,11931,,FA-13,"greatdane,southern-surgical",Vizient (MS1301),1736 E Main St,3347126333
added,missing-from-slug,14,ENCOMPASS HEALTH REHAB HSP JV WASHINGTON REGIONAL,AR,FAYETTEVILLE,Rehabilitation Hospital,11840,,FA-14,"chowning,gptsurgical,greatdane,healthcare-cellutions",Vizient (MS1301),153 E Monte Painter Dr,4794442200
added,missing-from-slug,4409,AMERICAN LAKE VA MEDICAL CENTER (VISN 20),WA,TACOMA,VA Medical Center,11828,,FA-4409,"dennehy,dowdy,hagarty,murray",Marathon Medical (FFS Approval: 36F79718D0321),9600 Veterans Drive Southwest,2536274101
pending-no-rep,no live slug for MI,434,COVENANT MEDICAL CENTER,MI,SAGINAW,Hospital/ Medical Center,11745,230070,230070,,Vizient (MS1301),1447 N HARRISON,9895836000
added,missing-from-slug,441,ST MARY'S MEDICAL CENTER,WV,HUNTINGTON,Hospital/ Medical Center,11530,,FA-441,"klea,streamline","Vizient (MS1301), Premier (BT-NS-002)",2900 1ST AVENUE,3045261234
pending-no-rep,no live slug for MI,445,ST JOE MERCY HOSPITAL SYSTEM LIVONIA,MI,LIVONIA,Hospital/ Medical Center,11504,230002,230002,,Vizient (MS1301),36475 FIVE MILE ROAD,7346554800
added,missing-from-slug,15,VAN MATRE ENCOMPASS HEALTH REHAB HSP,IL,ROCKFORD,Rehabilitation Hospital,11116,,FA-15,chowning,Vizient (MS1301),950 S Mulford Rd,8153818500
added,missing-from-slug,16,THE REHAB INST OF ST LOUIS JV ENCOMPASS HEALTH & BJC,MO,SAINT LOUIS,Rehabilitation Hospital,11084,,FA-16,"chowning,stengel",Vizient (MS1301),4455 Duncan Ave,3146583800
added,missing-from-slug,17,KANSAS REHAB HSP A JOINT VENTURE OF ENCOMPASS HEALTH AND STORMONT VAIL HEALTH,KS,TOPEKA,Rehabilitation Hospital,11021,,FA-17,chowning,Vizient (MS1301),1504 Sw 8th Ave,9132356600
added,missing-from-slug,2213,PINECREST REHABILITATION HOSPITAL,FL,DELRAY BEACH,Rehabilitation Hospital,11004,,FA-2213,"a3-biomedical,emina-taylor,expert-medical-sales,lamitina,salmons,southern-surgical,tplconsulting",Premier (BT-NS-002),5360 Linton Blvd,5614984440
added,missing-from-slug,1989,PAM REHABILITATION HOSPITAL OF CLEAR LAKE NORTH,TX,WEBSTER,Rehabilitation Hospital,10930,,FA-1989,"franklin-mountain-group,healthcare-cellutions,ju,martinez,meinnovations,sandia,sisco,streit,uromobile",Vizient (MS1301),655 E Medical Center Blvd,2813322511
pending-no-rep,no live slug for MI,473,MYMICHIGAN MEDICAL CENTER MIDLAND,MI,MIDLAND,Hospital/ Medical Center,10916,230222,230222,,"Vizient (MS1301), Premier (BT-NS-002)",4000 WELLNESS DRIVE,9898393000
pending-no-rep,no live slug for MI,474,DETROIT RECEIVING HOSPITAL,MI,DETROIT,Hospital/ Medical Center,10862,230273,230273,,Vizient (MS1301),4201 ST ANTOINE ST - 2C,3137452941
added,missing-from-slug,18,ENCOMPASS HEALTH REHAB HSP CONCORD,NH,CONCORD,Rehabilitation Hospital,10849,,FA-18,"lucier,noreaster,pierro,signature-medical,whisner",Vizient (MS1301),254 Pleasant St,6032269800
added,missing-from-slug,19,ENCOMPASS HEALTH REHABILITATION HOSPITAL OF PENSACOLA,FL,PENSACOLA,Rehabilitation Hospital,10658,,FA-19,"a3-biomedical,emina-taylor,expert-medical-sales,lamitina,salmons,southern-surgical,tplconsulting",Vizient (MS1301),1101 Office Woods Dr,8508052000
added,missing-from-slug,20,ENCOMPASS HEALTH REHABILITATION HOSPITAL OF AUSTIN,TX,AUSTIN,Rehabilitation Hospital,10547,,FA-20,"franklin-mountain-group,healthcare-cellutions,ju,martinez,meinnovations,sandia,sisco,streit,uromobile","Vizient (MS1301), Premier (BT-NS-002)",330 W Ben White Blvd,5127304800
added,missing-from-slug,21,CHRISTUS TRINITY MOTHER FRANCES REHABILITATION HOSPITAL A PARTNER OF ENCOMPASS HEALTH,TX,TYLER,Rehabilitation Hospital,10543,,FA-21,"franklin-mountain-group,healthcare-cellutions,ju,martinez,meinnovations,sandia,sisco,streit,uromobile",Vizient (MS1301),3131 Troup Hwy,9035107000
added,missing-from-slug,22,ENCOMPASS HEALTH REHAB HSP OF ROCK HILL,SC,ROCK HILL,Rehabilitation Hospital,10410,,FA-22,"gerrard,intuitek,tbmedical",Vizient (MS1301),1795 Dr Frank Gaston Blvd,8033263500
added,missing-from-slug,23,ENCOMPASS HEALTH MOUNTAINVIEW BRIDGEPORT,WV,BRIDGEPORT,Rehabilitation Hospital,10358,,FA-23,"klea,streamline",Vizient (MS1301),327 Medical Park Dr,6813427300
added,missing-from-slug,24,ENCOMPASS HEALTH REHAB HSP OF SCOTTSDALE,AZ,SCOTTSDALE,Rehabilitation Hospital,10220,,FA-24,zenecare,Vizient (MS1301),9630 E Shea Blvd,4805515400
added,missing-from-slug,25,ENCOMPASS HEALTH REHAB HSP FORT SMITH,AR,FORT SMITH,Rehabilitation Hospital,10168,,FA-25,"chowning,gptsurgical,greatdane,healthcare-cellutions",Vizient (MS1301),1401 S J St,4797853300
added,missing-from-slug,26,ENCOMPASS HEALTH REHABILITATION HOSPITAL OF COLUMBUS GA,GA,COLUMBUS,Rehabilitation Hospital,10134,,FA-26,intuitek,Vizient (MS1301),8321 Veterans Pkwy,7623323200
added,missing-from-slug,1990,REHABILITATION HOSPITAL (THE),FL,FORT MYERS,Rehabilitation Hospital,10043,,FA-1990,"a3-biomedical,emina-taylor,expert-medical-sales,lamitina,salmons,southern-surgical,tplconsulting",Vizient (MS1301),2776 Cleveland Ave,2393435000
added,missing-from-slug,27,ENCOMPASS HEALTH VALLEY OF THE SUN REHAB HSP DAY PROG,AZ,GLENDALE,Rehabilitation Hospital,10033,,FA-27,zenecare,Vizient (MS1301),13460 N 67th Ave,6238788800
added,missing-from-slug,28,ENCOMPASS HEALTH REHAB HOSPITAL OF LARGO,FL,LARGO,Rehabilitation Hospital,10015,,FA-28,"a3-biomedical,emina-taylor,expert-medical-sales,lamitina,salmons,southern-surgical,tplconsulting","Vizient (MS1301), Premier (BT-NS-002)",901 Clearwater Largo Rd N,7275862999
added,missing-from-slug,2247,RUNNELLS SPECIALIZED HOSPITAL,NJ,BERKELEY HEIGHTS,Rehabilitation Hospital,10000,,FA-2247,"activize,whisner",Vizient (MS1301),40 Watchung Way,9087715700
added,missing-from-slug,2250,HELEN HAYES HOSPITAL CENTER FOR REHABILITATION TECHNOLOGY,NY,HAVERSTRAW,Rehabilitation Hospital,10000,,FA-2250,"activize,parkingangels,proactive,streamline,whisner",,"51-55 Rte 9W, West Haverstraw",0
added,missing-from-slug,2249,BACHARACH INSTITUTE FOR REHABILITATION,NJ,POMONA,Rehabilitation Hospital,10000,,FA-2249,"activize,whisner","Vizient (MS1301), Premier (BT-NS-002)",61 W Jimmie Leeds Rd,0
added,missing-from-slug,2241,MISSOURI ORTHOPAEDIC INSTITUTE,MO,COLOMBIA,Rehabilitation Hospital,10000,,FA-2241,"chowning,stengel",,1100 Virginia Ave,0
added,missing-from-slug,2246,ROSE MEADOW GROUP,NH,NEW BOSTON,Rehabilitation Hospital,10000,,FA-2246,"lucier,noreaster,pierro,signature-medical,whisner",,,0
added,missing-from-slug,2245,CROTCHED MOUNTAIN SPECIALTY REHABILITATION HOSPITAL,NH,GREENFIELD,Rehabilitation Hospital,10000,,FA-2245,"lucier,noreaster,pierro,signature-medical,whisner","Vizient (MS1301), Premier (BT-NS-002)",1 Verney Dr,6035473311
added,missing-from-slug,2244,NORTHEAST REHABILITATION HOSPITAL,NH,SALEM,Rehabilitation Hospital,10000,,FA-2244,"lucier,noreaster,pierro,signature-medical,whisner","Vizient (MS1301), Premier (BT-NS-002)",70 Butler St,6038932900
added,missing-from-slug,2243,SOUTHEASTERN REGIONAL REHABILITATION CENTER,NC,FAYETTEVILLE,Rehabilitation Hospital,10000,,FA-2243,"gerrard,tbmedical",Vizient (MS1301),1601 Owen Dr,9106787230
added,missing-from-slug,2240,THE REHABILITATION INSTITUTE OF ST LOUIS,MO,ST LOUIS,Rehabilitation Hospital,10000,,FA-2240,"chowning,stengel",,"4455 Duncan Ave, St. Louis",0
added,missing-from-slug,2254,ANMED HEALTH REHABILITATION HOSPITAL,SC,ANDERSON,Rehabilitation Hospital,10000,,FA-2254,"gerrard,intuitek,tbmedical",Vizient (MS1301),100 Healthy Way Ste 1220,8645124030
added,missing-from-slug,2253,THE CHILDREN'S INSTITUTE,PA,PITTSBURGH,Rehabilitation Hospital,10000,,FA-2253,"activize,ghanem,streamline",Vizient (MS1301),1405 Shady Ave,4125670927
added,missing-from-slug,2276,REHABILITATION HOSPITAL OF INDIANA,IN,INDIANAPOLIS,Rehabilitation Hospital,10000,,FA-2276,klea,Premier (BT-NS-002),4141 Shore Dr,3179561000
added,missing-from-slug,2257,PUSHING BOUNDARIES,WA,REDMOND,Rehabilitation Hospital,10000,,FA-2257,"dennehy,dowdy,hagarty,murray",,4162 148th Ave NE,0
added,missing-from-slug,2256,SISKIN HOSPITAL FOR PHYSICAL REHABILITATION,TN,CHATTANOOGA,Rehabilitation Hospital,10000,,FA-2256,"franklin-mountain-group,greatdane,richards,southern-surgical,tbmedical",Vizient (MS1301),1 Siskin Plz,4236341200
added,missing-from-slug,2238,SSM REHABILITATION HOSPITAL AT ST MARY'S HEALTH CENTER,MO,RICHMOND HEIGHTS,Rehabilitation Hospital,10000,,FA-2238,"chowning,stengel",Vizient (MS1301),1031 Bellevue Ave Ste 100,0
pending-no-rep,no live slug for MI,2215,HEALTHSOURCE SAGINAW INC,MI,SAGINAW,Rehabilitation Hospital,10000,230275,230275,,Vizient (MS1301),3340 Hospital Rd,9897907700
added,missing-from-slug,2255,ROGER C PEACE REHABILITATION HOSPITAL,SC,GREENVILLE,Rehabilitation Hospital,10000,,FA-2255,"gerrard,intuitek,tbmedical",Vizient (MS1301),401 Guess St Ste 100,8642332744
added,missing-from-slug,2285,MOSSREHAB,PA,ELKINS PARK,Rehabilitation Hospital,10000,,FA-2285,"activize,ghanem,streamline","Vizient (MS1301), Premier (BT-NS-002)",60 Township Line Rd,0
added,missing-from-slug,2284,LEGACY GOOD SAMARITAN MEDICAL CENTER,OH,PORTLAND,Rehabilitation Hospital,10000,,FA-2284,"klea,streamline",,,0
added,missing-from-slug,2283,ARMS ACRES,NY,CARMEL,Rehabilitation Hospital,10000,,FA-2283,"activize,parkingangels,proactive,streamline,whisner","Vizient (MS1301), Premier (BT-NS-002)",75 Seminary Hill Rd,8452253400
pending-no-rep,no live slug for MI,2281,MARY FREE BED REHABILITATION HOSPITAL,MI,GRAND RAPIDS,Rehabilitation Hospital,10000,,FA-2281,,Vizient (MS1301),5500 Burton St Se,0
added,missing-from-slug,2280,SPAULDING REHABILITATION HOSPITAL,MA,BOSTON,Rehabilitation Hospital,10000,,FA-2280,"lucier,noreaster,parkingangels,pierro,signature-medical,whisner",,,0
added,missing-from-slug,2279,KENTFIELD REHABILITATION HOSPITAL,CA,KENTFIELD,Rehabilitation Hospital,10000,,FA-2279,"grosjean,jimmerson,lifesource,zenecare",Vizient (MS1301),1125 Sir Francis Drake Blvd,4154569680
added,missing-from-slug,2278,BARROW NEUROLOGICAL INSTITUTE,AZ,PHOENIX,Rehabilitation Hospital,10000,,FA-2278,zenecare,"Vizient (MS1301), Premier (BT-NS-002)",2910 N 3rd Ave,0
added,missing-from-slug,2277,BLYTHEDALE CHILDRENS HOSPITAL,NY,VALHALLA,Rehabilitation Hospital,10000,,FA-2277,"activize,parkingangels,proactive,streamline,whisner","Vizient (MS1301), Premier (BT-NS-002)",95 Bradhurst Ave,9145927555
added,missing-from-slug,2222,CRAIG HOSPITAL (SCI-MS),CO,ENGLEWOOD,Rehabilitation Hospital,10000,,FA-2222,whittiker,Vizient (MS1301),3425 S Clarkson St,3037898000
added,missing-from-slug,2221,NEUROLAB 360 REHABILITATION AND WELLNESS,CA,ENCINITAS,Rehabilitation Hospital,10000,,FA-2221,"grosjean,jimmerson,lifesource,zenecare",,2146 Encinitas Blvd #110,0
added,missing-from-slug,2220,HEALTHSOUTH REHABILITATION HOSPITAL OF SOUTHERN ARIZONA,AZ,TUSCON,Rehabilitation Hospital,10000,,FA-2220,zenecare,,"1921 W Hospital Dr, Tucson, AZ 85704",0
added,missing-from-slug,2218,FROEDTERT & THE MEDICAL COLLEGE OF WISCONSIN,WI,MILWAUKEE,Rehabilitation Hospital,10000,,FA-2218,steimel,"Vizient (MS1301), Premier (BT-NS-002)",9200 W Wisconsin Ave Bldg 1p,4142663954
added,missing-from-slug,2219,SPAIN REHABILITATION CENTER,AL,BIRMINGHAM,Rehabilitation Hospital,10000,,FA-2219,"greatdane,southern-surgical",Vizient (MS1301),1717 6th Ave S,2059343450
added,missing-from-slug,2217,CHILDRENS SEASHORE HOUSE,PA,PHILADELPHIA,Rehabilitation Hospital,10000,,FA-2217,"activize,ghanem,streamline",Vizient (MS1301),3405 Civic Center Boulevard,2158953600
added,missing-from-slug,2216,GILLETTE CHILDREN'S HEALTHCARE CENTER FOR PEDIATRIC REHABILITATION,MN,SAINT PAUL,Rehabilitation Hospital,10000,,FA-2216,"acme,sciotex,steimel",Vizient (MS1301),200 University Ave East,6513123199
added,missing-from-slug,2236,COURAGE KENNY SPINE CENTER - ST PAUL,MN,ST PAUL,Rehabilitation Hospital,10000,,FA-2236,"acme,sciotex,steimel",,"280 Smith Ave N Building, Suite 220",0
added,missing-from-slug,2235,COURAGE KENNY SPINE CENTER - SHAKOPEE,MN,SHAKOPEE,Rehabilitation Hospital,10000,,FA-2235,"acme,sciotex,steimel",Vizient (MS1301),1601 St Francis Ave #100,0
pending-no-rep,no live slug for MI,2234,DMC REHABILITATION INSTITUTE OF MICHIGAN,MI,DETROIT,Rehabilitation Hospital,10000,,FA-2234,,Vizient (MS1301),17330 Schaefer Hwy,0
added,missing-from-slug,2233,KERNAN ORTHOPAEDICS AND REHABILITATION,MD,GWYNN OAK,Rehabilitation Hospital,10000,,FA-2233,ghanem,,2200 Kernan Dr,0
added,missing-from-slug,2232,WHITTIER REHABILITATION HOSPITAL - BRADFORD,MA,BRADFORD,Rehabilitation Hospital,10000,,FA-2232,"lucier,noreaster,parkingangels,pierro,signature-medical,whisner","Vizient (MS1301), Premier (BT-NS-002)",145 Ward Hill Ave,9783728000
added,missing-from-slug,2230,TITAN REHABILITATION INSTITUTE,LA,LEESVILLE,Rehabilitation Hospital,10000,,FA-2230,"healthcare-cellutions,sisco,southern-surgical",Vizient (MS1301),8088 Hawks Rd,2188941930
added,missing-from-slug,2229,MARIANJOY REHABILITATION CLINIC,IL,DOWNER'S GROVE,Rehabilitation Hospital,10000,,FA-2229,chowning,,"171 Roosevelt Rd, Wheaton",0
added,missing-from-slug,2228,IOWA SPINE AND BRAIN INSTITUTE,IA,WATERLOO,Rehabilitation Hospital,10000,,FA-2228,"acme,sciotex,steimel,stengel",Vizient (MS1301),2710 Saint Francis Dr Ste 110,0
added,missing-from-slug,2227,NEUROFIT360,FL,FORT LAUDERDALE,Rehabilitation Hospital,10000,,FA-2227,"a3-biomedical,emina-taylor,expert-medical-sales,lamitina,salmons,southern-surgical,tplconsulting",,"10062 Griffin Rd, Cooper City, FL 33328",0
added,missing-from-slug,2226,CENTER FOR NEURO RECOVERY,FL,NORTH PALM BEACH,Rehabilitation Hospital,10000,,FA-2226,"a3-biomedical,emina-taylor,expert-medical-sales,lamitina,salmons,southern-surgical,tplconsulting",,"401 Northlake Blvd., Suite 4",0
added,missing-from-slug,2225,CHRISTIANA CARE CENTER FOR REHABILITATION,DE,WILMINGTON,Rehabilitation Hospital,10000,,FA-2225,ghanem,"Vizient (MS1301), Premier (BT-NS-002)",3506 Kennett Pike,3026233300
added,missing-from-slug,2224,THE GAYLORD HOSPITAL - NEW ENGLAND REGIONAL SPINAL CORD INJURY CENTER,CT,WALLINGFORD,Rehabilitation Hospital,10000,,FA-2224,"lucier,noreaster,parkingangels,pierro,signature-medical,whisner",Vizient (MS1301),50 Gaylord Farm Rd,0
added,missing-from-slug,2223,HOSPITAL FOR SPECIAL CARE,CT,NEW BRITAIN,Rehabilitation Hospital,10000,,FA-2223,"lucier,noreaster,parkingangels,pierro,signature-medical,whisner",Vizient (MS1301),2150 Corbin Ave,8602232761
added,missing-from-slug,2252,GOOD SHEPHERD REHABILITATION NETWORK,PA,PHILADELPHIA,Rehabilitation Hospital,10000,,FA-2252,"activize,ghanem,streamline",Vizient (MS1301),1800 Lombard St,6107763123
added,missing-from-slug,2251,DANIEL DRAKE CENTER,OH,CINCINCATTI,Rehabilitation Hospital,10000,,FA-2251,"klea,streamline",,151 W Galbraith Rd,0
added,missing-from-slug,29,ENCOMPASS HEALTH REHABILITATION HOSPITAL OF ST AUGUSTINE,FL,SAINT AUGUSTINE,Rehabilitation Hospital,9968,,FA-29,"a3-biomedical,emina-taylor,expert-medical-sales,lamitina,salmons,southern-surgical,tplconsulting",Vizient (MS1301),65 Silver Ln,9046402000
added,missing-from-slug,1991,NOBIS - DENVER REHABILITATION HOSPITAL,CO,DENVER,Rehabilitation Hospital,9942,,FA-1991,whittiker,Vizient (MS1301),4650 Central Park Blvd,3034364927
added,missing-from-slug,2258,LOVELACE REHABILITATION HOSPITAL,NM,ALBUQUERQUE,Rehabilitation Hospital,9758,,FA-2258,"franklin-mountain-group,meinnovations,sandia",Vizient (MS1301),715 Dr Martin Luther King Jr Ave Ne,5057278000
pending-no-rep,no live slug for MI,530,MUNSON MEDICAL CENTER,MI,TRAVERSE CITY,Hospital/ Medical Center,9694,230097,230097,,Vizient (MS1301),1105 SIXTH STREET,2319355000
added,missing-from-slug,539,ST ELIZABETH'S MEDICAL CENTER,MA,BRIGHTON,Hospital/ Medical Center,9600,,FA-539,"lucier,noreaster,parkingangels,pierro,signature-medical,whisner","Vizient (MS1301), Premier (BT-NS-002)",736 CAMBRIDGE STREET,6177893000
pending-no-rep,no live slug for MI,540,TRINITY HEALTH ANN ARBOR HOSPITAL,MI,ANN ARBOR,Hospital/ Medical Center,9596,230156,230156,,"Vizient (MS1301), Premier (BT-NS-002)",5301 E HURON RIVER DR,7347123456
pending-no-rep,no live slug for MI,545,HURLEY MEDICAL CENTER,MI,FLINT,Hospital/ Medical Center,9543,230132,230132,,Vizient (MS1301),ONE HURLEY PLAZA,8102579000
added,missing-from-slug,2260,PATRICIA NEAL REHABILITATION CENTER,TN,KNOXVILLE,Rehabilitation Hospital,9480,,FA-2260,"franklin-mountain-group,greatdane,richards,southern-surgical,tbmedical",Vizient (MS1301),1901 W Clinch Ave Fl 4,8655411146
added,missing-from-slug,30,ENCOMPASS HEALTH REHAB HSP NORTHERN KENTUCKY,KY,EDGEWOOD,Rehabilitation Hospital,9113,,FA-30,klea,Vizient (MS1301),201 Medical Village Dr,8593412044
added,missing-from-slug,31,ENCOMPASS HEALTH REHABILITATION HOSPITAL OF GADSDEN,AL,GADSDEN,Rehabilitation Hospital,8889,,FA-31,"greatdane,southern-surgical",Vizient (MS1301),801 Goodyear Ave,2564395000
added,missing-from-slug,1993,PAM HEALTH SPECIALTY HOSPITAL OF OKLAHOMA CITY,OK,OKLAHOMA CITY,Rehabilitation Hospital,8782,,FA-1993,"gptsurgical,healthcare-cellutions,martinez",Vizient (MS1301),1407 N Robinson Ave,4052727000
added,missing-from-slug,32,CHI ST VINCENT HOT SPRINGS REHAB HSP JV ENCOMPASS HEALTH,AR,HOT SPRINGS,Rehabilitation Hospital,8742,,FA-32,"chowning,gptsurgical,greatdane,healthcare-cellutions",Vizient (MS1301),1636 Higdon Ferry Rd,5016221887
added,missing-from-slug,33,ENCOMPASS HEALTH REHAB HSPTL OF HENDERSON,NV,HENDERSON,Rehabilitation Hospital,8727,,FA-33,"lifesource,zenecare",Vizient (MS1301),10301 Jeffreys St,7029399400
added,missing-from-slug,34,ENCOMPASS HEALTH REHAB HSP LOUISVILLE,KY,LOUISVILLE,Rehabilitation Hospital,8721,,FA-34,klea,Vizient (MS1301),11800 Bluegrass Pkwy,5028978100
pending-no-rep,no live slug for MI,594,BEAUMONT HOSPITAL - FARMINGTON HILLS,MI,FARMINGTON HILLS,Hospital/ Medical Center,8631,230151,230151,,"Vizient (MS1301), Premier (BT-NS-002)",28050 GRAND RIVER AVENUE,2484718000
added,missing-from-slug,1994,PAM HEALTH REHABILITATION HOSPITAL OF WAUSAU,WI,WAUSAU,Rehabilitation Hospital,8536,,FA-1994,steimel,Vizient (MS1301),1111 Westwood Dr,7158472000
added,missing-from-slug,35,ENCOMPASS HEALTH REHAB HOSP OF KNOX COUNTY,TN,KNOXVILLE,Rehabilitation Hospital,8489,,FA-35,"franklin-mountain-group,greatdane,richards,southern-surgical,tbmedical",Vizient (MS1301),101 Fort Sanders West Blvd,8658953000
added,missing-from-slug,36,ENCOMPASS HEALTH REHAB HSP DAYTON,OH,DAYTON,Rehabilitation Hospital,8431,,FA-36,"klea,streamline",Vizient (MS1301),835 S Main St,9374248200
added,missing-from-slug,37,YUMA REHAB HSP AN AFFILIATION OF ENCOMPASS HEALTH AND YUMA REGIONAL MEDICAL CENTER,AZ,YUMA,Rehabilitation Hospital,8289,,FA-37,zenecare,Vizient (MS1301),901 W 24th St,9287265000
added,missing-from-slug,1995,PAM SPEC HOSP OF VICTORIA SE (HIH),TX,VICTORIA,Rehabilitation Hospital,8243,,FA-1995,"franklin-mountain-group,healthcare-cellutions,ju,martinez,meinnovations,sandia,sisco,streit,uromobile",Vizient (MS1301),2701 Hospital Drive South Tower 6th Fl,3615739181
added,missing-from-slug,1996,CENTRAL TEXAS REHABILITATION HOSPITAL,TX,AUSTIN,Rehabilitation Hospital,8226,,FA-1996,"franklin-mountain-group,healthcare-cellutions,ju,martinez,meinnovations,sandia,sisco,streit,uromobile",Vizient (MS1301),1201 W 38th St,5123241000
added,missing-from-slug,1997,REUNION REHABILITATION HOSPITAL JACKSONVILLE,FL,JACKSONVILLE,Rehabilitation Hospital,8216,,FA-1997,"a3-biomedical,emina-taylor,expert-medical-sales,lamitina,salmons,southern-surgical,tplconsulting",Vizient (MS1301),12645 Salina Dr,9042444000
added,missing-from-slug,621,COMANCHE COUNTY MEMORIAL HOSPITAL,OK,LAWTON,Hospital/ Medical Center,8209,,FA-621,"gptsurgical,healthcare-cellutions,martinez",Vizient (MS1301),3401 WEST GORE BLVD,5803558620
added,missing-from-slug,38,CHI ST JOSEPH HEALTH REHABILITATION HOSPITAL AN AFFILIATE OF ENCOMPASS HEALTH,TX,BRYAN,Rehabilitation Hospital,8208,,FA-38,"franklin-mountain-group,healthcare-cellutions,ju,martinez,meinnovations,sandia,sisco,streit,uromobile",Vizient (MS1301),1600 Joseph Dr Ste 2000,9792134300
added,missing-from-slug,1998,MPI CHEMICAL DEPENDENCY RECOVERY HOSPITAL,CA,OAKLAND,Rehabilitation Hospital,8072,,FA-1998,"grosjean,jimmerson,lifesource,zenecare",Vizient (MS1301),3012 Summit St Fl 5,5104374800
added,missing-from-slug,39,ENCOMPASS HEALTH REHAB HSP PRINCETON,WV,PRINCETON,Rehabilitation Hospital,8056,,FA-39,"klea,streamline",Vizient (MS1301),120 12th Street Ext,3044878000
added,missing-from-slug,40,ENCOMPASS HEALTH REHAB HSP NEW ENGLAND-LOWELL,MA,LOWELL,Rehabilitation Hospital,8029,,FA-40,"lucier,noreaster,parkingangels,pierro,signature-medical,whisner",Vizient (MS1301),1071 Varnum Ave,9784461862
added,missing-from-slug,4530,PALO ALTO VA MEDICAL CENTER - MENLO PARK (VISN 21),CA,MENLO PARK,VA Medical Center,8000,,FA-4530,"grosjean,jimmerson,lifesource,zenecare",Marathon Medical (FFS Approval: 36F79718D0321),795 Willow Road,0
added,missing-from-slug,4531,DWIGHT D EISENHOWER DEPARTMENT OF VETERANS AFFAIRS MEDICAL CENTER (LEAVENWORTH) (VISN 15),KS,LEAVENWORTH,VA Medical Center,8000,,FA-4531,chowning,Marathon Medical (FFS Approval: 36F79718D0321),4101 4th Street Trafficway,0
added,missing-from-slug,4532,PERRY POINT VA MEDICAL CENTER (VISN 5),MD,PERRY POINT,VA Medical Center,8000,,FA-4532,ghanem,Marathon Medical (FFS Approval: 36F79718D0321),"361 Boiler House Road, Building 361",0
added,missing-from-slug,4529,CENTRAL ALABAMA VA MEDICAL CENTER-TUSKEGEE (VISN 7),AL,TUSKEGEE,VA Medical Center,8000,,FA-4529,"greatdane,southern-surgical",Marathon Medical (FFS Approval: 36F79718D0321),2400 Hospital Road,0
added,missing-from-slug,4541,SAM RAYBURN MEMORIAL VETERANS CENTER (BONHAM) (VISN 17),TX,BONHAM,VA Medical Center,8000,,FA-4541,"franklin-mountain-group,healthcare-cellutions,ju,martinez,meinnovations,sandia,sisco,streit,uromobile",Marathon Medical (FFS Approval: 36F79718D0321),1201 East 9th Street,0
added,missing-from-slug,2095,NOBIS - CINCINNATI REHABILITATION HOSPITAL,OH,BLUE ASH,Rehabilitation Hospital,8000,,FA-2095,"klea,streamline",Vizient (MS1301),4291 Parkview Dr,0
added,missing-from-slug,2096,GRACE LAKEWOOD,OH,LAKEWOOD,Rehabilitation Hospital,8000,,FA-2096,"klea,streamline",Vizient (MS1301),14519 Detroit Ave,0
added,missing-from-slug,2097,THE GRACE CENTER,OH,CLEVELAND,Rehabilitation Hospital,8000,,FA-2097,"klea,streamline",Vizient (MS1301),2307 W 14th St,0
added,missing-from-slug,2098,CLEVELAND CLINIC REHABILITATION HOSPITAL - EDWIN SHAW,OH,AKRON,Rehabilitation Hospital,8000,,FA-2098,"klea,streamline",Vizient (MS1301),4389 Medina Rd,0
added,missing-from-slug,2099,CLEVELAND CLINIC REHABILITATION HOSPITAL - BEACHWOOD,OH,BEACHWOOD,Rehabilitation Hospital,8000,,FA-2099,"klea,streamline",Vizient (MS1301),3025 Science Park Dr,0
pending-no-rep,no live slug for MI,2074,MARY FREE BED REHABILITATION AT COVENANT HEALTHCARE,MI,SAGINAW,Rehabilitation Hospital,8000,,FA-2074,,Vizient (MS1301),1100 Cooper Ave,0
added,missing-from-slug,2075,SSM HEALTH REHAB - RICHMOND HEIGHTS,MO,SAINT LOUIS,Rehabilitation Hospital,8000,,FA-2075,"chowning,stengel",Vizient (MS1301),1027 Bellevue Ave Fl 3,0
added,missing-from-slug,2076,ADVANCED CARE HOSPITAL OF MONTANA,MT,BILLINGS,Rehabilitation Hospital,8000,,FA-2076,hagarty,Vizient (MS1301),3528 Gabel Rd,0
added,missing-from-slug,2077,CAROLINAS REHABILITATION MOUNT HOLLY,NC,BELMONT,Rehabilitation Hospital,8000,,FA-2077,"gerrard,tbmedical",Vizient (MS1301),275 Beatty Dr,0
added,missing-from-slug,2078,CARE PARTNERS REHABILITATION HOSPITAL,NC,ASHEVILLE,Rehabilitation Hospital,8000,,FA-2078,"gerrard,tbmedical",Vizient (MS1301),68 Sweeten Creek Rd,0
added,missing-from-slug,2079,VERITAS COLLABORATIVE,NC,DURHAM,Rehabilitation Hospital,8000,,FA-2079,"gerrard,tbmedical",Vizient (MS1301),4024 Stirrup Creek Dr,0
added,missing-from-slug,2080,PAM REHABILITATION HOSPITAL OF FARGO,ND,FARGO,Rehabilitation Hospital,8000,,FA-2080,"acme,sciotex,wood",Vizient (MS1301),4671 38th St S,0
added,missing-from-slug,2081,SELECT SPECIALTY HOSPITAL - OMAHA,NE,OMAHA,Rehabilitation Hospital,8000,,FA-2081,"acme,sciotex,wood",Vizient (MS1301),1870 S 75th St,0
added,missing-from-slug,2082,NORTHEAST REHABILITATION HOSPITAL AT SNHMC,NH,NASHUA,Rehabilitation Hospital,8000,,FA-2082,"lucier,noreaster,pierro,signature-medical,whisner",Vizient (MS1301),29 Nw Blvd,0
added,missing-from-slug,4534,NORTH LAS VEGAS VA MEDICAL CENTER (VISN 21),NV,NORTH LAS VEGAS,VA Medical Center,8000,,FA-4534,"lifesource,zenecare",Marathon Medical (FFS Approval: 36F79718D0321),6900 North Pecos Road,0
added,missing-from-slug,4535,BATAVIA VA MEDICAL CENTER (VISN 2),NY,BATAVIA,VA Medical Center,8000,,FA-4535,"activize,parkingangels,proactive,streamline,whisner",Marathon Medical (FFS Approval: 36F79718D0321),222 Richmond Avenue,0
added,missing-from-slug,4536,WHITE CITY VA MEDICAL CENTER (VISN 20),OR,WHITE CITY,VA Medical Center,8000,,FA-4536,"dowdy,hagarty",Marathon Medical (FFS Approval: 36F79718D0321),8495 Crater Lake Highway,0
added,missing-from-slug,4537,BUTLER VA MEDICAL CENTER (VISN 4),PA,BUTLER,VA Medical Center,8000,,FA-4537,"activize,ghanem,streamline",Marathon Medical (FFS Approval: 36F79718D0321),325 New Castle Road,0
added,missing-from-slug,4538,H JOHN HEINZ III DEPARTMENT OF VETERANS AFFAIRS MEDICAL CENTER (PITTSBURGH) (VISN 4),PA,PITTSBURGH,VA Medical Center,8000,,FA-4538,"activize,ghanem,streamline",Marathon Medical (FFS Approval: 36F79718D0321),1010 Delafield Road,0
added,missing-from-slug,2086,KESSLER INSTITUTE FOR REHABILITATION - WEST ORANGE,NJ,WEST ORANGE,Rehabilitation Hospital,8000,,FA-2086,"activize,whisner",Vizient (MS1301),1199 Pleasant Valley Way,0
added,missing-from-slug,2087,CLEARSKY REHABILITATION HOSPITAL OF RIO RANCHO LLC,NM,RIO RANCHO,Rehabilitation Hospital,8000,,FA-2087,"franklin-mountain-group,meinnovations,sandia",Vizient (MS1301),2401 Westside Blvd,0
added,missing-from-slug,2088,PAM REHAB HOSPITAL OF HENDERSON,NV,HENDERSON,Rehabilitation Hospital,8000,,FA-2088,"lifesource,zenecare",Vizient (MS1301),930 N Gibson Rd,0
added,missing-from-slug,2089,LONG ISLAND STATE VETERANS HOME,NY,STONY BROOK,Rehabilitation Hospital,8000,,FA-2089,"activize,parkingangels,proactive,streamline,whisner",Vizient (MS1301),100 Patriots Road,0
added,missing-from-slug,2090,CONIFER PARK,NY,GLENVILLE,Rehabilitation Hospital,8000,,FA-2090,"activize,parkingangels,proactive,streamline,whisner",Vizient (MS1301),79 Glenridge Rd,0
added,missing-from-slug,2091,SOUTH OAKS HOSPITAL,NY,AMITYVILLE,Rehabilitation Hospital,8000,334027,334027,"activize,parkingangels,proactive,streamline,whisner",Vizient (MS1301),400 Sunrise Hwy,0
added,missing-from-slug,2092,OHIOHEALTH NEURO TRANSITIONAL CENTER,OH,DUBLIN,Rehabilitation Hospital,8000,,FA-2092,"klea,streamline",Vizient (MS1301),6640 Perimeter Dr,0
added,missing-from-slug,2093,JEFFERSON PARK I STE 105,OH,MIDDLEBURG HEIGHTS,Rehabilitation Hospital,8000,,FA-2093,"klea,streamline",Vizient (MS1301),7010 Engle Rd Ste 105,0
added,missing-from-slug,2094,PAM HEALTH REHABILITATION HOSPITAL OF DAYTON,OH,MIAMISBURG,Rehabilitation Hospital,8000,,FA-2094,"klea,streamline",Vizient (MS1301),2310 Cross Pointe Dr,0
added,missing-from-slug,2072,WHITTIER REHABILITATION HOSPITAL-WESTBOROUGH,MA,WESTBOROUGH,Rehabilitation Hospital,8000,,FA-2072,"lucier,noreaster,parkingangels,pierro,signature-medical,whisner","Vizient (MS1301), Premier (BT-NS-002)",150 Flanders Rd,0
added,missing-from-slug,2071,PAM HEALTH SPECIALTY HOSPITAL OF STOUGHTON,MA,STOUGHTON,Rehabilitation Hospital,8000,,FA-2071,"lucier,noreaster,parkingangels,pierro,signature-medical,whisner",Vizient (MS1301),909 Sumner St,0
added,missing-from-slug,2070,ARBOUR HRI HOSPITAL - DETOX,MA,BROOKLINE,Rehabilitation Hospital,8000,,FA-2070,"lucier,noreaster,parkingangels,pierro,signature-medical,whisner",Vizient (MS1301),227 Babcock St,0
added,missing-from-slug,2069,COVINGTON - AMG REHABILITATION HOSPITAL,LA,COVINGTON,Rehabilitation Hospital,8000,,FA-2069,"healthcare-cellutions,sisco,southern-surgical",Vizient (MS1301),5025 Keystone Blvd Ste 200,0
added,missing-from-slug,2068,ZACHARY - AMG SPECIALTY HOSPITAL,LA,ZACHARY,Rehabilitation Hospital,8000,,FA-2068,"healthcare-cellutions,sisco,southern-surgical",Vizient (MS1301),4601 Mchugh Rd Bldg B,0
added,missing-from-slug,2067,UNITED MEDICAL REHABILITATION HOSPITAL,LA,GRETNA,Rehabilitation Hospital,8000,,FA-2067,"healthcare-cellutions,sisco,southern-surgical",Vizient (MS1301),3201 Wall Blvd Ste B,0
added,missing-from-slug,2066,NORTHSHORE REHABILITATION HOSPITAL,LA,LACOMBE,Rehabilitation Hospital,8000,,FA-2066,"healthcare-cellutions,sisco,southern-surgical",Vizient (MS1301),64030 Hwy 434 1st And 2nd Fl,0
added,missing-from-slug,2065,OCHSNER EXTENDED CARE HOSPITAL KENNER,LA,JEFFERSON,Rehabilitation Hospital,8000,,FA-2065,"healthcare-cellutions,sisco,southern-surgical",Vizient (MS1301),2614 Jefferson Hwy,0
added,missing-from-slug,2064,CLEARSKY REHABILITATION HOSPITAL OF LEESVILLE,LA,LEESVILLE,Rehabilitation Hospital,8000,,FA-2064,"healthcare-cellutions,sisco,southern-surgical",Vizient (MS1301),900 S 6th St,0
added,missing-from-slug,2063,UMRH HAMMOND,LA,HAMMOND,Rehabilitation Hospital,8000,,FA-2063,"healthcare-cellutions,sisco,southern-surgical",Vizient (MS1301),15717 Belle Dr,0
added,missing-from-slug,2062,UMRH ASCENSION,LA,GONZALES,Rehabilitation Hospital,8000,,FA-2062,"healthcare-cellutions,sisco,southern-surgical",Vizient (MS1301),333 E Worthy St,0
added,missing-from-slug,2061,ACADIANA REHABILITATION HOSPITAL,LA,LAFAYETTE,Rehabilitation Hospital,8000,,FA-2061,"healthcare-cellutions,sisco,southern-surgical",Vizient (MS1301),314 Youngsville Hwy,0
added,missing-from-slug,2060,NOBIS SHREVEPORT REHABILITATION HOSPITAL,LA,SHREVEPORT,Rehabilitation Hospital,8000,,FA-2060,"healthcare-cellutions,sisco,southern-surgical",Vizient (MS1301),1451 Fern Circle,0
added,missing-from-slug,2059,INTENSIVE SPECIALTY HOSPITAL - NORTH CAMPUS,LA,SHREVEPORT,Rehabilitation Hospital,8000,192010,192010,"healthcare-cellutions,sisco,southern-surgical",Vizient (MS1301),2550 Kings Hwy 2nd Fl,0
added,missing-from-slug,2058,GATEWAY REHABILITIATION HOSPITAL,KY,FLORENCE,Rehabilitation Hospital,8000,,FA-2058,klea,Vizient (MS1301),5940 Merchants St,0
added,missing-from-slug,2085,KESSLER INSTITUTE FOR REHABILITATION - SADDLE BROOK,NJ,SADDLE BROOK,Rehabilitation Hospital,8000,,FA-2085,"activize,whisner",Vizient (MS1301),300 Market St,0
added,missing-from-slug,2084,VIRTUA HEALTH & REHABILITATION CTR @ BERLIN,NJ,BERLIN,Rehabilitation Hospital,8000,,FA-2084,"activize,whisner",Vizient (MS1301),100 Long A Coming Rd,0
added,missing-from-slug,2083,NORTHEAST REHABILITATION HOSPITAL AT PEASE,NH,PORTSMOUTH,Rehabilitation Hospital,8000,,FA-2083,"lucier,noreaster,pierro,signature-medical,whisner",Vizient (MS1301),105 Corporate Dr,0
added,missing-from-slug,2057,CARDINAL HILL REHABILITATION HOSPITAL - PEDIATRIC CENTER,KY,LEXINGTON,Rehabilitation Hospital,8000,,FA-2057,klea,Vizient (MS1301),993 Mason Headley Rd Fl 2,0
added,missing-from-slug,2100,REHABILITATION HOSPITAL OF NORTHWEST OHIO,OH,TOLEDO,Rehabilitation Hospital,8000,,FA-2100,"klea,streamline",Vizient (MS1301),1455 W Medical Loop,0
added,missing-from-slug,2028,CADIA REHABILITIATION,DE,WILMINGTON,Rehabilitation Hospital,8000,,FA-2028,ghanem,Vizient (MS1301),3322 Silverside Rd,0
added,missing-from-slug,2029,PAM HEALTH REHABILITATION HOSPITAL OF GEORGETOWN,DE,GEORGETOWN,Rehabilitation Hospital,8000,,FA-2029,ghanem,Vizient (MS1301),22303 Dupont Blvd,0
added,missing-from-slug,2026,NOBIS - INVERNESS REHABILITATION HOSPITAL LLC,CO,ENGLEWOOD,Rehabilitation Hospital,8000,,FA-2026,whittiker,Vizient (MS1301),372 Inverness Dr S,0
added,missing-from-slug,2027,JEFFERSON HILLS,CO,LAKEWOOD,Rehabilitation Hospital,8000,,FA-2027,whittiker,Vizient (MS1301),421 Zang St,0
pending-no-rep,no live slug for MI,2073,DMC-RIM,MI,DETROIT,Rehabilitation Hospital,8000,,FA-2073,,Vizient (MS1301),261 Mack Blvd,0
added,missing-from-slug,2042,SOUTHWEST IDAHO ADVANCED CARE HOSPITAL,ID,BOISE,Rehabilitation Hospital,8000,,FA-2042,hagarty,Vizient (MS1301),6651 W Franklin Rd,0
added,missing-from-slug,2043,NORTHERN IDAHO ADVANCED CARE HOSPITAL,ID,POST FALLS,Rehabilitation Hospital,8000,,FA-2043,hagarty,Vizient (MS1301),600 N Cecil Rd,0
added,missing-from-slug,2044,MARIANJOY AT VICTORIAN VILLAGE,IL,HOMER GLEN,Rehabilitation Hospital,8000,,FA-2044,chowning,Vizient (MS1301),12525 Renaissance Cir,0
added,missing-from-slug,2046,MARIANJOY AT OAKBROOK TERRACE,IL,OAKBROOK TERRACE,Rehabilitation Hospital,8000,,FA-2046,chowning,Vizient (MS1301),17w682 Butterfield Rd,0
added,missing-from-slug,2048,NORTHWESTERN MEDICINE MARIONJOY REHAB HOSPITAL,IL,WHEATON,Rehabilitation Hospital,8000,,FA-2048,chowning,Vizient (MS1301),26w171 Roosevelt Rd,0
added,missing-from-slug,2039,PAM HEALTH REHABILITATION HOSPITAL OF TAVARES,FL,TAVARES,Rehabilitation Hospital,8000,,FA-2039,"a3-biomedical,emina-taylor,expert-medical-sales,lamitina,salmons,southern-surgical,tplconsulting",Vizient (MS1301),1730 Mayo Dr,0
added,missing-from-slug,2038,PAM HEALTH REHABILITATION HOSPITAL OF JUPITER,FL,JUPITER,Rehabilitation Hospital,8000,,FA-2038,"a3-biomedical,emina-taylor,expert-medical-sales,lamitina,salmons,southern-surgical,tplconsulting",Vizient (MS1301),5075 Innovation Way,0
added,missing-from-slug,2037,CLEARSKY REHABILITATION HOSPITAL OF LECANTO,FL,LECANTO,Rehabilitation Hospital,8000,,FA-2037,"a3-biomedical,emina-taylor,expert-medical-sales,lamitina,salmons,southern-surgical,tplconsulting",Vizient (MS1301),3967 W Norvell Bryant Hwy,0
added,missing-from-slug,2036,PAM HEALTH REHABILITATION HOSPITAL OF ORANGE CITY,FL,ORANGE CITY,Rehabilitation Hospital,8000,,FA-2036,"a3-biomedical,emina-taylor,expert-medical-sales,lamitina,salmons,southern-surgical,tplconsulting",Vizient (MS1301),1000 Parc Hill Blvd,0
added,missing-from-slug,2035,PAM REHAB HOSPITAL OF VENICE,FL,NOKOMIS,Rehabilitation Hospital,8000,,FA-2035,"a3-biomedical,emina-taylor,expert-medical-sales,lamitina,salmons,southern-surgical,tplconsulting",Vizient (MS1301),2639 Curry Ln,0
added,missing-from-slug,2034,NOBIS ORLANDO REHABILITATION HOSPITAL,FL,ALTAMONTE SPRINGS,Rehabilitation Hospital,8000,,FA-2034,"a3-biomedical,emina-taylor,expert-medical-sales,lamitina,salmons,southern-surgical,tplconsulting",Vizient (MS1301),980 Gateway Dr,0
added,missing-from-slug,2033,NOBIS TAMPA REHABILITATION HOSPITAL LLC,FL,TEMPLE TERRACE,Rehabilitation Hospital,8000,,FA-2033,"a3-biomedical,emina-taylor,expert-medical-sales,lamitina,salmons,southern-surgical,tplconsulting",Vizient (MS1301),6805 Woodstork Dr,0
added,missing-from-slug,2032,PAM HEALTH REHAB HOSPITAL OF WINTER GARDEN,FL,WINTER GARDEN,Rehabilitation Hospital,8000,,FA-2032,"a3-biomedical,emina-taylor,expert-medical-sales,lamitina,salmons,southern-surgical,tplconsulting",Vizient (MS1301),541 Winter Garden Vineland Rd,0
added,missing-from-slug,2040,SUNVIEW MEDICAL DAY,FL,WEST PALM BEACH,Rehabilitation Hospital,8000,,FA-2040,"a3-biomedical,emina-taylor,expert-medical-sales,lamitina,salmons,southern-surgical,tplconsulting",Vizient (MS1301),4802 East Ave,0
added,missing-from-slug,2041,ERNEST HEALTH/REHAB HOS OF THE NW,ID,POST FALLS,Rehabilitation Hospital,8000,,FA-2041,hagarty,Vizient (MS1301),3372 E Jenalan Ave,0
added,missing-from-slug,2101,MIRMONT TREATMENT CENTER,PA,MEDIA,Rehabilitation Hospital,8000,,FA-2101,"activize,ghanem,streamline",Vizient (MS1301),100 Yearsley Mill Rd,0
added,missing-from-slug,2102,JOHN HEINZ INSTITUTE,PA,WILKES-BARRE,Rehabilitation Hospital,8000,,FA-2102,"activize,ghanem,streamline",Vizient (MS1301),150 Mundy St,0
added,missing-from-slug,2103,PAM REHABILITATION HOSPITAL OF WEST SHORE,PA,ENOLA,Rehabilitation Hospital,8000,,FA-2103,"activize,ghanem,streamline",Vizient (MS1301),4675 Mount Zion Dr,0
added,missing-from-slug,2104,ALLIED DORM,PA,SCRANTON,Rehabilitation Hospital,8000,,FA-2104,"activize,ghanem,streamline",Vizient (MS1301),475 Morgan Hwy,0
added,missing-from-slug,2105,GOOD SHEPHERD REHABILITATION HOSPITAL CENTER VALLEY,PA,CENTER VALLEY,Rehabilitation Hospital,8000,,FA-2105,"activize,ghanem,streamline",Vizient (MS1301),3200 Center Valley Parkway,0
added,missing-from-slug,2106,PAM HEALTH SPECIALTY HOSPITAL OF PITTSBURGH,PA,OAKDALE,Rehabilitation Hospital,8000,,FA-2106,"activize,ghanem,streamline",Vizient (MS1301),7777 Steubenville Pike,0
added,missing-from-slug,2107,HELEN M SIMPSON REHABILITATION HOSPITAL,PA,HARRISBURG,Rehabilitation Hospital,8000,,FA-2107,"activize,ghanem,streamline",Vizient (MS1301),4300 Londonderry Rd,0
added,missing-from-slug,2108,BRYN MAWR REHABILITATION HOSPITAL,PA,MALVERN,Rehabilitation Hospital,8000,,FA-2108,"activize,ghanem,streamline","Vizient (MS1301), Premier (BT-NS-002)",414 Paoli Pike,0
added,missing-from-slug,2109,MIDLANDS REGIONAL REHABILITATION HOSPITAL,SC,ELGIN,Rehabilitation Hospital,8000,,FA-2109,"gerrard,intuitek,tbmedical",Vizient (MS1301),20 Pinnacle Pkwy,0
added,missing-from-slug,2110,GREENWOOD REGIONAL REHAB HOSPITAL,SC,GREENWOOD,Rehabilitation Hospital,8000,,FA-2110,"gerrard,intuitek,tbmedical",Vizient (MS1301),1530 Parkway,0
added,missing-from-slug,2111,SYNERGY TREATMENT CENTER,TN,MEMPHIS,Rehabilitation Hospital,8000,,FA-2111,"franklin-mountain-group,greatdane,richards,southern-surgical,tbmedical",Vizient (MS1301),2305 Airport Interchange Ave,0
added,missing-from-slug,2112,BAPTIST MEMORIAL REHABILITATION HOSPITAL,TN,GERMANTOWN,Rehabilitation Hospital,8000,,FA-2112,"franklin-mountain-group,greatdane,richards,southern-surgical,tbmedical",Vizient (MS1301),1240 S Germantown Rd,0
added,missing-from-slug,2030,SELECT SPECIALTY HOSPITAL - PENSACOLA,FL,PENSACOLA,Rehabilitation Hospital,8000,,FA-2030,"a3-biomedical,emina-taylor,expert-medical-sales,lamitina,salmons,southern-surgical,tplconsulting",Vizient (MS1301),7000 Cobble Creek Dr,0
added,missing-from-slug,2031,UF HEALTH REHABILITATION HOSPITAL - NORTH,FL,JACKSONVILLE,Rehabilitation Hospital,8000,,FA-2031,"a3-biomedical,emina-taylor,expert-medical-sales,lamitina,salmons,southern-surgical,tplconsulting",Vizient (MS1301),15255 Max Leggett Pkwy Flrs 2 and 3,0
added,missing-from-slug,2049,MARIANJOY AT PROVIDENCE HEALTHCARE OF DOWNERS GROVE,IL,DOWNERS GROVE,Rehabilitation Hospital,8000,,FA-2049,chowning,"Vizient (MS1301), Premier (BT-NS-002)",3450 Saratoga Ave,0
added,missing-from-slug,2050,PAM HEALTH REHABILITATION HOSPITAL OF GREATER INDIANA,IN,CLARKSVILLE,Rehabilitation Hospital,8000,,FA-2050,klea,Vizient (MS1301),2101 Broadway St,0
added,missing-from-slug,2051,NOBIS - INDIANAPOLIS REHABILITATION HOSPITAL,IN,CARMEL,Rehabilitation Hospital,8000,,FA-2051,klea,Vizient (MS1301),1260 City Center Dr,0
added,missing-from-slug,2052,LAFAYETTE REGIONAL REHABILITATION HOSPITAL,IN,LAFAYETTE,Rehabilitation Hospital,8000,,FA-2052,klea,Vizient (MS1301),950 Park East Blvd,0
added,missing-from-slug,2053,CLEARSKY REHABILITATION HOSPITAL OF ELWOOD - ST JOSEPH,KS,ELWOOD,Rehabilitation Hospital,8000,,FA-2053,chowning,Vizient (MS1301),502 Roseport Rd,0
added,missing-from-slug,2054,NOBIS - JOHNSON COUNTY REHABILITATION HOSPITAL LLC,KS,OVERLAND PARK,Rehabilitation Hospital,8000,,FA-2054,chowning,Vizient (MS1301),11325 College Blvd,0
added,missing-from-slug,2055,KUHA REHABILITATION CENTER,KS,KANSAS CITY,Rehabilitation Hospital,8000,,FA-2055,chowning,Vizient (MS1301),3910 Rainbow Blvd,0
added,missing-from-slug,2056,HEALTHSOUTH WESLEY HOSPICE IP,KS,WICHITA,Rehabilitation Hospital,8000,,FA-2056,chowning,Vizient (MS1301),8338 W 13th St N,0
added,missing-from-slug,2016,CLEARSKY REHABILITATION HOSPITAL OF AVONDALE,AZ,AVONDALE,Rehabilitation Hospital,8000,,FA-2016,zenecare,Vizient (MS1301),10903 W Mcdowell Rd,0
added,missing-from-slug,2015,MOUNTAIN VALLEY REGIONAL REHAB HOSPITAL,AZ,PRESCOTT VALLEY,Rehabilitation Hospital,8000,,FA-2015,zenecare,Vizient (MS1301),3700 N Windsong Dr,0
added,missing-from-slug,2014,WHITE RIVER MEDICAL CENTER - WOUND HEALING CENTER,AR,NEWPORT,Rehabilitation Hospital,8000,,FA-2014,"chowning,gptsurgical,greatdane,healthcare-cellutions","Vizient (MS1301), Premier (BT-NS-002)",2200 Malcolm Avenue,0
added,missing-from-slug,2013,SELECT REHABILITATION HOSPITAL OF DENTON,TX,DENTON,Rehabilitation Hospital,8000,,FA-2013,"franklin-mountain-group,healthcare-cellutions,ju,martinez,meinnovations,sandia,sisco,streit,uromobile",Vizient (MS1301),2620 Scripture St,9402393000
added,missing-from-slug,2012,PAM HEALTH REHABILITATION HOSPITAL OF EL PASO,TX,EL PASO,Rehabilitation Hospital,8000,,FA-2012,"franklin-mountain-group,healthcare-cellutions,ju,martinez,meinnovations,sandia,sisco,streit,uromobile",Vizient (MS1301),1600 E Cliff Dr,9155217148
added,missing-from-slug,2010,PAM REHAB HOSPITAL OF CORPUS CHRISTI,TX,CORPUS CHRISTI,Rehabilitation Hospital,8000,,FA-2010,"franklin-mountain-group,healthcare-cellutions,ju,martinez,meinnovations,sandia,sisco,streit,uromobile",Vizient (MS1301),345 S Water St,3617394846
added,missing-from-slug,2115,PAM REHABILITATION HOSPITAL OF SUGARLAND,TX,SUGAR LAND,Rehabilitation Hospital,8000,,FA-2115,"franklin-mountain-group,healthcare-cellutions,ju,martinez,meinnovations,sandia,sisco,streit,uromobile",Vizient (MS1301),7622 Branford Pl,0
added,missing-from-slug,2113,JOURNEYPURE AT THE RIVER,TN,MURFREESBORO,Rehabilitation Hospital,8000,,FA-2113,"franklin-mountain-group,greatdane,richards,southern-surgical,tbmedical","Vizient (MS1301), Premier (BT-NS-002)",5080 Florence Rd,0
added,missing-from-slug,2024,PAM HEALTH REHABILITATION HOSPITAL OF WESTMINSTER,CO,WESTMINSTER,Rehabilitation Hospital,8000,,FA-2024,whittiker,Vizient (MS1301),6500 W 104th Ave,0
added,missing-from-slug,2025,PAM HEALTH REHABILITATION HOSPITAL OF GOLDEN,CO,GOLDEN,Rehabilitation Hospital,8000,,FA-2025,whittiker,Vizient (MS1301),600 Golden Ridge Rd,0
added,missing-from-slug,2021,UC DAVIS REHABILITATION HOSPITAL,CA,SACRAMENTO,Rehabilitation Hospital,8000,,FA-2021,"grosjean,jimmerson,lifesource,zenecare",Vizient (MS1301),4875 Broadway,0
added,missing-from-slug,2023,CENTRAL VALLEY SPECIALTY HOSPITAL,CA,MODESTO,Rehabilitation Hospital,8000,,FA-2023,"grosjean,jimmerson,lifesource,zenecare",Vizient (MS1301),730 17th St,0
added,missing-from-slug,2022,TOTALLY KIDS REHABILITATION HOSPITAL,CA,LOMA LINDA,Rehabilitation Hospital,8000,,FA-2022,"grosjean,jimmerson,lifesource,zenecare",Vizient (MS1301),1720 Mountain View Ave,0
added,missing-from-slug,2017,NOBIS REUNION REHABILITATION HOSPITAL PEORIA,AZ,PEORIA,Rehabilitation Hospital,8000,,FA-2017,zenecare,Vizient (MS1301),13451 N 94th Dr,0
added,missing-from-slug,2119,EXALT HEALTH,TX,GARLAND,Rehabilitation Hospital,8000,,FA-2119,"franklin-mountain-group,healthcare-cellutions,ju,martinez,meinnovations,sandia,sisco,streit,uromobile",Vizient (MS1301),2306 Guthrie Rd Ste 180,0
added,missing-from-slug,2118,INTRACARE LAKE JACKSON,TX,LAKE JACKSON,Rehabilitation Hospital,8000,,FA-2118,"franklin-mountain-group,healthcare-cellutions,ju,martinez,meinnovations,sandia,sisco,streit,uromobile",Vizient (MS1301),120 S Parking Pl,0
added,missing-from-slug,2117,WARM SPRINGS REHAB HOSPITAL OF WESTOVER HILLS,TX,SAN ANTONIO,Rehabilitation Hospital,8000,,FA-2117,"franklin-mountain-group,healthcare-cellutions,ju,martinez,meinnovations,sandia,sisco,streit,uromobile",Vizient (MS1301),10323 State Hwy 151,0
added,missing-from-slug,2116,PAM REHAB HOSPITAL OF VICTORIA,TX,VICTORIA,Rehabilitation Hospital,8000,,FA-2116,"franklin-mountain-group,healthcare-cellutions,ju,martinez,meinnovations,sandia,sisco,streit,uromobile",Vizient (MS1301),101 James Coleman Dr,0
added,missing-from-slug,2120,CLEARSKY REHABILITATION HOSPITAL OF WAXAHACHIE,TX,WAXAHACHIE,Rehabilitation Hospital,8000,,FA-2120,"franklin-mountain-group,healthcare-cellutions,ju,martinez,meinnovations,sandia,sisco,streit,uromobile",Vizient (MS1301),50 Indian Dr,0
added,missing-from-slug,2121,CLEARSKY REHABILITATION HOSPITAL OF HARKER HEIGHTS,TX,KILLEEN,Rehabilitation Hospital,8000,,FA-2121,"franklin-mountain-group,healthcare-cellutions,ju,martinez,meinnovations,sandia,sisco,streit,uromobile",Vizient (MS1301),750 W Central Texas Expy,0
added,missing-from-slug,2122,PAM HEALTH REHABILITATION HOSPITAL OF KATY,TX,HOUSTON,Rehabilitation Hospital,8000,,FA-2122,"franklin-mountain-group,healthcare-cellutions,ju,martinez,meinnovations,sandia,sisco,streit,uromobile",Vizient (MS1301),19770 Kingsland Blvd,0
added,missing-from-slug,2123,COBALT REHAB HOSP WEST HOUSTON LLC,TX,KATY,Rehabilitation Hospital,8000,,FA-2123,"franklin-mountain-group,healthcare-cellutions,ju,martinez,meinnovations,sandia,sisco,streit,uromobile",Vizient (MS1301),19770 Kingsland Blvd,0
added,missing-from-slug,2127,PAM REHABILITATION HOSPITAL OF HUMBLE,TX,HUMBLE,Rehabilitation Hospital,8000,,FA-2127,"franklin-mountain-group,healthcare-cellutions,ju,martinez,meinnovations,sandia,sisco,streit,uromobile",Vizient (MS1301),18839 Mckay Dr,0
added,missing-from-slug,2126,BAYLOR SCOTT & WHITE INSTITUTE FOR REHABILITATION - LAKEWAY,TX,LAKEWAY,Rehabilitation Hospital,8000,,FA-2126,"franklin-mountain-group,healthcare-cellutions,ju,martinez,meinnovations,sandia,sisco,streit,uromobile",Vizient (MS1301),2000 Medical Dr,0
added,missing-from-slug,2125,PAM REHAB HOSP OF RICHARDSON (HIH),TX,RICHARDSON,Rehabilitation Hospital,8000,,FA-2125,"franklin-mountain-group,healthcare-cellutions,ju,martinez,meinnovations,sandia,sisco,streit,uromobile",Vizient (MS1301),401 W Campbell Rd Fl 5,0
added,missing-from-slug,2124,NOBIS REHABILITATION PARTNERS,TX,ALLEN,Rehabilitation Hospital,8000,,FA-2124,"franklin-mountain-group,healthcare-cellutions,ju,martinez,meinnovations,sandia,sisco,streit,uromobile",Vizient (MS1301),450 Century Pkwy Ste 220,0
added,missing-from-slug,2131,OMNICARE - ACCEL REHABILITATION HOSPITAL OF PLANO,TX,PLANO,Rehabilitation Hospital,8000,,FA-2131,"franklin-mountain-group,healthcare-cellutions,ju,martinez,meinnovations,sandia,sisco,streit,uromobile","Vizient (MS1301), Premier (BT-NS-002)",2301 Marsh Ln Ste 200,0
added,missing-from-slug,2018,PAM HEALTH SPECIALTY HOSPITAL OF SURPRISE,AZ,SURPRISE,Rehabilitation Hospital,8000,,FA-2018,zenecare,Vizient (MS1301),13060 W Bell Rd,0
added,missing-from-slug,2019,REHABILITATION HOSPITAL OF NORTHERN ARIZONA,AZ,FLAGSTAFF,Rehabilitation Hospital,8000,,FA-2019,zenecare,Vizient (MS1301),1851 N Gemini Dr,0
added,missing-from-slug,2020,GLOBALREHAB AT SCOTTSDALE HEALTHCARE,AZ,SCOTTSDALE,Rehabilitation Hospital,8000,,FA-2020,zenecare,"Vizient (MS1301), Premier (BT-NS-002)",8850 E Pima Center Pkwy,0
added,missing-from-slug,2128,NEW BRAUNFELS REGIONAL REHABILITATION HOSPITA,TX,NEW BRAUNFELS,Rehabilitation Hospital,8000,,FA-2128,"franklin-mountain-group,healthcare-cellutions,ju,martinez,meinnovations,sandia,sisco,streit,uromobile",Vizient (MS1301),2041 Sundance Pkwy,0
added,missing-from-slug,2129,WESLACO REGIONAL REHABILITATION HOSPITAL,TX,WESLACO,Rehabilitation Hospital,8000,,FA-2129,"franklin-mountain-group,healthcare-cellutions,ju,martinez,meinnovations,sandia,sisco,streit,uromobile",Vizient (MS1301),906 James St,0
added,missing-from-slug,2130,NEXUS NEURORECOVERY CENTER-CONROE CAMPUS,TX,CONROE,Rehabilitation Hospital,8000,,FA-2130,"franklin-mountain-group,healthcare-cellutions,ju,martinez,meinnovations,sandia,sisco,streit,uromobile",Vizient (MS1301),9297 Wahrenberger Rd,0
pending-no-rep,no live slug for DC,2001,BRIDGEPOINT HOSPITAL NATIONAL HARBORSIDE,DC,WASHINGTON,Rehabilitation Hospital,8000,,FA-2001,,Vizient (MS1301),4601 Martin Luther King Jr Ave Sw,2024765000
added,missing-from-slug,2003,UM REHABILITATION & ORTHOPAEDIC INSTITUTE (FKA KERNAN HOSPITAL),MD,BALTIMORE,Rehabilitation Hospital,8000,,FA-2003,ghanem,Vizient (MS1301),2200 Kernan Dr,4104486701
added,missing-from-slug,2005,KESSLER INSTITUTE FOR REHABILITATION - MARLTON,NJ,MARLTON,Rehabilitation Hospital,8000,,FA-2005,"activize,whisner",Vizient (MS1301),92 Brick Rd,8564894520
added,missing-from-slug,2009,PAM HEALTH REHABILITATION HOSPITAL OF HOUSTON,TX,HOUSTON,Rehabilitation Hospital,8000,,FA-2009,"franklin-mountain-group,healthcare-cellutions,ju,martinez,meinnovations,sandia,sisco,streit,uromobile",Vizient (MS1301),1917 Ashland St Fl 4,7137730556
pending-no-rep,no live slug for MI,4522,BATTLE CREEK VA MEDICAL CENTER (VISN 10),MI,BATTLE CREEK,VA Medical Center,8000,23012F,23012F,,Marathon Medical (FFS Approval: 36F79718D0321),5500 Armstrong Road,2699665600
added,missing-from-slug,4533,LYONS VA MEDICAL CENTER (VISN 2),NJ,LYONS,VA Medical Center,8000,,FA-4533,"activize,whisner",Marathon Medical (FFS Approval: 36F79718D0321),151 Knollcroft Road,0
added,missing-from-slug,2132,NORTHERN UTAH REHAB HOSPITAL,UT,SOUTH OGDEN,Rehabilitation Hospital,8000,,FA-2132,zenecare,Vizient (MS1301),5825 Harrison Blvd,0
added,missing-from-slug,2133,INOVA FAIRFAX ACUTE REHABILITATION,VA,FAIRFAX,Rehabilitation Hospital,8000,,FA-2133,ghanem,Vizient (MS1301),8081 Innovation Park Dr Bldg A,0
added,missing-from-slug,2134,RIVERSIDE REHABILITATION HOSPITAL,VA,YORKTOWN,Rehabilitation Hospital,8000,,FA-2134,ghanem,Vizient (MS1301),250 Josephs Dr,0
added,missing-from-slug,2135,ST LUKES REHABILITATION INSTITUTE,WA,SPOKANE,Rehabilitation Hospital,8000,,FA-2135,"dennehy,dowdy,hagarty,murray",Vizient (MS1301),711 S Cowley St,0
added,missing-from-slug,2136,UW HEALTH REHABILITATION HOSPITAL,WI,MADISON,Rehabilitation Hospital,8000,,FA-2136,steimel,Vizient (MS1301),5115 N Biltmore Ln,0
added,missing-from-slug,2137,THE REHABILITATION HOSPITAL OF WISCONSIN,WI,WAUKESHA,Rehabilitation Hospital,8000,,FA-2137,steimel,"Vizient (MS1301), Premier (BT-NS-002)",1625 Coldwater Creek Dr,0
added,missing-from-slug,2138,GREEN BAY REHABILITATION HOSPITAL,WI,GREEN BAY,Rehabilitation Hospital,8000,,FA-2138,steimel,"Vizient (MS1301), Premier (BT-NS-002)",1110 Kepler Dr,0
added,missing-from-slug,4518,BROCKTON VA MEDICAL CENTER (VISN 1),MA,BROCKTON,VA Medical Center,8000,,FA-4518,"lucier,noreaster,parkingangels,pierro,signature-medical,whisner",Marathon Medical (FFS Approval: 36F79718D0321),940 Belmont Street,5089417000
added,missing-from-slug,4519,EDITH NOURSE ROGERS MEMORIAL VETERANS' HOSPITAL (BEDFORD) (VISN 1),MA,BEDFORD,VA Medical Center,8000,,FA-4519,"lucier,noreaster,parkingangels,pierro,signature-medical,whisner",Marathon Medical (FFS Approval: 36F79718D0321),200 Springs Road,7812757500
added,missing-from-slug,4540,GEORGE H O'BRIEN JR DEPARTMENT OF VETERANS AFFAIRS MEDICAL CENTER (BIG SPRING) (VISN 17),TX,BIG SPRING,VA Medical Center,8000,,FA-4540,"franklin-mountain-group,healthcare-cellutions,ju,martinez,meinnovations,sandia,sisco,streit,uromobile",Marathon Medical (FFS Approval: 36F79718D0321),300 Veterans Boulevard,0
added,missing-from-slug,4539,HOT SPRINGS VA MEDICAL CENTER (VISN 23),SD,HOT SPRINGS,VA Medical Center,8000,,FA-4539,"acme,sciotex,wood",Marathon Medical (FFS Approval: 36F79718D0321),500 North Fifth Street,0
added,missing-from-slug,4542,JONATHAN M WAINWRIGHT MEMORIAL VA MEDICAL CENTER (WALLA WALLA) (VISN 20),WA,WALLA WALLA,VA Medical Center,8000,,FA-4542,"dennehy,dowdy,hagarty,murray",Marathon Medical (FFS Approval: 36F79718D0321),77 Wainwright Drive,0
added,missing-from-slug,2139,SSM HEALTH REHAB - BRIDGETON,MO,BRIDGETON,Rehabilitation Hospital,7980,,FA-2139,"chowning,stengel",Vizient (MS1301),12380 De Paul Dr,3143446000
added,missing-from-slug,644,ALBERT EINSTEIN MEDICAL CENTER,PA,PHILADELPHIA,Hospital/ Medical Center,7916,,FA-644,"activize,ghanem,streamline","Vizient (MS1301), Premier (BT-NS-002)",5501 OLD YORK ROAD,2154566090
added,missing-from-slug,4423,DORIS MILLER DEPARTMENT OF VETERANS AFFAIRS MEDICAL CENTER (WACO) (VISN 17),TX,WACO,VA Medical Center,7913,,FA-4423,"franklin-mountain-group,healthcare-cellutions,ju,martinez,meinnovations,sandia,sisco,streit,uromobile",Marathon Medical (FFS Approval: 36F79718D0321),4800 Memorial Drive,2542022000
pending-no-rep,no live slug for MI,646,ASCENSION ST JOHN HOSPITAL,MI,DETROIT,Hospital/ Medical Center,7906,,FA-646,,"Vizient (MS1301), Premier (BT-NS-002)",22101 MOROSS RD,3133434000
added,missing-from-slug,2263,INTEGRIS JIM THORPE REHABILITATION NETWORK,OK,OKLAHOMA CITY,Rehabilitation Hospital,7884,,FA-2263,"gptsurgical,healthcare-cellutions,martinez",Vizient (MS1301),4219 S Western,4059496066
pending-no-rep,no live slug for MI,668,SINAI-GRACE HOSPITAL,MI,DETROIT,Hospital/ Medical Center,7731,230024,230024,,"Vizient (MS1301), Premier (BT-NS-002)",6071 W OUTER DRIVE,3139663300
added,missing-from-slug,2140,REGIONAL ONE HEALTH REHABILITATION HOSPITAL,TN,MEMPHIS,Rehabilitation Hospital,7620,,FA-2140,"franklin-mountain-group,greatdane,richards,southern-surgical,tbmedical","Vizient (MS1301), Premier (BT-NS-002)",890 Madison Ave,9015457928
added,missing-from-slug,41,ENCOMPASS HEALTH REHAB HSP CHATTANOOGA,TN,CHATTANOOGA,Rehabilitation Hospital,7617,,FA-41,"franklin-mountain-group,greatdane,richards,southern-surgical,tbmedical",Vizient (MS1301),2412 Mccallie Ave,4236979129
added,missing-from-slug,42,ENCOMPASS HEALTH REHAB HSP VINELAND,NJ,VINELAND,Rehabilitation Hospital,7587,,FA-42,"activize,whisner",Vizient (MS1301),1237 W Sherman Ave,8566967100
pending-no-rep,no live slug for MI,699,MCLAREN FLINT,MI,FLINT,Hospital/ Medical Center,7350,230141,230141,,"Vizient (MS1301), Premier (BT-NS-002)",401 S BALLENGER HIGHWAY,8103422000
added,missing-from-slug,43,ENCOMPASS HEALTH REHABILITATION HOSPITAL OF MIDLAND ODESSA,TX,MIDLAND,Rehabilitation Hospital,7309,,FA-43,"franklin-mountain-group,healthcare-cellutions,ju,martinez,meinnovations,sandia,sisco,streit,uromobile",Vizient (MS1301),1800 Heritage Blvd,4325201600
added,missing-from-slug,2141,PAM HEALTH SPECIALTY HOSPITAL OF TEXARKANA,TX,TEXARKANA,Rehabilitation Hospital,7259,,FA-2141,"franklin-mountain-group,healthcare-cellutions,ju,martinez,meinnovations,sandia,sisco,streit,uromobile",Vizient (MS1301),2400 Saint Michael Dr Fl 2,9036141000
added,missing-from-slug,2142,BAKERSFIELD REHABILITATION HOSPITAL,CA,BAKERSFIELD,Rehabilitation Hospital,7176,,FA-2142,"grosjean,jimmerson,lifesource,zenecare",Vizient (MS1301),4400 Kirkcaldy Dr,6613271792
added,missing-from-slug,2143,VIRTUA HEALTH & REHAB CENTER AT MT HOLLY,NJ,MOUNT HOLLY,Rehabilitation Hospital,7087,,FA-2143,"activize,whisner",Vizient (MS1301),62 Richmond Ave,6092670700
added,missing-from-slug,2264,MAGEE REHABILITATION HOSPITAL,PA,PHILADELPHIA,Rehabilitation Hospital,7078,,FA-2264,"activize,ghanem,streamline",Vizient (MS1301),1513 Race St,8009662433
added,missing-from-slug,747,MERCY HEALTH-ST RITA'S MEDICAL CENTER,OH,LIMA,Hospital/ Medical Center,6791,,FA-747,"klea,streamline",,730 WEST MARKET STREET,4192273361
added,missing-from-slug,4425,MALCOM RANDALL DEPARTMENT OF VETERANS AFFAIRS MEDICAL CENTER (GAINESVILLE) (VISN 8),FL,GAINESVILLE,VA Medical Center,6662,,FA-4425,"a3-biomedical,emina-taylor,expert-medical-sales,lamitina,salmons,southern-surgical,tplconsulting",Marathon Medical (FFS Approval: 36F79718D0321),1601 Southwest Archer Road,3523761611
added,missing-from-slug,44,ENCOMPASS HEALTH REHAB HSP OF PETERSBURG,VA,PETERSBURG,Rehabilitation Hospital,6660,,FA-44,ghanem,Vizient (MS1301),95 Medical Park Blvd,8045048100
added,missing-from-slug,2286,BROOKS REHABILITATION HOSPITAL,FL,JACKSONVILLE,Rehabilitation Hospital,6604,,FA-2286,"a3-biomedical,emina-taylor,expert-medical-sales,lamitina,salmons,southern-surgical,tplconsulting","Vizient (MS1301), Premier (BT-NS-002)",3599 University Blvd S,9047026111
pending-no-rep,no live slug for MI,766,HENRY FORD HEALTH WEST BLOOMFIELD HOSPITAL,MI,W BLOOMFIELD,Hospital/ Medical Center,6563,230302,230302,,,6777 WEST MAPLE ROAD,2483251000
added,missing-from-slug,45,ENCOMPASS HEALTH REHAB HOSPITAL OF TREASURE COAST,FL,VERO BEACH,Rehabilitation Hospital,6517,,FA-45,"a3-biomedical,emina-taylor,expert-medical-sales,lamitina,salmons,southern-surgical,tplconsulting",Vizient (MS1301),1600 37th St,7727782100
added,missing-from-slug,2144,PAM REHAB HOSPITAL OF CENTENNIAL HILLS,NV,LAS VEGAS,Rehabilitation Hospital,6494,,FA-2144,"lifesource,zenecare",Vizient (MS1301),6166 N Durango Dr,7028359700
added,missing-from-slug,46,ENCOMPASS HEALTH REHAB HOSP OF CAPE CORAL,FL,CAPE CORAL,Rehabilitation Hospital,6480,,FA-46,"a3-biomedical,emina-taylor,expert-medical-sales,lamitina,salmons,southern-surgical,tplconsulting",Vizient (MS1301),1730 Ne Pine Island Rd,2395993600
added,missing-from-slug,47,ENCOMPASS HEALTH REHABILITATION HOSPITAL OF ARLINGTON,TX,ARLINGTON,Rehabilitation Hospital,6279,,FA-47,"franklin-mountain-group,healthcare-cellutions,ju,martinez,meinnovations,sandia,sisco,streit,uromobile",Vizient (MS1301),3200 Matlock Rd,8174684000
added,missing-from-slug,2145,NOBIS - TULSA REHABILITATION HOSPITAL,OK,TULSA,Rehabilitation Hospital,6200,,FA-2145,"gptsurgical,healthcare-cellutions,martinez",Vizient (MS1301),7909 S 101st East Ave,9182944499
added,missing-from-slug,48,MOUNT CARMEL REHAB HSP JV ENCOMPASS HEALTH,OH,WESTERVILLE,Rehabilitation Hospital,6109,,FA-48,"klea,streamline",Vizient (MS1301),597 Executive Campus Dr,6143923400
added,missing-from-slug,2146,PAM REHAB HOSPITAL OF BEAUMONT,TX,BEAUMONT,Rehabilitation Hospital,6036,,FA-2146,"franklin-mountain-group,healthcare-cellutions,ju,martinez,meinnovations,sandia,sisco,streit,uromobile",Vizient (MS1301),3340 Plaza 10 Dr,4092125000
added,missing-from-slug,2147,REHABILITATION HOSPITAL OF OVERLAND PARK,KS,OVERLAND PARK,Rehabilitation Hospital,5984,,FA-2147,chowning,Vizient (MS1301),5100 Indian Creek Pkwy,9135415000
added,missing-from-slug,4429,EDWARD HINES JUNIOR HOSPITAL (VISN 12),IL,HINES,VA Medical Center,5776,,FA-4429,chowning,Marathon Medical (FFS Approval: 36F79718D0321),5000 South 5th Avenue,7082028387
added,missing-from-slug,2265,COURAGE KENNY SPINE CENTER - MINNEAPOLIS,MN,MINNEAPOLIS,Rehabilitation Hospital,5754,,FA-2265,"acme,sciotex,steimel",Vizient (MS1301),1015 4th Ave N Ste 102,7635880811
pending-no-rep,no live slug for MI,864,ASCENSION PROVIDENCE HOSPITAL SOUTHFIELD AND NOVI,MI,SOUTHFIELD,Hospital/ Medical Center,5688,230019,230019,,,16001 W NINE MILE RD,2488493000
added,missing-from-slug,2266,HEALTHSOUTH REHABILITATION HOSPITAL OF CHARLESTON,SC,CHARLESTON,Rehabilitation Hospital,5647,,FA-2266,"gerrard,intuitek,tbmedical",Vizient (MS1301),1900 Ashley Crossing Dr,8438520505
added,missing-from-slug,4430,CW BILL YOUNG DEPARTMENT OF VETERANS AFFAIRS MEDICAL CENTER (BAY PINES) (VISN 8),FL,BAY PINES,VA Medical Center,5575,,FA-4430,"a3-biomedical,emina-taylor,expert-medical-sales,lamitina,salmons,southern-surgical,tplconsulting",Marathon Medical (FFS Approval: 36F79718D0321),10000 Bay Pines Boulevard,7273986661
pending-no-rep,no live slug for MI,892,MERCY HEALTH SAINT MARY'S,MI,GRAND RAPIDS,Hospital/ Medical Center,5509,230059,230059,,"Vizient (MS1301), Premier (BT-NS-002)",200 JEFFERSON AVENUE SE,6166855000
pending-no-rep,no live slug for MI,896,MCLAREN BAY REGION,MI,BAY CITY,Hospital/ Medical Center,5464,230041,230041,,"Vizient (MS1301), Premier (BT-NS-002)",1900 COLUMBUS AVE,9898949510
added,missing-from-slug,4431,BRUCE W CARTER DEPARTMENT OF VETERANS AFFAIRS MEDICAL CENTER (MIAMI) (VISN 8),FL,MIAMI,VA Medical Center,5459,,FA-4431,"a3-biomedical,emina-taylor,expert-medical-sales,lamitina,salmons,southern-surgical,tplconsulting",Marathon Medical (FFS Approval: 36F79718D0321),1201 Northwest 16th Street,3053244455
added,missing-from-slug,2148,AURORA SANTA ROSA HOSPITAL,CA,SANTA ROSA,Rehabilitation Hospital,5448,054151,054151,"grosjean,jimmerson,lifesource,zenecare",Vizient (MS1301),1287 Fulton Rd,7075255300
pending-no-rep,no live slug for MI,900,MCLAREN PORT HURON,MI,PORT HURON,Hospital/ Medical Center,5447,230216,230216,,"Vizient (MS1301), Premier (BT-NS-002)",1221 PINE GROVE AVE,8109875000
added,missing-from-slug,2149,FAIRMONT HOSPITAL,CA,SAN LEANDRO,Rehabilitation Hospital,5426,,FA-2149,"grosjean,jimmerson,lifesource,zenecare",Vizient (MS1301),15400 Foothill Blvd,5104541000
added,missing-from-slug,2287,OHIOHEALTH REHABILITATION HOSPITAL,OH,COLUMBUS,Rehabilitation Hospital,5409,,FA-2287,"klea,streamline","Vizient (MS1301), Premier (BT-NS-002)",1087 Dennison Ave Fl 4,6145442136
added,missing-from-slug,49,ENCOMPASS HEALTH REHAB HSP OF DAYTONA BEACH,FL,DAYTONA BEACH,Rehabilitation Hospital,5347,,FA-49,"a3-biomedical,emina-taylor,expert-medical-sales,lamitina,salmons,southern-surgical,tplconsulting",Vizient (MS1301),1952 N Williamson Blvd,2059705695
pending-no-rep,no live slug for MI,919,BRONSON BATTLE CREEK HOSPITAL,MI,BATTLE CREEK,Hospital/ Medical Center,5325,230075,230075,,Vizient (MS1301),300 NORTH AVENUE,2699668000
added,missing-from-slug,932,CHAMPLAIN VALLEY PHYSICIANS HOSPITAL MEDICAL CTR,NY,PLATTSBURGH,Hospital/ Medical Center,5235,,FA-932,"activize,parkingangels,proactive,streamline,whisner","Vizient (MS1301), Premier (BT-NS-002)",75 BEEKMAN STREET,5185627767
added,missing-from-slug,2150,NOBIS - OKLAHOMA CITY REHABILITATION HOSPITAL LLC,OK,OKLAHOMA CITY,Rehabilitation Hospital,5234,,FA-2150,"gptsurgical,healthcare-cellutions,martinez",Vizient (MS1301),10240 Broadway Ext,4056083200
added,missing-from-slug,50,THE REHABILITATION INSTITUTE OF ST LOUIS AT ST PETERS,MO,SAINT PETERS,Rehabilitation Hospital,5226,,FA-50,"chowning,stengel",Vizient (MS1301),10 Hospital Dr Fl 3,6363174000
pending-no-rep,no live slug for MI,935,LAKELAND HOSPITAL ST JOSEPH,MI,ST JOSEPH,Hospital/ Medical Center,5225,230021,230021,,,1234 NAPIER AVENUE,2699838300
added,missing-from-slug,2153,PAM HEALTH SPECIALTY HOSPITAL OF HERITAGE VALLEY,PA,BEAVER,Rehabilitation Hospital,5158,,FA-2153,"activize,ghanem,streamline",Vizient (MS1301),1000 Dutch Ridge Rd,4127287000
pending-no-rep,no live slug for MI,964,MCLAREN GREATER LANSING,MI,LANSING,Hospital/ Medical Center,5046,230167,230167,,"Vizient (MS1301), Premier (BT-NS-002)",2900 COLLINS ROAD,5179755600
added,missing-from-slug,52,ENCOMPASS HEALTH REHABILITATION HOSPITAL OF SAN ANTONIO,TX,SAN ANTONIO,Rehabilitation Hospital,5000,,FA-52,"franklin-mountain-group,healthcare-cellutions,ju,martinez,meinnovations,sandia,sisco,streit,uromobile",Vizient (MS1301),9119 Cinnamon Hl,2106910737
added,missing-from-slug,54,ENCOMPASS HEALTH REHABILITATION HOSPITAL OF SHELBY COUNTY,AL,PELHAM,Rehabilitation Hospital,5000,,FA-54,"greatdane,southern-surgical",Vizient (MS1301),900 Oak Mountain Commons Ln,2052167600
added,missing-from-slug,53,ENCOMPASS HEALTH REHABILITATION HOSPITAL OF THE WOODLANDS,TX,CONROE,Rehabilitation Hospital,5000,,FA-53,"franklin-mountain-group,healthcare-cellutions,ju,martinez,meinnovations,sandia,sisco,streit,uromobile",Vizient (MS1301),18550 Ih 45 S,2813643415
added,missing-from-slug,56,ENCOMPASS HEALTH REHABILITATION HOSPITAL OF MONTGOMERY,AL,MONTGOMERY,Rehabilitation Hospital,5000,,FA-56,"greatdane,southern-surgical",Vizient (MS1301),4465 Narrow Lane Rd,3342847840
added,missing-from-slug,51,ENCOMPASS HEALTH REHAB HSP OF EAST VALLEY,AZ,MESA,Rehabilitation Hospital,5000,,FA-51,zenecare,Vizient (MS1301),5652 E Baseline Rd,4805670350
added,missing-from-slug,146,TIDELANDS RHB HSP (LITTLE RIVER) ENCOMPASS HEALTH,SC,LITTLE RIVER,Rehabilitation Hospital,5000,,FA-146,"gerrard,intuitek,tbmedical",Vizient (MS1301),100 Water Grande Blvd,8433664000
added,missing-from-slug,145,ENCOMPASS HEALTH REHAB HSP FORT MILL,SC,FORT MILL,Rehabilitation Hospital,5000,,FA-145,"gerrard,intuitek,tbmedical",Vizient (MS1301),2260 Vista Rd,8394002400
added,missing-from-slug,144,ENCOMPASS HEALTH REHAB HSP JOHNSTON RI,RI,JOHNSTON,Rehabilitation Hospital,5000,,FA-144,"noreaster,parkingangels,signature-medical",Vizient (MS1301),2109 Hartford Ave,4015871000
added,missing-from-slug,143,ENCOMPASS HEALTH REHAB HSP HARMARVILLE,PA,PITTSBURGH,Rehabilitation Hospital,5000,,FA-143,"activize,ghanem,streamline",Vizient (MS1301),320 Guys Run Rd,4128281300
added,missing-from-slug,142,HEALTHSOUTH REHABILITATION CENTER - SHREWSBUR,PA,SHREWSBURY,Rehabilitation Hospital,5000,,FA-142,"activize,ghanem,streamline",Vizient (MS1301),16315 Mount Airy Rd,7172272316
added,missing-from-slug,141,ENCOMPASS HEALTH REHAB CTR -MEADOWBROOK PLAZA,PA,DUNCANSVILLE,Rehabilitation Hospital,5000,,FA-141,"activize,ghanem,streamline",Vizient (MS1301),1127 Old Route 22 N,8146931440
added,missing-from-slug,156,SHANNON REHABILITATION HOSPITAL,TX,SAN ANGELO,Rehabilitation Hospital,5000,,FA-156,"franklin-mountain-group,healthcare-cellutions,ju,martinez,meinnovations,sandia,sisco,streit,uromobile",Vizient (MS1301),6046 Appaloosa Trail,0
added,missing-from-slug,155,ENCOMPASS HEALTH REHAB HSP OF PROSPER,TX,PROSPER,Rehabilitation Hospital,5000,,FA-155,"franklin-mountain-group,healthcare-cellutions,ju,martinez,meinnovations,sandia,sisco,streit,uromobile",Vizient (MS1301),1231 Mahard Pkwy,9452076500
added,missing-from-slug,154,ENCOMPASS HEALTH REHAB HSP OF HOUSTON-YELLOWSTONE,TX,HOUSTON,Rehabilitation Hospital,5000,,FA-154,"franklin-mountain-group,healthcare-cellutions,ju,martinez,meinnovations,sandia,sisco,streit,uromobile",Vizient (MS1301),3010 Yellowstone Blvd,8323807200
added,missing-from-slug,153,QUILLEN REHAB HSP JV ENCOMPASS HEALTH & MOUNTAIN STATES HEALTH ALLIANCE,TN,JOHNSON CITY,Rehabilitation Hospital,5000,,FA-153,"franklin-mountain-group,greatdane,richards,southern-surgical,tbmedical","Vizient (MS1301), Premier (BT-NS-002)",2511 Wesley St,4239521700
added,missing-from-slug,152,ENCOMPASS HEALTH REHAB HSP KINGSPORT,TN,KINGSPORT,Rehabilitation Hospital,5000,,FA-152,"franklin-mountain-group,greatdane,richards,southern-surgical,tbmedical",Vizient (MS1301),113 Cassell Dr,4232467240
added,missing-from-slug,151,VANDERBILT STALLWORTH REHAB HSP JV ENCOMPASS HEALTH,TN,NASHVILLE,Rehabilitation Hospital,5000,,FA-151,"franklin-mountain-group,greatdane,richards,southern-surgical,tbmedical",Vizient (MS1301),2201 Childrens Way,6153207600
added,missing-from-slug,150,ENCOMPASS HEALTH REHAB HSP FRANKLIN,TN,FRANKLIN,Rehabilitation Hospital,5000,,FA-150,"franklin-mountain-group,greatdane,richards,southern-surgical,tbmedical",Vizient (MS1301),1000 Physicians Way,6257214000
added,missing-from-slug,149,W TN HEALTHCARE REHAB HSP JACKSON,TN,JACKSON,Rehabilitation Hospital,5000,,FA-149,"franklin-mountain-group,greatdane,richards,southern-surgical,tbmedical",Vizient (MS1301),616 W Forest Ave,7315743000
added,missing-from-slug,180,ENCOMPASS HEALTH REHAB HSP MORGANTOWN,WV,MORGANTOWN,Rehabilitation Hospital,5000,,FA-180,"klea,streamline",Vizient (MS1301),1160 Van Voorhis Rd,3045981100
added,missing-from-slug,179,ENCOMPASS HEALTH REHAB HSP PARKERSBURG,WV,PARKERSBURG,Rehabilitation Hospital,5000,,FA-179,"klea,streamline",Vizient (MS1301),3 Western Hills Dr,3044201300
added,missing-from-slug,138,GEISINGER ENCOMPASS HEALTH REHAB BERWICK,PA,BERWICK,Rehabilitation Hospital,5000,,FA-138,"activize,ghanem,streamline",Vizient (MS1301),2202 W Front St,5707591228
added,missing-from-slug,137,GEISINGER ENCOMPASS HEALTH REHAB MILTON,PA,MILTON,Rehabilitation Hospital,5000,,FA-137,"activize,ghanem,streamline",Vizient (MS1301),155 S Arch St,5707429710
added,missing-from-slug,136,GEISINGER ENCOMPASS HEALTH REHAB SELINSGROVE,PA,SELINSGROVE,Rehabilitation Hospital,5000,,FA-136,"activize,ghanem,streamline",Vizient (MS1301),620 University Ave,5703746764
added,missing-from-slug,135,ENCOMPASS HEALTH REHAB CTR -REGENCY SQUARE,PA,ALTOONA,Rehabilitation Hospital,5000,,FA-135,"activize,ghanem,streamline",Vizient (MS1301),2900 Plank Rd Ste 2,8179410916
added,missing-from-slug,134,HEALTHSOUTH EAST YORK,PA,EAST YORK,Rehabilitation Hospital,5000,,FA-134,"activize,ghanem,streamline",Vizient (MS1301),2127 Industrial Hwy,7177510975
added,missing-from-slug,133,HEALTHSOUTH LEWISTOWN,PA,BURNHAM,Rehabilitation Hospital,5000,,FA-133,"activize,ghanem,streamline",Vizient (MS1301),105 1st Ave,7172425400
added,missing-from-slug,140,ENCOMPASS HEALTH REHAB CTR -BEDFORD,PA,BEDFORD,Rehabilitation Hospital,5000,,FA-140,"activize,ghanem,streamline",Vizient (MS1301),5 Corporate Dr Ste 103,8146243181
added,missing-from-slug,55,ENCOMPASS HEALTH LAKESHORE REHABILITATION HOSPITAL,AL,BIRMINGHAM,Rehabilitation Hospital,5000,,FA-55,"greatdane,southern-surgical",Vizient (MS1301),3800 Ridgeway Dr,2058682000
added,missing-from-slug,98,HEALTHSOUTH BRAINTREE REHABILITATION CENTER AT ABINGTON,MA,ABINGTON,Rehabilitation Hospital,5000,,FA-98,"lucier,noreaster,parkingangels,pierro,signature-medical,whisner",Vizient (MS1301),673 Bedford St,6178716918
added,missing-from-slug,97,ENCOMPASS HEALTH REHAB HSP NEW ENGLAND OP UNIT-BILLERICA,MA,NORTH BILLERICA,Rehabilitation Hospital,5000,,FA-97,"lucier,noreaster,parkingangels,pierro,signature-medical,whisner",Vizient (MS1301),267 Boston Rd Ste 20,9786639044
added,missing-from-slug,96,ENCOMPASS HEALTH REHAB HSP NEW ENGLAND-BEVERLY,MA,BEVERLY,Rehabilitation Hospital,5000,,FA-96,"lucier,noreaster,parkingangels,pierro,signature-medical,whisner",Vizient (MS1301),800 Cummings Ctr Ste 147u,9787207260
added,missing-from-slug,95,ENCOMPASS HEALTH REHAB HSP BRAINTREE-FRAMINGHAM,MA,FRAMINGHAM,Rehabilitation Hospital,5000,,FA-95,"lucier,noreaster,parkingangels,pierro,signature-medical,whisner",Vizient (MS1301),125 Newbury St,5085329203
added,missing-from-slug,91,ENCOMPASS HEALTH REHAB HSP LAKEVIEW,KY,ELIZABETHTOWN,Rehabilitation Hospital,5000,,FA-91,klea,Vizient (MS1301),134 Hearland Dr,2707693100
added,missing-from-slug,92,CARDINAL HILL REHAB HOSPITAL,KY,LEXINGTON,Rehabilitation Hospital,5000,,FA-92,klea,"Vizient (MS1301), Premier (BT-NS-002)",2050 Versailles Rd,8592545701
added,missing-from-slug,93,ENCOMPASS HEALTH REHAB HSP OF ALEXANDRIA,LA,ALEXANDRIA,Rehabilitation Hospital,5000,,FA-93,"healthcare-cellutions,sisco,southern-surgical",Vizient (MS1301),104 N 3rd St,3184491370
added,missing-from-slug,94,ENCOMPASS HEALTH REHAB HSP NEW ENGLAND,MA,WOBURN,Rehabilitation Hospital,5000,,FA-94,"lucier,noreaster,parkingangels,pierro,signature-medical,whisner",Vizient (MS1301),2 Rehabilitation Way,7819355050
added,missing-from-slug,70,ENCOMPASS HEALTH REHAB HSP OF ST PETERSBURG,FL,ST PETERSBURG,Rehabilitation Hospital,5000,,FA-70,"a3-biomedical,emina-taylor,expert-medical-sales,lamitina,salmons,southern-surgical,tplconsulting",Vizient (MS1301),1000 Tyrone Blvd N,2059705695
added,missing-from-slug,69,ENCOMPASS HEALTH REHAB HSP OF LAKE WORTH,FL,LAKE WORTH,Rehabilitation Hospital,5000,,FA-69,"a3-biomedical,emina-taylor,expert-medical-sales,lamitina,salmons,southern-surgical,tplconsulting",Vizient (MS1301),9719 Lantana Rd,2059705695
added,missing-from-slug,100,FAIRLAWN REHAB HSP JV ENCOMPASS HEALTH AND UMASS MEMORIAL,MA,WORCESTER,Rehabilitation Hospital,5000,,FA-100,"lucier,noreaster,parkingangels,pierro,signature-medical,whisner",Vizient (MS1301),189 May St,5087916351
added,missing-from-slug,99,ENCOMPASS HEALTH REHAB HSP WESTERN MASSACHUSETTS,MA,LUDLOW,Rehabilitation Hospital,5000,,FA-99,"lucier,noreaster,parkingangels,pierro,signature-medical,whisner",Vizient (MS1301),222 State St,4135897581
added,missing-from-slug,74,ENCOMPASS HEALTH RAHABILITATION HOSPITAL OF LAKELAND,FL,LAKELAND,Rehabilitation Hospital,5000,,FA-74,"a3-biomedical,emina-taylor,expert-medical-sales,lamitina,salmons,southern-surgical,tplconsulting",Vizient (MS1301),1201 Oakbridge Pkwy,8632791600
added,missing-from-slug,73,ENCOMPASS HEALTH REHAB HSP OF CLERMONT,FL,CLERMONT,Rehabilitation Hospital,5000,,FA-73,"a3-biomedical,emina-taylor,expert-medical-sales,lamitina,salmons,southern-surgical,tplconsulting",Vizient (MS1301),2901 Sr 50,2059705695
added,missing-from-slug,72,ECOMPASS HEALTH REHAB HSP OF KISSIMMEE,FL,KISSIMMEE,Rehabilitation Hospital,5000,,FA-72,"a3-biomedical,emina-taylor,expert-medical-sales,lamitina,salmons,southern-surgical,tplconsulting",Vizient (MS1301),4950 Calypso Cay Way,0
added,missing-from-slug,71,ENCOMPASS HEALTH REHAB HSP OF WILDWOOD,FL,THE VILLAGES,Rehabilitation Hospital,5000,,FA-71,"a3-biomedical,emina-taylor,expert-medical-sales,lamitina,salmons,southern-surgical,tplconsulting",Vizient (MS1301),5550 Meggison Road,2059705695
added,missing-from-slug,171,HEALTHSOUTH REHAB CTR OF AUSTIN,TX,AUSTIN,Rehabilitation Hospital,5000,,FA-171,"franklin-mountain-group,healthcare-cellutions,ju,martinez,meinnovations,sandia,sisco,streit,uromobile","Vizient (MS1301), Premier (BT-NS-002)",4544 S Lamar Blvd Ste 740,5128999666
added,missing-from-slug,172,ENCOMPASS HEALTH REHAB HSP OF RICHMOND,VA,RICHMOND,Rehabilitation Hospital,5000,,FA-172,ghanem,Vizient (MS1301),5700 Fitzhugh Ave,8042885700
added,missing-from-slug,165,ENCOMPASS HEALTH REHABILITATION HOSPITAL OF ABILENE,TX,ABILENE,Rehabilitation Hospital,5000,,FA-165,"franklin-mountain-group,healthcare-cellutions,ju,martinez,meinnovations,sandia,sisco,streit,uromobile",Vizient (MS1301),6401 Directors Pkwy,3256911600
added,missing-from-slug,166,ENCOMPASS HEALTH REHABILITATION HOSPITAL OF WICHITA FALLS,TX,WICHITA FALLS,Rehabilitation Hospital,5000,,FA-166,"franklin-mountain-group,healthcare-cellutions,ju,martinez,meinnovations,sandia,sisco,streit,uromobile",Vizient (MS1301),3901 Armory Rd,9407205700
added,missing-from-slug,167,ENCOMPASS HEALTH REHABILITATION HOSPITAL OF CITY VIEW,TX,FORT WORTH,Rehabilitation Hospital,5000,,FA-167,"franklin-mountain-group,healthcare-cellutions,ju,martinez,meinnovations,sandia,sisco,streit,uromobile",Vizient (MS1301),6701 Oakmont Blvd,8173704700
added,missing-from-slug,168,HEALTHSOUTH REHAB CTR - BURLESON,TX,BURLESON,Rehabilitation Hospital,5000,,FA-168,"franklin-mountain-group,healthcare-cellutions,ju,martinez,meinnovations,sandia,sisco,streit,uromobile",Vizient (MS1301),667 Ne Alsbury Blvd Ste 250,8174472165
added,missing-from-slug,169,ENCOMPASS HEALTH REHABILITATION HOSPITAL OF HUMBLE,TX,HUMBLE,Rehabilitation Hospital,5000,,FA-169,"franklin-mountain-group,healthcare-cellutions,ju,martinez,meinnovations,sandia,sisco,streit,uromobile",Vizient (MS1301),19002 Mckay Blvd,2814466148
added,missing-from-slug,170,ENCOMPASS HEALTH REHABILITATION HOSPITAL OF TEXARKANA,TX,TEXARKANA,Rehabilitation Hospital,5000,,FA-170,"franklin-mountain-group,healthcare-cellutions,ju,martinez,meinnovations,sandia,sisco,streit,uromobile",Vizient (MS1301),515 W 12th St,9037930088
added,missing-from-slug,178,REHAB HSP OF WESTERN WI AFFILIATE OF SACRED HEART AND ENCOMPASS HEALTH,WI,EAU CLAIRE,Rehabilitation Hospital,5000,,FA-178,steimel,Vizient (MS1301),900 W Clairemont Ave 8th Fl,7157172828
added,missing-from-slug,177,ENCOMPASS HEALTH REHAB HSP OF FITCHBURG,WI,FITCHBURG,Rehabilitation Hospital,5000,,FA-177,steimel,Vizient (MS1301),5535 Nobel Dr,2059705695
added,missing-from-slug,176,ENCOMPASS HEALTH UVA REHAB HOSPITAL,VA,CHARLOTTESVILLE,Rehabilitation Hospital,5000,,FA-176,ghanem,Vizient (MS1301),515 Ray C Hunt Dr,4342442000
added,missing-from-slug,175,ENCOMPASS HEALTH REHAB HSP OF FREDERICKSBURG,VA,FREDERICKSBURG,Rehabilitation Hospital,5000,,FA-175,ghanem,Vizient (MS1301),300 Park Hill Dr,5403687300
added,missing-from-slug,174,ENCOMPASS HEALTH REHAB HSP OF N VIRGINIA,VA,ALDIE,Rehabilitation Hospital,5000,,FA-174,ghanem,Vizient (MS1301),24430 Millstream Dr,7039572000
added,missing-from-slug,173,ENCOMPASS HEALTH REHAB HSP BRISTOL JV WELLMONT HEALTH SYSTEM,VA,BRISTOL,Rehabilitation Hospital,5000,,FA-173,ghanem,Vizient (MS1301),103 North St,2766427900
added,missing-from-slug,85,ENCOMPASS HEALTH REHABILITATION HOSPITAL OF CORALVILLE,IA,CORALVILLE,Rehabilitation Hospital,5000,,FA-85,"acme,sciotex,steimel,stengel",Vizient (MS1301),2450 Coral Ct,0
added,missing-from-slug,86,QUAD CITIES REHABILITATION INSTITUTE,IL,MOLINE,Rehabilitation Hospital,5000,,FA-86,chowning,Vizient (MS1301),653 52nd Ave,3095813600
added,missing-from-slug,87,THE REHAB INSTITUTE OF S ILLINOIS,IL,SHILOH,Rehabilitation Hospital,5000,,FA-87,chowning,Vizient (MS1301),2351 Frank Scott Pkwy E,6182067600
added,missing-from-slug,88,ENCOMPASS HEALTH REHABILITATION HOSPITAL OF LIBERTYVILLE,IL,LIBERTYVILLE,Rehabilitation Hospital,5000,,FA-88,chowning,Vizient (MS1301),1201 American Way,8473716500
added,missing-from-slug,89,ENCOMPASS HEALTH DEACONESS REHAB HOSPITAL,IN,NEWBURGH,Rehabilitation Hospital,5000,,FA-89,klea,Vizient (MS1301),9355 Warrick Wellness Trail,0
added,missing-from-slug,90,MIDAMERICA REHAB HSP ENCOMPASS HEALTH,KS,LEAWOOD,Rehabilitation Hospital,5000,,FA-90,chowning,Vizient (MS1301),5701 W 110th St,9134912400
added,missing-from-slug,181,ENCOMPASS HEALTH REHAB HSP HUNTINGTON,WV,HUNTINGTON,Rehabilitation Hospital,5000,,FA-181,"klea,streamline",Vizient (MS1301),6900 Country Club Dr,3047331060
added,missing-from-slug,182,WALTON REHAB HSPTL AN AFFLT OF ENCOMPASS HEALTH,GA,AUGUSTA,Rehabilitation Hospital,5000,,FA-182,intuitek,Vizient (MS1301),1355 Independence Dr,7067247746
added,missing-from-slug,183,ENCOMPASS HEALTH REHABILITATION HOSPITAL OF CUMMING,GA,CUMMING,Rehabilitation Hospital,5000,,FA-183,intuitek,Vizient (MS1301),1165 Sanders Rd,0
added,missing-from-slug,184,ENCOMPASS HEALTH REHABILITATION HOSPITAL OF HENRY COUNTY,GA,MCDONOUGH,Rehabilitation Hospital,5000,,FA-184,intuitek,Vizient (MS1301),2200 Patrick Henry Pkwy,2059705695
added,missing-from-slug,65,ENCOMPASS HEALTH REHAB HSP BAKERSFIELD,CA,BAKERSFIELD,Rehabilitation Hospital,5000,,FA-65,"grosjean,jimmerson,lifesource,zenecare","Vizient (MS1301), Premier (BT-NS-002)",5001 Commerce Dr,6613235500
added,missing-from-slug,58,ENCOMPASS HEALTH REHABILITATION HOSPITAL OF NORTH ALABAMA,AL,HUNTSVILLE,Rehabilitation Hospital,5000,,FA-58,"greatdane,southern-surgical",Vizient (MS1301),1490 Highway 72 E,2565352300
added,missing-from-slug,57,REGIONAL REHABILITATION HOSPITAL ENCOMPASS HEALTH,AL,PHENIX CITY,Rehabilitation Hospital,5000,,FA-57,"greatdane,southern-surgical",Vizient (MS1301),3715 Us Highway 431 N,3347322200
added,missing-from-slug,61,ENCOMPASS HEALTH REHAB INSTITUTE OF TUCSON,AZ,TUCSON,Rehabilitation Hospital,5000,,FA-61,zenecare,Vizient (MS1301),2650 N Wyatt Dr,5203251300
added,missing-from-slug,59,ENCOMPASS HEALTH REHAB HSP JONESBORO,AR,JONESBORO,Rehabilitation Hospital,5000,,FA-59,"chowning,gptsurgical,greatdane,healthcare-cellutions",Vizient (MS1301),1201 Fleming Ave,8709320440
added,missing-from-slug,62,ENCOMPASS HEALTH REHAB HSP OF MURRIETA,CA,MURRIETA,Rehabilitation Hospital,5000,,FA-62,"grosjean,jimmerson,lifesource,zenecare",Vizient (MS1301),35470 Whitewood Road,9512466500
added,missing-from-slug,64,ENCOMPASS HEALTH REHAB HSP TUSTIN,CA,TUSTIN,Rehabilitation Hospital,5000,,FA-64,"grosjean,jimmerson,lifesource,zenecare",Vizient (MS1301),15120 Kensington Park Dr,7148329200
added,missing-from-slug,115,ENCOMPASS HEALTH REHAB HSP TOMS RIVER,NJ,TOMS RIVER,Rehabilitation Hospital,5000,,FA-115,"activize,whisner",Vizient (MS1301),14 Hospital Dr,7322443100
added,missing-from-slug,77,ENCOMPASS HEALTH REHAB HSPTL AN AFFLT OF MARTIN HEALTH,FL,STUART,Rehabilitation Hospital,5000,,FA-77,"a3-biomedical,emina-taylor,expert-medical-sales,lamitina,salmons,southern-surgical,tplconsulting",Vizient (MS1301),5850 Se Community Dr,7723243500
added,missing-from-slug,76,ENCOMPASS HEALTH REHAB HSPTL OF ALTAMONTE SPRINGS,FL,ALTAMONTE SPRINGS,Rehabilitation Hospital,5000,,FA-76,"a3-biomedical,emina-taylor,expert-medical-sales,lamitina,salmons,southern-surgical,tplconsulting",Vizient (MS1301),831 S State Road 434,4075878600
added,missing-from-slug,78,ENCOMPASS HEALTH REHAB HOSPITAL OF OCALA,FL,OCALA,Rehabilitation Hospital,5000,,FA-78,"a3-biomedical,emina-taylor,expert-medical-sales,lamitina,salmons,southern-surgical,tplconsulting",Vizient (MS1301),2275 Sw 22nd Lane,3522824000
added,missing-from-slug,79,ENCOMPASS HEALTH REHAB HSPTL OF SARASOTA,FL,SARASOTA,Rehabilitation Hospital,5000,,FA-79,"a3-biomedical,emina-taylor,expert-medical-sales,lamitina,salmons,southern-surgical,tplconsulting",Vizient (MS1301),6400 Edgelake Dr,9419218600
added,missing-from-slug,75,ENCOMPASS HEALTH REHABILITATION HOSPITAL OF NORTH TAMPA,FL,LUTZ,Rehabilitation Hospital,5000,,FA-75,"a3-biomedical,emina-taylor,expert-medical-sales,lamitina,salmons,southern-surgical,tplconsulting",Vizient (MS1301),3840 Atmore Grove Dr,8136073995
added,missing-from-slug,116,ENCOMPASS HEALTH REHAB HSP TINTON FALLS JV MONMOUTH MED CTR,NJ,TINTON FALLS,Rehabilitation Hospital,5000,,FA-116,"activize,whisner",Vizient (MS1301),2 Center Plz,7324605320
added,missing-from-slug,80,HEALTHSOUTH REHAB/EMERALD COAST,FL,PANAMA CITY,Rehabilitation Hospital,5000,,FA-80,"a3-biomedical,emina-taylor,expert-medical-sales,lamitina,salmons,southern-surgical,tplconsulting",Vizient (MS1301),1710 Lisenby Ave,8507844878
added,missing-from-slug,84,ENCOMPASS HEALTH REHAB HSP OF FORT MYERS,FL,FORT MYERS,Rehabilitation Hospital,5000,,FA-84,"a3-biomedical,emina-taylor,expert-medical-sales,lamitina,salmons,southern-surgical,tplconsulting","Vizient (MS1301), Premier (BT-NS-002)",6150 Medical Park Loop,2059705695
added,missing-from-slug,83,ENCOMPASS HEALTH REHAB HOSPITAL OF SUNRISE,FL,SUNRISE,Rehabilitation Hospital,5000,,FA-83,"a3-biomedical,emina-taylor,expert-medical-sales,lamitina,salmons,southern-surgical,tplconsulting",Vizient (MS1301),4399 N Nob Hill Rd,9547490300
added,missing-from-slug,82,ENCOMPASS HEALTH REHAB HOSPITAL OF MIAMI,FL,CUTLER BAY,Rehabilitation Hospital,5000,,FA-82,"a3-biomedical,emina-taylor,expert-medical-sales,lamitina,salmons,southern-surgical,tplconsulting",Vizient (MS1301),20601 Old Cutler Rd,3052513800
added,missing-from-slug,81,ENCOMPASS HEALTH REHAB HSPTL OF PANAMA CITY,FL,PANAMA CITY,Rehabilitation Hospital,5000,,FA-81,"a3-biomedical,emina-taylor,expert-medical-sales,lamitina,salmons,southern-surgical,tplconsulting",Vizient (MS1301),1847 Florida Ave,8509148600
added,missing-from-slug,111,HEALTHSOUTH REHAB INSTITUTE OF ST LOUIS,MO,CHESTERFIELD,Rehabilitation Hospital,5000,,FA-111,"chowning,stengel",Vizient (MS1301),14532 S Outer Forty,3146583800
added,missing-from-slug,110,REHAB INSTITUTE OF ST LOUIS TOWN AND COUNTY JV ENCOMPASS HEALTH,MO,BALLWIN,Rehabilitation Hospital,5000,,FA-110,"chowning,stengel",Vizient (MS1301),998 Woods Mill Rd,6365941100
added,missing-from-slug,109,NEW ENGLAND REHAB HSP OF PORTLAND JV ENCOMPASS HEALTH & MAINE MC,ME,PORTLAND,Rehabilitation Hospital,5000,,FA-109,"lucier,noreaster,pierro,signature-medical,whisner",Vizient (MS1301),335 Brighton Ave Ste 201,2077754000
added,missing-from-slug,108,ENCOMPASS HEALTH REHAB HSP SALISBURY,MD,SALISBURY,Rehabilitation Hospital,5000,,FA-108,ghanem,Vizient (MS1301),220 Tilghman Rd,4105464600
added,missing-from-slug,107,ENCOMPASS HEALTH REHAB HOSPITAL OF SOUTHERN MARYLAND,MD,BOWIE,Rehabilitation Hospital,5000,,FA-107,ghanem,Vizient (MS1301),17351 Melford Blvd,2405481300
added,missing-from-slug,106,ENCOMPASS HEALTH REHAB HSP BRAINTREE,MA,BRAINTREE,Rehabilitation Hospital,5000,,FA-106,"lucier,noreaster,parkingangels,pierro,signature-medical,whisner",Vizient (MS1301),250 Pond St,7818485353
added,missing-from-slug,105,HEALTHSOUTH BRAINTREE OUTPATIENT CLINIC-LYNNFIELD,MA,LYNNFIELD,Rehabilitation Hospital,5000,,FA-105,"lucier,noreaster,parkingangels,pierro,signature-medical,whisner",Vizient (MS1301),50 Salem St Bldg A,7812464225
added,missing-from-slug,104,HEALTHSOUTH BRAINTREE REHABILITATION CENTER AT PLYMOUTH,MA,PLYMOUTH,Rehabilitation Hospital,5000,,FA-104,"lucier,noreaster,parkingangels,pierro,signature-medical,whisner",Vizient (MS1301),65 Cordage Park Cir Ste 105,5087474720
added,missing-from-slug,103,ENCOMPASS HEALTH REHAB HSP BRAINTREE UNIT-TAUNTON,MA,TAUNTON,Rehabilitation Hospital,5000,,FA-103,"lucier,noreaster,parkingangels,pierro,signature-medical,whisner",Vizient (MS1301),152 Dean St,5088808721
added,missing-from-slug,68,ENCOMPASS HEALTH REHAB HSP MIDDLETOWN,DE,MIDDLETOWN,Rehabilitation Hospital,5000,,FA-68,ghanem,Vizient (MS1301),250 East Hampden Rd,3024643400
added,missing-from-slug,67,ENCOMPASS HEALTH REHAB HSP OF DANBURY,CT,DANBURY,Rehabilitation Hospital,5000,,FA-67,"lucier,noreaster,parkingangels,pierro,signature-medical,whisner",Vizient (MS1301),50 Reserve Rd,2059705695
added,missing-from-slug,163,ENCOMPASS HEALTH REHABILITATION HOSPITAL OF RICHARDSON,TX,RICHARDSON,Rehabilitation Hospital,5000,,FA-163,"franklin-mountain-group,healthcare-cellutions,ju,martinez,meinnovations,sandia,sisco,streit,uromobile",Vizient (MS1301),3351 Waterview Pkwy,9723985700
added,missing-from-slug,164,ENCOMPASS HEALTH REHABILITATION HOSPITAL OF THE MID-CITIES,TX,BEDFORD,Rehabilitation Hospital,5000,,FA-164,"franklin-mountain-group,healthcare-cellutions,ju,martinez,meinnovations,sandia,sisco,streit,uromobile",Vizient (MS1301),2304 Highway 121,8176842000
added,missing-from-slug,162,ENCOMPASS HEALTH REHABILITATION HOSPITAL OF ROUND ROCK,TX,ROUND ROCK,Rehabilitation Hospital,5000,,FA-162,"franklin-mountain-group,healthcare-cellutions,ju,martinez,meinnovations,sandia,sisco,streit,uromobile",Vizient (MS1301),1400 Hesters Crossing Rd,5122444400
added,missing-from-slug,161,ENCOMPASS HEALTH REHABILITATION HOSPITAL VISION PARK,TX,SHENANDOAH,Rehabilitation Hospital,5000,,FA-161,"franklin-mountain-group,healthcare-cellutions,ju,martinez,meinnovations,sandia,sisco,streit,uromobile",Vizient (MS1301),117 Vision Park Blvd,9364441700
added,missing-from-slug,160,ENCOMPASS HEALTH REHABILITATION HOSPITAL OF PEARLAND,TX,PEARLAND,Rehabilitation Hospital,5000,,FA-160,"franklin-mountain-group,healthcare-cellutions,ju,martinez,meinnovations,sandia,sisco,streit,uromobile",Vizient (MS1301),2121 Business Center Dr,3469073000
added,missing-from-slug,159,SOUTH PLAINS REHAB HSP AN AFFLT OF UMC AND ENCOMPASS HEALTH,TX,LUBBOCK,Rehabilitation Hospital,5000,,FA-159,"franklin-mountain-group,healthcare-cellutions,ju,martinez,meinnovations,sandia,sisco,streit,uromobile",Vizient (MS1301),5406 Colgate St,8065073500
added,missing-from-slug,158,ENCOMPASS HEALTH REHAB HSP OF KATY,TX,KATY,Rehabilitation Hospital,5000,,FA-158,"franklin-mountain-group,healthcare-cellutions,ju,martinez,meinnovations,sandia,sisco,streit,uromobile",Vizient (MS1301),23331 Grand Reserve Dr,2815053500
added,missing-from-slug,157,ENCOMPASS HEALTH REHABILITATION HOSPITAL OF WACO,TX,ROBINSON,Rehabilitation Hospital,5000,,FA-157,"franklin-mountain-group,healthcare-cellutions,ju,martinez,meinnovations,sandia,sisco,streit,uromobile",Vizient (MS1301),3600 S Loop 340 Hwy,2545232200
added,missing-from-slug,185,ENCOMPASS HEALTH REHAB HSPTL OF NEWNAN,GA,NEWNAN,Rehabilitation Hospital,5000,,FA-185,intuitek,Vizient (MS1301),2101 E Newnan Crossing Blvd,6785526200
added,missing-from-slug,186,ENCOMPASS HEALTH REHAB HSPTL OF SAVANNAH,GA,SAVANNAH,Rehabilitation Hospital,5000,,FA-186,intuitek,Vizient (MS1301),6510 Seawright Dr,9123507109
added,missing-from-slug,139,GEISINGER ENCOMPASS HEALTH REHAB HSP,PA,DANVILLE,Rehabilitation Hospital,5000,,FA-139,"activize,ghanem,streamline",Vizient (MS1301),64 Rehab Ln,5702715110
added,missing-from-slug,132,ENCOMPASS HEALTH REHAB HSP MECHANICSBURG,PA,MECHANICSBURG,Rehabilitation Hospital,5000,,FA-132,"activize,ghanem,streamline",Vizient (MS1301),175 Lancaster Blvd,7176913700
added,missing-from-slug,101,HEALTHSOUTH ADV HLTH / BELCHERTOWN,MA,SPRINGFIELD,Rehabilitation Hospital,5000,,FA-101,"lucier,noreaster,parkingangels,pierro,signature-medical,whisner",Vizient (MS1301),125 Main St,4133239686
added,missing-from-slug,102,HEALTHSOUTH BRAINTREE REHABILITATION CENTER AT BROCKTON,MA,BROCKTON,Rehabilitation Hospital,5000,,FA-102,"lucier,noreaster,parkingangels,pierro,signature-medical,whisner",Vizient (MS1301),500 Belmont St Ste 130,5085866391
added,missing-from-slug,131,ENCOMPASS HEALTH REHAB HSP NITTANY VALLEY,PA,PLEASANT GAP,Rehabilitation Hospital,5000,,FA-131,"activize,ghanem,streamline",Vizient (MS1301),550 W College Ave,8143593421
added,missing-from-slug,130,ENCOMPASS HEALTH REHAB HSP READING,PA,READING,Rehabilitation Hospital,5000,,FA-130,"activize,ghanem,streamline",Vizient (MS1301),1623 Morgantown Rd,6107966000
added,missing-from-slug,128,ENCOMPASS HEALTH REHAB HSP YORK,PA,YORK,Rehabilitation Hospital,5000,,FA-128,"activize,ghanem,streamline",Vizient (MS1301),1850 Normandie Dr,7177676941
added,missing-from-slug,129,HEALTHSOUTH REHAB OF BOYER,PA,BOYERTOWN,Rehabilitation Hospital,5000,,FA-129,"activize,ghanem,streamline",Vizient (MS1301),Boyertown Professional Bl,6163690058
added,missing-from-slug,114,REHAB HSP OF GRAND FORKS ENCOMPASS HEALTH,ND,GRAND FORKS,Rehabilitation Hospital,5000,,FA-114,"acme,sciotex,wood",Vizient (MS1301),4500 S Washington St Ste B,7017327400
added,missing-from-slug,113,NOVANT HEALTH REHABILITATION HOSPITAL,NC,WINSTON SALEM,Rehabilitation Hospital,5000,,FA-113,"gerrard,tbmedical",Vizient (MS1301),2475 Hillcrest Center Cr,3367543500
added,missing-from-slug,112,RUSK REHAB HSP JV ENCOMPASS HEALTH & MU HEALTH CARE,MO,COLUMBIA,Rehabilitation Hospital,5000,,FA-112,"chowning,stengel",Vizient (MS1301),315 Business Loop 70 W,5738172703
added,missing-from-slug,127,ENCOMPASS HEALTH REHAB CTR -TYRONE,PA,TYRONE,Rehabilitation Hospital,5000,,FA-127,"activize,ghanem,streamline",Vizient (MS1301),1225 Pennsylvania Ave,8146846200
added,missing-from-slug,126,ENCOMPASS HEALTH REHAB HSP ERIE,PA,ERIE,Rehabilitation Hospital,5000,,FA-126,"activize,ghanem,streamline",Vizient (MS1301),143 E 2nd St,8148781200
added,missing-from-slug,125,ENCOMPASS HEALTH REHAB HSP OF SEWICKLEY,PA,SEWICKLEY,Rehabilitation Hospital,5000,,FA-125,"activize,ghanem,streamline",Vizient (MS1301),351 Camp Meeting Rd,4127419500
added,missing-from-slug,124,HEALTHSOUTH GEISINGER REHAB CTR MONTOURSVILLE,PA,MONTOURSVILLE,Rehabilitation Hospital,5000,,FA-124,"activize,ghanem,streamline",Vizient (MS1301),780 Broad St,5703683950
added,missing-from-slug,123,GEISINGER ENCOMPASS HEALTH REHAB BUCKNELL,PA,LEWISBURG,Rehabilitation Hospital,5000,,FA-123,"activize,ghanem,streamline",Vizient (MS1301),701 Moore Ave,5702716790
added,missing-from-slug,122,ENCOMPASS HEALTH REHAB HSP OF SEWICKLEY AT HERITAGE VALLEY KENNEDY,PA,MC KEES ROCKS,Rehabilitation Hospital,5000,,FA-122,"activize,ghanem,streamline",Vizient (MS1301),25 Heckel Rd Fl 5,4127776773
added,missing-from-slug,121,ST JOHN REHAB HSP JV ENCOMPASS HEALTH,OK,BROKEN ARROW,Rehabilitation Hospital,5000,,FA-121,"gptsurgical,healthcare-cellutions,martinez",Vizient (MS1301),1200 W Albany St,9187442338
added,missing-from-slug,120,ENCOMPASS HEALTH REHAB HSP CINCINNATI,OH,CINCINNATI,Rehabilitation Hospital,5000,,FA-120,"klea,streamline",Vizient (MS1301),151 W Galbraith Rd,5134185600
added,missing-from-slug,119,ENCOMPASS HEALTH REHAB HSP CINCINNATI-NORWOOD,OH,NORWOOD,Rehabilitation Hospital,5000,,FA-119,"klea,streamline",Vizient (MS1301),4953 Section Ave,5137129200
added,missing-from-slug,118,ENCOMPASS HEALTH REHAB HSPTL OF LAS VEGAS,NV,LAS VEGAS,Rehabilitation Hospital,5000,,FA-118,"lifesource,zenecare",Vizient (MS1301),1250 S Valley View Blvd,7028778898
added,missing-from-slug,117,ENCOMPASS HEALTH REHAB HSPTL OF DESERT CANYON,NV,LAS VEGAS,Rehabilitation Hospital,5000,,FA-117,"lifesource,zenecare",Vizient (MS1301),9175 W Oquendo Rd,7022527342
added,missing-from-slug,148,MUSC ENCOMPASS HEALTH REHAB HSP ENCOMPASS HEALTH AFFILIATE,SC,NORTH CHARLESTON,Rehabilitation Hospital,5000,,FA-148,"gerrard,intuitek,tbmedical",Vizient (MS1301),9181 Medcom St,8438207777
added,missing-from-slug,147,ENCOMPASS HEALTH REHABILITATION HOSPITAL OF HILTON HEAD,SC,BLUFFTON,Rehabilitation Hospital,5000,,FA-147,"gerrard,intuitek,tbmedical",Vizient (MS1301),107 Seagrass Station Rd,8438368200
added,missing-from-slug,63,ENCOMPASS HEALTH REHAB HSP MODESTO,CA,MODESTO,Rehabilitation Hospital,5000,,FA-63,"grosjean,jimmerson,lifesource,zenecare",Vizient (MS1301),1303 Mable Ave,2098573400
added,missing-from-slug,60,ENCOMPASS HEALTH REHAB HSP OF NORTHWEST TUCSON,AZ,TUCSON,Rehabilitation Hospital,5000,,FA-60,zenecare,Vizient (MS1301),1921 W Hospital Dr,5205445200
added,missing-from-slug,66,ENCOMPASS HEALTH REHAB HSP OF LITTLETON,CO,LITTLETON,Rehabilitation Hospital,5000,,FA-66,whittiker,Vizient (MS1301),1001 W Mineral Ave,3033341100
added,missing-from-slug,2154,SHELTERING ARMS PHYSICAL REHAB HOSPITAL-MEMOR,VA,MECHANICSVILLE,Rehabilitation Hospital,4941,,FA-2154,ghanem,Vizient (MS1301),8254 Atlee Rd,8047646000
pending-no-rep,no live slug for MI,984,BEAUMONT HOSPITAL - GROSSE POINTE,MI,GROSSE POINTE,Hospital/ Medical Center,4853,230089,230089,,"Vizient (MS1301), Premier (BT-NS-002)",468 CADIEUX RD,3134731000
added,missing-from-slug,2155,ARLINGTON REHABILITATION HOSPITAL,TX,ARLINGTON,Rehabilitation Hospital,4851,,FA-2155,"franklin-mountain-group,healthcare-cellutions,ju,martinez,meinnovations,sandia,sisco,streit,uromobile",Vizient (MS1301),2601 W Randol Mill Rd Ste 101,8175486200
added,missing-from-slug,4436,RAYMOND G MURPHY DEPARTMENT OF VETERANS AFFAIRS MEDICAL CENTER (VISN 22),NM,ALBUQUERQUE,VA Medical Center,4792,,FA-4436,"franklin-mountain-group,meinnovations,sandia",Marathon Medical (FFS Approval: 36F79718D0321),"1501 San Pedro Drive, Southeast",5052562889
added,missing-from-slug,1005,MOUNTAIN VISTA MEDICAL CENTER LP,AZ,MESA,Hospital/ Medical Center,4715,,FA-1005,zenecare,"Vizient (MS1301), Premier (BT-NS-002)",1301 SOUTH CRISMON ROAD,4803586100
added,missing-from-slug,1006,ST LUKE'S HOSPITAL - ANDERSON CAMPUS,PA,EASTON,Hospital/ Medical Center,4714,,FA-1006,"activize,ghanem,streamline",Premier (BT-NS-002),1872 ST LUKE'S BLVD,4845033000
added,missing-from-slug,1010,STEWARD ROCKLEDGE HOSPITAL,FL,ROCKLEDGE,Hospital/ Medical Center,4670,,FA-1010,"a3-biomedical,emina-taylor,expert-medical-sales,lamitina,salmons,southern-surgical,tplconsulting","Vizient (MS1301), Premier (BT-NS-002)",110 LONGWOOD AVE,3216372603
pending-no-rep,no live slug for MI,1011,MCLAREN MACOMB,MI,MOUNT CLEMENS,Hospital/ Medical Center,4662,230227,230227,,"Vizient (MS1301), Premier (BT-NS-002)",1000 HARRINGTON ST,5864938000
pending-no-rep,no live slug for MI,1015,MCLAREN NORTHERN MICHIGAN,MI,PETOSKEY,Hospital/ Medical Center,4647,230105,230105,,"Vizient (MS1301), Premier (BT-NS-002)",416 CONNABLE AVE,2314874000
added,missing-from-slug,2156,SOUTH TEXAS REHABILITATION HOSPITAL,TX,BROWNSVILLE,Rehabilitation Hospital,4624,,FA-2156,"franklin-mountain-group,healthcare-cellutions,ju,martinez,meinnovations,sandia,sisco,streit,uromobile",Vizient (MS1301),425 E Alton Gloor Blvd,9563507000
added,missing-from-slug,1021,FLORIDA HOSPITAL ZEPHYRHILLS,FL,ZEPHYRHILLS,Hospital/ Medical Center,4607,,FA-1021,"a3-biomedical,emina-taylor,expert-medical-sales,lamitina,salmons,southern-surgical,tplconsulting","Vizient (MS1301), Premier (BT-NS-002)",7050 GALL BLVD,8136157219
added,missing-from-slug,4439,JENNIFER MORENO DEPARTMENT OF VETERANS AFFAIRS MEDICAL CENTER (SAN DIEGO) (VISN 22),CA,SAN DIEGO,VA Medical Center,4542,,FA-4439,"grosjean,jimmerson,lifesource,zenecare",Marathon Medical (FFS Approval: 36F79718D0321),3350 La Jolla Village Drive,8585528585
added,missing-from-slug,2157,REHABILITATION HOSPITAL OF SOUTHERN NEW MEXIC,NM,LAS CRUCES,Rehabilitation Hospital,4488,,FA-2157,"franklin-mountain-group,meinnovations,sandia",Vizient (MS1301),4441 E Lohman Ave,5755567610
added,missing-from-slug,187,CHI ST VINCENT REHABILITATION HOSPITAL - NORTH,AR,SHERWOOD,Rehabilitation Hospital,4457,,FA-187,"chowning,gptsurgical,greatdane,healthcare-cellutions",Vizient (MS1301),2201 Wildwood Ave,5018341800
added,missing-from-slug,188,HEALTHSOUTH BRAINTREE REHABILITATION CENTER AT MILFORD,MA,MILFORD,Rehabilitation Hospital,4401,,FA-188,"lucier,noreaster,parkingangels,pierro,signature-medical,whisner",Vizient (MS1301),25 Birch St,5084785115
pending-no-rep,no live slug for MI,1058,HENRY FORD HEALTH WYANDOTTE HOSPITAL,MI,WYANDOTTE,Hospital/ Medical Center,4338,,FA-1058,,"Vizient (MS1301), Premier (BT-NS-002)",2333 BIDDLE AVE,7342466000
added,missing-from-slug,189,SEA PINES REHABILITATION HOSPITAL AN AFFILIATE OF ENCOMPASS HEALTH,FL,MELBOURNE,Rehabilitation Hospital,4298,,FA-189,"a3-biomedical,emina-taylor,expert-medical-sales,lamitina,salmons,southern-surgical,tplconsulting",Vizient (MS1301),101 E Florida Ave,3219844600
added,missing-from-slug,2158,SELECT SPECIALTY HOSPITAL - EVANSVILLE,IN,EVANSVILLE,Rehabilitation Hospital,4284,,FA-2158,klea,Vizient (MS1301),400 Se 4th St,8124854000
added,missing-from-slug,1081,LITTLETON ADVENTIST HOSPITAL CENTURA HEALTH,CO,LITTLETON,Hospital/ Medical Center,4214,,FA-1081,whittiker,"Vizient (MS1301), Premier (BT-NS-002)",7700 S BROADWAY,3037308900
pending-no-rep,no live slug for MI,1085,ASCENSION MACOMB OAKLAND HOSP-WARREN CAMPUS,MI,WARREN,Hospital/ Medical Center,4193,,FA-1085,,,11800 EAST TWELVE MILE ROAD,5865735000
pending-no-rep,no live slug for MI,1087,BEAUMONT HOSPITAL - TAYLOR,MI,TAYLOR,Hospital/ Medical Center,4188,230270,230270,,"Vizient (MS1301), Premier (BT-NS-002)",10000 TELEGRAPH ROAD,3132955000
added,missing-from-slug,190,ENCOMPASS HEALTH REHABILITATION HOSPITAL OF CYPRESS,TX,HOUSTON,Rehabilitation Hospital,4173,,FA-190,"franklin-mountain-group,healthcare-cellutions,ju,martinez,meinnovations,sandia,sisco,streit,uromobile",Vizient (MS1301),13031 Wortham Center Dr,8322802500
added,missing-from-slug,4443,ROCKY MOUNTAIN REGIONAL VA MEDICAL CENTER (DENVER) (VISN 19),CO,AURORA,VA Medical Center,4065,,FA-4443,whittiker,Marathon Medical (FFS Approval: 36F79718D0321),1700 North Wheeling Street,2589211820
added,missing-from-slug,191,ENCOMPASS HEALTH REHAB HSP OF COLUMBIA/SC,SC,COLUMBIA,Rehabilitation Hospital,4063,,FA-191,"gerrard,intuitek,tbmedical",Vizient (MS1301),2935 Colonial Dr,8032547777
added,missing-from-slug,192,ENCOMPASS HEALTH REHAB HSPTL OF SPRING HILL,FL,BROOKSVILLE,Rehabilitation Hospital,4055,,FA-192,"a3-biomedical,emina-taylor,expert-medical-sales,lamitina,salmons,southern-surgical,tplconsulting",Vizient (MS1301),12440 Cortez Blvd,3525924250
added,missing-from-slug,4444,BUFFALO VA MEDICAL CENTER (VISN 2),NY,BUFFALO,VA Medical Center,3978,,FA-4444,"activize,parkingangels,proactive,streamline,whisner",Marathon Medical (FFS Approval: 36F79718D0321),3495 Bailey Avenue,7168623611
added,missing-from-slug,4445,CHARLIE NORWOOD DEPARTMENT OF VETERANS AFFAIRS MEDICAL CENTER (AUGUSTA) (VISN 7),GA,AUGUSTA,VA Medical Center,3963,,FA-4445,intuitek,Marathon Medical (FFS Approval: 36F79718D0321),950 15th Street,7068232201
added,missing-from-slug,1135,CENTURA HEALTH-PORTER ADVENTIST HOSPITAL,CO,DENVER,Hospital/ Medical Center,3896,,FA-1135,whittiker,"Vizient (MS1301), Premier (BT-NS-002)",2525 S DOWNING ST,3037781955
pending-no-rep,no live slug for DC,1141,HOWARD UNIVERSITY HOSPITAL CORP,DC,WASHINGTON,Hospital/ Medical Center,3883,090003,090003,,"Vizient (MS1301), Premier (BT-NS-002)",2041 GEORGIA AVE NW,2027456100
added,missing-from-slug,1158,ADVENTIST HINSDALE HOSPITAL,IL,HINSDALE,Hospital/ Medical Center,3811,,FA-1158,chowning,"Vizient (MS1301), Premier (BT-NS-002)",120 NORTH OAK ST,6308569000
added,missing-from-slug,2161,OHIOHEALTH REHABILITATION HOSPITAL - DUBLIN,OH,DUBLIN,Rehabilitation Hospital,3719,,FA-2161,"klea,streamline",Vizient (MS1301),3805 Emerald Pkwy,6145448273
pending-no-rep,no live slug for MI,4448,VA ANN ARBOR HEALTHCARE SYSTEM,MI,ANN ARBOR,VA Medical Center,3612,23011F,23011F,,Marathon Medical (FFS Approval: 36F79718D0321),2215 FULLER ROAD,7347697100
pending-no-rep,no live slug for MI,1191,COREWELL HEALTH TRENTON HOSPITAL,MI,TRENTON,Hospital/ Medical Center,3587,230176,230176,,Vizient (MS1301),5450 FORT STREET,7346713800
added,missing-from-slug,1201,PARKER ADVENTIST HOSPITAL,CO,PARKER,Hospital/ Medical Center,3547,,FA-1201,whittiker,"Vizient (MS1301), Premier (BT-NS-002)",9395 CROWN CREST BLVD,3032694000
pending-no-rep,no live slug for MI,1206,UNIVERSITY OF MICHIGAN HEALTH - WEST,MI,WYOMING,Hospital/ Medical Center,3525,230236,230236,,Vizient (MS1301),"5900 BYRON CENTER AVENUE, SW",6162527200
added,missing-from-slug,2162,WARM SPRINGS REHABILITATION HOSPITAL OF KYLE,TX,KYLE,Rehabilitation Hospital,3478,,FA-2162,"franklin-mountain-group,healthcare-cellutions,ju,martinez,meinnovations,sandia,sisco,streit,uromobile",Vizient (MS1301),5980 Kyle Pkwy,5123245000
added,missing-from-slug,2163,BAYLOR SCOTT & WHITE INSTITUTE FOR REHABILITATION - FORT WORTH,TX,FORT WORTH,Rehabilitation Hospital,3476,,FA-2163,"franklin-mountain-group,healthcare-cellutions,ju,martinez,meinnovations,sandia,sisco,streit,uromobile",Vizient (MS1301),6601 Harris Pkwy,8174335000
pending-no-rep,no live slug for MI,1218,HENRY FORD ALLEGIANCE HEALTH,MI,JACKSON,Hospital/ Medical Center,3468,230092,230092,,"Vizient (MS1301), Premier (BT-NS-002)",205 N EAST AVE,5177884800
pending-no-rep,no live slug for MI,1228,ASCENSION GENESYS HOSPITAL,MI,GRAND BLANC,Hospital/ Medical Center,3420,230197,230197,,,ONE GENESYS PARKWAY,8106066050
added,missing-from-slug,2267,ADVENTIST REHABILITATION HOSPITAL,MD,ROCKVILLE,Rehabilitation Hospital,3283,,FA-2267,ghanem,Vizient (MS1301),9901 Medical Center Dr,2408266517
added,missing-from-slug,2164,SSM HEALTH REHAB - LAKE SAINT LOUIS,MO,LAKE SAINT LOUIS,Rehabilitation Hospital,3237,,FA-2164,"chowning,stengel",Vizient (MS1301),100 Medical Plz Fl 5,6366255200
added,missing-from-slug,1282,TENET HEALTH CENTRAL COAST SIERRA VISTA RMC,CA,SAN LUIS OBISPO,Hospital/ Medical Center,3195,,FA-1282,"grosjean,jimmerson,lifesource,zenecare",,1010 MURRAY ST,8505467600
added,missing-from-slug,2165,WEST GABLES REHABILITATION HOSPITAL LLC,FL,MIAMI,Rehabilitation Hospital,3186,,FA-2165,"a3-biomedical,emina-taylor,expert-medical-sales,lamitina,salmons,southern-surgical,tplconsulting",Vizient (MS1301),2525 Sw 75th Ave,3052639270
added,missing-from-slug,1287,ADVENTIST LA GRANGE MEMORIAL HOSPITAL,IL,LA GRANGE,Hospital/ Medical Center,3182,,FA-1287,chowning,"Vizient (MS1301), Premier (BT-NS-002)",5101 S WILLOW SPRINGS RD,7083521200
pending-no-rep,no live slug for MI,1291,BORGESS MEDICAL CENTER,MI,KALAMAZOO,Hospital/ Medical Center,3171,230117,230117,,Vizient (MS1301),1521 GULL ROAD,2692267000
added,missing-from-slug,2166,PSYCH/REHAB HOSPITAL VANDERBILT WILSON COUNTY HOSPITAL,TN,LEBANON,Rehabilitation Hospital,3126,,FA-2166,"franklin-mountain-group,greatdane,richards,southern-surgical,tbmedical",Vizient (MS1301),500 Park Ave,6154442250
added,missing-from-slug,1304,CAREPOINT HEALTH-CHRIST HOSPITAL,NJ,JERSEY CITY,Hospital/ Medical Center,3093,,FA-1304,"activize,whisner","Vizient (MS1301), Premier (BT-NS-002)",176 PALISADE AVE,2017958200
added,missing-from-slug,4456,CORPORAL MICHAEL J CRESCENZ DEPARTMENT OF VETERANS AFFAIRS MEDICAL CENTER (PHILADELPHIA) (VISN 4),PA,PHILADELPHIA,VA Medical Center,3084,,FA-4456,"activize,ghanem,streamline",Marathon Medical (FFS Approval: 36F79718D0321),3900 Woodland Avenue,2158235857
pending-no-rep,no live slug for MI,1333,MYMICHIGAN MEDICAL CENTER ALPENA,MI,ALPENA,Hospital/ Medical Center,2958,230036,230036,,"Vizient (MS1301), Premier (BT-NS-002)",1501 W CHISHOLM ST,9893567390
added,missing-from-slug,4460,ST LOUIS VA MEDICAL CENTER (VISN 15),MO,ST LOUIS,VA Medical Center,2914,,FA-4460,"chowning,stengel",Marathon Medical (FFS Approval: 36F79718D0321),1 Jefferson Barracks Drive,3146524100
added,missing-from-slug,2167,CLEARSKY REHABILITATION HOSPITAL OF FLOWER MOUND,TX,FLOWER MOUND,Rehabilitation Hospital,2880,,FA-2167,"franklin-mountain-group,healthcare-cellutions,ju,martinez,meinnovations,sandia,sisco,streit,uromobile",Vizient (MS1301),3100 Peters Colony Rd,9724191530
pending-no-rep,no live slug for MI,1372,COREWELL HEALTH WAYNE HOSPITAL,MI,WAYNE,Hospital/ Medical Center,2801,230142,230142,,Vizient (MS1301),33155 ANNAPOLIS AVE,7344674175
added,missing-from-slug,193,ENCOMPASS HEALTH REHABILITATION HOSPITAL OF SUGAR LAND,TX,SUGAR LAND,Rehabilitation Hospital,2737,,FA-193,"franklin-mountain-group,healthcare-cellutions,ju,martinez,meinnovations,sandia,sisco,streit,uromobile",Vizient (MS1301),1325 Highway 6,2816377000
pending-no-rep,no live slug for MI,1393,MEMORIAL HEALTHCARE,MI,OWOSSO,Hospital/ Medical Center,2689,230121,230121,,Vizient (MS1301),826 WEST KING STREET,9897235211
added,missing-from-slug,4464,RICHARD L ROUDEBUSH VETERANS' ADMINISTRATION MEDICAL CENTER (INDIANAPOLIS) (VISN 10),IN,INDIANAPOLIS,VA Medical Center,2675,,FA-4464,klea,Marathon Medical (FFS Approval: 36F79718D0321),1481 West Tenth Street,3175540000
added,missing-from-slug,1397,AURORA HEALTH CARE CENTRAL INC,WI,SHEBOYGAN,Hospital/ Medical Center,2666,,FA-1397,steimel,,2629 N 7TH ST,9204515000
added,missing-from-slug,194,ENCOMPASS HEALTH REHABILITATION HOSPITAL THE VINTAGE,TX,HOUSTON,Rehabilitation Hospital,2623,,FA-194,"franklin-mountain-group,healthcare-cellutions,ju,martinez,meinnovations,sandia,sisco,streit,uromobile",Vizient (MS1301),20180 Chasewood Park Dr,2812055100
added,missing-from-slug,4465,TROY BOWLING CAMPUS - LEXINGTON (VISN 9),KY,LEXINGTON,VA Medical Center,2608,,FA-4465,klea,Marathon Medical (FFS Approval: 36F79718D0321),1101 Veterans Drive,8592334511
pending-no-rep,no live slug for MI,1414,UPHS MARQUETTE DLP HOSPITAL,MI,MARQUETTE,Hospital/ Medical Center,2602,230054,230054,,,850 W BARAGA AVE,9062289440
pending-no-rep,no live slug for MI,1416,HURON VALLEY-SINAI HOSPITAL,MI,COMMERCE TOWNSHIP,Hospital/ Medical Center,2595,230277,230277,,,ONE WILLIAM CARLS DRIVE,2489373370
added,missing-from-slug,4467,JAMES H QUILLEN DEPARTMENT OF VETERANS AFFAIRS MEDICAL CENTER (MOUNTAIN HOME) (VISN 9),TN,MOUNTAIN HOME,VA Medical Center,2521,,FA-4467,"franklin-mountain-group,greatdane,richards,southern-surgical,tbmedical",Marathon Medical (FFS Approval: 36F79718D0321),Corner of Lamont Street and Veterans Way,4239261171
added,missing-from-slug,2168,PAM REHAB HOSPITAL OF GREELEY,CO,GREELEY,Rehabilitation Hospital,2512,,FA-2168,whittiker,Vizient (MS1301),6810 W 10th St,9706522000
pending-no-rep,no live slug for MI,1432,MCLAREN OAKLAND,MI,PONTIAC,Hospital/ Medical Center,2502,230207,230207,,"Vizient (MS1301), Premier (BT-NS-002)",50 N PERRY ST,2483385000
added,missing-from-slug,2169,BANNER REHABILITATION HOSPITAL - EAST,AZ,MESA,Rehabilitation Hospital,2451,,FA-2169,zenecare,Vizient (MS1301),1702 South Pierpont Drive,4808545050
pending-no-rep,no live slug for MI,4469,JOHN D DINGELL DEPARTMENT OF VETERANS AFFAIRS MEDICAL CENTER (DETROIT) (VISN 10),MI,DETROIT,VA Medical Center,2407,,FA-4469,,Marathon Medical (FFS Approval: 36F79718D0321),4646 John R Street,3135761000
added,missing-from-slug,4471,WILLIAM S MIDDLETON MEMORIAL VETERANS' HOSPITAL (MADISON) (VISN 12),WI,MADISON,VA Medical Center,2376,,FA-4471,steimel,Marathon Medical (FFS Approval: 36F79718D0321),2500 Overlook Terrace,6082561901
pending-no-rep,no live slug for MI,1487,DICKINSON COUNTY MEMORIAL HOSPITAL,MI,IRON MOUNTAIN,Hospital/ Medical Center,2338,230055,230055,,"Vizient (MS1301), Premier (BT-NS-002)",1721 S STEPHENSON AVE,9067741313
added,missing-from-slug,4473,BROOKLYN VA MEDICAL CENTER (VISN 2),NY,BROOKLYN,VA Medical Center,2331,,FA-4473,"activize,parkingangels,proactive,streamline,whisner",Marathon Medical (FFS Approval: 36F79718D0321),800 Poly Place,7188366600
added,missing-from-slug,1500,ADVENTIST HEALTH SYSTEM/WEST,CA,TEMPLETON,Hospital/ Medical Center,2298,,FA-1500,"grosjean,jimmerson,lifesource,zenecare","Vizient (MS1301), Premier (BT-NS-002)",1100 LAS TABLAS RD,8054343500
pending-no-rep,no live slug for MI,1510,PROMEDICA MONROE REGIONAL HOSPITAL,MI,MONROE,Hospital/ Medical Center,2283,230099,230099,,"Vizient (MS1301), Premier (BT-NS-002)",718 N MACOMB ST,7342408400
pending-no-rep,no live slug for MI,1521,CHELSEA HOSPITAL,MI,CHELSEA,Hospital/ Medical Center,2256,230259,230259,,"Vizient (MS1301), Premier (BT-NS-002)",775 S MAIN ST,7344753911
added,missing-from-slug,4475,GV (SONNY) MONTGOMERY DEPARTMENT OF VETERANS AFFAIRS MEDICAL CENTER (JACKSON) (VISN 16),MS,JACKSON,VA Medical Center,2175,,FA-4475,"greatdane,southern-surgical",Marathon Medical (FFS Approval: 36F79718D0321),1500 East Woodrow Wilson Avenue,6013624471
added,missing-from-slug,2170,STOCKTON REGIONAL REHABILITATION HOSPITAL,CA,STOCKTON,Rehabilitation Hospital,2074,,FA-2170,"grosjean,jimmerson,lifesource,zenecare",Vizient (MS1301),607 E Magnolia St,2099445550
added,missing-from-slug,1573,VIA CHRISTI HOSPITAL PITTSBURG INC,KS,PITTSBURG,Hospital/ Medical Center,2053,,FA-1573,chowning,Vizient (MS1301),1 MT CARMEL WAY,6202316100
added,missing-from-slug,4477,ASHEVILLE VA MEDICAL CENTER (VISN 6),NC,ASHEVILLE,VA Medical Center,2045,,FA-4477,"gerrard,tbmedical",Marathon Medical (FFS Approval: 36F79718D0321),1100 Tunnel Road,8282987911
added,missing-from-slug,2171,KINDRED HOSPITAL - PEORIA,IL,PEORIA,Rehabilitation Hospital,2040,,FA-2171,chowning,Vizient (MS1301),500 W Romeo B Garrett Ave,3096911000
pending-no-rep,no live slug for DC,1596,UNITED MEDICAL CENTER,DC,WASHINGTON,Hospital/ Medical Center,1975,090008,090008,,"Vizient (MS1301), Premier (BT-NS-002)",1310 SOUTHERN AVENUE  SE,2025746000
pending-no-rep,no live slug for DC,4478,WASHINGTON DC VA MEDICAL CENTER,DC,WASHINGTON,VA Medical Center,1975,09002F,09002F,,Marathon Medical (FFS Approval: 36F79718D0321),50 IRVING STREET N.W.,2027458000
added,missing-from-slug,2172,ACADIA REHABILITATION HOSPITAL,LA,CROWLEY,Rehabilitation Hospital,1931,,FA-2172,"healthcare-cellutions,sisco,southern-surgical",Vizient (MS1301),1305 Crowley Rayne Hwy Fl 3,3377833222
added,missing-from-slug,1610,CLAXTON-HEPBURN MEDICAL CENTER,NY,OGDENSBURG,Hospital/ Medical Center,1928,334068,334068,"activize,parkingangels,proactive,streamline,whisner",,214 KING STREET,3153933600
added,missing-from-slug,1611,HACKETTSTOWN MEDICAL CENTER,NJ,HACKETTSTOWN,Hospital/ Medical Center,1923,,FA-1611,"activize,whisner","Vizient (MS1301), Premier (BT-NS-002)",651 WILLOW GROVE ST,9088525100
added,missing-from-slug,1619,INTEGRIS BASS BAPTIST HEALTH CENTER,OK,ENID,Hospital/ Medical Center,1910,,FA-1619,"gptsurgical,healthcare-cellutions,martinez",Vizient (MS1301),600 SOUTH MONROE,5802332300
pending-no-rep,no live slug for MI,1670,MCLAREN LAPEER REGION,MI,LAPEER,Hospital/ Medical Center,1758,230193,230193,,"Vizient (MS1301), Premier (BT-NS-002)",1375 N MAIN ST,8106675500
added,missing-from-slug,1699,ST LUKES QUAKERTOWN HOSPITAL,PA,QUAKERTOWN,Hospital/ Medical Center,1680,,FA-1699,"activize,ghanem,streamline","Vizient (MS1301), Premier (BT-NS-002)",3000 ST. LUKE'S DRIVE,2679851000
pending-no-rep,no live slug for MI,1724,PROMEDICA CHARLES AND VIRGINIA HICKMAN HOSPITAL,MI,ADRIAN,Hospital/ Medical Center,1589,230005,230005,,Vizient (MS1301),5640 N ADRIAN HIGHWAY,5172650900
pending-no-rep,no live slug for MI,1746,LAKE HURON MEDICAL CENTER,MI,PORT HURON,Hospital/ Medical Center,1558,230031,230031,,"Vizient (MS1301), Premier (BT-NS-002)",2601 ELECTRIC AVENUE,8109851500
pending-no-rep,no live slug for MI,1754,MUNSON HEALTHCARE CADILLAC HOSPITAL,MI,CADILLAC,Hospital/ Medical Center,1539,230081,230081,,,400 HOBART ST,2318767400
added,missing-from-slug,4481,CAPTAIN JAMES A LOVELL FEDERAL HEALTH CARE CENTER (NORTH CHICAGO) (VISN 12),IL,NORTH CHICAGO,VA Medical Center,1491,,FA-4481,chowning,Marathon Medical (FFS Approval: 36F79718D0321),3001 Green Bay Road,8476881900
added,missing-from-slug,1783,UCI HEALTH - PLACENTIA LINDA,CA,PLACENTIA,Hospital/ Medical Center,1453,,FA-1783,"grosjean,jimmerson,lifesource,zenecare",Vizient (MS1301),1301 N ROSE DRIVE,7149932000
added,missing-from-slug,1787,PENOBSCOT BAY MEDICAL CENTER,ME,ROCKPORT,Hospital/ Medical Center,1436,,FA-1787,"lucier,noreaster,pierro,signature-medical,whisner",Premier (BT-NS-002),6 GLEN COVE DRIVE,2079218000
pending-no-rep,no live slug for MI,1797,ASCENSION PROVIDENCE ROCHESTER HOSPITAL,MI,ROCHESTER,Hospital/ Medical Center,1413,230254,230254,,"Vizient (MS1301), Premier (BT-NS-002)",1101 W UNIVERSITY DRIVE,2486525000
added,missing-from-slug,2173,SACRAMENTO REHABILITATION HOSPITAL,CA,SACRAMENTO,Rehabilitation Hospital,1396,,FA-2173,"grosjean,jimmerson,lifesource,zenecare",Vizient (MS1301),10 Advantage Ct,9164236010
pending-no-rep,no live slug for MI,1802,OAKLAWN HOSPITAL,MI,MARSHALL,Hospital/ Medical Center,1389,230217,230217,,Vizient (MS1301),200 N MADISON,2697814271
added,missing-from-slug,195,TIDELANDS RHB HSP (MRRLLS INLT) ENCOMPASS HEALTH,SC,MURRELLS INLET,Rehabilitation Hospital,1368,,FA-195,"gerrard,intuitek,tbmedical",Vizient (MS1301),4070 Highway 17 Fl 4,8436521415
pending-no-rep,no live slug for MI,1817,CHIPPEWA COUNTY WAR MEMORIAL HOSPITAL,MI,SAULT STE MARIE,Hospital/ Medical Center,1352,230239,230239,,,500 OSBORN BLVD,9066354460
added,missing-from-slug,2175,BETHESDA REHABILITATION HOSPITAL,LA,BATON ROUGE,Rehabilitation Hospital,1316,,FA-2175,"healthcare-cellutions,sisco,southern-surgical",Vizient (MS1301),7414 Sumrall Dr,2259271300
added,missing-from-slug,1858,CENTURA HEALTH-AVISTA ADVENTIST HOSPITAL,CO,LOUISVILLE,Hospital/ Medical Center,1254,,FA-1858,whittiker,"Vizient (MS1301), Premier (BT-NS-002)",100 HEALTH PARK DR,3036731000
added,missing-from-slug,1861,MANCHESTER MEMORIAL HOSPITAL,KY,MANCHESTER,Hospital/ Medical Center,1250,,FA-1861,klea,"Vizient (MS1301), Premier (BT-NS-002)",210 MARIE LANGDON DRIVE,6065985104
added,missing-from-slug,4487,LOUIS A JOHNSON VETERANS' ADMINISTRATION MEDICAL CENTER (CLARKSBURG) (VISN 5),WV,CLARKSBURG,VA Medical Center,1228,,FA-4487,"klea,streamline",Marathon Medical (FFS Approval: 36F79718D0321),1 Medical Center Drive,3046233461
added,missing-from-slug,1879,OCH REGIONAL MEDICAL CENTER,MS,STARKVILLE,Hospital/ Medical Center,1203,,FA-1879,"greatdane,southern-surgical",Vizient (MS1301),400 HOSPITAL ROAD /MAIL PO BOX 1506,6623234320
added,missing-from-slug,2269,COTTAGE REHABILITATION HOSPITAL,CA,SANTA BARBARA,Rehabilitation Hospital,1183,,FA-2269,"grosjean,jimmerson,lifesource,zenecare",Vizient (MS1301),2415 De La Vina Street,8056877444
pending-no-rep,no live slug for MI,1903,HILLSDALE HOSPITAL,MI,HILLSDALE,Hospital/ Medical Center,1143,230037,230037,,"Vizient (MS1301), Premier (BT-NS-002)",168 S HOWELL STREET,5174374451
added,missing-from-slug,2176,LAC LOS AMIGOS NATIONAL REHAB CENTER,CA,DOWNEY,Rehabilitation Hospital,1130,,FA-2176,"grosjean,jimmerson,lifesource,zenecare",Vizient (MS1301),7601 Imperial Hwy,5624017022
added,missing-from-slug,1915,BANNER MCKEE MEDICAL CENTER,CO,LOVELAND,Hospital/ Medical Center,1105,,FA-1915,whittiker,"Vizient (MS1301), Premier (BT-NS-002)",2000 BOISE AVE,9708204640
added,missing-from-slug,2270,UT SOUTHWESTERN MEDICAL CENTER - REHABILITATION,TX,DALLAS,Rehabilitation Hospital,1078,,FA-2270,"franklin-mountain-group,healthcare-cellutions,ju,martinez,meinnovations,sandia,sisco,streit,uromobile",Vizient (MS1301),1801 Inwood Rd Wa6 616,2146453811
pending-no-rep,no live slug for MI,1927,MUNSON HEALTHCARE OTSEGO MEMORIAL HOSPITAL,MI,GAYLORD,Hospital/ Medical Center,1068,230133,230133,,"Vizient (MS1301), Premier (BT-NS-002)",825 N CENTER AVE,9897312100
added,missing-from-slug,2177,NOBIS - REUNION REHAB HOSPITAL ARLINGTON,TX,ARLINGTON,Rehabilitation Hospital,1056,,FA-2177,"franklin-mountain-group,healthcare-cellutions,ju,martinez,meinnovations,sandia,sisco,streit,uromobile",Vizient (MS1301),4351 Centreway Pl,8174723400
added,missing-from-slug,4489,WHITE RIVER JUNCTION VA MEDICAL CENTER (VISN 1),VT,WHITE RIVER JUNCTION,VA Medical Center,1018,,FA-4489,"lucier,noreaster,pierro,signature-medical,whisner",Marathon Medical (FFS Approval: 36F79718D0321),163 Veteran's Drive,8022959363
added,missing-from-slug,1955,MILLCREEK COMMUNITY HOSPITAL,PA,ERIE,Hospital/ Medical Center,1011,,FA-1955,"activize,ghanem,streamline","Vizient (MS1301), Premier (BT-NS-002)",5515 PEACH STREET,8148644031
added,missing-from-slug,2180,PRIMARY CHILDRENS REHABILITATION HOSPITAL - RIVERTON,UT,RIVERTON,Rehabilitation Hospital,982,,FA-2180,zenecare,Vizient (MS1301),3741 W 12600 S Ste 100,8012854000
added,missing-from-slug,2271,VALIR REHABILITATION HOSPITAL,OK,OKLAHOMA CITY,Rehabilitation Hospital,980,,FA-2271,"gptsurgical,healthcare-cellutions,martinez",Vizient (MS1301),700 Nw 7th St,4056093600
added,missing-from-slug,196,SPIRE CANE CREEK REHAB HSP JV ENCOMPASS HEALTH,TN,MARTIN,Rehabilitation Hospital,938,,FA-196,"franklin-mountain-group,greatdane,richards,southern-surgical,tbmedical",Vizient (MS1301),180 Mount Pelia Rd,7315874231
added,missing-from-slug,2181,NOBIS - MILWAUKEE REHABILITATION HOSPITAL LLC,WI,MILWAUKEE,Rehabilitation Hospital,872,,FA-2181,steimel,Vizient (MS1301),3200 S 103rd St,4146475000
added,missing-from-slug,197,ENCOMPASS HEALTH REHABILITATION HOSPITAL OF SHREVEPORT,LA,SHREVEPORT,Rehabilitation Hospital,758,,FA-197,"healthcare-cellutions,sisco,southern-surgical",Vizient (MS1301),8650 Millicent Way,3186428100
added,missing-from-slug,4495,FAYETTEVILLE VA MEDICAL CENTER (VISN 16),AR,FAYETTEVILLE,VA Medical Center,752,,FA-4495,"chowning,gptsurgical,greatdane,healthcare-cellutions",Marathon Medical (FFS Approval: 36F79718D0321),1100 North College Avenue,4794445058
added,missing-from-slug,198,HEALTHSOUTH GEISINGER REHAB CTR OF BLOOMSBURG,PA,BLOOMSBURG,Rehabilitation Hospital,675,,FA-198,"activize,ghanem,streamline",Vizient (MS1301),410 Glen Ave Ste 101,5703872135
added,missing-from-slug,2183,BLOOMINGTON REGIONAL REHABILITATION HOSPITAL,IN,BLOOMINGTON,Rehabilitation Hospital,573,,FA-2183,klea,Vizient (MS1301),3050 N Lintel Dr,8128251111
added,missing-from-slug,4498,FORT HARRISON VA MEDICAL CENTER (VISN 19),MT,FORT HARRISON,VA Medical Center,542,,FA-4498,hagarty,Marathon Medical (FFS Approval: 36F79718D0321),3687 Veterans Drive,4064477900
added,missing-from-slug,4501,BOB STUMP DEPARTMENT OF VETERANS AFFAIRS MEDICAL CENTER (PRESCOTT) (VISN 22),AZ,PRESCOTT,VA Medical Center,496,,FA-4501,zenecare,Marathon Medical (FFS Approval: 36F79718D0321),500 Highway 89 North,9284454860
added,missing-from-slug,4503,ALVIN C YORK VETERANS' ADMINISTRATION MEDICAL CENTER (MURFREESBORO) (VISN 9),TN,MURFREESBORO,VA Medical Center,477,,FA-4503,"franklin-mountain-group,greatdane,richards,southern-surgical,tbmedical",Marathon Medical (FFS Approval: 36F79718D0321),3400 Lebanon Pike,6158676000
added,missing-from-slug,199,ENCOMPASS HEALTH REHAB HSP UTAH,UT,SANDY,Rehabilitation Hospital,446,,FA-199,zenecare,Vizient (MS1301),8074 S 1300 E,8015656666
added,missing-from-slug,4505,COLMERY-O'NEIL VETERANS' ADMINISTRATION MEDICAL CENTER (TOPEKA) (VISN 15),KS,TOPEKA,VA Medical Center,407,,FA-4505,chowning,Marathon Medical (FFS Approval: 36F79718D0321),2200 Southwest Gage Boulevard,9136822000
added,missing-from-slug,2186,LAFAYETTE PHYSICAL REHAB HOSPITAL,LA,LAFAYETTE,Rehabilitation Hospital,401,,FA-2186,"healthcare-cellutions,sisco,southern-surgical",Vizient (MS1301),307 Polly Ln,3377694100
added,missing-from-slug,4506,FORT MEADE VA MEDICAL CENTER (VISN 23),SD,FORT MEADE,VA Medical Center,340,,FA-4506,"acme,sciotex,wood",Marathon Medical (FFS Approval: 36F79718D0321),113 Comanche Road,6053472511
added,missing-from-slug,2188,PAM HEALTH REHAB HOSPITAL OF SAN ANTONIO NORTHEAST,TX,SAN ANTONIO,Rehabilitation Hospital,285,,FA-2188,"franklin-mountain-group,healthcare-cellutions,ju,martinez,meinnovations,sandia,sisco,streit,uromobile",Vizient (MS1301),11407 Wayland Way,2104785400
added,missing-from-slug,4507,FRANKLIN DELANO ROOSEVELT HOSPITAL (MONTROSE) (VISN 2),NY,MONTROSE,VA Medical Center,216,,FA-4507,"activize,parkingangels,proactive,streamline,whisner",Marathon Medical (FFS Approval: 36F79718D0321),2094 Albany Post Road,9147374400
added,missing-from-slug,2191,CLEARSKY REHABILITATION HOSPITAL OF MANSFIELD,TX,MANSFIELD,Rehabilitation Hospital,201,,FA-2191,"franklin-mountain-group,healthcare-cellutions,ju,martinez,meinnovations,sandia,sisco,streit,uromobile",Vizient (MS1301),267 N State Hwy 360,6823415000
added,missing-from-slug,200,ENCOMPASS HEALTH REHAB HSP ALTOONA,PA,ALTOONA,Rehabilitation Hospital,184,,FA-200,"activize,ghanem,streamline",Vizient (MS1301),2005 Valley View Blvd,8149443535
added,missing-from-slug,4509,CARL VINSON VETERANS' ADMINISTRATION MEDICAL CENTER (DUBLIN) (VISN 7),GA,DUBLIN,VA Medical Center,159,,FA-4509,intuitek,Marathon Medical (FFS Approval: 36F79718D0321),1826 Veterans Boulevard,4782772701
pending-no-rep,no live slug for MI,4510,IRON MOUNTAIN MI VA MEDICAL CENTER,MI,IRON MOUNTAIN,VA Medical Center,158,23005F,23005F,,Marathon Medical (FFS Approval: 36F79718D0321),325 EAST H STREET,9067743300
added,missing-from-slug,4511,DANVILLE VA MEDICAL CENTER (VISN 12),IL,DANVILLE,VA Medical Center,122,,FA-4511,chowning,Marathon Medical (FFS Approval: 36F79718D0321),1900 East Main Street,2175543000
added,missing-from-slug,2194,ST JOHNS REHAB HSP OWASSO EMCOMPASS HEALTH AFFILIATE,OK,OWASSO,Rehabilitation Hospital,83,,FA-2194,"gptsurgical,healthcare-cellutions,martinez",Vizient (MS1301),13402 E 86th St North,9182745100
added,missing-from-slug,2195,NOBIS - REUNION REHAB HOSPITAL PLANO,TX,PLANO,Rehabilitation Hospital,73,,FA-2195,"franklin-mountain-group,healthcare-cellutions,ju,martinez,meinnovations,sandia,sisco,streit,uromobile",Vizient (MS1301),3600 Maple Shade Ln,9722651050
added,missing-from-slug,201,ENCOMPASS HEALTH REHAB HOSP OF JACKSONVILLE,FL,JACKSONVILLE,Rehabilitation Hospital,63,,FA-201,"a3-biomedical,emina-taylor,expert-medical-sales,lamitina,salmons,southern-surgical,tplconsulting",Vizient (MS1301),11595 Burnt Mill Rd,9045965000
added,missing-from-slug,2196,REHABILITATION HOSPITAL OF NORTHERN INDIANA,IN,MISHAWAKA,Rehabilitation Hospital,51,,FA-2196,klea,Vizient (MS1301),4807 Edison Lakes Pkwy,5742316800
added,missing-from-slug,202,ENCOMPASS HEALTH REHABILITATION HOSPITAL OF SIOUX FALLS,SD,SIOUX FALLS,Rehabilitation Hospital,39,,FA-202,"acme,sciotex,wood",Vizient (MS1301),4700 West 69th Street,6053056500
