Facility Name,Address,City,State,ZIP Code,Phone,Priority,HAC Status,Catheter Days,SIR Score,CAUTI Status,Physician Count
NEW YORK-PRESBYTERIAN HOSPITAL,525 EAST 68TH STREET,NEW YORK,NY,10065,(212) 746-5454,HIGH_VOLUME,,73213,0.591,Better than the National Benchmark,116
UPMC PRESBYTERIAN SHADYSIDE,200 LOTHROP STREET,PITTSBURGH,PA,15213,(412) 647-2345,HIGH_VOLUME,HAC_PENALIZED,61469,0.686,Better than the National Benchmark,72
MAYO CLINIC HOSPITAL ROCHESTER,1216 SECOND STREET SOUTHWEST,ROCHESTER,MN,55902,(507) 255-5123,HIGH_VOLUME,,54198,0.588,Better than the National Benchmark,84
BARNES JEWISH HOSPITAL,ONE BARNES-JEWISH HOSPITAL PLAZA,SAINT LOUIS,MO,63110,(314) 747-3000,HIGH_VOLUME,HAC_PENALIZED,52762,0.599,Better than the National Benchmark,74
KALEIDA HEALTH,100 HIGH STREET,BUFFALO,NY,14210,(716) 859-8620,HIGH_VOLUME,HAC_PENALIZED,51302,0.602,Better than the National Benchmark,36
UNIVERSITY OF ALABAMA HOSPITAL,619 SOUTH 19TH STREET,BIRMINGHAM,AL,35233,(205) 934-4011,HIGH_VOLUME,,51033,0.554,Better than the National Benchmark,53
CEDARS-SINAI MEDICAL CENTER,8700 BEVERLY BLVD,LOS ANGELES,CA,90048,(310) 423-5000,HIGH_VOLUME,,47567,0.473,Better than the National Benchmark,67
MASSACHUSETTS GENERAL HOSPITAL,55 FRUIT STREET,BOSTON,MA,2114,(617) 726-2000,HIGH_VOLUME,,45673,0.456,Better than the National Benchmark,115
CLEVELAND CLINIC,9500 EUCLID AVENUE,CLEVELAND,OH,44195,(216) 952-9829,HIGH_VOLUME,HAC_PENALIZED,43838,0.325,Better than the National Benchmark,121
ALBANY MEDICAL CENTER HOSPITAL,"43 NEW SCOTLAND AVENUE, MAIL CODE 34",ALBANY,NY,12208,(518) 262-2400,HIGH_VOLUME,HAC_PENALIZED,43348,0.948,No Different than National Benchmark,24
ADVENTHEALTH ORLANDO,601 E ROLLINS ST,ORLANDO,FL,32803,(407) 303-1976,HIGH_VOLUME,,43034,0.214,Better than the National Benchmark,106
CHARLESTON AREA MEDICAL CENTER,501 MORRIS STREET,CHARLESTON,WV,25301,(304) 388-5432,HIGH_VOLUME,HAC_PENALIZED,41850,0.321,Better than the National Benchmark,24
NYU LANGONE HOSPITALS,550 FIRST AVENUE,NEW YORK,NY,10016,(212) 263-7300,HIGH_VOLUME,,41678,0.512,Better than the National Benchmark,109
YALE-NEW HAVEN HOSPITAL,20 YORK ST,NEW HAVEN,CT,6504,(203) 688-4242,HIGH_VOLUME,,41421,0.613,Better than the National Benchmark,94
MEMORIAL HERMANN HOSPITAL SYSTEM,1635  NORTH LOOP WEST,HOUSTON,TX,77008,(713) 448-6796,HIGH_VOLUME,,40802,0.303,Better than the National Benchmark,70
METHODIST HOSPITAL,7700 FLOYD CURL DR,SAN ANTONIO,TX,78229,(210) 575-4000,HIGH_VOLUME,,40581,0.247,Better than the National Benchmark,43
MOUNT SINAI HOSPITAL,ONE GUSTAVE L LEVY PLACE,NEW YORK,NY,10029,(212) 241-7981,HIGH_VOLUME,,40578,0.316,Better than the National Benchmark,58
UMASS MEMORIAL MEDICAL CENTER/UNIVERSITY CAMPUS,55 LAKE AVENUE NORTH,WORCESTER,MA,1655,(508) 334-1000,HIGH_VOLUME,,40471,0.462,Better than the National Benchmark,38
INDIANA UNIVERSITY HEALTH,1701 N SENATE BLVD,INDIANAPOLIS,IN,46202,(317) 962-2000,HIGH_VOLUME,,36915,0.476,Better than the National Benchmark,68
JACKSON HEALTH SYSTEM,1611 NW 12TH AVE,MIAMI,FL,33136,(305) 585-1111,HIGH_VOLUME,,36804,0.171,Better than the National Benchmark,48
VANDERBILT UNIVERSITY MEDICAL CENTER,1211 MEDICAL CENTER DRIVE,NASHVILLE,TN,37232,(615) 322-3454,HIGH_VOLUME,HAC_PENALIZED,36645,0.591,Better than the National Benchmark,57
BRIGHAM AND WOMEN'S HOSPITAL,75 FRANCIS STREET,BOSTON,MA,2115,(617) 732-5500,HIGH_VOLUME,,36451,0.642,Better than the National Benchmark,97
DUKE UNIVERSITY HOSPITAL,2301  ERWIN RD,DURHAM,NC,27705,(919) 684-8111,HIGH_VOLUME,HAC_AT_RISK,36368,0.598,Better than the National Benchmark,82
CAROLINAS MEDICAL CENTER/BEHAV HEALTH,1000 BLYTHE BLVD,CHARLOTTE,NC,28203,(704) 355-2000,HIGH_VOLUME,,36087,0.415,Better than the National Benchmark,66
STRONG MEMORIAL HOSPITAL,601 ELMWOOD AVE,ROCHESTER,NY,14642,(585) 275-2121,HIGH_VOLUME,HAC_PENALIZED,35340,0.927,No Different than National Benchmark,52
OHIO STATE UNIVERSITY STATE HEALTH SYSTEM,410 WEST 10TH AVENUE,COLUMBUS,OH,43210,(614) 293-9700,HIGH_VOLUME,HAC_PENALIZED,34880,0.28,Better than the National Benchmark,56
LEHIGH VALLEY HOSPITAL,1200 SOUTH CEDAR CREST BOULEVARD,ALLENTOWN,PA,18103,(610) 402-8000,HIGH_VOLUME,,34875,0.537,Better than the National Benchmark,31
UPMC PINNACLE HOSPITALS,409 SOUTH SECOND STREET,HARRISBURG,PA,17104,(717) 782-3131,HIGH_VOLUME,,34775,0.79,No Different than National Benchmark,30
UNC HOSPITALS,101 MANNING DRIVE,CHAPEL HILL,NC,27514,(919) 966-4141,HIGH_VOLUME,HAC_AT_RISK,34200,0.571,Better than the National Benchmark,63
UF HEALTH SHANDS HOSPITAL,1600 SW ARCHER RD,GAINESVILLE,FL,32610,(352) 265-8000,HIGH_VOLUME,,33907,0.268,Better than the National Benchmark,44
MONTEFIORE MEDICAL CENTER,111 EAST 210TH STREET,BRONX,NY,10467,(718) 920-4321,HIGH_VOLUME,HAC_PENALIZED,33648,0.861,No Different than National Benchmark,70
"UNIVERSITY OF CINCINNATI MEDICAL CENTER, LLC",3188 BELLEVUE AVENUE,CINCINNATI,OH,45219,(513) 584-1000,HIGH_VOLUME,,33310,0.307,Better than the National Benchmark,23
UNIVERSITY OF KENTUCKY HOSPITAL,800 ROSE STREET,LEXINGTON,KY,40536,(859) 257-2278,HIGH_VOLUME,HAC_PENALIZED,32884,0.362,Better than the National Benchmark,32
HUNTSVILLE HOSPITAL,101 SIVLEY RD,HUNTSVILLE,AL,35801,(256) 265-1000,HIGH_VOLUME,,32869,0.771,No Different than National Benchmark,25
METHODIST HOSPITALS OF MEMPHIS,1265 UNION AVE SUITE 700,MEMPHIS,TN,38104,(901) 516-8274,HIGH_VOLUME,,32123,0.188,Better than the National Benchmark,30
THE UNIVERSITY OF CHICAGO MEDICAL CENTER,5841 SOUTH MARYLAND,CHICAGO,IL,60637,(773) 702-9785,HIGH_VOLUME,,32041,0.38,Better than the National Benchmark,28
UNIVERSITY OF MISSISSIPPI MED CENTER,2500 N STATE ST,JACKSON,MS,39216,(601) 984-4100,HIGH_VOLUME,HAC_PENALIZED,31998,0.787,No Different than National Benchmark,16
HARBORVIEW MEDICAL CENTER,325 9TH AVENUE,SEATTLE,WA,98104,(206) 744-9535,HIGH_VOLUME,HAC_PENALIZED,31956,1.003,No Different than National Benchmark,38
MIAMI VALLEY HOSPITAL,ONE WYOMING STREET,DAYTON,OH,45409,(937) 208-3023,HIGH_VOLUME,,31558,0.353,Better than the National Benchmark,15
FROEDTERT MEMORIAL LUTHERAN HOSPITAL,9200 W WISCONSIN AVE,MILWAUKEE,WI,53226,(414) 805-3000,HIGH_VOLUME,,31382,0.312,Better than the National Benchmark,35
MEDSTAR WASHINGTON HOSPITAL CENTER,110 IRVING STREET NW,WASHINGTON,DC,20010,(202) 877-7000,HIGH_VOLUME,,31377,0.14,Better than the National Benchmark,20
STANFORD HEALTH CARE,300 PASTEUR DRIVE,STANFORD,CA,94305,(650) 723-5708,HIGH_VOLUME,,31244,0.739,No Different than National Benchmark,70
NORTH CAROLINA BAPTIST HOSPITAL,MEDICAL CENTER BOULEVARD,WINSTON-SALEM,NC,27157,(336) 716-2011,HIGH_VOLUME,HAC_PENALIZED,31211,0.432,Better than the National Benchmark,43
UNIVERSITY OF CALIFORNIA DAVIS MEDICAL CENTER,2315 STOCKTON BOULEVARD,SACRAMENTO,CA,95817,(916) 734-2011,HIGH_VOLUME,,30938,0.751,No Different than National Benchmark,29
WILLIS KNIGHTON MEDICAL CENTER,2600 GREENWOOD ROAD,SHREVEPORT,LA,71103,(318) 212-4000,HIGH_VOLUME,HAC_PENALIZED,30820,0.491,Better than the National Benchmark,19
MEDICAL COLLEGE OF VIRGINIA HOSPITALS,1250 EAST MARSHALL STREET,RICHMOND,VA,23298,(804) 828-9000,HIGH_VOLUME,,30284,0.345,Better than the National Benchmark,40
MOUNT SINAI ST LUKE'S ROOSEVELT HOSPITAL,1000 TENTH AVENUE,NEW YORK,NY,10019,(212) 523-4000,HIGH_VOLUME,,30174,0.468,Better than the National Benchmark,38
"UNIVERSITY HEALTH SYSTEM, INC",1924 ALCOA HIGHWAY,KNOXVILLE,TN,37920,(865) 305-9000,HIGH_VOLUME,HAC_AT_RISK,30078,0.615,Better than the National Benchmark,15
BANNER - UNIVERSITY MEDICAL CENTER TUCSON CAMPUS,1625 NORTH CAMPBELL AVENUE,TUCSON,AZ,85719,(520) 874-4189,HIGH_VOLUME,,29739,0.393,Better than the National Benchmark,23
HOSPITAL OF UNIV OF PENNSYLVANIA,34TH & SPRUCE STS,PHILADELPHIA,PA,19104,(215) 662-3227,HIGH_VOLUME,,29654,0.992,No Different than National Benchmark,94
LONG ISLAND JEWISH MEDICAL CENTER,270 - 05 76TH AVENUE,NEW HYDE PARK,NY,11040,(718) 470-7000,HIGH_VOLUME,,29559,0.443,Better than the National Benchmark,63
UNIVERSITY HOSPITAL S U N Y HEALTH SCIENCE CENTER,750 EAST ADAMS STREET,SYRACUSE,NY,13210,(315) 473-4240,HIGH_VOLUME,HAC_PENALIZED,29440,0.734,No Different than National Benchmark,24
MEMORIAL HERMANN - TEXAS MEDICAL CENTER,6411 FANNIN,HOUSTON,TX,77030,(713) 704-3700,HIGH_VOLUME,,28949,0.426,Better than the National Benchmark,35
UT OF TEXAS  SOUTHWESTERN UNIVERSITY HOSPITAL - WILLIAM P. CLEMENTS JR.,6201 HARRY HINES BLVD,DALLAS,TX,75390,(214) 633-5555,HIGH_VOLUME,,28467,0.431,Better than the National Benchmark,51
NORTH SHORE UNIVERSITY HOSPITAL,300 COMMUNITY DRIVE,MANHASSET,NY,11030,(516) 562-0100,HIGH_VOLUME,,27977,0.509,Better than the National Benchmark,101
"SAINT FRANCIS HOSPITAL, INC",6161 SOUTH YALE,TULSA,OK,74136,(918) 494-8467,HIGH_VOLUME,,27653,0.508,Better than the National Benchmark,19
HARTFORD HOSPITAL,80 SEYMOUR STREET,HARTFORD,CT,6102,(860) 545-5000,HIGH_VOLUME,,27533,0.2,Better than the National Benchmark,27
AURORA ST LUKES MEDICAL CENTER,2900 W OKLAHOMA AVE,MILWAUKEE,WI,53215,(414) 649-6000,HIGH_VOLUME,HAC_PENALIZED,27449,0.765,No Different than National Benchmark,27
BAPTIST HEALTH MEDICAL CENTER-LITTLE ROCK,9601 BAPTIST HEALTH DRIVE,LITTLE ROCK,AR,72205,(501) 202-2000,HIGH_VOLUME,,27214,0.445,Better than the National Benchmark,20
ST JOSEPHS HOSPITAL,3001 W MARTIN LUTHER KING JR BLVD,TAMPA,FL,33607,(813) 870-4398,HIGH_VOLUME,,27014,0.526,Better than the National Benchmark,61
TAMPA GENERAL HOSPITAL,1 TAMPA GENERAL CIR,TAMPA,FL,33606,(813) 844-7000,HIGH_VOLUME,HAC_PENALIZED,26624,0.538,Better than the National Benchmark,46
"JOHNS HOPKINS HOSPITAL, THE",600 NORTH  WOLFE STREET,BALTIMORE,MD,21287,(410) 955-9540,HIGH_VOLUME,HAC_AT_RISK,26489,0.552,Better than the National Benchmark,87
RHODE ISLAND HOSPITAL,593 EDDY STREET,PROVIDENCE,RI,2902,(401) 444-4000,HIGH_VOLUME,,26387,0.665,Better than the National Benchmark,38
LOYOLA UNIVERSITY MEDICAL CENTER,2160 S 1ST AVENUE,MAYWOOD,IL,60153,(708) 216-9000,HIGH_VOLUME,HAC_PENALIZED,26290,0.478,Better than the National Benchmark,50
TEXAS HEALTH HARRIS METHODIST HOSPITAL FORT WORTH,1301 PENNSYLVANIA AVENUE,FORT WORTH,TX,76104,(817) 250-2100,HIGH_VOLUME,,26242,0.269,Better than the National Benchmark,33
UCSF MEDICAL CENTER,"505 PARNASSUS AVE, BOX 0296",SAN FRANCISCO,CA,94143,(415) 353-2733,HIGH_VOLUME,,26240,0.906,No Different than National Benchmark,60
WESTCHESTER MEDICAL CENTER,100 WOODS RD,VALHALLA,NY,10595,(914) 493-7000,HIGH_VOLUME,HAC_PENALIZED,26056,0.541,Better than the National Benchmark,24
INOVA FAIRFAX HOSPITAL,3300 GALLOWS ROAD,FALLS CHURCH,VA,22042,(703) 698-1110,HIGH_VOLUME,,26003,0.624,Better than the National Benchmark,39
BANNER - UNIVERSITY MEDICAL CENTER PHOENIX,1111 EAST MCDOWELL ROAD,PHOENIX,AZ,85006,(602) 839-2000,HIGH_VOLUME,,25845,0.294,Better than the National Benchmark,17
MISSISSIPPI BAPTIST MEDICAL CENTER,1225 N STATE ST,JACKSON,MS,39202,(601) 968-1000,HIGH_VOLUME,HAC_PENALIZED,25789,0.467,Better than the National Benchmark,14
MUSC MEDICAL CENTER,169 ASHLEY AVE,CHARLESTON,SC,29425,(843) 792-2300,HIGH_VOLUME,HAC_PENALIZED,25680,0.59,Better than the National Benchmark,43
MEMORIAL MISSION HOSPITAL AND ASHEVILLE SURGERY CE,509 BILTMORE AVE,ASHEVILLE,NC,28801,(828) 213-1111,HIGH_VOLUME,,25585,0.306,Better than the National Benchmark,16
UNIVERSITY HEALTH SYSTEM,4502 MEDICAL DR,SAN ANTONIO,TX,78229,(210) 358-2637,HIGH_VOLUME,,25526,0.366,Better than the National Benchmark,22
UNIVERSITY OF UTAH HOSPITAL AND CLINICS,50 NORTH MEDICAL DRIVE,SALT LAKE CITY,UT,84132,(801) 581-2121,HIGH_VOLUME,HAC_AT_RISK,25304,0.726,No Different than National Benchmark,39
"NORTON HOSPITALS, INC",200 EAST CHESTNUT STREET,LOUISVILLE,KY,40202,(502) 629-8000,HIGH_VOLUME,HAC_PENALIZED,25285,0.465,Better than the National Benchmark,35
NOVANT HEALTH FORSYTH MEDICAL CENTER,3333 SILAS CREEK PARKWAY,WINSTON-SALEM,NC,27103,(336) 718-5000,HIGH_VOLUME,,25276,0.437,Better than the National Benchmark,26
COX MEDICAL CENTERS,3801 SOUTH NATIONAL AVENUE,SPRINGFIELD,MO,65807,(417) 269-6000,HIGH_VOLUME,,25160,0.593,Better than the National Benchmark,15
OUR LADY OF THE LAKE REGIONAL MEDICAL CENTER,5000 HENNESSY BLVD,BATON ROUGE,LA,70808,(225) 765-6565,HIGH_VOLUME,,24871,0.308,Better than the National Benchmark,21
SUNY/STONY BROOK UNIVERSITY HOSPITAL,HEALTH SCIENCES CENTER SUNY,STONY BROOK,NY,11794,(631) 444-4000,HIGH_VOLUME,HAC_AT_RISK,24692,0.338,Better than the National Benchmark,43
GEISINGER MEDICAL CENTER,100 NORTH ACADEMY AVENUE,DANVILLE,PA,17822,(570) 271-6211,HIGH_VOLUME,HAC_PENALIZED,24630,0.585,Better than the National Benchmark,23
HOUSTON METHODIST HOSPITAL,6565 FANNIN,HOUSTON,TX,77030,(713) 790-2221,HIGH_VOLUME,,24613,0.468,Better than the National Benchmark,51
Baylor St Lukes Medical Center,"6720 BERTNER AVE, STE MC1-266",HOUSTON,TX,77030,(832) 355-1000,HIGH_VOLUME,,24488,0.303,Better than the National Benchmark,27
UC SAN DIEGO HEALTH HILLCREST - HILLCREST MED CTR,200 WEST ARBOR DRIVE,SAN DIEGO,CA,92103,(619) 543-6222,HIGH_VOLUME,,24389,0.571,Better than the National Benchmark,48
OHSU HOSPITAL AND CLINICS,3181 SW SAM JACKSON PARK ROAD,PORTLAND,OR,97239,(503) 494-9000,HIGH_VOLUME,HAC_PENALIZED,24318,0.838,No Different than National Benchmark,45
DEACONESS HOSPITAL INC,600 MARY ST,EVANSVILLE,IN,47747,(812) 450-5000,HIGH_VOLUME,,24197,0.246,Better than the National Benchmark,26
NORTHWESTERN MEMORIAL HOSPITAL,251 E HURON ST,CHICAGO,IL,60611,(312) 926-2000,HIGH_VOLUME,,24007,0.821,No Different than National Benchmark,61
UNIVERSITY OF COLORADO HOSPITAL AUTHORITY,12605 E 16TH AVE,AURORA,CO,80045,(720) 848-0000,HIGH_VOLUME,,23992,0.432,Better than the National Benchmark,62
BAPTIST MEDICAL CENTER,111 DALLAS STREET,SAN ANTONIO,TX,78205,(210) 297-8256,HIGH_VOLUME,,23843,0.291,Better than the National Benchmark,38
INTERMOUNTAIN MEDICAL CENTER,5121 SOUTH COTTONWOOD STREET,MURRAY,UT,84107,(801) 507-7000,HIGH_VOLUME,,23788,0.62,Better than the National Benchmark,28
O U MEDICAL CENTER,700 NE 13TH STREET,OKLAHOMA CITY,OK,73104,(405) 271-5911,HIGH_VOLUME,HAC_PENALIZED,23680,0.543,Better than the National Benchmark,22
UNIVERSITY OF IOWA HOSPITAL & CLINICS,200 HAWKINS DRIVE,IOWA CITY,IA,52242,(319) 356-1616,HIGH_VOLUME,,23637,0.62,Better than the National Benchmark,43
UNIVERSITY OF TEXAS MEDICAL BRANCH GALVESTON,301 UNIVERSITY BOULEVARD,GALVESTON,TX,77555,(409) 772-1011,HIGH_VOLUME,HAC_PENALIZED,23506,1.001,No Different than National Benchmark,26
LAKELAND REGIONAL MEDICAL CENTER,1324 LAKELAND HILLS BLVD,LAKELAND,FL,33805,(863) 687-1100,HIGH_VOLUME,HAC_PENALIZED,23494,0.62,Better than the National Benchmark,14
BAYSTATE MEDICAL CENTER,759 CHESTNUT STREET,SPRINGFIELD,MA,1199,(413) 794-0000,HIGH_VOLUME,HAC_PENALIZED,23389,0.673,Better than the National Benchmark,22
RIVERSIDE METHODIST HOSPITAL,3535 OLENTANGY RIVER RD,COLUMBUS,OH,43214,(614) 566-5000,HIGH_VOLUME,HAC_PENALIZED,23293,0.508,Better than the National Benchmark,43
MAINEHEALTH MAINE MEDICAL CENTER,22 BRAMHALL ST,PORTLAND,ME,4102,(207) 662-0111,HIGH_VOLUME,HAC_AT_RISK,23253,1.091,No Different than National Benchmark,34
RONALD REAGAN UCLA MEDICAL CENTER,757 WESTWOOD PLAZA,LOS ANGELES,CA,90095,(310) 825-6301,HIGH_VOLUME,,23219,0.677,Better than the National Benchmark,71
ALLEGHENY GENERAL HOSPITAL,320 EAST NORTH AVENUE,PITTSBURGH,PA,15212,(412) 359-3131,HIGH_VOLUME,,23104,0.399,Better than the National Benchmark,21
UNIVERSITY OF WASHINGTON MEDICAL CTR,1959 NE PACIFIC ST  BOX 356151,SEATTLE,WA,98195,(206) 598-3300,HIGH_VOLUME,HAC_PENALIZED,23052,1.322,No Different than National Benchmark,64
BAYLOR UNIVERSITY MEDICAL CENTER,3500 GASTON AVE,DALLAS,TX,75246,(214) 820-8082,HIGH_VOLUME,,23007,0.413,Better than the National Benchmark,16
ERIE COUNTY MEDICAL CENTER,462 GRIDER STREET,BUFFALO,NY,14215,(716) 898-3936,HIGH_VOLUME,HAC_PENALIZED,22849,0.221,Better than the National Benchmark,10
NORTHSHORE UNIVERSITY HEALTHSYSTEM - EVANSTON HOSPITAL,2650 RIDGE AVE,EVANSTON,IL,60201,(847) 570-2000,HIGH_VOLUME,,22753,0.275,Better than the National Benchmark,38
"LAHEY HOSPITAL & MEDICAL CENTER, BURLINGTON",41 & 45 MALL ROAD,BURLINGTON,MA,1803,(781) 744-5100,HIGH_VOLUME,HAC_AT_RISK,22725,0.637,Better than the National Benchmark,33
BAPTIST MEMORIAL HOSPITAL,6019 WALNUT GROVE ROAD,MEMPHIS,TN,38120,(901) 226-5000,HIGH_VOLUME,HAC_PENALIZED,22635,0.449,Better than the National Benchmark,33
UNIVERSITY OF MISSOURI HEALTH CARE,ONE HOSPITAL DRIVE,COLUMBIA,MO,65212,(573) 882-4141,HIGH_VOLUME,,22590,0.558,Better than the National Benchmark,21
NEW YORK-PRESBYTERIAN/QUEENS,56-45 MAIN STREET,FLUSHING,NY,11355,(718) 670-2000,HIGH_VOLUME,,22532,0.254,Better than the National Benchmark,24
UH CLEVELAND MEDICAL CENTER,11100 EUCLID AVENUE,CLEVELAND,OH,44106,(216) 844-1000,HIGH_VOLUME,HAC_AT_RISK,22484,0.264,Better than the National Benchmark,45
COMMUNITY REGIONAL MEDICAL CENTER,2823 FRESNO STREET,FRESNO,CA,93721,(559) 459-6000,HIGH_VOLUME,,22465,1.096,No Different than National Benchmark,17
ORLANDO HEALTH,52 W UNDERWOOD ST,ORLANDO,FL,32806,(321) 841-5111,HIGH_VOLUME,,22430,0.204,Better than the National Benchmark,60
DCH REGIONAL MEDICAL CENTER,809 UNIVERSITY BOULEVARD EAST,TUSCALOOSA,AL,35401,(205) 759-7111,HIGH_VOLUME,,22070,0.35,Better than the National Benchmark,7
PARKVIEW REGIONAL MEDICAL CENTER,11109 PARKVIEW PLAZA DRIVE,FORT WAYNE,IN,46845,(260) 266-1195,HIGH_VOLUME,,21866,0.375,Better than the National Benchmark,26
TEMPLE UNIVERSITY HOSPITAL,3401 NORTH BROAD STREET,PHILADELPHIA,PA,19140,(215) 707-2000,HIGH_VOLUME,,21856,0.517,Better than the National Benchmark,41
MAYO CLINIC HOSPITAL,5777 EAST MAYO BOULEVARD,PHOENIX,AZ,85054,(480) 342-4201,HIGH_VOLUME,,21757,0.645,No Different than National Benchmark,40
UNITYPOINT HEALTH - DES MOINES IOWA METHODIST MEDI,1200 PLEASANT STREET,DES MOINES,IA,50309,(515) 241-6212,HIGH_VOLUME,,21719,0.46,Better than the National Benchmark,21
SUNRISE HOSPITAL AND MEDICAL CENTER,3186 S MARYLAND PKWY,LAS VEGAS,NV,89109,(702) 731-8000,HIGH_VOLUME,,21635,0.33,Better than the National Benchmark,9
ST. JOSEPH'S HOSPITAL AND MEDICAL CENTER,350 WEST THOMAS ROAD,PHOENIX,AZ,85013,(602) 406-8225,HIGH_VOLUME,,21473,0.368,Better than the National Benchmark,26
OCHSNER MEDICAL CENTER ACUTE,1516 JEFFERSON HWY,NEW ORLEANS,LA,70121,(504) 842-3000,HIGH_VOLUME,,21395,0.225,Better than the National Benchmark,47
SPARTANBURG MEDICAL CENTER,101 E WOOD ST,SPARTANBURG,SC,29303,(864) 560-6554,HIGH_VOLUME,,21303,0.615,Better than the National Benchmark,16
"WAKEMED, RALEIGH CAMPUS",3000 NEW BERN AVE,RALEIGH,NC,27610,(919) 350-8000,HIGH_VOLUME,,21157,0.118,Better than the National Benchmark,24
UNIVERSITY OF MARYLAND MEDICAL CENTER,22 SOUTH  GREENE STREET,BALTIMORE,MD,21201,(410) 328-8667,HIGH_VOLUME,HAC_AT_RISK,21041,0.97,No Different than National Benchmark,36
LOMA LINDA UNIVERSITY MEDICAL CENTER,11234 ANDERSON ST,LOMA LINDA,CA,92354,(909) 558-4000,HIGH_VOLUME,,21029,0.47,Better than the National Benchmark,24
ADVOCATE CHRIST HOSPITAL & MEDICAL CENTER,4440 W 95TH STREET,OAK LAWN,IL,60453,(708) 684-8000,HIGH_VOLUME,,20799,0.673,Better than the National Benchmark,32
"WEST VIRGINIA UNIVERSITY HOSPITALS, INC",MEDICAL CENTER DRIVE,MORGANTOWN,WV,26506,(304) 598-4000,HIGH_VOLUME,HAC_PENALIZED,20481,0.66,Better than the National Benchmark,31
ECU HEALTH MEDICAL CENTER,2100 STANTONSBURG RD,GREENVILLE,NC,27834,(252) 847-4100,HIGH_VOLUME,,20081,0.852,No Different than National Benchmark,26
BANNER DESERT MEDICAL CENTER,1400 SOUTH  DOBSON ROAD,MESA,AZ,85202,(480) 412-3000,HIGH_VOLUME,,20075,0.594,Better than the National Benchmark,12
JACKSON-MADISON COUNTY GENERAL HOSPITAL,620 SKYLINE DRIVE,JACKSON,TN,38301,(731) 541-5000,HIGH_VOLUME,,20071,0.217,Better than the National Benchmark,14
HILLCREST MEDICAL CENTER,1120 SOUTH UTICA AVENUE,TULSA,OK,74104,(918) 579-1000,HIGH_VOLUME,,19969,0.216,Better than the National Benchmark,9
RENOWN REGIONAL MEDICAL CENTER,1155 MILL STREET,RENO,NV,89502,(775) 982-4100,HIGH_VOLUME,,19966,0.297,Better than the National Benchmark,30
PROMEDICA TOLEDO HOSPITAL,2142 NORTH COVE BOULEVARD,TOLEDO,OH,43606,(419) 291-7463,HIGH_VOLUME,HAC_PENALIZED,19884,0.406,Better than the National Benchmark,29
UNIVERSITY MEDICAL CENTER,602 INDIANA AVENUE,LUBBOCK,TX,79415,(806) 775-8200,HIGH_VOLUME,,19689,0.335,Better than the National Benchmark,14
MAIMONIDES MEDICAL CENTER,4802 TENTH AVENUE,BROOKLYN,NY,11219,(718) 283-6000,HIGH_VOLUME,HAC_PENALIZED,19641,1.036,No Different than National Benchmark,27
SANTA CLARA VALLEY MEDICAL CENTER,751 SOUTH BASCOM AVENUE,SAN JOSE,CA,95128,(408) 885-5000,HIGH_VOLUME,,19606,1.219,No Different than National Benchmark,22
UNIV. OF VERMONT - FLETCHER ALLEN HEALTH CARE,111 COLCHESTER AVE,BURLINGTON,VT,5401,(802) 847-0000,HIGH_VOLUME,HAC_PENALIZED,19586,0.928,No Different than National Benchmark,25
ROCHESTER GENERAL HOSPITAL,1425 PORTLAND AVENUE,ROCHESTER,NY,14621,(585) 922-4000,HIGH_VOLUME,HAC_PENALIZED,19539,0.624,Better than the National Benchmark,20
COOPER UNIVERSITY HOSPITAL,1 COOPER PLAZA,CAMDEN,NJ,8103,(856) 342-2000,HIGH_VOLUME,HAC_PENALIZED,19498,1.182,No Different than National Benchmark,42
M HEALTH FAIRVIEW UNIVERSITY OF MN,2450 RIVERSIDE AVENUE,MINNEAPOLIS,MN,55454,(612) 624-1765,HIGH_VOLUME,,19483,0.763,No Different than National Benchmark,45
CHRIST HOSPITAL,2139 AUBURN AVENUE,CINCINNATI,OH,45219,(513) 585-2000,HIGH_VOLUME,,19406,0.406,Better than the National Benchmark,18
JEFFERSON HEALTH- NORTHEAST,10800 KNIGHTS ROAD,PHILADELPHIA,PA,19114,(215) 612-4000,HIGH_VOLUME,,19362,0.617,Better than the National Benchmark,19
SARASOTA MEMORIAL HOSPITAL,1700 S TAMIAMI TRL,SARASOTA,FL,34239,(941) 917-9000,HIGH_VOLUME,,19348,0.714,No Different than National Benchmark,42
MARY HITCHCOCK MEMORIAL HOSPITAL,1 MEDICAL CENTER DRIVE,LEBANON,NH,3756,(603) 650-5000,HIGH_VOLUME,HAC_PENALIZED,19240,0.64,Better than the National Benchmark,46
MEMORIAL MEDICAL CENTER,701 N FIRST ST,SPRINGFIELD,IL,62702,(217) 788-3000,HIGH_VOLUME,HAC_PENALIZED,19218,0.621,Better than the National Benchmark,20
HACKENSACK UNIVERSITY MEDICAL CENTER,30 PROSPECT AVE,HACKENSACK,NJ,7601,(551) 996-2000,HIGH_VOLUME,,19098,0.331,Better than the National Benchmark,47
PARKLAND HEALTH & HOSPITAL SYSTEM,5200 HARRY HINES BLVD,DALLAS,TX,75235,(214) 590-8000,HIGH_VOLUME,HAC_PENALIZED,19076,0.98,No Different than National Benchmark,32
STATEN ISLAND UNIVERSITY HOSPITAL,475 SEAVIEW AVENUE,STATEN ISLAND,NY,10305,(418) 226-9761,HIGH_VOLUME,,19032,0.396,Better than the National Benchmark,17
MOUNT CARMEL EAST & WEST,6001 EAST BROAD STREET,COLUMBUS,OH,43213,(614) 234-5000,HIGH_CAUTI,HAC_PENALIZED,19011,1.478,Worse than the National Benchmark,31
HILLCREST HOSPITAL,6780 MAYFIELD ROAD,MAYFIELD HEIGHTS,OH,44124,(440) 312-4500,HIGH_VOLUME,,18696,0.394,Better than the National Benchmark,44
BETH ISRAEL DEACONESS MEDICAL CENTER,330 BROOKLINE AVENUE,BOSTON,MA,2215,(617) 667-7000,HIGH_VOLUME,HAC_PENALIZED,18668,0.554,Better than the National Benchmark,41
MORRISTOWN MEDICAL CENTER,100 MADISON AVE,MORRISTOWN,NJ,7962,(973) 971-5450,HIGH_VOLUME,,18594,0.358,Better than the National Benchmark,62
BAPTIST MEDICAL CENTER SOUTH,2105 EAST SOUTH BOULEVARD,MONTGOMERY,AL,36116,(334) 288-2100,HIGH_VOLUME,,18561,0.612,Better than the National Benchmark,11
UNIVERSITY OF WI  HOSPITALS & CLINICS AUTHORITY,600 HIGHLAND AVENUE,MADISON,WI,53792,(608) 263-6400,HIGH_VOLUME,HAC_AT_RISK,18555,0.84,No Different than National Benchmark,51
NOVANT HEALTH NEW HANOVER REGIONAL MEDICAL CENTER,2131 S 17TH ST,WILMINGTON,NC,28402,(910) 343-7000,HIGH_VOLUME,HAC_AT_RISK,18517,0.866,No Different than National Benchmark,23
BAYLOR SCOTT & WHITE MEDICAL CENTER - TEMPLE,2401 S  31ST ST,TEMPLE,TX,76508,(254) 724-2111,HIGH_VOLUME,,18360,0.479,Better than the National Benchmark,28
MILTON S HERSHEY MEDICAL CENTER,500 UNIVERSITY DRIVE,HERSHEY,PA,17033,(717) 531-8521,HIGH_VOLUME,,18256,0.659,No Different than National Benchmark,38
LANCASTER GENERAL HOSPITAL,555 NORTH DUKE STREET,LANCASTER,PA,17602,(717) 544-5511,HIGH_VOLUME,,18220,0.898,No Different than National Benchmark,26
MERCYONE DES MOINES MEDICAL CENTER,1111 6TH AVE,DES MOINES,IA,50314,(515) 247-4436,HIGH_VOLUME,,18191,0.467,Better than the National Benchmark,17
ERLANGER MEDICAL CENTER,975 E 3RD ST,CHATTANOOGA,TN,37403,(423) 778-7000,HIGH_VOLUME,,18117,0.332,Better than the National Benchmark,11
UNIVERSITY OF CALIFORNIA IRVINE MEDICAL CENTER,101 CITY DRIVE SOUTH,ORANGE,CA,92868,(714) 456-7890,HIGH_VOLUME,,17908,0.523,Better than the National Benchmark,41
SENTARA NORFOLK GENERAL HOSPITAL,600 GRESHAM DR,NORFOLK,VA,23507,(757) 388-3000,HIGH_VOLUME,,17783,0.316,Better than the National Benchmark,32
JEFFERSON ABINGTON HOSPITAL,1200 OLD YORK ROAD,ABINGTON,PA,19001,(215) 481-2000,HIGH_VOLUME,,17721,0.422,Better than the National Benchmark,17
COOPERMAN BARNABAS MEDICAL CENTER,94 OLD SHORT HILLS ROAD,LIVINGSTON,NJ,7039,(973) 322-5000,HIGH_VOLUME,,17609,0.242,Better than the National Benchmark,22
REX HOSPITAL,4420 LAKE BOONE TRAIL,RALEIGH,NC,27607,(919) 784-3100,HIGH_VOLUME,HAC_PENALIZED,17573,0.647,No Different than National Benchmark,35
EISENHOWER MEDICAL CENTER,39-000 BOB HOPE DRIVE,RANCHO MIRAGE,CA,92270,(760) 340-3911,HIGH_VOLUME,,17518,0.498,Better than the National Benchmark,19
CAROLINAS MEDICAL CENTER-NORTHEAST,920 CHURCH ST N,CONCORD,NC,28025,(704) 783-3000,HIGH_VOLUME,,17497,0.316,Better than the National Benchmark,19
UNM HOSPITAL,2211 LOMAS BOULEVARD NE,ALBUQUERQUE,NM,87106,(505) 272-2111,HIGH_VOLUME,HAC_PENALIZED,17497,0.498,Better than the National Benchmark,16
ANMED HEALTH,800 N FANT ST,ANDERSON,SC,29621,(864) 512-2830,HIGH_VOLUME,,17489,0.475,Better than the National Benchmark,10
"INTEGRIS BAPTIST MEDICAL CENTER, INC",3300 NORTHWEST EXPRESSWAY,OKLAHOMA CITY,OK,73112,(405) 949-3011,HIGH_VOLUME,,17407,0.27,Better than the National Benchmark,27
THOMAS JEFFERSON UNIVERSITY HOSPITAL,111 SOUTH 11TH STREET,PHILADELPHIA,PA,19107,(215) 955-6000,HIGH_VOLUME,HAC_PENALIZED,17346,0.573,Better than the National Benchmark,33
JOHNS HOPKINS BAYVIEW MEDICAL CENTER,4940 EASTERN AVENUE,BALTIMORE,MD,21224,(410) 550-0123,HIGH_VOLUME,HAC_AT_RISK,17258,0.708,No Different than National Benchmark,36
KAISER FOUNDATION HOSPITAL FONTANA/ONTARIO,9961 SIERRA AVE,FONTANA,CA,92335,(909) 427-5000,HIGH_VOLUME,,17104,0.456,Better than the National Benchmark,4
FAIRVIEW HOSPITAL,18101 LORAIN AVENUE,CLEVELAND,OH,44111,(216) 476-7000,HIGH_VOLUME,,17062,0.171,Better than the National Benchmark,18
CROUSE HOSPITAL,736 IRVING AVENUE,SYRACUSE,NY,13210,(315) 470-7449,HIGH_VOLUME,,16901,0.063,Better than the National Benchmark,18
ST JOSEPH'S HOSPITAL HEALTH CENTER,301 PROSPECT AVENUE,SYRACUSE,NY,13203,(315) 448-5111,HIGH_VOLUME,,16899,0.856,No Different than National Benchmark,15
THE NEBRASKA MEDICAL CENTER,988102 Nebrasks Medical Center,OMAHA,NE,68198,(402) 559-4000,HIGH_VOLUME,,16852,0.714,No Different than National Benchmark,49
CHRISTIANA HOSPITAL,4755 OGLETOWN-STANTON ROAD,NEWARK,DE,19718,(302) 733-3609,HIGH_VOLUME,,16824,0.761,No Different than National Benchmark,36
ENLOE HEALTH,1531 ESPLANADE,CHICO,CA,95926,(530) 332-7300,HIGH_VOLUME,,16790,0.339,Better than the National Benchmark,12
NORTH MEMORIAL HEALTH HOSPITAL,3300 OAKDALE NORTH,ROBBINSDALE,MN,55422,(763) 520-5200,HIGH_CAUTI,,16770,1.597,Worse than the National Benchmark,10
PRISMA HEALTH GREENVILLE MEMORIAL HOSPITAL,701 GROVE ROAD,GREENVILLE,SC,29605,(864) 455-7000,HIGH_VOLUME,,16721,0.58,Better than the National Benchmark,22
WYNN HOSPITAL,1656 CHAMPLIN AVENUE,UTICA,NY,13503,(315) 624-6002,HIGH_VOLUME,HAC_PENALIZED,16611,0.905,No Different than National Benchmark,17
COOKEVILLE REGIONAL MEDICAL CENTER,1 MEDICAL CENTER BOULEVARD,COOKEVILLE,TN,38501,(931) 783-2000,HIGH_VOLUME,HAC_PENALIZED,16600,0.491,Better than the National Benchmark,8
SAINT JOSEPH HOSPITAL,ONE SAINT JOSEPH DRIVE,LEXINGTON,KY,40504,(859) 313-1000,HIGH_VOLUME,,16592,0.203,Better than the National Benchmark,15
PIKEVILLE MEDICAL CENTER,911 BYPASS ROAD,PIKEVILLE,KY,41501,(606) 437-3500,HIGH_VOLUME,HAC_PENALIZED,16579,1.225,No Different than National Benchmark,5
UAMS MEDICAL CENTER,4301 WEST MARKHAM STREET MAIL SLOT 612,LITTLE ROCK,AR,72205,(501) 686-5000,HIGH_VOLUME,,16568,0.806,No Different than National Benchmark,15
MERCY HOSPITAL ST LOUIS,615 NEW BALLAS ROAD,SAINT LOUIS,MO,63141,(314) 251-6000,HIGH_VOLUME,,16559,0.606,Better than the National Benchmark,24
ADVOCATE LUTHERAN GENERAL HOSPITAL,1775 DEMPSTER ST,PARK RIDGE,IL,60068,(847) 723-2210,HIGH_VOLUME,,16536,0.538,Better than the National Benchmark,33
KETTERING HEALTH MAIN CAMPUS,3535 SOUTHERN BOULEVARD,KETTERING,OH,45429,(937) 298-4331,HIGH_VOLUME,,16513,0.612,No Different than National Benchmark,14
ABBOTT NORTHWESTERN HOSPITAL,800 EAST 28TH STREET,MINNEAPOLIS,MN,55407,(612) 863-4000,HIGH_VOLUME,,16437,0.803,No Different than National Benchmark,33
LEXINGTON MEDICAL CENTER,2720 SUNSET BLVD,WEST COLUMBIA,SC,29169,(803) 791-2000,HIGH_VOLUME,,16373,0.459,Better than the National Benchmark,19
CHI-ST VINCENT INFIRMARY,TWO ST VINCENT CIRCLE,LITTLE ROCK,AR,72205,(501) 552-3000,HIGH_VOLUME,,16341,0.138,Better than the National Benchmark,14
SAINT FRANCIS MEDICAL CENTER,530 NE GLEN OAK AVE,PEORIA,IL,61637,(309) 655-2000,HIGH_VOLUME,HAC_PENALIZED,16152,0.65,No Different than National Benchmark,17
UPMC PASSAVANT,9100 BABCOCK BOULEVARD,PITTSBURGH,PA,15237,(412) 367-6700,HIGH_VOLUME,,16130,0.45,Better than the National Benchmark,25
REGIONS HOSPITAL,640 JACKSON STREET,SAINT PAUL,MN,55101,(651) 254-1616,HIGH_VOLUME,,16115,0.629,No Different than National Benchmark,19
NORTH MISSISSIPPI MEDICAL CENTER,830 S GLOSTER STREET,TUPELO,MS,38801,(662) 377-6608,HIGH_VOLUME,HAC_PENALIZED,16115,1.208,No Different than National Benchmark,16
ST LUKE'S HOSPITAL BETHLEHEM,801 OSTRUM STREET,BETHLEHEM,PA,18015,(484) 526-4000,HIGH_VOLUME,,15912,0.233,Better than the National Benchmark,33
VIRGINIA MASON MEDICAL CENTER,925 SENECA ST,SEATTLE,WA,98101,(206) 223-6600,HIGH_VOLUME,,15884,0.206,Better than the National Benchmark,19
MAYO CLINIC,4500 SAN PABLO RD,JACKSONVILLE,FL,32224,(904) 953-2000,HIGH_VOLUME,,15863,0.363,Better than the National Benchmark,22
MEDICAL CITY PLANO,3901 W 15TH ST,PLANO,TX,75075,(972) 596-6800,HIGH_VOLUME,,15810,0.255,Better than the National Benchmark,20
NAPLES COMMUNITY HOSPITAL,350 7TH ST N,NAPLES,FL,34102,(239) 624-5000,HIGH_VOLUME,,15794,0.677,No Different than National Benchmark,25
"MEMORIAL HEALTHCARE SYSTEM, INC",2525 DESALES AVE,CHATTANOOGA,TN,37404,(423) 495-2525,HIGH_VOLUME,,15784,0.412,Better than the National Benchmark,14
GEISINGER WYOMING VALLEY MEDICAL CENTER,1000 EAST MOUNTAIN BOULEVARD,WILKES BARRE,PA,18711,(570) 826-7300,HIGH_VOLUME,HAC_AT_RISK,15679,0.631,No Different than National Benchmark,20
GRANT MEDICAL CENTER,111 SOUTH GRANT AVENUE,COLUMBUS,OH,43215,(614) 566-9164,HIGH_VOLUME,HAC_PENALIZED,15670,0.342,Better than the National Benchmark,34
SAINT AGNES MEDICAL CENTER,1303 E HERNDON AVE,FRESNO,CA,93720,(559) 450-3000,HIGH_VOLUME,,15663,0.576,No Different than National Benchmark,13
CENTURA HEALTH-ST ANTHONY HOSPITAL,11600 W 2ND PL,LAKEWOOD,CO,80228,(720) 321-0000,HIGH_VOLUME,,15657,0.122,Better than the National Benchmark,14
SOUTHEAST HEALTH MEDICAL CENTER,1108 ROSS CLARK CIRCLE,DOTHAN,AL,36301,(334) 793-8701,HIGH_VOLUME,,15644,0.176,Better than the National Benchmark,7
BANNER THUNDERBIRD MEDICAL CENTER,5555 WEST THUNDERBIRD ROAD,GLENDALE,AZ,85306,(602) 865-4470,HIGH_VOLUME,,15524,0.352,Better than the National Benchmark,13
UNIVERSITY OF VIRGINIA MEDICAL CENTER,1215 LEE STREET,CHARLOTTESVILLE,VA,22908,(434) 924-0000,HIGH_VOLUME,HAC_AT_RISK,15493,0.895,No Different than National Benchmark,43
GROSSMONT HOSPITAL,5555 GROSSMONT CENTER DRIVE BOX 58,LA MESA,CA,91942,(619) 465-0711,HIGH_VOLUME,,15492,0.277,Better than the National Benchmark,24
SHARP MEMORIAL HOSPITAL,7901 FROST ST,SAN DIEGO,CA,92123,(858) 939-3400,HIGH_VOLUME,,15459,0.709,No Different than National Benchmark,16
PROVIDENCE REGIONAL MEDICAL CENTER EVERETT,1321 COLBY AVENUE,EVERETT,WA,98201,(425) 261-2000,HIGH_VOLUME,,15383,0.358,Better than the National Benchmark,14
"CABELL HUNTINGTON HOSPITAL, INC",1340 HAL GREER BOULEVARD,HUNTINGTON,WV,25701,(304) 526-2000,HIGH_VOLUME,,15377,0.457,Better than the National Benchmark,11
WELLSPAN YORK HOSPITAL,1001 SOUTH GEORGE STREET,YORK,PA,17403,(717) 851-2345,HIGH_VOLUME,,15371,0.726,No Different than National Benchmark,29
TACOMA GENERAL ALLENMORE HOSPITAL,315 S MLK JR WAY,TACOMA,WA,98405,(253) 403-1000,HIGH_VOLUME,HAC_PENALIZED,15342,0.984,No Different than National Benchmark,35
HALIFAX HEALTH MEDICAL CENTER,303 N CLYDE MORRIS BLVD,DAYTONA BEACH,FL,32114,(386) 254-4000,HIGH_VOLUME,,15151,0.527,Better than the National Benchmark,18
HENNEPIN COUNTY MEDICAL CENTER,701 PARK AVENUE,MINNEAPOLIS,MN,55415,(612) 873-6422,HIGH_VOLUME,,15124,0.638,No Different than National Benchmark,16
BETHESDA NORTH,10500 MONTGOMERY ROAD,CINCINNATI,OH,45242,(513) 865-5544,HIGH_VOLUME,,15103,0.504,Better than the National Benchmark,36
ST BERNARDS MEDICAL CENTER,225 E WASHINGTON AVE,JONESBORO,AR,72401,(870) 972-4100,HIGH_VOLUME,,15048,0.372,Better than the National Benchmark,7
UCH-MEMORIAL HEALTH SYSTEM,1400 E BOULDER ST,COLORADO SPRINGS,CO,80909,(719) 365-5000,HIGH_VOLUME,,14969,0.856,No Different than National Benchmark,25
VHS HARLINGEN HOSPITAL COMPANY LLC,2101 PEASE ST,HARLINGEN,TX,78550,(956) 389-1100,HIGH_VOLUME,,14918,0.213,Better than the National Benchmark,4
HUNTINGTON HOSPITAL,100 W  CALIFORNIA BLVD,PASADENA,CA,91109,(626) 397-5000,HIGH_VOLUME,,14884,1.228,No Different than National Benchmark,16
ANTELOPE VALLEY HOSPITAL,1600 W AVE J,LANCASTER,CA,93534,(661) 949-5500,HIGH_VOLUME,,14865,1.011,No Different than National Benchmark,9
SOUTHCOAST HOSPITALS GROUP,363 HIGHLAND AVENUE,FALL RIVER,MA,2720,(508) 679-3131,HIGH_VOLUME,,14818,0.578,No Different than National Benchmark,23
MERCY HOSPITAL OF BUFFALO,565 ABBOTT ROAD,BUFFALO,NY,14220,(716) 826-7000,HIGH_VOLUME,,14775,0.323,Better than the National Benchmark,14
COVENANT MEDICAL CENTER,3615 19TH STREET,LUBBOCK,TX,79410,(806) 725-4431,HIGH_VOLUME,,14772,0.271,Better than the National Benchmark,14
BAPTIST HEALTH MEDICAL CENTER - JACKSONVILLE,800 PRUDENTIAL DR,JACKSONVILLE,FL,32207,(904) 202-2000,HIGH_VOLUME,,14756,0.675,No Different than National Benchmark,44
TUFTS MEDICAL CENTER,800 WASHINGTON STREET,BOSTON,MA,2111,(617) 636-5000,HIGH_VOLUME,HAC_PENALIZED,14714,0.868,No Different than National Benchmark,30
SUMMA HEALTH SYSTEM,525 EAST MARKET STREET,AKRON,OH,44309,(330) 375-3000,HIGH_VOLUME,HAC_PENALIZED,14671,0.323,Better than the National Benchmark,17
LUTHERAN HOSPITAL OF INDIANA,7950 W JEFFERSON BLVD,FORT WAYNE,IN,46804,(260) 435-7001,HIGH_VOLUME,,14621,0.558,Better than the National Benchmark,9
PRISMA HEALTH RICHLAND HOSPITAL,5 MEDICAL PARK,COLUMBIA,SC,29203,(803) 296-2548,HIGH_VOLUME,HAC_AT_RISK,14521,0.628,No Different than National Benchmark,21
MEMORIALCARE LONG BEACH MEDICAL CENTER,2801 ATLANTIC AVE,LONG BEACH,CA,90806,(562) 933-2000,HIGH_VOLUME,,14425,0.552,Better than the National Benchmark,19
MOBILE INFIRMARY MEDICAL CENTER,5 MOBILE INFIRMARY CIRCLE,MOBILE,AL,36607,(251) 435-4700,HIGH_VOLUME,,14419,1.036,No Different than National Benchmark,23
ST CLOUD HOSPITAL,1406 6TH AVE NORTH,SAINT CLOUD,MN,56303,(320) 255-5661,HIGH_VOLUME,,14369,0.268,Better than the National Benchmark,10
CAROMONT REGIONAL MEDICAL CENTER,2525 COURT DR,GASTONIA,NC,28052,(704) 834-4891,HIGH_VOLUME,,14336,0.065,Better than the National Benchmark,14
CHRISTUS SPOHN HOSPITAL CORPUS CHRISTI,600 ELIZABETH STREET,CORPUS CHRISTI,TX,78404,(361) 902-4103,HIGH_VOLUME,,14330,0.271,Better than the National Benchmark,12
PROVIDENCE ST PETER HOSPITAL,413 LILLY ROAD NE,OLYMPIA,WA,98506,(360) 493-7179,HIGH_VOLUME,HAC_AT_RISK,14319,0.976,No Different than National Benchmark,13
TALLAHASSEE MEMORIAL HEALTHCARE,1300 MICCOSUKEE RD,TALLAHASSEE,FL,32308,(850) 431-1155,HIGH_VOLUME,,14243,0.332,Better than the National Benchmark,9
RUSH UNIVERSITY MEDICAL CENTER,1653 WEST CONGRESS PARKWAY,CHICAGO,IL,60612,(312) 942-5000,HIGH_VOLUME,,14186,0.392,Better than the National Benchmark,32
WEST JERSEY HOSPITAL,100 BOWMAN DRIVE,VOORHEES,NJ,8043,(856) 247-3000,HIGH_VOLUME,,14176,0.497,Better than the National Benchmark,47
REDLANDS COMMUNITY HOSPITAL,350 TERRACINA BLVD,REDLANDS,CA,92373,(909) 335-5500,HIGH_VOLUME,,14167,0.516,No Different than National Benchmark,5
GRANDVIEW MEDICAL CENTER,3690 GRANDVIEW PARKWAY,BIRMINGHAM,AL,35243,(205) 971-1000,HIGH_VOLUME,,14134,0.412,Better than the National Benchmark,25
OCHSNER LAFAYETTE GENERAL MEDICAL CENTER,1214 COOLIDGE AVENUE,LAFAYETTE,LA,70503,(337) 289-7991,HIGH_VOLUME,HAC_PENALIZED,14103,0.816,No Different than National Benchmark,19
KECK HOSPITAL OF USC,1500 SAN PABLO STREET,LOS ANGELES,CA,90033,(323) 442-8656,HIGH_VOLUME,,14071,0.426,Better than the National Benchmark,39
MULTICARE GOOD SAMARITAN HOSPITAL,401 15TH AVENUE SE,PUYALLUP,WA,98372,(253) 697-2102,HIGH_VOLUME,,14063,0.501,Better than the National Benchmark,10
EAST JEFFERSON GENERAL HOSPITAL,4200 HOUMA BLVD,METAIRIE,LA,70006,(504) 988-5263,HIGH_VOLUME,,14029,0.774,No Different than National Benchmark,35
MERCY HOSPITAL SPRINGFIELD,2115 S. Fremont Ave,SPRINGFIELD,MO,65804,(417) 820-2000,HIGH_VOLUME,,14024,0.19,Better than the National Benchmark,15
MAIN LINE HOSPITAL LANKENAU,100 LANCASTER AVE,WYNNEWOOD,PA,19096,(610) 645-2000,HIGH_VOLUME,,13994,0.484,Better than the National Benchmark,38
CENTURA HEALTH-PENROSE ST FRANCIS HEALTH SERVICES,2222 N NEVADA AVE,COLORADO SPRINGS,CO,80907,(719) 776-5000,HIGH_VOLUME,,13978,0.396,Better than the National Benchmark,16
ST DOMINIC-JACKSON MEMORIAL HOSPITAL,969 LAKELAND DR,JACKSON,MS,39216,(601) 200-2000,HIGH_VOLUME,,13925,0.364,Better than the National Benchmark,12
UPMC HAMOT,201 STATE STREET,ERIE,PA,16550,(814) 877-6000,HIGH_VOLUME,,13924,0.637,No Different than National Benchmark,13
MCLEOD REGIONAL MEDICAL CENTER-PEE DEE,555 E CHEVES ST BOX 8700,FLORENCE,SC,29506,(843) 777-2900,HIGH_VOLUME,HAC_AT_RISK,13910,0.633,No Different than National Benchmark,22
SOUTH SHORE HOSPITAL,55 FOGG ROAD,SOUTH WEYMOUTH,MA,2190,(781) 340-8000,HIGH_VOLUME,HAC_PENALIZED,13872,0.457,Better than the National Benchmark,15
ST FRANCIS HOSPITAL - THE HEART CENTER,100 PORT WASHINGTON BOULEVARD,ROSLYN,NY,11576,(516) 562-6000,HIGH_VOLUME,,13857,0,Better than the National Benchmark,19
SOUTH TEXAS HEALTH SYSTEM,1102 W TRENTON ROAD,EDINBURG,TX,78539,(956) 632-4000,HIGH_VOLUME,,13850,0.885,No Different than National Benchmark,11
SPRING VALLEY HOSPITAL MEDICAL CENTER,5400 SOUTH RAINBOW BLVD,LAS VEGAS,NV,89118,(702) 853-3000,HIGH_VOLUME,,13760,0.176,Better than the National Benchmark,10
SCRIPPS MERCY HOSPITAL,4077 5TH AVE,SAN DIEGO,CA,92103,(619) 294-8111,HIGH_VOLUME,,13661,0.515,Better than the National Benchmark,19
HOUSTON METHODIST SUGARLAND HOSPITAL,16655 SOUTHWEST FREEWAY,SUGAR LAND,TX,77479,(281) 274-8000,HIGH_VOLUME,,13650,0.295,Better than the National Benchmark,37
HCA HOUSTON HEALTHCARE KINGWOOD,22999 US HWY 59,KINGWOOD,TX,77325,(281) 359-7500,HIGH_VOLUME,,13640,0.121,Better than the National Benchmark,19
ABRAZO WEST CAMPUS,13677 WEST MCDOWELL ROAD,GOODYEAR,AZ,85395,(623) 882-1970,HIGH_VOLUME,,13571,0.871,No Different than National Benchmark,9
CHANDLER REGIONAL MEDICAL CENTER,1955 WEST FRYE ROAD,CHANDLER,AZ,85224,(480) 728-3000,HIGH_VOLUME,,13567,0.336,Better than the National Benchmark,21
EL CAMINO HOSPITAL,2500 GRANT ROAD,MOUNTAIN VIEW,CA,94040,(650) 940-7000,HIGH_VOLUME,,13517,0.535,No Different than National Benchmark,34
PENN PRESBYTERIAN MEDICAL CENTER,51 NORTH 39TH STREET,PHILADELPHIA,PA,19104,(215) 662-8000,HIGH_VOLUME,,13458,0.823,No Different than National Benchmark,47
TRISTAR CENTENNIAL MEDICAL CENTER,2300 PATTERSON STREET,NASHVILLE,TN,37203,(615) 342-1000,HIGH_VOLUME,,13442,0.194,Better than the National Benchmark,14
PRESBYTERIAN HOSPITAL,1100 CENTRAL AVENUE SE,ALBUQUERQUE,NM,87106,(505) 724-8386,HIGH_VOLUME,HAC_PENALIZED,13429,0.962,No Different than National Benchmark,20
WESLEY MEDICAL CENTER,550 N HILLSIDE STREET,WICHITA,KS,67214,(316) 962-2000,HIGH_VOLUME,,13308,0.648,No Different than National Benchmark,18
KAISER FOUNDATION HOSP SO SACRAMENTO,6600 BRUCEVILLE ROAD,SACRAMENTO,CA,95823,(916) 688-2000,HIGH_VOLUME,,13298,1.294,No Different than National Benchmark,4
GULF COAST MEDICAL CENTER LEE HEALTH,13681 DOCTORS WAY,FORT MYERS,FL,33912,(239) 343-1000,HIGH_VOLUME,,13228,0.049,Better than the National Benchmark,31
UOFL HEALTH - JEWISH HOSPITAL and Mary & Elizabeth Hospital,200 ABRAHAM FLEXNER WAY,LOUISVILLE,KY,40202,(502) 587-4011,HIGH_VOLUME,HAC_PENALIZED,13214,0.511,Better than the National Benchmark,22
LOS ANGELES GENERAL MEDICAL CENTER,"2051 MARENGO ST, ROOM C2K100",LOS ANGELES,CA,90033,(323) 226-2800,HIGH_VOLUME,,13210,0.462,Better than the National Benchmark,9
MARION COMMUNTIY HOSPITAL,1431 SW 1ST AVE,OCALA,FL,34471,(352) 401-1000,HIGH_VOLUME,,13189,0,Better than the National Benchmark,11
ST LUKES HOSPITAL OF KANSAS CITY,4401 WORNALL ROAD,KANSAS CITY,MO,64111,(816) 932-2000,HIGH_VOLUME,,13164,0.562,Better than the National Benchmark,34
ST LUKE'S REGIONAL MEDICAL CENTER,190 EAST BANNOCK STREET,BOISE,ID,83712,(208) 381-2222,HIGH_VOLUME,,13149,0.725,No Different than National Benchmark,31
ST JOHNS HOSPITAL,800 E CARPENTER ST,SPRINGFIELD,IL,62769,(217) 544-6464,HIGH_VOLUME,,13146,0.471,Better than the National Benchmark,21
KAISER FOUNDATION HOSPITAL-SANTA CLARA,700 LAWRENCE EXPRESSWAY,SANTA CLARA,CA,95051,(408) 236-6400,HIGH_CAUTI,,13145,1.611,Worse than the National Benchmark,2
ST JOSEPH'S MEDICAL CENTER OF STOCKTON,1800 N CALIFORNIA ST,STOCKTON,CA,95204,(209) 943-2000,HIGH_VOLUME,,13132,0.502,Better than the National Benchmark,8
BSA HOSPITAL,1600 WALLACE BLVD,AMARILLO,TX,79106,(806) 212-2000,HIGH_VOLUME,,13112,0.477,Better than the National Benchmark,11
HARRIS HEALTH,2525 HOLLY HALL,HOUSTON,TX,77054,(713) 566-6417,HIGH_VOLUME,HAC_AT_RISK,13112,0.882,No Different than National Benchmark,32
UNITY HOSPITAL,1555 LONG POND ROAD,ROCHESTER,NY,14626,(585) 723-7000,HIGH_VOLUME,,13103,0.701,No Different than National Benchmark,9
HOAG MEMORIAL HOSPITAL PRESBYTERIAN,ONE HOAG DRIVE,NEWPORT BEACH,CA,92663,(949) 764-4624,HIGH_VOLUME,,13098,0.331,Better than the National Benchmark,47
KAISER FOUNDATION HOSPITAL - OAKLAND/RICHMOND,275 WEST MACARTHUR BOULEVARD,OAKLAND,CA,94611,(510) 752-1000,HIGH_VOLUME,,13085,0.549,No Different than National Benchmark,6
NS/LIJ HS SOUTHSIDE HOSPITAL,301 EAST MAIN STREET,BAY SHORE,NY,11706,(631) 968-3000,HIGH_VOLUME,,13085,0.381,Better than the National Benchmark,8
PRINCETON BAPTIST MEDICAL CENTER,701 PRINCETON AVENUE SOUTHWEST,BIRMINGHAM,AL,35211,(205) 783-3800,HIGH_VOLUME,,12993,0.419,Better than the National Benchmark,5
HOLY CROSS HOSPITAL,1500 FOREST GLEN ROAD,SILVER SPRING,MD,20910,(301) 754-7000,HIGH_VOLUME,HAC_AT_RISK,12991,0.503,Better than the National Benchmark,7
OCHSNER LSU HEALTH SHREVEPORT,1541 KINGS HIGHWAY,SHREVEPORT,LA,71130,(318) 675-5058,HIGH_VOLUME,HAC_PENALIZED,12965,0.434,Better than the National Benchmark,12
SAINT ALPHONSUS REGIONAL MEDICAL CENTER,1055 NORTH CURTIS ROAD,BOISE,ID,83706,(208) 367-2121,HIGH_VOLUME,,12956,0.537,Better than the National Benchmark,22
VALLEY MEDICAL CENTER,400 S 43RD ST,RENTON,WA,98055,(425) 228-3450,HIGH_VOLUME,HAC_PENALIZED,12940,1.417,No Different than National Benchmark,9
MARSHFIELD MEDICAL CENTER,611 ST JOSEPH AVE,MARSHFIELD,WI,54449,(715) 387-9963,HIGH_VOLUME,HAC_PENALIZED,12897,0.346,Better than the National Benchmark,12
UNIVERSITY MEDICAL CENTER,1800 W CHARLESTON BLVD,LAS VEGAS,NV,89102,(702) 383-2000,HIGH_VOLUME,HAC_PENALIZED,12843,0.602,No Different than National Benchmark,6
MERCY HOSPITAL,4050 COON RAPIDS BLVD,COON RAPIDS,MN,55433,(762) 236-8100,HIGH_VOLUME,,12827,0.659,No Different than National Benchmark,10
JOHN H STROGER JR HOSPITAL,1901 W HARRISON ST,CHICAGO,IL,60612,(312) 864-6000,HIGH_VOLUME,,12802,0.658,No Different than National Benchmark,14
GEISINGER-COMMUNITY MEDICAL CENTER,1822 MULBERRY STREET,SCRANTON,PA,18510,(570) 703-8000,HIGH_VOLUME,HAC_PENALIZED,12685,0.514,Better than the National Benchmark,21
READING HOSPITAL,420 S 5TH AVENUE,WEST READING,PA,19611,(610) 988-8000,HIGH_VOLUME,HAC_PENALIZED,12662,0.974,No Different than National Benchmark,24
BILLINGS CLINIC,2800 10TH AVE N,BILLINGS,MT,59101,(406) 657-4000,HIGH_VOLUME,,12661,0.318,Better than the National Benchmark,18
LEGACY EMANUEL MEDICAL CENTER,2801 N GANTENBEIN AVENUE,PORTLAND,OR,97227,(503) 413-2200,HIGH_VOLUME,HAC_PENALIZED,12653,0.859,No Different than National Benchmark,12
JOHN MUIR MEDICAL CENTER - WALNUT CREEK CAMPUS,1601 YGNACIO VALLEY RD,WALNUT CREEK,CA,94598,(925) 939-3000,HIGH_VOLUME,,12611,0.577,Better than the National Benchmark,30
BRIDGEPORT HOSPITAL,267 GRANT STREET,BRIDGEPORT,CT,6610,(203) 384-3000,HIGH_VOLUME,,12513,0.363,Better than the National Benchmark,41
BAPTIST HOSPITAL OF MIAMI,8900 N KENDALL DR,MIAMI,FL,33176,(786) 596-1960,HIGH_VOLUME,,12512,0.414,Better than the National Benchmark,24
"MOUNT SINAI MEDICAL CENTER OF FLORIDA, INC",4300 ALTON RD,MIAMI BEACH,FL,33140,(305) 674-2121,HIGH_VOLUME,HAC_PENALIZED,12507,0.614,No Different than National Benchmark,19
UT HEALTH EAST TEXAS TYLER REGIONAL HOSPITAL,1000 SOUTH BECKHAM AVE,TYLER,TX,75701,(903) 597-0351,HIGH_VOLUME,,12490,0.9,No Different than National Benchmark,16
PROV SACRED HRT MED CTR & CHILDS HOSP.,101 WEST 8TH AVENUE,SPOKANE,WA,99220,(509) 474-3131,HIGH_VOLUME,,12470,0.745,No Different than National Benchmark,12
WINCHESTER MEDICAL CENTER,1840 AMHERST ST,WINCHESTER,VA,22601,(540) 536-8000,HIGH_VOLUME,,12462,0.496,Better than the National Benchmark,12
BROOKDALE HOSPITAL MEDICAL CENTER,1 BROOKDALE PLAZA,BROOKLYN,NY,11212,(718) 240-5966,HIGH_VOLUME,HAC_PENALIZED,12444,0.332,Better than the National Benchmark,5
ST FRANCIS MEDICAL CENTER,309 JACKSON STREET,MONROE,LA,71201,(318) 966-4000,HIGH_VOLUME,,12424,0.548,No Different than National Benchmark,4
ST PETER'S HOSPITAL,315 SOUTH MANNING BOULEVARD,ALBANY,NY,12208,(518) 525-1550,HIGH_VOLUME,HAC_AT_RISK,12424,0.319,Better than the National Benchmark,27
GOOD SAMARITAN HOSPITAL MEDICAL CENTER,1000 MONTAUK HIGHWAY,WEST ISLIP,NY,11795,(631) 376-3000,HIGH_VOLUME,,12382,0.213,Better than the National Benchmark,18
NORTHERN LIGHT EASTERN MAINE MEDICAL CENTER,489 STATE STREET,BANGOR,ME,4401,(207) 973-7000,HIGH_VOLUME,,12348,0.577,No Different than National Benchmark,11
USC ARCADIA HOSPITAL,300 W HUNTINGTON DR,ARCADIA,CA,91007,(626) 898-8000,HIGH_VOLUME,,12280,0.769,No Different than National Benchmark,18
"UNITED HEALTH SERVICES HOSPITALS, INC",10-42 MITCHELL AVENUE,BINGHAMTON,NY,13903,(607) 763-6000,HIGH_VOLUME,HAC_PENALIZED,12272,0.537,No Different than National Benchmark,19
SSM HEALTH ST MARY'S HOSPITAL - MADISON,700 SOUTH PARK ST,MADISON,WI,53715,(608) 251-6100,HIGH_VOLUME,,12241,0.606,No Different than National Benchmark,15
ALLINA UNITED HOSPITAL,333 NORTH SMITH AVENUE,SAINT PAUL,MN,55102,(763) 236-8205,HIGH_VOLUME,,12210,0.207,Better than the National Benchmark,20
TEXAS HEALTH PRESBYTERIAN HOSPITAL DALLAS,8200 WALNUT HILL LANE,DALLAS,TX,75231,(214) 345-6789,HIGH_VOLUME,,12160,0.25,Better than the National Benchmark,15
MEDICAL CITY DALLAS HOSPITAL,7777 FOREST LANE,DALLAS,TX,75230,(972) 566-6222,HIGH_VOLUME,,12155,1.038,No Different than National Benchmark,15
ST FRANCIS-DOWNTOWN,ONE ST FRANCIS DR,GREENVILLE,SC,29601,(800) 805-5678,HIGH_VOLUME,,12150,0.27,Better than the National Benchmark,15
ST JOSEPH MEDICAL CENTER,1717 SOUTH J STREET,TACOMA,WA,98405,(253) 627-4101,HIGH_VOLUME,,12124,0.46,Better than the National Benchmark,13
RAPIDES REGIONAL MEDICAL CENTER,211 4TH STREET,ALEXANDRIA,LA,71301,(318) 769-3000,HIGH_VOLUME,HAC_AT_RISK,12096,0.585,No Different than National Benchmark,6
USA HEALTH UNIVERSITY HOSPITAL,2451 FILLINGIM STREET,MOBILE,AL,36617,(251) 471-7110,HIGH_VOLUME,,12093,0.359,Better than the National Benchmark,9
INTERMOUNTAIN HEALTH UTAH VALLEY HOSPITAL,1034 NORTH 500 WEST,PROVO,UT,84604,(801) 373-7850,HIGH_VOLUME,,12050,0.2,Better than the National Benchmark,13
SWEDISH MEDICAL CENTER,747 BROADWAY,SEATTLE,WA,98122,(206) 386-6000,HIGH_VOLUME,HAC_AT_RISK,12044,0.821,No Different than National Benchmark,26
METHODIST RICHARDSON MEDICAL CENTER,2831 E PRESIDENT GEORGE BUSH HIGHWAY,RICHARDSON,TX,75082,(469) 204-1000,HIGH_VOLUME,,11983,0.566,No Different than National Benchmark,12
MERCY ST VINCENT MEDICAL CENTER,2213 CHERRY STREET,TOLEDO,OH,43608,(419) 251-3232,HIGH_VOLUME,,11970,0.666,No Different than National Benchmark,17
UPMC ALTOONA,620 HOWARD AVENUE,ALTOONA,PA,16601,(814) 889-2011,HIGH_VOLUME,,11967,0.278,Better than the National Benchmark,16
FRANCISCAN HEALTH INDIANAPOLIS,8111 S EMERSON AVE,INDIANAPOLIS,IN,46237,(317) 528-5000,HIGH_VOLUME,HAC_PENALIZED,11966,0.751,No Different than National Benchmark,20
ZUCKERBERG SAN FRANCISCO GENERAL HOSP & TRAUMA CTR,1001 POTRERO AVENUE,SAN FRANCISCO,CA,94110,(415) 206-8000,HIGH_VOLUME,,11951,1.074,No Different than National Benchmark,27
CARLE FOUNDATION HOSPITAL,611 WEST PARK STREET,URBANA,IL,61801,(217) 383-3311,HIGH_VOLUME,,11949,1.058,No Different than National Benchmark,15
WASHINGTON REGIONAL MEDICAL CENTER,3215 N NORTH HILLS BOULEVARD,FAYETTEVILLE,AR,72703,(479) 463-5113,HIGH_VOLUME,,11893,0.323,Better than the National Benchmark,10
EMANATE HEALTH INTER-COMMUNITY HOSPITAL,210 W  SAN BERNARDINO ROAD,COVINA,CA,91723,(626) 814-2468,HIGH_VOLUME,,11883,0.849,No Different than National Benchmark,11
ROBERT WOOD JOHNSON UNIVERSITY HOSPITAL,ONE ROBERT WOOD JOHNSON PLACE,NEW BRUNSWICK,NJ,8901,(732) 828-3000,HIGH_VOLUME,,11832,0.613,No Different than National Benchmark,34
GRAND STRAND REGIONAL MEDICAL CENTER,809 82ND PARKWAY,MYRTLE BEACH,SC,29572,(843) 692-1000,HIGH_VOLUME,,11802,0.111,Better than the National Benchmark,12
"CORPUS CHRISTI MEDICAL CENTER,THE",6629 WOODRIDGE ROAD,CORPUS CHRISTI,TX,78414,(361) 761-1501,HIGH_VOLUME,,11799,0.206,Better than the National Benchmark,9
KADLEC REGIONAL MEDICAL CENTER,888 SWIFT BLVD,RICHLAND,WA,99352,(509) 946-4611,HIGH_VOLUME,,11779,1.077,No Different than National Benchmark,12
UNIVERSITY OF LOUISVILLE HOSPITAL,530 SOUTH JACKSON STREET,LOUISVILLE,KY,40202,(502) 562-3000,HIGH_VOLUME,HAC_PENALIZED,11765,1.192,No Different than National Benchmark,16
FORREST GENERAL HOSPITAL,6051 US HIGHWAY 49,HATTIESBURG,MS,39401,(601) 288-7000,HIGH_VOLUME,HAC_PENALIZED,11756,0.337,Better than the National Benchmark,12
CAPE FEAR VALLEY MEDICAL CENTER,1638 OWEN DRIVE P O BOX 2000,FAYETTEVILLE,NC,28302,(910) 609-4000,HIGH_VOLUME,HAC_PENALIZED,11751,0.865,No Different than National Benchmark,11
BAPTIST HOSPITAL,123 BAPTIST WAY,PENSACOLA,FL,32503,(850) 434-4011,HIGH_VOLUME,,11645,0,Better than the National Benchmark,20
SALEM HOSPITAL,"890 OAK STREET, SE",SALEM,OR,97301,(503) 561-5200,HIGH_VOLUME,HAC_PENALIZED,11639,1.191,No Different than National Benchmark,23
AKRON GENERAL MEDICAL CENTER,1 AKRON GENERAL AVENUE,AKRON,OH,44307,(330) 344-6000,HIGH_VOLUME,,11633,0.225,Better than the National Benchmark,33
SCRIPPS MEMORIAL HOSPITAL LA JOLLA,9888 GENESEE AVENUE,LA JOLLA,CA,92037,(858) 626-4123,HIGH_VOLUME,,11616,0.782,No Different than National Benchmark,11
BOSTON MEDICAL CENTER,1 BOSTON MEDICAL CENTER PLACE,BOSTON,MA,2118,(617) 638-8000,HIGH_VOLUME,HAC_AT_RISK,11591,0.478,Better than the National Benchmark,33
PHYSICIANS REGIONAL MEDICAL CENTER,7565 DANNAHER WAY POWELL,POWELL,TN,37849,(865) 545-8000,HIGH_VOLUME,,11575,0.226,Better than the National Benchmark,5
SAINT VINCENT HOSPITAL,232 WEST 25TH STREET,ERIE,PA,16544,(814) 452-5111,HIGH_VOLUME,,11552,0.76,No Different than National Benchmark,9
HOUSTON METHODIST WILLOWBROOK HOSPITAL,18220 STATE HIGHWAY 249,HOUSTON,TX,77070,(281) 477-1000,HIGH_VOLUME,,11552,0.354,Better than the National Benchmark,21
GEORGE WASHINGTON UNIV HOSPITAL,900 23RD ST NW,WASHINGTON,DC,20037,(202) 716-4605,HIGH_VOLUME,,11547,0.547,No Different than National Benchmark,12
"PARKVIEW MEDICAL CENTER, INC",400 W 16TH ST,PUEBLO,CO,81003,(719) 584-4000,HIGH_VOLUME,,11543,0.483,Better than the National Benchmark,11
TUCSON MEDICAL CENTER,5301 EAST GRANT ROAD,TUCSON,AZ,85712,(520) 324-1399,HIGH_VOLUME,,11530,0.783,No Different than National Benchmark,14
ARROWHEAD REGIONAL MEDICAL CENTER,400 NORTH PEPPER AVENUE,COLTON,CA,92324,(909) 580-1000,HIGH_VOLUME,,11506,0.853,No Different than National Benchmark,6
BOCA RATON REGIONAL HOSPITAL,800 MEADOWS RD,BOCA RATON,FL,33486,(561) 955-4200,HIGH_VOLUME,,11496,0.539,Better than the National Benchmark,40
ST FRANCIS HOSPITAL & MEDICAL CENTER,114 WOODLAND STREET & 500 BLUE HILLS AVENUE,HARTFORD,CT,6105,(860) 714-4000,HIGH_VOLUME,,11470,0.408,Better than the National Benchmark,12
STORMONT VAIL HOSPITAL,1500 SW 10TH AVENUE,TOPEKA,KS,66604,(785) 354-6121,HIGH_VOLUME,,11459,0.645,No Different than National Benchmark,13
ST MARY'S MEDICAL CENTER,2900 1ST AVENUE,HUNTINGTON,WV,25702,(304) 526-1234,HIGH_VOLUME,HAC_PENALIZED,11448,0.225,Better than the National Benchmark,9
ATLANTICARE REGIONAL MEDICAL CENTER - CITY CAMPUS,1925 PACIFIC AVENUE,ATLANTIC CITY,NJ,8401,(609) 441-8020,HIGH_VOLUME,,11447,0.345,Better than the National Benchmark,15
ST DAVID'S MEDICAL CENTER,919 E 32ND ST,AUSTIN,TX,78705,(512) 476-7111,HIGH_VOLUME,,11379,0.602,No Different than National Benchmark,13
THE HOSPITAL OF CENTRAL CONNECTICUT,100 GRAND STREET,NEW BRITAIN,CT,6050,(860) 224-5011,HIGH_VOLUME,,11376,0.069,Better than the National Benchmark,20
MEMORIAL HOSPITAL AT GULFPORT,4500 13TH STREET,GULFPORT,MS,39502,(228) 867-4000,HIGH_VOLUME,,11376,0.558,No Different than National Benchmark,11
FLOWERS HOSPITAL,4370 WEST MAIN STREET,DOTHAN,AL,36302,(334) 793-5000,HIGH_VOLUME,,11358,0.161,Better than the National Benchmark,4
CJW MEDICAL CENTER,7101 JAHNKE ROAD,RICHMOND,VA,23225,(804) 483-0000,HIGH_VOLUME,,11313,0.476,Better than the National Benchmark,24
DOCTORS MEDICAL CENTER,1441 FLORIDA AVENUE,MODESTO,CA,95350,(209) 578-1211,HIGH_VOLUME,,11297,0.427,Better than the National Benchmark,6
PROVIDENCE ST. JUDE MEDICAL CENTER,101 E VALENCIA MESA DRIVE,FULLERTON,CA,92835,(714) 992-3000,HIGH_VOLUME,,11285,0.527,No Different than National Benchmark,10
JERSEY SHORE UNIVERSITY MEDICAL CENTER,1945 RTE 33,NEPTUNE,NJ,7754,(732) 775-5500,HIGH_VOLUME,,11159,0.91,No Different than National Benchmark,36
ADVOCATE CONDELL MEDICAL CENTER,801 S MILWAUKEE AVE,LIBERTYVILLE,IL,60048,(847) 362-2900,HIGH_VOLUME,,11137,0.305,Better than the National Benchmark,18
ADVENTHEALTH SEBRING,4200 SUN N LAKE BLVD,SEBRING,FL,33872,(863) 314-4466,HIGH_VOLUME,,11129,0.349,Better than the National Benchmark,8
ST JOSEPH'S UNIVERSITY MEDICAL CENTER INC,703 MAIN ST,PATERSON,NJ,7503,(973) 754-2010,HIGH_VOLUME,,11112,0.445,Better than the National Benchmark,12
ST DAVID'S SOUTH AUSTIN MEDICAL CENTER,901 WEST BEN WHITE BLVD,AUSTIN,TX,78704,(512) 448-7107,HIGH_VOLUME,,11094,0.187,Better than the National Benchmark,18
CONCORD HOSPITAL,250 PLEASANT ST,CONCORD,NH,3301,(603) 225-2711,HIGH_VOLUME,,11077,0.482,No Different than National Benchmark,17
MOUNTAINVIEW HOSPITAL,3100 N TENAYA WAY,LAS VEGAS,NV,89128,(702) 255-5000,HIGH_VOLUME,,11069,0.185,Better than the National Benchmark,18
MISSOURI BAPTIST MEDICAL CENTER,3015 N BALLAS RD,SAINT LOUIS,MO,63131,(314) 996-5000,HIGH_VOLUME,,11041,0.504,Better than the National Benchmark,36
VASSAR BROTHERS MEDICAL CENTER,45 READE PLACE,POUGHKEEPSIE,NY,12601,(845) 454-8500,HIGH_VOLUME,,11027,0.598,No Different than National Benchmark,26
KOOTENAI HEALTH,2003 KOOTENAI HEALTH WAY,COEUR D'ALENE,ID,83814,(208) 625-4000,HIGH_VOLUME,,11020,0.215,Better than the National Benchmark,8
UW HEALTH,1401 EAST STATE STREET,ROCKFORD,IL,61104,(815) 968-4400,HIGH_VOLUME,,11012,0.359,Better than the National Benchmark,14
WELLMONT HOLSTON VALLEY MEDICAL CENTER,130 WEST RAVINE ROAD,KINGSPORT,TN,37662,(423) 224-4000,HIGH_VOLUME,HAC_PENALIZED,11004,0.882,No Different than National Benchmark,18
RIVERSIDE COMMUNITY HOSPITAL,4445 MAGNOLIA AVENUE,RIVERSIDE,CA,92501,(951) 788-3000,HIGH_VOLUME,,10984,0.745,No Different than National Benchmark,8
PEACEHEALTH SOUTHWEST MEDICAL CENTER,400 NE MOTHER JOSEPH PLACE,VANCOUVER,WA,98664,(360) 256-2000,STANDARD,,10972,0.759,No Different than National Benchmark,9
HCA HOUSTON HEALTHCARE CLEAR LAKE,500 W MEDICAL CENTER BLVD,WEBSTER,TX,77598,(281) 332-2511,STANDARD,,10919,0.14,Better than the National Benchmark,13
SILVER CROSS HOSPITAL  AND MEDICAL CENTERS,1900 SILVER CROSS BLVD,NEW LENOX,IL,60451,(815) 300-1100,STANDARD,,10885,0.946,No Different than National Benchmark,27
UNIVERSITY OF KANSAS HOSPITAL,4000 CAMBRIDGE STREET,KANSAS CITY,KS,66160,(913) 588-7332,STANDARD,,10885,0.452,Better than the National Benchmark,48
KAISER FOUNDATION HOSPITAL - LOS ANGELES,4867 SUNSET BLVD,LOS ANGELES,CA,90027,(323) 783-4011,STANDARD,,10883,0.824,No Different than National Benchmark,3
SSM HEALTH SAINT LOUIS UNIVERSITY HOSPITAL,3635 VISTA AVE,SAINT LOUIS,MO,63110,(314) 577-8000,STANDARD,,10861,0.14,Better than the National Benchmark,16
PHYSICIANS REGIONAL MEDICAL CENTER - PINE RIDGE,6101 PINE RIDGE ROAD,NAPLES,FL,34119,(239) 304-5145,STANDARD,,10851,0.375,No Different than National Benchmark,15
BROWARD HEALTH MEDICAL CENTER,1600 S ANDREWS AVE,FORT LAUDERDALE,FL,33316,(954) 355-4400,STANDARD,,10823,0.187,Better than the National Benchmark,7
"UNITED HOSPITAL CENTER, INC",327 MEDICAL PARK DRIVE,BRIDGEPORT,WV,26330,(681) 342-1000,STANDARD,,10801,0.86,No Different than National Benchmark,12
JACKSON HOSPITAL & CLINIC INC,1725 PINE STREET,MONTGOMERY,AL,36106,(334) 293-8000,STANDARD,,10733,0.598,No Different than National Benchmark,5
SAINT ROSE DOMINICAN HOSPITALS - SIENA CAMPUS,3001 ST ROSE PARKWAY,HENDERSON,NV,89052,(702) 616-5000,STANDARD,,10728,0.216,Better than the National Benchmark,13
SAINT ANTHONY MEDICAL CENTER,5666 EAST STATE STREET,ROCKFORD,IL,61108,(815) 226-2000,STANDARD,,10704,0.587,No Different than National Benchmark,11
SUMMERLIN HOSPITAL MEDICAL CENTER,657 TOWN CENTER DRIVE,LAS VEGAS,NV,89144,(702) 233-7500,STANDARD,,10701,0.605,No Different than National Benchmark,15
WELLMONT BRISTOL REGIONAL MEDICAL CENTER,ONE MEDICAL PARK BLVD,BRISTOL,TN,37620,(423) 844-1121,STANDARD,,10695,0.614,No Different than National Benchmark,19
UNION HOSPITAL INC,1606 N SEVENTH ST,TERRE HAUTE,IN,47804,(812) 238-7606,STANDARD,,10669,0,Better than the National Benchmark,12
METHODIST HOSPITALS INC,600 GRANT ST,GARY,IN,46402,(219) 886-4000,STANDARD,HAC_PENALIZED,10662,0.255,Better than the National Benchmark,11
"SUTTER MEDICAL CENTER, SACRAMENTO",2825 CAPITOL AVENUE,SACRAMENTO,CA,95816,(916) 454-2222,STANDARD,,10650,0.432,Better than the National Benchmark,22
MORTON PLANT HOSPITAL,300 PINELLAS ST,CLEARWATER,FL,33756,(727) 462-7000,STANDARD,,10649,0.52,No Different than National Benchmark,39
MOUNT SINAI BETH ISRAEL,281 1ST AVE,NEW YORK,NY,10003,(212) 420-2000,STANDARD,,10593,0,Better than the National Benchmark,23
PIEDMONT MEDICAL CENTER,1731 FRANK GASTON BLVD,ROCK HILL,SC,29732,(803) 329-1234,STANDARD,,10592,0.541,No Different than National Benchmark,8
BELLEVUE HOSPITAL CENTER,462 FIRST AVENUE,NEW YORK,NY,10016,(212) 561-4132,STANDARD,HAC_PENALIZED,10549,0.785,No Different than National Benchmark,9
RIVERSIDE REGIONAL MEDICAL CENTER,500 J CLYDE MORRIS BLVD,NEWPORT NEWS,VA,23601,(757) 594-2000,STANDARD,,10545,0.2,Better than the National Benchmark,16
SINAI HOSPITAL OF BALTIMORE,2401 WEST BELVEDERE AVENUE,BALTIMORE,MD,21215,(410) 601-9000,STANDARD,HAC_AT_RISK,10528,0.452,Better than the National Benchmark,6
MEMORIAL REGIONAL HOSPITAL,3501 JOHNSON ST,HOLLYWOOD,FL,33021,(954) 987-2000,STANDARD,,10516,0.511,No Different than National Benchmark,30
TRISTAR SKYLINE MEDICAL CENTER,3441 DICKERSON PIKE,NASHVILLE,TN,37207,(615) 769-2000,STANDARD,,10515,0.306,Better than the National Benchmark,9
METHODIST CHARLTON MEDICAL CENTER,3500 W WHEATLAND ROAD,DALLAS,TX,75237,(214) 947-7777,STANDARD,,10504,0.286,Better than the National Benchmark,7
COMMUNITY HOSPITAL NORTH,7150 CLEARVISTA DR,INDIANAPOLIS,IN,46256,(317) 621-5335,STANDARD,,10469,0.52,No Different than National Benchmark,17
RICHMOND UNIVERSITY MEDICAL CENTER,355 BARD AVENUE,STATEN ISLAND,NY,10310,(718) 354-5047,STANDARD,HAC_PENALIZED,10469,0.274,Better than the National Benchmark,5
SACRED HEART MEDICAL CENTER - RIVERBEND,3333 RIVERBEND DRIVE,SPRINGFIELD,OR,97477,(541) 222-7300,STANDARD,,10460,0,Better than the National Benchmark,19
"BAPTIST MEMORIAL HOSPITAL JONESBORO, INC.",4800 EAST JOHNSON AVENUE,JONESBORO,AR,72405,(870) 972-7000,STANDARD,,10426,0.458,Better than the National Benchmark,9
DELRAY MEDICAL CENTER,5352 LINTON BLVD,DELRAY BEACH,FL,33484,(561) 498-4440,STANDARD,HAC_PENALIZED,10424,0.576,No Different than National Benchmark,27
M HEALTH FAIRVIEW SOUTHDALE HOSPITAL,6401 FRANCE AVENUE SOUTH,EDINA,MN,55435,(952) 924-5000,STANDARD,,10395,0.612,No Different than National Benchmark,26
AVERA MCKENNAN HOSPITAL & UNIVERSITY HEALTH CENTER,1325 S CLIFF AVE  POST OFFICE BOX 5045,SIOUX FALLS,SD,57117,(605) 322-8000,STANDARD,,10389,0.64,No Different than National Benchmark,23
PROVIDENCE ST VINCENT MEDICAL CENTER,9205 SW BARNES ROAD,PORTLAND,OR,97225,(503) 216-1234,STANDARD,,10370,0.729,No Different than National Benchmark,16
METHODIST DALLAS MEDICAL CENTER,1441 NORTH BECKLEY AVENUE,DALLAS,TX,75203,(214) 947-8181,STANDARD,HAC_PENALIZED,10360,0.62,No Different than National Benchmark,12
LENOX HILL HOSPITAL,100 EAST 77TH STREET,NEW YORK,NY,10075,(212) 434-2000,STANDARD,,10317,0.202,Better than the National Benchmark,28
CLEVELAND CLINIC MARTIN NORTH HOSPITAL,200 SE HOSPITAL AVE,STUART,FL,34994,(772) 287-5200,STANDARD,,10312,0.485,No Different than National Benchmark,41
KINGS COUNTY HOSPITAL CENTER,451 CLARKSON AVENUE,BROOKLYN,NY,11203,(718) 245-3901,STANDARD,HAC_PENALIZED,10312,1.31,No Different than National Benchmark,1
LAC/HARBOR-UCLA MED CENTER,1000 W CARSON ST,TORRANCE,CA,90509,(310) 222-2345,STANDARD,,10266,1.189,No Different than National Benchmark,2
HENDRICK MEDICAL CENTER,1900 PINE,ABILENE,TX,79601,(325) 670-2000,STANDARD,,10257,0.81,No Different than National Benchmark,9
SUTTER ROSEVILLE MEDICAL CENTER,ONE MEDICAL PLAZA,ROSEVILLE,CA,95661,(916) 781-1000,STANDARD,,10248,0,Better than the National Benchmark,24
ELMHURST MEMORIAL HOSPITAL,155 EAST BRUSH HILL ROAD,ELMHURST,IL,60126,(331) 221-1000,STANDARD,,10226,0.914,No Different than National Benchmark,30
NORTHWEST TEXAS HOSPITAL,1501 S  COULTER ST,AMARILLO,TX,79106,(806) 354-1110,STANDARD,,10198,0.559,No Different than National Benchmark,5
WINTER HAVEN HOSPITAL,200 AVE F NE,WINTER HAVEN,FL,33881,(863) 293-1121,STANDARD,,10169,0.462,Better than the National Benchmark,6
TEXOMA MEDICAL CENTER,5016 S US HIGHWAY 75,DENISON,TX,75020,(903) 416-4000,STANDARD,,10165,1.022,No Different than National Benchmark,6
BATON ROUGE GENERAL MEDICAL CENTER,8585 PICARDY AVE,BATON ROUGE,LA,70809,(225) 387-7767,STANDARD,,10152,0.155,Better than the National Benchmark,21
SAN ANTONIO REGIONAL HOSPITAL,999 SAN BERNARDINO ROAD,UPLAND,CA,91786,(909) 985-2811,STANDARD,,10145,0.685,No Different than National Benchmark,12
NORTH KANSAS CITY HOSPITAL,2800 CLAY EDWARDS DRIVE,NORTH KANSAS CITY,MO,64116,(816) 691-2000,STANDARD,HAC_PENALIZED,10135,1.359,No Different than National Benchmark,12
JACOBI MEDICAL CENTER,1400 PELHAM PARKWAY SOUTH,BRONX,NY,10461,(718) 918-5000,STANDARD,HAC_PENALIZED,10134,0.64,No Different than National Benchmark,1
BAPTIST HEALTH MEDICAL CENTER NORTH LITTLE ROCK,3333 SPRINGHILL DRIVE,NORTH LITTLE ROCK,AR,72117,(501) 202-3000,STANDARD,,10133,0.161,Better than the National Benchmark,14
UNIVERSITY MEDICAL CENTER OF EL PASO,4815 ALAMEDA AVE,EL PASO,TX,79905,(915) 521-7602,STANDARD,HAC_PENALIZED,10133,0.362,Better than the National Benchmark,11
HOLMES REGIONAL MEDICAL CENTER,1350 S HICKORY ST,MELBOURNE,FL,32901,(321) 434-7000,STANDARD,,10132,0.099,Better than the National Benchmark,29
CENTRA HEALTH -  LYNCHBURG GEN HOSPITAL,1901 TATE SPRINGS ROAD,LYNCHBURG,VA,24501,(434) 200-4789,STANDARD,,10130,0.676,No Different than National Benchmark,10
JOHNSON CITY MEDICAL CENTER,400 N STATE OF FRANKLIN RD,JOHNSON CITY,TN,37604,(423) 431-6111,STANDARD,HAC_PENALIZED,10117,0.744,No Different than National Benchmark,10
SINGING RIVER HEALTH SYSTEM,2809 DENNY AV,PASCAGOULA,MS,39581,(228) 809-5000,STANDARD,,10111,0.381,Better than the National Benchmark,17
UPMC MERCY,1400 LOCUST STREET,PITTSBURGH,PA,15219,(412) 232-8111,STANDARD,,10097,0.73,No Different than National Benchmark,11
SENTARA LEIGH HOSPITAL,830 KEMPSVILLE ROAD,NORFOLK,VA,23502,(757) 261-6700,STANDARD,,10046,0.159,Better than the National Benchmark,24
ST ELIZABETH YOUNGSTOWN HOSPITAL,1044 BELMONT AVENUE,YOUNGSTOWN,OH,44501,(330) 480-3022,STANDARD,,10043,0.193,Better than the National Benchmark,17
MARY WASHINGTON HOSPITAL,1001 SAM PERRY BOULEVARD,FREDERICKSBURG,VA,22401,(540) 741-1100,STANDARD,,9955,0,Better than the National Benchmark,15
MEMORIAL HOSPITAL,4500 MEMORIAL DRIVE,BELLEVILLE,IL,62226,(618) 233-7750,STANDARD,,9929,0.313,No Different than National Benchmark,19
DENVER HEALTH & HOSPITAL AUTHORITY,777 BANNOCK ST,DENVER,CO,80204,(303) 436-4927,STANDARD,,9918,0.665,No Different than National Benchmark,16
FORT SANDERS REGIONAL MEDICAL CENTER,1901 W CLINCH AVE,KNOXVILLE,TN,37916,(865) 541-1101,STANDARD,,9915,0.442,Better than the National Benchmark,10
COMMUNITY HOSPITAL EAST,1500 N RITTER AVE,INDIANAPOLIS,IN,46219,(317) 355-5411,STANDARD,,9912,1.03,No Different than National Benchmark,13
TAMPA VA MEDICAL CENTER,13000 BRUCE B DOWNS BLVD.,TAMPA,FL,33612,(813) 972-2000,VA,,9906,1.128,No Different than National Benchmark,0
MERCYONE NORTH IOWA MEDICAL CENTER,1000 FOURTH STREET SW,MASON CITY,IA,50401,(641) 428-7000,STANDARD,,9897,0.95,No Different than National Benchmark,6
KAISER FOUNDATION HOSPITAL - ROSEVILLE,1600 EUREKA ROAD,ROSEVILLE,CA,95661,(916) 784-4000,STANDARD,,9892,0,Better than the National Benchmark,1
RIVERSIDE UNIVERSITY HEALTH SYSTEM-MEDICAL CENTER,26520 CACTUS AVENUE,MORENO VALLEY,CA,92555,(951) 486-4000,STANDARD,,9891,0.076,Better than the National Benchmark,9
ALTRU HOSPITAL,1200 S COLUMBIA RD,GRAND FORKS,ND,58201,(701) 780-5000,STANDARD,,9883,0.505,No Different than National Benchmark,4
MEMORIAL HERMANN MEMORIAL CITY HOSPITAL,921 GESSNER,HOUSTON,TX,77024,(713) 242-3000,STANDARD,,9839,0.298,Better than the National Benchmark,19
ASCENSION SAINT THOMAS HOSPITAL,"4220 HARDING RD, PO BOX 380",NASHVILLE,TN,37205,(615) 222-2111,STANDARD,,9835,0.436,Better than the National Benchmark,16
ESSENTIA HEALTH ST MARY'S MEDICAL CENTER,402 EAST SECOND STREET,DULUTH,MN,55805,(218) 786-3574,STANDARD,,9834,0.888,No Different than National Benchmark,11
PAOLI HOSPITAL,255 WEST LANCASTER AVENUE,PAOLI,PA,19301,(610) 648-1000,STANDARD,,9824,1.017,No Different than National Benchmark,35
HONORHEALTH SCOTTSDALE SHEA MEDICAL CENTER,9003 EAST SHEA BOULEVARD,SCOTTSDALE,AZ,85260,(480) 323-3000,STANDARD,,9817,0.246,Better than the National Benchmark,21
GARNET HEALTH MEDICAL CENTER,707 EAST MAIN STREET,MIDDLETOWN,NY,10940,(845) 343-2424,STANDARD,,9805,0.715,No Different than National Benchmark,17
BAPTIST HEALTH - FORT SMITH,1001 TOWSON AVENUE,FORT SMITH,AR,72901,(479) 441-4000,STANDARD,,9804,0.312,Better than the National Benchmark,4
LOVELACE MEDICAL CENTER,601 DR MARTIN LUTHER KING JR AVE NE,ALBUQUERQUE,NM,87102,(505) 727-8000,STANDARD,,9779,0,Better than the National Benchmark,9
ROBERT PACKER HOSPITAL,ONE GUTHRIE SQUARE,SAYRE,PA,18840,(570) 888-6666,STANDARD,,9761,0.929,No Different than National Benchmark,9
UNIVERSITY MEDICAL CENTER NEW ORLEANS,2000 CANAL STREET,NEW ORLEANS,LA,70112,(504) 702-3000,STANDARD,HAC_PENALIZED,9760,0.509,Better than the National Benchmark,26
ABRAZO ARROWHEAD HOSPITAL,18701 NORTH 67TH AVENUE,GLENDALE,AZ,85308,(623) 561-1000,STANDARD,,9732,0.132,Better than the National Benchmark,18
PROVIDENCE ST. JOSEPH HOSPITAL,1100 WEST STEWART DR,ORANGE,CA,92868,(714) 633-9111,STANDARD,,9729,1.06,No Different than National Benchmark,15
YAVAPAI REGIONAL MEDICAL CENTER,1003 WILLOW CREEK ROAD,PRESCOTT,AZ,86301,(928) 445-2700,STANDARD,,9728,0.541,No Different than National Benchmark,21
PENN HIGHLANDS DUBOIS,100 HOSPITAL AVENUE,DUBOIS,PA,15801,(814) 371-2200,STANDARD,HAC_PENALIZED,9696,1.134,No Different than National Benchmark,8
KAISER FOUNDATION HOSPITAL - ORANGE COUNTY - ANAHEIM,3440 E LA PALMA AVE,ANAHEIM,CA,92806,(714) 279-4000,STANDARD,,9694,0.842,No Different than National Benchmark,4
HOUSTON METHODIST WEST HOSPITAL,18500 KATY FREEWAY,HOUSTON,TX,77094,(832) 522-1000,STANDARD,,9673,0.255,Better than the National Benchmark,20
CHRISTUS MOTHER FRANCES HOSPITAL,800 EAST DAWSON,TYLER,TX,75701,(903) 593-8441,STANDARD,,9670,0.192,Better than the National Benchmark,29
JEFFERSON HOSPITAL,565 COAL VALLEY ROAD,JEFFERSON HILLS,PA,15025,(412) 469-5000,STANDARD,,9667,0.427,Better than the National Benchmark,21
ST VINCENT HOSPITAL,835 S VAN BUREN ST,GREEN BAY,WI,54301,(920) 433-0111,STANDARD,,9657,0.324,Better than the National Benchmark,10
UPMC WILLIAMSPORT,700 HIGH STREET,WILLIAMSPORT,PA,17701,(570) 321-1000,STANDARD,HAC_AT_RISK,9655,0.795,No Different than National Benchmark,7
HOUSTON METHODIST THE WOODLANDS HOSPITAL,17201 INTERSTATE 45 SOUTH,THE WOODLANDS,TX,77385,(936) 270-2000,STANDARD,,9654,0,Better than the National Benchmark,37
ST LUKES HOSPITAL,232 S WOODS MILL RD,CHESTERFIELD,MO,63017,(314) 434-1500,STANDARD,,9649,0.446,Better than the National Benchmark,31
LEE MEMORIAL HOSPITAL,2776 CLEVELAND AVE,FORT MYERS,FL,33901,(239) 343-5000,STANDARD,,9626,0.079,Better than the National Benchmark,46
MEDICAL CENTER HOSPITAL,500 W 4TH STREET,ODESSA,TX,79761,(432) 640-4000,STANDARD,HAC_PENALIZED,9616,0.464,Better than the National Benchmark,6
FLAGLER HOSPITAL,400 HEALTH PARK BLVD,SAINT AUGUSTINE,FL,32086,(904) 819-5155,STANDARD,,9614,0.926,No Different than National Benchmark,14
MEDSTAR FRANKLIN SQUARE MEDICAL CENTER,9000 FRANKLIN SQUARE DRIVE,ROSEDALE,MD,21237,(443) 777-7850,STANDARD,,9604,0.254,Better than the National Benchmark,13
THE HOSPITALS OF PROVIDENCE - EAST CAMPUS,3280 JOE BATTLE BLVD,EL PASO,TX,79938,(915) 856-7349,STANDARD,,9604,0.596,No Different than National Benchmark,5
HCA FLORIDA LARGO HOSPITAL,201 14TH ST SW,LARGO,FL,33770,(727) 588-5200,STANDARD,,9590,0.789,No Different than National Benchmark,7
ATRIUM HEALTH PINEVILLE,10628 PARK RD,CHARLOTTE,NC,28210,(704) 379-5000,STANDARD,,9584,0.502,No Different than National Benchmark,27
INTERMOUNTAIN HEALTH ST. MARY'S REGIONAL HOSPITAL,2635 N 7TH ST,GRAND JUNCTION,CO,81501,(970) 298-2260,STANDARD,,9580,0.416,Better than the National Benchmark,16
KAISER SUNNYSIDE MEDICAL CENTER,10180 SE SUNNYSIDE ROAD,CLACKAMAS,OR,97015,(503) 652-2880,STANDARD,HAC_PENALIZED,9556,0.645,No Different than National Benchmark,5
KAWEAH HEALTH MEDICAL CENTER,400 W MINERAL KING AVE,VISALIA,CA,93291,(559) 624-2000,STANDARD,,9547,0.503,No Different than National Benchmark,11
DALLAS VA MEDICAL CENTER (VA NORTH TEXAS HEALTHCARE SYSTEM),4500 S. LANCASTER ROAD,DALLAS,TX,75216,(214) 742-8387,VA,,9544,0,Better than the National Benchmark,0
BANNER BOSWELL MEDICAL CENTER,13632 N 99TH AVE,SUN CITY,AZ,85351,(623) 832-4000,STANDARD,,9540,0.238,Better than the National Benchmark,12
METHODIST MEDICAL CENTER OF ILLINOIS,221 N E GLEN OAK AVE,PEORIA,IL,61636,(309) 672-5522,STANDARD,,9532,0.619,No Different than National Benchmark,7
KAISER FOUNDATION HOSPITAL - SACRAMENTO,2025 MORSE AVENUE,SACRAMENTO,CA,95825,(916) 973-5000,STANDARD,,9520,0.512,No Different than National Benchmark,4
HCA FLORIDA JFK HOSPITAL,5301 S CONGRESS AVE,ATLANTIS,FL,33462,(561) 965-7300,STANDARD,,9518,0.132,Better than the National Benchmark,20
PROVIDENCE PORTLAND MEDICAL CENTER,4805 NE GLISAN STREET,PORTLAND,OR,97213,(503) 215-1111,STANDARD,,9513,0.764,No Different than National Benchmark,22
METROHEALTH SYSTEM,2500 METROHEALTH DRIVE,CLEVELAND,OH,44109,(216) 778-7089,STANDARD,HAC_PENALIZED,9506,0.66,No Different than National Benchmark,16
VALLEY HOSPITAL MEDICAL CENTER,620 SHADOW LANE,LAS VEGAS,NV,89106,(702) 388-4000,STANDARD,,9481,0.153,Better than the National Benchmark,7
ST MARY MEDICAL CENTER,LANGHORNE-NEWTOWN RD,LANGHORNE,PA,19047,(215) 750-2003,STANDARD,,9469,0.833,No Different than National Benchmark,15
SOUTHWEST HEALTHCARE RANCHO SPRINGS HOSPITAL,25500 MEDICAL CENTER DRIVE,MURRIETA,CA,92562,(951) 696-6000,STANDARD,,9464,0.675,No Different than National Benchmark,8
ST CLAIR HOSPITAL,1000 BOWER HILL ROAD,PITTSBURGH,PA,15243,(412) 942-4000,STANDARD,,9433,0.526,No Different than National Benchmark,13
HCA FLORIDA NORTH FLORIDA HOSPITAL,6500 W NEWBERRY RD,GAINESVILLE,FL,32605,(352) 333-4100,STANDARD,,9418,0.544,No Different than National Benchmark,16
DEACONESS MEDICAL CENTER,W 800 FIFTH AVENUE,SPOKANE,WA,99210,(509) 473-5800,STANDARD,,9397,0.087,Better than the National Benchmark,10
BAPTIST HEALTH LEXINGTON,1740 NICHOLASVILLE ROAD,LEXINGTON,KY,40503,(859) 260-6100,STANDARD,,9394,0.981,No Different than National Benchmark,19
CHRISTUS SANTA ROSA MEDICAL CENTER,2827 BABCOCK ROAD,SAN ANTONIO,TX,78229,(210) 704-3342,STANDARD,HAC_AT_RISK,9368,0.422,No Different than National Benchmark,20
ASANTE ROGUE REGIONAL MEDICAL CENTER,2825 E BARNETT ROAD,MEDFORD,OR,97504,(541) 789-7000,STANDARD,HAC_AT_RISK,9305,1.483,No Different than National Benchmark,14
HENDERSON HOSPITAL,1050 WEST GALLERIA DRIVE,HENDERSON,NV,89011,(702) 963-7000,STANDARD,,9285,0,Better than the National Benchmark,3
ORANGE COUNTY GLOBAL MEDICAL CENTER,1001 NORTH TUSTIN AVENUE,SANTA ANA,CA,92705,(714) 953-3500,STANDARD,,9262,1.061,No Different than National Benchmark,5
CARILION MEDICAL CENTER,"1906 BELLEVIEW AVENUE, SE",ROANOKE,VA,24014,(540) 981-7000,STANDARD,,9262,0.697,No Different than National Benchmark,20
HOUSTON VA MEDICAL CENTER,2002 HOLCOMBE BLVD.,HOUSTON,TX,77030,(713) 794-7100,VA,,9244,0.153,Better than the National Benchmark,0
EVERGREENHEALTH MEDICAL CENTER,12040 NE 128TH STREET,KIRKLAND,WA,98034,(425) 899-1000,STANDARD,,9234,0.861,No Different than National Benchmark,13
COMMUNITY MEDICAL CENTER,99 RT 37 WEST,TOMS RIVER,NJ,8755,(732) 557-8000,STANDARD,,9229,0.081,Better than the National Benchmark,22
MERCY GENERAL HOSPITAL,4001 J ST,SACRAMENTO,CA,95819,(916) 453-4453,STANDARD,,9214,0.17,Better than the National Benchmark,7
PALOMAR HEALTH DOWNTOWN CAMPUS,555 EAST VALLEY PARKWAY,ESCONDIDO,CA,92025,(760) 739-3000,STANDARD,,9211,0.788,No Different than National Benchmark,7
NORTHWEST MEDICAL CENTER,6200 NORTH LA CHOLLA BOULEVARD,TUCSON,AZ,85741,(520) 469-8100,STANDARD,,9201,0.109,Better than the National Benchmark,16
KAISER FOUNDATION HOSPITAL - DOWNEY,9333 IMPERIAL HIGHWAY,DOWNEY,CA,90242,(562) 461-6007,STANDARD,,9181,0.453,No Different than National Benchmark,4
PENN STATE HEALTH HOLY SPIRIT MEDICAL CENTER,503 NORTH 21ST STREET,CAMP HILL,PA,17011,(717) 763-2100,STANDARD,,9128,1.204,No Different than National Benchmark,21
CHI HEALTH BERGAN MERCY,7500 MERCY RD,OMAHA,NE,68124,(402) 398-6020,STANDARD,,9114,0.068,Better than the National Benchmark,18
MONUMENT HEALTH RAPID CITY HOSPITAL,353 FAIRMONT BLVD,RAPID CITY,SD,57701,(605) 755-1000,STANDARD,,9110,0.804,No Different than National Benchmark,19
BLESSING HOSPITAL,1005 BROADWAY ST,QUINCY,IL,62301,(217) 223-1200,STANDARD,,9106,0.609,No Different than National Benchmark,10
KING'S DAUGHTERS' MEDICAL CENTER,2201 LEXINGTON AVENUE,ASHLAND,KY,41101,(606) 408-4401,STANDARD,HAC_PENALIZED,9101,0.621,No Different than National Benchmark,11
HONOR HEALTH JOHN C. LINCOLN MEDICAL CENTER,250 EAST DUNLAP AVENUE,PHOENIX,AZ,85020,(602) 943-2381,STANDARD,,9093,0.809,No Different than National Benchmark,11
BRONXCARE HOSPITAL CENTER,1276 FULTON AVENUE,BRONX,NY,10456,(212) 588-7000,STANDARD,,9093,0.676,No Different than National Benchmark,9
DESERT REGIONAL MEDICAL CENTER,1150 NORTH INDIAN CANYON DRIVE,PALM SPRINGS,CA,92262,(760) 323-6511,STANDARD,,9079,0.796,No Different than National Benchmark,8
ST ELIZABETH EDGEWOOD,1 MEDICAL VILLAGE DRIVE,EDGEWOOD,KY,41017,(859) 301-2000,STANDARD,,9056,0.449,Better than the National Benchmark,25
JOHN MUIR MEDICAL CENTER - CONCORD CAMPUS,2540 EAST ST,CONCORD,CA,94520,(925) 682-8200,STANDARD,,9015,0.348,Better than the National Benchmark,26
TORRANCE MEMORIAL MEDICAL CENTER,3330 LOMITA BLVD,TORRANCE,CA,90509,(310) 325-9110,STANDARD,,9011,1.191,No Different than National Benchmark,26
BROOKWOOD BAPTIST MEDICAL CENTER,1280 COLUMBIANA ROAD STE 102,VESTAVIA,AL,35216,(205) 877-1000,STANDARD,,8981,0.461,No Different than National Benchmark,8
MEMORIAL HERMANN NORTHEAST HOSPITAL,18951 MEMORIAL NORTH,HUMBLE,TX,77338,(281) 540-7700,STANDARD,,8981,0.405,No Different than National Benchmark,13
GENESIS MEDICAL CENTER-DAVENPORT,1227 EAST RUSHOLME STREET,DAVENPORT,IA,52803,(563) 421-1000,STANDARD,,8956,1.001,No Different than National Benchmark,10
ALLEN HOSPITAL,1825 LOGAN AVENUE,WATERLOO,IA,50703,(319) 235-3941,STANDARD,,8945,0.277,Better than the National Benchmark,7
THE UNIVERSITY HOSPITAL,150 BERGEN ST,NEWARK,NJ,7103,(973) 972-4300,STANDARD,,8929,0.405,Better than the National Benchmark,33
REID HEALTH,1100 REID PKWY,RICHMOND,IN,47374,(765) 983-3000,STANDARD,,8872,0.563,No Different than National Benchmark,8
HCA FLORIDA OAK HILL HOSPITAL,11375 CORTEZ BLVD,BROOKSVILLE,FL,34613,(352) 596-6632,STANDARD,,8868,0.272,Better than the National Benchmark,9
LAS PALMAS MEDICAL CENTER A CAMPUS OF LPDS HEALTHC,1801 NORTH OREGON STREET,EL PASO,TX,79902,(915) 521-1200,STANDARD,,8842,0.153,Better than the National Benchmark,12
MEDSTAR GEORGETOWN UNIVERSITY HOSPITAL,3800 RESERVOIR RD,WASHINGTON,DC,20007,(202) 784-3000,STANDARD,,8835,0.133,Better than the National Benchmark,26
"MERCY HOSPITAL OKLAHOMA CITY, INC",4300 WEST MEMORIAL ROAD,OKLAHOMA CITY,OK,73120,(405) 755-1515,STANDARD,,8831,0.809,No Different than National Benchmark,12
HOUSTON METHODIST BAYTOWN HOSPITAL,4401 GARTH ROAD,BAYTOWN,TX,77521,(281) 420-8600,STANDARD,,8816,0,Better than the National Benchmark,23
MERCY MEDICAL CENTER REDDING,"2175 ROSALINE AVE, CLAIRMONT HGTS",REDDING,CA,96001,(530) 225-6102,STANDARD,,8799,0.228,Better than the National Benchmark,7
BAPTIST HEALTH LOUISVILLE,4000 KRESGE WAY,LOUISVILLE,KY,40207,(502) 897-8100,STANDARD,,8794,0.37,Better than the National Benchmark,21
PROVIDENCE MISSION HOSPITAL,27700 MEDICAL CENTER RD,MISSION VIEJO,CA,92691,(949) 364-1400,STANDARD,,8788,0.31,Better than the National Benchmark,13
MERITUS MEDICAL CENTER,11116 MEDICAL CAMPUS ROAD,HAGERSTOWN,MD,21742,(240) 313-9500,STANDARD,,8782,0.359,Better than the National Benchmark,10
"TIDALHEALTH PENINSULA REGIONAL, INC",100 EAST CARROLL AVENUE,SALISBURY,MD,21801,(410) 546-6400,STANDARD,,8760,0.368,Better than the National Benchmark,19
MAYO CLINIC HEALTH SYSTEM EAU CLAIRE HOSPITAL,1221 WHIPPLE ST,EAU CLAIRE,WI,54703,(715) 838-3311,STANDARD,,8760,0.802,No Different than National Benchmark,14
RIVERVIEW REGIONAL MEDICAL CENTER,600 SOUTH THIRD STREET,GADSDEN,AL,35901,(256) 543-5200,STANDARD,,8748,0,Better than the National Benchmark,6
CHI ST. VINCENT HOSPITAL HOT SPRINGS,300 WERNER STREET,HOT SPRINGS,AR,71903,(501) 622-1000,STANDARD,,8746,0,Better than the National Benchmark,5
"LUMINIS HEALTH ANNE ARUNDEL MEDICAL CENTER, INC",2001 MEDICAL PARKWAY,ANNAPOLIS,MD,21401,(443) 481-1000,STANDARD,,8733,0.453,No Different than National Benchmark,24
PIH HEALTH HOSPITAL-WHITTIER,12401 WASHINGTON BLVD,WHITTIER,CA,90602,(562) 698-0811,STANDARD,,8722,0.28,Better than the National Benchmark,9
ST ELIZABETH'S MEDICAL CENTER,736 CAMBRIDGE STREET,BRIGHTON,MA,2135,(617) 789-3000,STANDARD,,8721,0.365,Better than the National Benchmark,9
GLENDALE ADVENTIST MEDICAL CENTER,1509 E WILSON TERRACE,GLENDALE,CA,91206,(818) 409-8202,STANDARD,,8687,0.09,Better than the National Benchmark,13
PARKWEST MEDICAL CENTER,9352 PARK WEST BLVD,KNOXVILLE,TN,37923,(865) 970-1001,STANDARD,,8687,0.398,No Different than National Benchmark,13
DOCTORS HOSPTAL AT RENAISSANCE,5501 SOUTH MCCOLL,EDINBURG,TX,78539,(956) 362-8677,STANDARD,,8675,0.174,Better than the National Benchmark,20
HOLY REDEEMER HOSPITAL AND MEDICAL CENTER,1648 HUNTINGDON PIKE,MEADOWBROOK,PA,19046,(215) 947-3000,STANDARD,,8644,0.474,No Different than National Benchmark,18
CROZER CHESTER MEDICAL CENTER,ONE MEDICAL CENTER BOULEVARD,UPLAND,PA,19013,(610) 447-2000,STANDARD,HAC_PENALIZED,8618,0.493,Better than the National Benchmark,10
ASPIRUS WAUSAU HOSPITAL,333 PINE RIDGE BLVD,WAUSAU,WI,54401,(715) 847-2000,STANDARD,,8589,0.457,No Different than National Benchmark,11
OWENSBORO HEALTH REGIONAL HOSPITAL,1201 PLEASANT VALLEY ROAD,OWENSBORO,KY,42303,(270) 417-2000,STANDARD,,8578,0.555,No Different than National Benchmark,10
SSM HEALTH ST ANTHONY HOSPITAL - OKLAHOMA CITY,1000 NORTH LEE AVENUE,OKLAHOMA CITY,OK,73101,(405) 272-7000,STANDARD,HAC_PENALIZED,8560,0.474,No Different than National Benchmark,10
BAPTIST HEALTH HARDIN,913 NORTH DIXIE AVENUE,ELIZABETHTOWN,KY,42701,(270) 737-1212,STANDARD,HAC_PENALIZED,8557,0.126,Better than the National Benchmark,7
PARK NICOLLET METHODIST HOSPITAL,6500 EXCELSIOR BLVD,SAINT LOUIS PARK,MN,55426,(952) 993-5000,STANDARD,,8555,0.737,No Different than National Benchmark,20
CLEVELAND CLINIC HOSPITAL,3100 WESTON RD,WESTON,FL,33331,(954) 689-5000,STANDARD,,8553,0.386,Better than the National Benchmark,17
SHELBY BAPTIST MEDICAL CENTER,1000 FIRST STREET NORTH,ALABASTER,AL,35007,(205) 620-8100,STANDARD,,8547,1.105,No Different than National Benchmark,5
VIRGINIA HOSPITAL CENTER,1701 NORTH GEORGE MASON DRIVE,ARLINGTON,VA,22205,(703) 558-5000,STANDARD,,8546,0.754,No Different than National Benchmark,21
MEMORIAL HERMANN KATY HOSPITAL,23900 KATY FREEWAY,KATY,TX,77494,(281) 392-1111,STANDARD,,8535,0.244,Better than the National Benchmark,11
THE NEBRASKA METHODIST HOSPITAL,8303 DODGE ST,OMAHA,NE,68114,(402) 354-4000,STANDARD,,8525,0.953,No Different than National Benchmark,29
JEFFERSON STRATFORD HOSPITAL,18 EAST LAUREL ROAD,STRATFORD,NJ,8084,(856) 346-7802,STANDARD,,8522,0.414,No Different than National Benchmark,27
SIERRA MEDICAL CENTER,1625 MEDICAL CENTER DR,EL PASO,TX,79902,(915) 747-4000,STANDARD,,8522,0.537,No Different than National Benchmark,11
"WHEELING HOSPITAL, INC",1 MEDICAL PARK,WHEELING,WV,26003,(304) 243-3000,STANDARD,,8519,0.241,Better than the National Benchmark,14
RESEARCH MEDICAL CENTER,2316 E MEYER BLVD,KANSAS CITY,MO,64132,(816) 276-4000,STANDARD,HAC_AT_RISK,8513,0.267,Better than the National Benchmark,10
GADSDEN REGIONAL MEDICAL CENTER,1007 GOODYEAR AVENUE,GADSDEN,AL,35903,(256) 494-4000,STANDARD,,8508,0.131,Better than the National Benchmark,8
CITIZENS MEDICAL CENTER,2701 HOSPITAL DRIVE,VICTORIA,TX,77901,(361) 573-9181,STANDARD,,8498,0.171,Better than the National Benchmark,5
HENRICO DOCTORS' HOSPITAL,1602 SKIPWITH ROAD,RICHMOND,VA,23229,(804) 289-4500,STANDARD,,8454,0,Better than the National Benchmark,28
NOVANT HEALTH PRESBYTERIAN MEDICAL CENTER,200 HAWTHORNE LANE BOX 33549,CHARLOTTE,NC,28233,(704) 384-4000,STANDARD,,8381,0.856,No Different than National Benchmark,27
UNITED REGIONAL HEALTH CARE SYSTEM,1600 11TH STREET,WICHITA FALLS,TX,76301,(940) 764-7000,STANDARD,HAC_PENALIZED,8369,0.353,Better than the National Benchmark,8
UPMC JAMESON,1211 WILMINGTON AVENUE,NEW CASTLE,PA,16105,(724) 656-4100,STANDARD,HAC_PENALIZED,8363,0.778,No Different than National Benchmark,14
UMD UPPER CHESAPEAKE MEDICAL CENTER,500 UPPER CHESAPEAKE DRIVE,BEL AIR,MD,21014,(443) 643-3303,STANDARD,HAC_AT_RISK,8353,0.429,No Different than National Benchmark,11
NEWTON-WELLESLEY HOSPITAL,2014 WASHINGTON STREET,NEWTON,MA,2462,(617) 243-6000,STANDARD,,8340,1.345,No Different than National Benchmark,46
UPMC EAST,2775 MOSSIDE BOULEVARD,MONROEVILLE,PA,15146,(412) 357-3000,STANDARD,,8337,0.575,No Different than National Benchmark,11
BANNER ESTRELLA MEDICAL CENTER,9201 WEST THOMAS ROAD,PHOENIX,AZ,85037,(623) 327-4000,STANDARD,,8336,0.14,Better than the National Benchmark,16
LAWRENCE & MEMORIAL HOSPITAL,365 MONTAUK AVE,NEW LONDON,CT,6320,(860) 442-0711,STANDARD,,8332,0.401,Better than the National Benchmark,29
CONEMAUGH MEMORIAL MEDICAL CENTER,1086 FRANKLIN STREET,JOHNSTOWN,PA,15905,(814) 534-9000,STANDARD,HAC_PENALIZED,8313,0.557,No Different than National Benchmark,10
MERCY MEDICAL CENTER - CEDAR RAPIDS,701 10TH STREET SE,CEDAR RAPIDS,IA,52403,(319) 398-6011,STANDARD,,8302,0.273,Better than the National Benchmark,12
AULTMAN HOSPITAL,2600 SIXTH STREET SW,CANTON,OH,44710,(330) 363-9911,STANDARD,HAC_AT_RISK,8300,0.354,Better than the National Benchmark,14
LINCOLN MEDICAL & MENTAL HEALTH CENTER,234 EAST 149TH STREET,BRONX,NY,10451,(718) 579-5000,STANDARD,,8289,0.423,Better than the National Benchmark,10
HENRY MAYO NEWHALL  HOSPITAL,23845  MCBEAN PKWY,VALENCIA,CA,91355,(661) 253-8000,STANDARD,,8286,0.718,No Different than National Benchmark,16
POMONA VALLEY HOSPITAL MEDICAL CENTER,1798 N GAREY AVE,POMONA,CA,91767,(909) 865-9500,STANDARD,,8270,0.526,Better than the National Benchmark,9
ENGLEWOOD HOSPITAL AND MEDICAL CENTER,350 ENGLE ST,ENGLEWOOD,NJ,7631,(201) 894-3000,STANDARD,,8269,0.898,No Different than National Benchmark,23
MEMORIALCARE ORANGE COAST MEDICAL CENTER,9920 TALBERT AVENUE,FOUNTAIN VALLEY,CA,92708,(714) 378-7000,STANDARD,,8265,0,Better than the National Benchmark,17
SENTARA VIRGINIA BEACH GENERAL HOSPITAL,1060 FIRST COLONIAL ROAD,VIRGINIA BEACH,VA,23454,(757) 395-8000,STANDARD,,8251,0.591,No Different than National Benchmark,21
KETTERING HEALTH DAYTON,405 GRAND AVENUE,DAYTON,OH,45405,(937) 723-3410,STANDARD,,8241,0.177,Better than the National Benchmark,21
INTEGRIS SOUTHWEST MEDICAL CENTER,4401 SOUTH WESTERN AVENUE,OKLAHOMA CITY,OK,73109,(405) 636-7000,STANDARD,,8227,0.36,Better than the National Benchmark,13
UMASS MEMORIAL HEALTHALLIANCE HOSPITALS,60 HOSPITAL ROAD,LEOMINSTER,MA,1453,(978) 466-2000,STANDARD,HAC_PENALIZED,8222,1.111,No Different than National Benchmark,15
EDWARD HOSPITAL,801 SOUTH WASHINGTON,NAPERVILLE,IL,60540,(630) 527-3000,STANDARD,,8218,0.847,No Different than National Benchmark,29
YUMA REGIONAL MEDICAL CENTER,2400 SOUTH AVENUE A,YUMA,AZ,85364,(928) 336-7600,STANDARD,,8215,1.121,No Different than National Benchmark,8
HONORHEALTH DEER VALLEY MEDICAL CENTER,19829 NORTH 27TH AVENUE,PHOENIX,AZ,85027,(623) 879-6100,STANDARD,,8191,0.355,Better than the National Benchmark,10
HIGHLAND HOSPITAL,1000 SOUTH AVENUE,ROCHESTER,NY,14617,(585) 341-6711,STANDARD,HAC_PENALIZED,8188,0.574,No Different than National Benchmark,12
M HEALTH FAIRVIEW ST JOHN'S HOSPITAL,1575 BEAM AVENUE,MAPLEWOOD,MN,55109,(651) 232-7000,STANDARD,,8182,0.851,No Different than National Benchmark,28
COMANCHE COUNTY MEMORIAL HOSPITAL,3401 WEST GORE BLVD,LAWTON,OK,73505,(580) 355-8620,STANDARD,HAC_PENALIZED,8169,0.784,No Different than National Benchmark,7
HARRISON MEDICAL CENTER,2520 CHERRY AVENUE,BREMERTON,WA,98310,(360) 377-3911,STANDARD,,8165,0.705,No Different than National Benchmark,18
HCA FLORIDA ORANGE PARK HOSPITAL,2001 KINGSLEY AVE,ORANGE PARK,FL,32073,(904) 276-8500,STANDARD,,8113,0.388,Better than the National Benchmark,11
SSM HEALTH DEPAUL HOSPITAL ST LOUIS,12303 DEPAUL DRIVE,BRIDGETON,MO,63044,(314) 344-6000,STANDARD,,8104,0,Better than the National Benchmark,14
PALM BEACH GARDENS MEDICAL CENTER,3360 BURNS RD,PALM BEACH GARDENS,FL,33410,(561) 622-1411,STANDARD,,8094,0.345,No Different than National Benchmark,13
KAISER FOUNDATION HOSPITAL MANTECA,1777 WEST YOSEMITE AVE,MANTECA,CA,95337,(209) 825-3700,STANDARD,,8078,0.381,No Different than National Benchmark,0
KAISER FOUNDATION HOSPITAL - SAN DIEGO,4647 ZION AVE,SAN DIEGO,CA,92120,(619) 528-5000,STANDARD,,8064,1.212,No Different than National Benchmark,6
SHANDS JACKSONVILLE,655 W 8TH ST,JACKSONVILLE,FL,32209,(904) 244-4000,STANDARD,,8063,0.683,No Different than National Benchmark,11
CHI ST JOSEPH HEALTH REGIONAL HOSPITAL,2801 FRANCISCAN DR,BRYAN,TX,77802,(979) 776-3912,STANDARD,,8040,0.419,No Different than National Benchmark,9
PROVIDENCE SAINT JOSEPH MEDICAL CTR,501 SOUTH BUENA VISTA STREET,BURBANK,CA,91505,(818) 843-5111,STANDARD,,8034,0.572,No Different than National Benchmark,15
"CONWAY REGIONAL MEDICAL CENTER, INC",2302 COLLEGE AVENUE,CONWAY,AR,72034,(501) 329-3831,STANDARD,,8025,0.973,No Different than National Benchmark,8
"USA HEALTH HCA PROVIDENCE HOSPITAL, LLC",6801 AIRPORT BOULEVARD,MOBILE,AL,36608,(251) 633-1000,STANDARD,,8023,0.459,No Different than National Benchmark,12
SANFORD USD MEDICAL CENTER,1305 W 18TH ST  POST OFFICE BOX 5039,SIOUX FALLS,SD,57117,(605) 333-1000,STANDARD,,8014,0.682,No Different than National Benchmark,15
BERKSHIRE MEDICAL CENTER,725 NORTH STREET,PITTSFIELD,MA,1201,(413) 447-2000,STANDARD,,8012,0.296,Better than the National Benchmark,11
TRIDENT MEDICAL CENTER,9330 MEDICAL PLAZA DR,CHARLESTON,SC,29406,(843) 847-4100,STANDARD,,8010,0.867,No Different than National Benchmark,14
ORLANDO HEALTH BAYFRONT HOSPITAL,701 6TH ST S,SAINT PETERSBURG,FL,33701,(727) 823-1234,STANDARD,,8006,0.303,Better than the National Benchmark,12
NS/LIJ HS HUNTINGTON HOSPITAL,270 PARK AVENUE,HUNTINGTON,NY,11743,(631) 351-2000,STANDARD,,8003,0,Better than the National Benchmark,11
SANFORD MEDICAL CENTER FARGO,801 BROADWAY NORTH,FARGO,ND,58122,(701) 234-2000,STANDARD,,7998,0.101,Better than the National Benchmark,21
MOSAIC LIFE CARE AT ST JOSEPH,5325 FARAON STREET,SAINT JOSEPH,MO,64506,(816) 271-6000,STANDARD,HAC_PENALIZED,7989,0.872,No Different than National Benchmark,8
BAYLOR SCOTT & WHITE MEDICAL CENTER HILLCREST,100 HILLCREST MEDICAL BLVD,WACO,TX,76712,(254) 202-2000,STANDARD,,7966,0.266,Better than the National Benchmark,5
FREEMAN HEALTH SYSTEM - FREEMAN WEST,1102 WEST 32ND STREET,JOPLIN,MO,64804,(417) 347-1111,STANDARD,HAC_PENALIZED,7958,0.812,No Different than National Benchmark,8
MERCY HOSPITAL SOUTH,10010 KENNERLY ROAD,SAINT LOUIS,MO,63128,(314) 525-1000,STANDARD,,7946,0.848,No Different than National Benchmark,26
METHODIST MEDICAL CENTER OF OAK RIDGE,990 OAK RIDGE TURNPIKE BOX 529,OAK RIDGE,TN,37830,(865) 835-1000,STANDARD,,7933,0.541,No Different than National Benchmark,4
MERCY SAN JUAN MEDICAL CENTER,6501 COYLE AVE,CARMICHAEL,CA,95608,(916) 537-5000,STANDARD,,7921,0.634,No Different than National Benchmark,12
MEDICAL CITY DENTON,3535 SOUTH I35 EAST,DENTON,TX,76210,(940) 384-3535,STANDARD,,7916,0.118,Better than the National Benchmark,9
SAN JOAQUIN GENERAL HOSPITAL,500 W HOSPITAL ROAD,FRENCH CAMP,CA,95231,(209) 468-6000,STANDARD,,7880,0.16,Better than the National Benchmark,2
DECATUR MORGAN HOSPITAL - DECATUR CAMPUS,1201 7TH STREET SE,DECATUR,AL,35601,(256) 341-2000,STANDARD,,7872,0,Better than the National Benchmark,11
NORTH OAKS MEDICAL CENTER,15790 PAUL VEGA MD DRIVE,HAMMOND,LA,70403,(985) 345-2700,STANDARD,HAC_AT_RISK,7869,1.203,No Different than National Benchmark,10
MAGNOLIA REGIONAL HEALTH CENTER,611 ALCORN DRIVE,CORINTH,MS,38834,(662) 293-1000,STANDARD,,7869,0.673,No Different than National Benchmark,9
WHITE PLAINS HOSPITAL CENTER,41 EAST POST R0AD,WHITE PLAINS,NY,10601,(914) 681-0600,STANDARD,,7869,0.154,Better than the National Benchmark,17
UCLA WEST VALLEY MEDICAL CENTER,7300 MEDICAL CENTER DR,WEST HILLS,CA,91307,(818) 676-4000,STANDARD,,7864,0.17,Better than the National Benchmark,4
LEWISGALE MEDICAL CENTER,1900 ELECTRIC ROAD,SALEM,VA,24153,(540) 776-4100,STANDARD,,7852,0.342,Better than the National Benchmark,10
SOUTH BROOKLYN HEALTH,2601 OCEAN PARKWAY,BROOKLYN,NY,11235,(718) 616-3000,STANDARD,,7847,0,Better than the National Benchmark,6
BOONE HOSPITAL CENTER,1600 E BROADWAY,COLUMBIA,MO,65201,(573) 815-8000,STANDARD,,7829,0.702,No Different than National Benchmark,10
ST MARY'S MEDICAL CENTER,901 45TH ST,WEST PALM BEACH,FL,33407,(561) 840-6202,STANDARD,,7825,0.786,No Different than National Benchmark,6
OKLAHOMA STATE UNIVERSITY MEDICAL CENTER,744 WEST 9TH STREET,TULSA,OK,74127,(918) 599-1000,STANDARD,,7822,1.058,No Different than National Benchmark,2
BASSETT HEALTHCARE,ONE ATWELL ROAD,COOPERSTOWN,NY,13326,(607) 547-3456,STANDARD,HAC_PENALIZED,7811,0.253,Better than the National Benchmark,9
CLOVIS COMMUNITY MEDICAL CENTER,2755 HERNDON AVE,CLOVIS,CA,93611,(559) 324-4000,STANDARD,,7793,0.515,No Different than National Benchmark,24
HIGHLAND HOSPITAL,1411 EAST 31ST STREET,OAKLAND,CA,94602,(510) 437-4800,STANDARD,,7791,1.79,No Different than National Benchmark,15
LOWELL GENERAL HOSPITAL,295 VARNUM AVENUE,LOWELL,MA,1854,(978) 937-6000,STANDARD,HAC_PENALIZED,7790,1.058,No Different than National Benchmark,9
BAPTIST MEDICAL CENTER EAST,400 TAYLOR ROAD,MONTGOMERY,AL,36117,(334) 244-8330,STANDARD,,7789,1.113,No Different than National Benchmark,5
ALBERT EINSTEIN MEDICAL CENTER,5501 OLD YORK ROAD,PHILADELPHIA,PA,19141,(215) 456-6090,STANDARD,,7783,0.92,No Different than National Benchmark,13
INTERMOUNTAIN HEALTH ST VINCENT REGIONAL HOSPITAL,1233 N 30TH ST,BILLINGS,MT,59107,(406) 657-7000,STANDARD,,7758,0.633,No Different than National Benchmark,8
HIGH POINT REGIONAL HEALTH SYSTEM,601 N ELM ST,HIGH POINT,NC,27261,(336) 878-6000,STANDARD,HAC_PENALIZED,7757,0.605,No Different than National Benchmark,16
JFK UNIVERSITY MEDICAL CENTER,65 JAMES STREET,EDISON,NJ,8818,(732) 321-7000,STANDARD,,7747,1.037,No Different than National Benchmark,40
MERCY HOSPITAL FORT SMITH,7301 ROGERS AVE,FORT SMITH,AR,72903,(479) 314-6000,STANDARD,,7746,0.208,Better than the National Benchmark,11
NORTH ALABAMA MEDICAL CENTER,1701 VETERANS DRIVE,FLORENCE,AL,35630,(256) 768-8400,STANDARD,,7721,0,Better than the National Benchmark,16
COMMUNITY HOSPITAL,901 MACARTHUR BLVD,MUNSTER,IN,46321,(219) 836-1600,STANDARD,,7709,0.854,No Different than National Benchmark,23
NORMAN REGIONAL,3300 HEALTHPLEX PKWY,NORMAN,OK,73072,(405) 307-1050,STANDARD,,7699,0.31,No Different than National Benchmark,10
ST LUKE'S THE WOODLANDS HOSPITAL,17200 ST LUKE'S WAY,THE WOODLANDS,TX,77384,(936) 266-4050,STANDARD,HAC_PENALIZED,7696,0.417,No Different than National Benchmark,11
DANBURY HOSPITAL,24 HOSPITAL AVE,DANBURY,CT,6810,(203) 739-7000,STANDARD,,7688,0.417,No Different than National Benchmark,21
MAURY REGIONAL HOSPITAL,1224 TROTWOOD AVE,COLUMBIA,TN,38401,(931) 381-1111,STANDARD,,7669,0,Better than the National Benchmark,8
OHIOHEALTH MANSFIELD HOSPITAL,335 GLESSNER AVENUE,MANSFIELD,OH,44903,(419) 526-8000,STANDARD,HAC_PENALIZED,7665,1.118,No Different than National Benchmark,6
PALMDALE REGIONAL MEDICAL CENTER,38600 MEDICAL CENTER DRIVE,PALMDALE,CA,93552,(661) 382-5000,STANDARD,,7648,0.415,No Different than National Benchmark,9
KINGMAN REGIONAL MEDICAL CENTER,3269 STOCKTON HILL ROAD,KINGMAN,AZ,86401,(928) 757-2101,STANDARD,,7639,0.325,Better than the National Benchmark,15
THE MIRIAM HOSPITAL,164 SUMMIT AVENUE,PROVIDENCE,RI,2906,(401) 793-2500,STANDARD,,7635,1.071,No Different than National Benchmark,55
CHESAPEAKE GENERAL HOSPITAL,"736 BATTLEFIELD BLVD, NORTH",CHESAPEAKE,VA,23320,(757) 312-8121,STANDARD,,7608,0.418,No Different than National Benchmark,27
CAMDEN CLARK MEDICAL CENTER,800 GARFIELD AVE,PARKERSBURG,WV,26101,(304) 424-2111,STANDARD,,7592,0.529,No Different than National Benchmark,6
NORTHWESTERN MEDICINE MCHENRY,4201 MEDICAL CENTER DRIVE,MCHENRY,IL,60050,(815) 344-5000,STANDARD,,7584,0,Better than the National Benchmark,25
UNIVERSITY OF MD CAPITAL REGION MEDICAL CENTER,901 NORTH HARRY S TRUMAN DRIVE,UPPER MARLBORO,MD,20774,(301) 618-2000,STANDARD,HAC_AT_RISK,7560,0.213,Better than the National Benchmark,10
"MOSES H. CONE MEMORIAL HOSPITAL, THE",1200 N ELM ST,GREENSBORO,NC,27401,(336) 832-7000,STANDARD,,7546,0.334,Better than the National Benchmark,21
SAN ANTONIO VA MEDICAL CENTER (VA SOUTH TEXAS HEALTHCARE SYSTEM),7400 MERTON MINTER BLVD.,SAN ANTONIO,TX,78229,(210) 617-5300,VA,,7544,0.241,Better than the National Benchmark,0
OCEAN MEDICAL CENTER,425 JACK MARTIN BLVD,BRICK,NJ,8724,(732) 840-2200,STANDARD,,7543,0.313,Better than the National Benchmark,33
REGIONAL ONE HEALTH,877 JEFFERSON AVENUE,MEMPHIS,TN,38103,(901) 545-7928,STANDARD,,7542,0.309,Better than the National Benchmark,7
FORBES HOSPITAL,2570 HAYMAKER ROAD,MONROEVILLE,PA,15146,(412) 858-2000,STANDARD,,7526,0.741,No Different than National Benchmark,10
VIRTUA OUR LADY OF LOURDES HOSPITAL,1600 HADDON AVENUE,CAMDEN,NJ,8103,(856) 886-5373,STANDARD,,7521,0.648,No Different than National Benchmark,16
FIRSTHEALTH MOORE REGIONAL HOSPITAL,155 MEMORIAL DRIVE,PINEHURST,NC,28374,(910) 715-1000,STANDARD,,7518,0.322,No Different than National Benchmark,9
NASSAU UNIVERSITY MEDICAL CENTER,2201 HEMPSTEAD TURNPIKE,EAST MEADOW,NY,11554,(516) 572-0123,STANDARD,,7513,0.092,Better than the National Benchmark,4
SAINT FRANCIS MEDICAL CENTER,3630 EAST IMPERIAL HIGHWAY,LYNWOOD,CA,90262,(310) 900-8900,STANDARD,,7511,0.468,No Different than National Benchmark,6
PORTLAND VA MEDICAL CENTER,3710 SW US VETERANS HOSPITAL,PORTLAND,OR,97239,(503) 220-8262,VA,,7509,0.391,No Different than National Benchmark,0
"MEDICAL WEST, AN AFFILIATE OF UAB HEALTH SYSTEM",995 9TH AVENUE SOUTHWEST,BESSEMER,AL,35022,(205) 481-7000,STANDARD,,7501,0.522,No Different than National Benchmark,3
HCA FLORIDA OSCEOLA HOSPITAL,700 WEST OAK STREET,KISSIMMEE,FL,34741,(407) 846-2266,STANDARD,,7494,0,Better than the National Benchmark,6
MT SINAI HOSPITAL MEDICAL CENTER,15TH STREET AT CALIFORNIA,CHICAGO,IL,60608,(773) 542-2000,STANDARD,HAC_PENALIZED,7478,1.399,No Different than National Benchmark,7
CHESTER COUNTY HOSPITAL,701 EAST MARSHALL STREET,WEST CHESTER,PA,19380,(610) 431-5000,STANDARD,,7470,0.842,No Different than National Benchmark,41
ADVENTHEALTH OCALA,1500 SW 1ST AVE,OCALA,FL,34474,(352) 351-7200,STANDARD,,7461,0,Better than the National Benchmark,18
MIDLAND MEMORIAL HOSPITAL,400 ROSALIND REDFERN GROVER PARKWAY,MIDLAND,TX,79701,(432) 685-1111,STANDARD,HAC_PENALIZED,7456,0.531,No Different than National Benchmark,6
ANDERSON REGIONAL MEDICAL CENTER,2124 14TH STREET,MERIDIAN,MS,39301,(601) 553-6000,STANDARD,HAC_PENALIZED,7453,0.663,No Different than National Benchmark,4
BETHESDA HOSPITAL EAST,2815 S SEACREST BLVD,BOYNTON BEACH,FL,33435,(561) 737-7733,STANDARD,,7446,0,Better than the National Benchmark,17
HOLY CROSS HOSPITAL,4725 N FEDERAL HWY,FT LAUDERDALE,FL,33308,(954) 771-8000,STANDARD,,7437,0.32,Better than the National Benchmark,23
HCA FLORIDA KENDALL HOSPITAL,11750 BIRD RD,MIAMI,FL,33175,(305) 223-3000,STANDARD,,7434,0,Better than the National Benchmark,6
OROVILLE HOSPITAL,2767 OLIVE HIGHWAY,OROVILLE,CA,95966,(530) 533-8500,STANDARD,,7427,0.343,No Different than National Benchmark,26
Brooke Army Medical Center (FT Sam Houston),3551 Roger Brooke Dr,Fort Sam Houston,TX,78234,(210) 916-4141,STANDARD,,7424,0.605,No Different than National Benchmark,0
UNC HEALTH CARE WAYNE,2700 WAYNE MEMORIAL DR,GOLDSBORO,NC,27534,(919) 736-1110,STANDARD,HAC_PENALIZED,7423,1.267,No Different than National Benchmark,15
MEMORIAL MEDICAL CENTER,1700 COFFEE RD,MODESTO,CA,95355,(209) 526-4500,STANDARD,,7422,0.321,Better than the National Benchmark,10
GARFIELD MEDICAL CENTER,525 N GARFIELD AVE,MONTEREY PARK,CA,91754,(626) 573-2222,STANDARD,,7410,1.849,No Different than National Benchmark,6
OVERLOOK MEDICAL CENTER,99 BEAUVOIR AVENUE,SUMMIT,NJ,7901,(908) 522-2000,STANDARD,,7410,0.769,No Different than National Benchmark,34
SOUTHWEST GENERAL HEALTH CENTER,18697 BAGLEY ROAD,MIDDLEBURG HEIGHTS,OH,44130,(440) 816-8000,STANDARD,HAC_AT_RISK,7360,0.47,No Different than National Benchmark,15
HCA-HEALTHONE DBA SWEDISH MEDICAL CENTER,501 E HAMPDEN AVE,ENGLEWOOD,CO,80113,(303) 788-5000,STANDARD,,7354,0.439,Better than the National Benchmark,13
SOUTHERN CALIFORNIA HOSPITAL AT HOLLYWOOD,6245 DE LONGPRE AVE,HOLLYWOOD,CA,90028,(323) 462-2271,STANDARD,,7350,0,Better than the National Benchmark,7
OVERLAKE HOSPITAL MEDICAL CENTER,1035-116TH AVE NE,BELLEVUE,WA,98004,(425) 688-5000,STANDARD,HAC_PENALIZED,7336,1.222,No Different than National Benchmark,12
NORTH SHORE MEDICAL CENTER -,81 HIGHLAND AVENUE,SALEM,MA,1970,(978) 741-1215,STANDARD,,7314,0.424,No Different than National Benchmark,42
GOOD SAMARITAN MEDICAL CENTER,235 NORTH PEARL STREET,BROCKTON,MA,2301,(508) 427-3000,STANDARD,,7300,0.328,No Different than National Benchmark,8
ST. PATRICK HOSPITAL,500 W BROADWAY,MISSOULA,MT,59802,(406) 543-7271,STANDARD,,7286,1.548,No Different than National Benchmark,13
BETH ISRAEL DEACONESS HOSPITAL PLYMOUTH,275 SANDWICH STREET,PLYMOUTH,MA,2360,(508) 746-2000,STANDARD,HAC_AT_RISK,7284,1.222,No Different than National Benchmark,12
HEMET GLOBAL MEDICAL CENTER,1117 EAST DEVONSHIRE,HEMET,CA,92543,(951) 652-2811,STANDARD,,7269,0,Better than the National Benchmark,5
PARKRIDGE MEDICAL CENTER,2333 MCCALLIE AVE,CHATTANOOGA,TN,37404,(423) 894-4220,STANDARD,,7261,0,Better than the National Benchmark,2
MAINE GENERAL MEDICAL CENTER,35 MEDICAL CENTER PARKWAY,AUGUSTA,ME,4330,(207) 626-1000,STANDARD,,7229,1.381,No Different than National Benchmark,8
THOMAS HOSPITAL,750 MORPHY AVENUE,FAIRHOPE,AL,36532,(251) 928-2375,HIGH_CAUTI,,7221,1.874,Worse than the National Benchmark,16
CHRISTUS ST MICHAEL HEALTH SYSTEM,2600 ST MICHAEL DR,TEXARKANA,TX,75503,(903) 614-1000,STANDARD,,7221,0.608,No Different than National Benchmark,6
INSPIRA MEDICAL CENTER VINELAND,1505 W SHERMAN AVE,VINELAND,NJ,8360,(856) 641-8000,STANDARD,,7216,0.215,Better than the National Benchmark,14
ADVOCATE TRINITY HOSPITAL,2320 E 93RD ST,CHICAGO,IL,60617,(773) 967-5002,STANDARD,,7214,0.591,No Different than National Benchmark,15
YAKIMA VALLEY MEMORIAL,2811 TIETON DRIVE,YAKIMA,WA,98902,(509) 575-8000,STANDARD,,7209,0.335,Better than the National Benchmark,11
HCA FLORIDA BAYONET POINT HOSPITAL,14000 FIVAY RD,HUDSON,FL,34667,(727) 819-2929,STANDARD,HAC_AT_RISK,7204,0.981,No Different than National Benchmark,12
BELLIN MEMORIAL HOSPITAL,744 S WEBSTER AVE,GREEN BAY,WI,54301,(920) 433-3500,STANDARD,HAC_PENALIZED,7162,1.216,No Different than National Benchmark,6
KENMORE MERCY HOSPITAL,2950 ELMWOOD AVENUE,KENMORE,NY,14217,(716) 447-6100,STANDARD,,7159,0.207,No Different than National Benchmark,10
ELMHURST HOSPITAL CENTER,79-01 BROADWAY,ELMHURST,NY,11373,(718) 334-1141,STANDARD,,7119,0.303,Better than the National Benchmark,11
MEMORIAL HOSPITAL OF SOUTH BEND,615 N MICHIGAN ST,SOUTH BEND,IN,46601,(574) 647-1000,STANDARD,,7116,0.794,No Different than National Benchmark,9
MERCY MEDICAL CENTER INC,301 SAINT PAUL PLACE,BALTIMORE,MD,21202,(410) 332-9237,STANDARD,,7114,0.437,No Different than National Benchmark,6
KAISER FOUNDATION HOSPITAL - WALNUT CREEK,1425 S MAIN STREET,WALNUT CREEK,CA,94596,(925) 295-4000,STANDARD,,7106,0.592,No Different than National Benchmark,3
JAMAICA HOSPITAL MEDICAL CENTER,89TH AVENUE AND VAN WYCK EXPRESSWAY,JAMAICA,NY,11418,(718) 262-6000,STANDARD,HAC_PENALIZED,7106,0.315,Better than the National Benchmark,7
NEWARK BETH ISRAEL MEDICAL CENTER,201 LYONS AVE,NEWARK,NJ,7112,(973) 926-7000,STANDARD,,7085,0.214,Better than the National Benchmark,11
SARASOTA MEMORIAL HOSPITAL - VENICE,2600 LAUREL ROAD EAST,NORTH VENICE,FL,34275,(941) 917-7299,STANDARD,,7048,0.419,No Different than National Benchmark,25
ST ANTHONYS HOSPITAL,1200 SEVENTH AVE N,SAINT PETERSBURG,FL,33705,(727) 825-1100,STANDARD,,7046,1.126,No Different than National Benchmark,18
ADVENTIST HEALTH BAKERSFIELD,2615 CHESTER AVENUE,BAKERSFIELD,CA,93301,(661) 395-3000,STANDARD,,7036,0.317,No Different than National Benchmark,11
SUBURBAN HOSPITAL,8600 OLD GEORGETOWN ROAD,BETHESDA,MD,20814,(301) 896-2576,STANDARD,HAC_AT_RISK,7033,1.274,No Different than National Benchmark,13
MERCY HOSPITAL JOPLIN,100 MERCY WAY,JOPLIN,MO,64804,(417) 781-2727,STANDARD,,7030,1.563,No Different than National Benchmark,8
HCA FLORIDA FAWCETT HOSPITAL,21298 OLEAN BLVD,PORT CHARLOTTE,FL,33952,(941) 629-1181,STANDARD,,7022,0.324,No Different than National Benchmark,6
SLIDELL MEMORIAL HOSPITAL,1001 GAUSE BLVD,SLIDELL,LA,70458,(985) 643-2200,STANDARD,HAC_PENALIZED,7022,0.95,No Different than National Benchmark,13
TRINITY ROCK ISLAND,2701 17TH ST,ROCK ISLAND,IL,61201,(309) 779-5000,STANDARD,,7017,0.452,No Different than National Benchmark,6
MEMORIAL HOSPITAL OF CARBONDALE,405 W JACKSON,CARBONDALE,IL,62901,(618) 549-0721,STANDARD,HAC_PENALIZED,7013,0.143,Better than the National Benchmark,9
MEDICAL CENTER OF THE ROCKIES,2500 ROCKY MOUNTAIN AVE,LOVELAND,CO,80538,(970) 624-2500,STANDARD,,7006,1.386,No Different than National Benchmark,24
PENNSYLVANIA HOSPITAL,800 SPRUCE STREET,PHILADELPHIA,PA,19107,(215) 829-3000,STANDARD,HAC_PENALIZED,6988,1.146,No Different than National Benchmark,19
MERCY MEDICAL CENTER,333 MERCY AVENUE,MERCED,CA,95340,(209) 564-5000,STANDARD,,6983,0.138,Better than the National Benchmark,5
LAREDO MEDICAL CENTER,1700 EAST SAUNDERS,LAREDO,TX,78044,(956) 796-5000,STANDARD,,6978,0.573,No Different than National Benchmark,3
HCA FLORIDA FORT WALTON-DESTIN HOSPITAL,1000 MAR-WALT DR,FORT WALTON BEACH,FL,32547,(850) 862-1111,STANDARD,,6973,0.585,No Different than National Benchmark,10
PROVIDENCE ALASKA MEDICAL CENTER,3200 PROVIDENCE DRIVE,ANCHORAGE,AK,99508,(907) 562-2211,STANDARD,,6969,0.775,No Different than National Benchmark,13
ESKENAZI HEALTH,720 ESKENAZI AVENUE,INDIANAPOLIS,IN,46202,(317) 880-4818,STANDARD,HAC_PENALIZED,6966,1.018,No Different than National Benchmark,16
UNIVERSITY MEDICAL CENTER OF PRINCETON AT PLAINSBORO,ONE-FIVE PLAINSBORO ROAD,PLAINSBORO,NJ,8536,(609) 853-6500,STANDARD,,6954,0.453,No Different than National Benchmark,26
VIRTUA MOUNT HOLLY HOSPITAL,175 MADISON AVE,MOUNT HOLLY,NJ,8060,(609) 267-0700,STANDARD,,6954,0.352,Better than the National Benchmark,34
JEFFERSON REGIONAL MEDICAL CENTER,1600 WEST 40TH AVENUE,PINE BLUFF,AR,71603,(870) 541-7100,STANDARD,,6944,0.097,Better than the National Benchmark,7
VALLEYWISE HEALTH MEDICAL CENTER,2601 EAST ROOSEVELT STREET,PHOENIX,AZ,85008,(602) 344-5011,STANDARD,,6934,0.33,Better than the National Benchmark,4
BAYLOR SCOTT AND WHITE ALL SAINTS MEDICAL CENTER,1400 EIGHTH AVE,FORT WORTH,TX,76104,(817) 926-2544,STANDARD,,6933,0.556,No Different than National Benchmark,12
ST. GEORGE REGIONAL HOSPITAL,1380 EAST MEDICAL CENTER DRIVE,ST GEORGE,UT,84790,(435) 251-2100,STANDARD,,6931,0.114,Better than the National Benchmark,11
LEGACY SALMON CREEK MEDICAL CENTER,2211 NE 139TH STREET,VANCOUVER,WA,98686,(360) 487-1000,STANDARD,HAC_PENALIZED,6929,1.64,No Different than National Benchmark,20
UPMC ST MARGARET,815 FREEPORT ROAD,PITTSBURGH,PA,15215,(412) 784-4000,STANDARD,,6927,1.119,No Different than National Benchmark,15
SANFORD MEDICAL CENTER BISMARCK,300 N 7TH ST,BISMARCK,ND,58506,(701) 323-6000,STANDARD,,6924,0.472,No Different than National Benchmark,9
LOGAN HEALTH MEDICAL CENTER,310 SUNNYVIEW LANE,KALISPELL,MT,59901,(406) 752-5111,STANDARD,HAC_PENALIZED,6918,0.993,No Different than National Benchmark,12
AURORA BAYCARE MEDICAL CTR,2845 GREENBRIER RD,GREEN BAY,WI,54313,(920) 288-8000,STANDARD,HAC_PENALIZED,6906,0.814,No Different than National Benchmark,9
FLAGSTAFF MEDICAL CENTER,1200 NORTH BEAVER STREET,FLAGSTAFF,AZ,86001,(928) 779-3366,STANDARD,,6884,0.132,Better than the National Benchmark,6
BAKERSFIELD MEMORIAL HOSPITAL,420 34TH ST,BAKERSFIELD,CA,93301,(661) 327-1792,STANDARD,,6867,0.386,Better than the National Benchmark,8
PORTSMOUTH REGIONAL HOSPITAL,333 BORTHWICK AVE,PORTSMOUTH,NH,3801,(603) 436-5110,STANDARD,,6862,0.845,No Different than National Benchmark,13
CALIFORNIA PACIFIC MEDICAL CENTER- VAN NESS CAMPUS,1101 VAN NESS AVENUE,SAN FRANCISCO,CA,94109,(415) 600-6000,STANDARD,,6853,0.336,Better than the National Benchmark,16
THE EAST ALABAMA HEALTHCARE AUTHORITY,2000 PEPPERELL PARKWAY,OPELIKA,AL,36801,(334) 528-1300,STANDARD,,6851,0.821,No Different than National Benchmark,8
CENTRAL MAINE MEDICAL CENTER,300 MAIN STREET,LEWISTON,ME,4240,(207) 795-0111,STANDARD,,6848,0.58,No Different than National Benchmark,6
UNIVERSITY OF ILLINOIS HOSPITAL AND CLINICS,1740 WEST TAYLOR ST SUITE 1400,CHICAGO,IL,60612,(312) 996-3900,STANDARD,,6838,0.734,No Different than National Benchmark,21
GENESIS HOSPITAL,2951 MAPLE AVENUE,ZANESVILLE,OH,43701,(740) 454-5000,STANDARD,HAC_PENALIZED,6828,0.506,No Different than National Benchmark,15
EXCELA HEALTH WESTMORELAND REGIONAL HOSPITAL,532 WEST PITTSBURGH STREET,GREENSBURG,PA,15601,(724) 832-4000,STANDARD,,6815,0.115,Better than the National Benchmark,12
OLEAN GENERAL HOSPITAL,515 MAIN STREET,OLEAN,NY,14760,(716) 373-2600,STANDARD,HAC_AT_RISK,6803,0.365,No Different than National Benchmark,11
MEASE COUNTRYSIDE HOSPITAL,3231 MCMULLEN BOOTH RD,SAFETY HARBOR,FL,34695,(727) 734-6950,STANDARD,,6795,0.163,Better than the National Benchmark,22
BLANCHARD VALLEY HOSPITAL,1900 SOUTH MAIN STREET,FINDLAY,OH,45840,(419) 423-4500,STANDARD,HAC_PENALIZED,6795,1.573,No Different than National Benchmark,6
LAWRENCE GENERAL HOSPITAL,ONE GENERAL STREET,LAWRENCE,MA,1842,(978) 683-4000,STANDARD,,6783,0.463,No Different than National Benchmark,12
SHANNON MEDICAL CENTER,120 E HARRIS AVE.,SAN ANGELO,TX,76903,(325) 653-6741,STANDARD,,6772,0.566,No Different than National Benchmark,9
CENTENNIAL HILLS HOSPITAL MEDICAL CENTER,6900 N DURANGO DR,LAS VEGAS,NV,89149,(702) 835-9700,STANDARD,,6766,0.365,Better than the National Benchmark,11
STANFORD HEALTH CARE TRI-VALLEY,5555 WEST LAS POSITAS BOULEVARD,PLEASANTON,CA,94588,(925) 847-3000,STANDARD,,6746,0.84,No Different than National Benchmark,24
FROEDTERT SOUTH INC.,6308 EIGHTH AVE,KENOSHA,WI,53143,(262) 656-2368,STANDARD,HAC_PENALIZED,6725,0.434,No Different than National Benchmark,9
CAPE COD HOSPITAL,27 PARK STREET,HYANNIS,MA,2601,(508) 771-1800,STANDARD,HAC_AT_RISK,6709,0.37,No Different than National Benchmark,15
CHRISTUS SOUTHEAST TEXAS- ST ELIZABETH,2830 CALDER AVENUE,BEAUMONT,TX,77702,(409) 892-7171,STANDARD,,6708,0.361,Better than the National Benchmark,10
HCA FLORIDA MEMORIAL HOSPITAL,3625 UNIVERSITY BLVD S,JACKSONVILLE,FL,32216,(904) 702-6111,STANDARD,,6692,0,Better than the National Benchmark,17
BON SECOURS ST MARYS HOSPITAL,5801 BREMO RD,RICHMOND,VA,23226,(804) 285-2011,STANDARD,,6688,0.792,No Different than National Benchmark,37
MERCY HEALTH - WEST HOSPITAL,3300 MERCY HEALTH BLVD,CINCINNATI,OH,45211,(513) 215-5000,STANDARD,,6687,0.31,No Different than National Benchmark,21
CHRISTUS SHREVEPORT-BOSSIER HEALTH SYSTEM,1453 E BERT KOUNS INDUSTRIAL DRIVE,SHREVEPORT,LA,71105,(318) 681-5000,STANDARD,,6677,0,Better than the National Benchmark,8
ADVOCATE GOOD SAMARITAN HOSPITAL,3815 HIGHLAND AVENUE,DOWNERS GROVE,IL,60515,(630) 275-5900,STANDARD,,6674,0.706,No Different than National Benchmark,25
"SAMARITAN HOSPITAL OF TROY, NEW YORK",2215 BURDETT AVENUE,TROY,NY,12180,(518) 427-3402,STANDARD,,6674,0.368,No Different than National Benchmark,22
ANDERSON HOSPITAL,6800 STATE ROUTE 162,MARYVILLE,IL,62062,(618) 288-5711,STANDARD,,6671,0.149,Better than the National Benchmark,8
MCLEOD LORIS  HOSPITAL,3655 MITCHELL STREET,LORIS,SC,29569,(843) 716-7000,STANDARD,,6663,1.194,No Different than National Benchmark,6
ELLIS HOSPITAL,1101 NOTT STREET,SCHENECTADY,NY,12308,(518) 243-4196,STANDARD,,6635,0.209,Better than the National Benchmark,12
"BAYHEALTH MEDICAL CENTER, KENT CAMPUS",640 S STATE STREET,DOVER,DE,19901,(302) 744-7001,STANDARD,,6632,0.091,Better than the National Benchmark,21
MERCY HEALTH - LOURDES HOSPITAL,1530 LONE OAK ROAD,PADUCAH,KY,42003,(270) 444-2444,STANDARD,,6626,0.177,Better than the National Benchmark,8
KAISER FOUNDATION HOSPITAL - SAN FRANCISCO,2425 GEARY BLVD,SAN FRANCISCO,CA,94115,(415) 833-2646,STANDARD,,6604,0.97,No Different than National Benchmark,1
ALTA BATES SUMMIT MEDICAL CENTER,350 HAWTHORNE AVENUE,OAKLAND,CA,94609,(510) 655-4000,STANDARD,,6596,0.247,Better than the National Benchmark,20
VA NORTH FLORIDA/SOUTH GEORGIA HEALTHCARE SYSTEM - GAINESVILLE,1601 S W ARCHER ROAD,GAINESVILLE,FL,32608,(352) 376-1611,STANDARD,,6596,0.556,No Different than National Benchmark,0
PRINCETON COMMUNITY HOSPITAL,122 12TH STREET,PRINCETON,WV,24740,(304) 487-7000,STANDARD,HAC_PENALIZED,6584,0.635,No Different than National Benchmark,6
INSPIRA MEDICAL CENTER MULLICA HILL,501 WEST FRONT STREET,ELMER,NJ,8318,(856) 363-1000,STANDARD,,6583,0.483,No Different than National Benchmark,20
ST CATHERINE OF SIENA HOSPITAL MEDICAL CENTER,50 ROUTE 25A,SMITHTOWN,NY,11787,(631) 862-3000,STANDARD,,6580,0,Better than the National Benchmark,10
NORTH AUSTIN MEDICAL CENTER,12221 MOPAC EXPRESSWAY NORTH,AUSTIN,TX,78758,(512) 901-1000,STANDARD,,6569,0.186,Better than the National Benchmark,26
ST LUKES HOSPITAL,915 EAST 1ST STREET,DULUTH,MN,55805,(218) 249-2449,STANDARD,,6560,0.146,Better than the National Benchmark,9
HCA FLORIDA AVENTURA HOSPITAL,20900 BISCAYNE BLVD,AVENTURA,FL,33180,(305) 682-7000,STANDARD,,6556,0.176,Better than the National Benchmark,17
JPS HEALTH NETWORK,1500 S MAIN ST,FORT WORTH,TX,76104,(817) 921-3431,STANDARD,HAC_PENALIZED,6553,0.608,No Different than National Benchmark,16
BAXTER REGIONAL MEDICAL CENTER,624 HOSPITAL DRIVE,MOUNTAIN HOME,AR,72653,(870) 508-1000,STANDARD,,6544,0.66,No Different than National Benchmark,4
ST LUKES REGIONAL MEDICAL CENTER,2720 STONE PARK BOULEVARD,SIOUX CITY,IA,51104,(712) 279-3500,STANDARD,,6532,0.819,No Different than National Benchmark,2
CULLMAN REGIONAL MEDICAL CENTER,1912 ALABAMA HIGHWAY 157,CULLMAN,AL,35058,(256) 737-2000,STANDARD,,6531,0.652,No Different than National Benchmark,5
LONGVIEW REGIONAL MEDICAL CENTER,2901 N FOURTH ST,LONGVIEW,TX,75605,(903) 758-1818,STANDARD,,6527,0.176,Better than the National Benchmark,6
"OUR LADY OF LOURDES MEMORIAL HOSPITAL, INC",169 RIVERSIDE DRIVE,BINGHAMTON,NY,13905,(607) 798-5111,STANDARD,HAC_PENALIZED,6526,0,Better than the National Benchmark,13
ROUND ROCK MEDICAL CENTER,2400 ROUND ROCK AVE,ROUND ROCK,TX,78681,(512) 341-1000,STANDARD,,6523,0.442,No Different than National Benchmark,11
JAVON BEA HOSPITAL,2400 NORTH ROCKTON AVENUE,ROCKFORD,IL,61103,(815) 968-6861,STANDARD,HAC_PENALIZED,6515,0,Better than the National Benchmark,9
NACOGDOCHES MEDICAL CENTER,4920 NE STALLINGS DRIVE,NACOGDOCHES,TX,75965,(936) 569-9481,STANDARD,,6489,0.684,No Different than National Benchmark,2
VALLEY HOSPITAL,4 VALLEY HEALTH PLAZA,PARAMUS,NJ,7652,(201) 447-8000,STANDARD,HAC_PENALIZED,6487,0.502,No Different than National Benchmark,22
HAZARD ARH REGIONAL MEDICAL CENTER,100 MEDICAL CENTER DRIVE,HAZARD,KY,41701,(606) 439-1331,STANDARD,HAC_PENALIZED,6476,0.577,No Different than National Benchmark,9
NORTHWEST COMMUNITY HOSPITAL 1,800 W CENTRAL ROAD,ARLINGTON HEIGHTS,IL,60005,(847) 618-1000,STANDARD,,6475,0.355,No Different than National Benchmark,31
LOUIS STOKES CLEVELAND VA MEDICAL CENTER,10701 EAST BLVD,CLEVELAND,OH,44106,(216) 791-3800,VA,,6466,0.222,Better than the National Benchmark,0
GOOD SAMARITAN HOSPITAL,375 DIXMYTH AVENUE,CINCINNATI,OH,45220,(513) 862-2601,STANDARD,,6458,0.551,No Different than National Benchmark,20
MERCY HEALTH-ST RITA'S MEDICAL CENTER,730 WEST MARKET STREET,LIMA,OH,45801,(419) 227-3361,STANDARD,,6455,0.717,No Different than National Benchmark,8
HONORHEALTH SCOTTSDALE OSBORN MEDICAL CENTER,7400 EAST OSBORN ROAD,SCOTTSDALE,AZ,85251,(480) 882-4004,STANDARD,,6449,0.126,Better than the National Benchmark,20
ST BERNARDINE MEDICAL CENTER,2101 N WATERMAN AVE,SAN BERNARDINO,CA,92404,(909) 883-8711,STANDARD,,6448,0.152,Better than the National Benchmark,7
DOYLESTOWN HOSPITAL,595 WEST STATE ST,DOYLESTOWN,PA,18901,(215) 345-2200,STANDARD,,6448,0.254,Better than the National Benchmark,18
NORTHEAST HOSPITAL CORPORATION,85 HERRICK STREET,BEVERLY,MA,1915,(978) 922-3000,STANDARD,HAC_PENALIZED,6446,0.544,No Different than National Benchmark,23
MARSHALL MEDICAL CENTERS,2505 U S HIGHWAY 431 NORTH,BOAZ,AL,35957,(256) 593-8310,STANDARD,,6429,0.684,No Different than National Benchmark,8
FRANCISCAN HEALTH CROWN POINT,1201 S MAIN ST,CROWN POINT,IN,46307,(219) 757-6100,STANDARD,,6422,1.276,No Different than National Benchmark,17
MACNEAL  HOSPITAL,3249 SOUTH OAK PARK AVENUE,BERWYN,IL,60402,(708) 783-9100,STANDARD,,6421,0.385,No Different than National Benchmark,13
DOMINICAN HOSPITAL,1555 SOQUEL DRIVE,SANTA CRUZ,CA,95065,(831) 462-7700,STANDARD,,6414,0.736,No Different than National Benchmark,10
CAROLINA EAST MEDICAL CENTER,2000 NEUSE BLVD,NEW BERN,NC,28560,(252) 633-8640,STANDARD,,6404,0.184,Better than the National Benchmark,12
RIDDLE MEMORIAL HOSPITAL,1068 WEST BALTIMORE PIKE,MEDIA,PA,19063,(610) 566-9400,STANDARD,,6400,0.168,Better than the National Benchmark,34
BRYN MAWR HOSPITAL,130 SOUTH BRYN MAWR AVE,BRYN MAWR,PA,19010,(610) 526-3000,STANDARD,,6390,1.126,No Different than National Benchmark,34
BON SECOURS SOUTHSIDE MEDICAL CENTER,200 MEDICAL PARK BOULEVARD,PETERSBURG,VA,23805,(804) 765-5000,STANDARD,HAC_AT_RISK,6388,0.533,No Different than National Benchmark,7
BANNER DEL E. WEBB MEDICAL CENTER,14502 WEST MEEKER BOULEVARD,SUN CITY WEST,AZ,85375,(623) 524-4000,STANDARD,,6373,0.181,Better than the National Benchmark,12
WELLSPAN GOOD SAMARITAN HOSPITAL,252 SOUTH 4TH STREET,LEBANON,PA,17042,(717) 270-7500,STANDARD,,6372,0.61,No Different than National Benchmark,12
CHRISTIAN HOSPITAL NORTHEAST,11133 DUNN ROAD,SAINT LOUIS,MO,63136,(314) 653-5000,STANDARD,HAC_AT_RISK,6370,0.49,No Different than National Benchmark,11
CLEVELAND CLINIC INDIAN RIVER HOSPITAL,1000 36TH ST,VERO BEACH,FL,32960,(772) 567-4311,STANDARD,,6369,0.935,No Different than National Benchmark,14
SAINT JOSEPH HOSPITAL,1375 E 19TH AVE,DENVER,CO,80218,(303) 812-2000,STANDARD,,6364,0.126,Better than the National Benchmark,5
REGIONAL HOSPITAL OF SCRANTON,746 JEFFERSON AVENUE,SCRANTON,PA,18501,(570) 348-7100,STANDARD,,6364,0.797,No Different than National Benchmark,8
CATAWBA VALLEY MEDICAL CENTER,810 FAIRGROVE CHURCH RD,HICKORY,NC,28602,(828) 326-3809,STANDARD,,6363,0.363,No Different than National Benchmark,10
CAPE CORAL HOSPITAL,636 DEL PRADO BLVD,CAPE CORAL,FL,33990,(239) 424-2000,STANDARD,,6360,0,Better than the National Benchmark,44
UNIVERSITY OF MD BALTIMORE WASHINGTON MEDICAL CENTER,301 HOSPITAL DRIVE,GLEN BURNIE,MD,21061,(410) 595-1967,STANDARD,,6353,0.664,No Different than National Benchmark,22
SAINT JOHN'S HEALTH CENTER,2121 SANTA MONICA BLVD,SANTA MONICA,CA,90404,(310) 829-5511,STANDARD,,6347,0.742,No Different than National Benchmark,19
COMMUNITY MEMORIAL HOSPITAL - VENTURA,147 NORTH BRENT STREET,VENTURA,CA,93003,(805) 652-5011,STANDARD,,6340,0.62,No Different than National Benchmark,5
MEDINA HOSPITAL,1000 EAST WASHINGTON STREET,MEDINA,OH,44256,(330) 725-1000,STANDARD,HAC_PENALIZED,6336,0.459,No Different than National Benchmark,18
NORTHWEST HOSPITAL CENTER,5401 OLD COURT ROAD,RANDALLSTOWN,MD,21133,(410) 521-2200,STANDARD,,6321,0.478,No Different than National Benchmark,11
ADVENTIST HEALTH AND RIDEOUT,726 4TH ST,MARYSVILLE,CA,95901,(530) 749-4300,STANDARD,,6315,0.56,No Different than National Benchmark,4
NORTHWESTERN MEDICINE CENTRAL DUPAGE HOSPITAL,25 NORTH WINFIELD ROAD,WINFIELD,IL,60190,(630) 682-1600,STANDARD,,6307,0.371,No Different than National Benchmark,90
GOOD SAMARITAN HOSPITAL,2425 SAMARITAN DRIVE,SAN JOSE,CA,95124,(408) 559-2011,STANDARD,,6303,0.511,No Different than National Benchmark,12
MEDSTAR SOUTHERN MARYLAND HOSPITAL CENTER,7503 SURRATTS ROAD,CLINTON,MD,20735,(301) 868-8000,STANDARD,,6296,0,Better than the National Benchmark,8
DUKE REGIONAL HOSPITAL,3643 N ROXBORO STREET,DURHAM,NC,27704,(919) 470-4000,STANDARD,,6295,0.247,Better than the National Benchmark,21
VA BOSTON HEALTHCARE SYSTEM - JAMAICA PLAIN,150 S. HUNTINGTON AVENUE,JAMAICA PLAIN,MA,2130,(617) 232-9500,STANDARD,,6293,0.71,No Different than National Benchmark,0
VA CENTRAL AR. VETERANS HEALTHCARE SYSTEM LR,4300 WEST SEVENTH STREET,LITTLE ROCK,AR,72205,(501) 257-1000,VA,,6291,0.564,No Different than National Benchmark,0
BANNER BAYWOOD MEDICAL CENTER,6644 EAST BAYWOOD AVENUE,MESA,AZ,85206,(480) 321-2000,STANDARD,,6288,0.187,Better than the National Benchmark,18
"WASHINGTON HOSPITAL, THE",155 WILSON AVENUE,WASHINGTON,PA,15301,(724) 225-7000,STANDARD,,6281,0.625,No Different than National Benchmark,5
BAPTIST MEMORIAL HOSPITAL NORTH MS,1100 BELK BLVD,OXFORD,MS,38655,(662) 232-8100,STANDARD,,6275,0.191,Better than the National Benchmark,6
AIKEN REGIONAL MEDICAL CENTER,302 UNIVERSITY PARKWAY,AIKEN,SC,29801,(803) 641-5900,STANDARD,,6272,0.251,Better than the National Benchmark,4
ADVOCATE GOOD SHEPHERD HOSPITAL,450 WEST HIGHWAY 22,BARRINGTON,IL,60010,(847) 381-9600,STANDARD,,6270,0.372,No Different than National Benchmark,12
MARINHEALTH MEDICAL CENTER,250 BON AIR ROAD,GREENBRAE,CA,94904,(415) 925-7900,STANDARD,,6255,0.732,No Different than National Benchmark,11
CENTERPOINT MEDICAL CENTER,19600 EAST 39TH STREET,INDEPENDENCE,MO,64057,(816) 698-7000,STANDARD,,6252,0.364,No Different than National Benchmark,3
INDEPENDENCE HEALTH SYSTEM BUTLER MEMORIAL HOSPITA,ONE HOSPITAL WAY,BUTLER,PA,16001,(724) 283-6666,STANDARD,HAC_PENALIZED,6227,0.184,Better than the National Benchmark,6
HCA FLORIDA LAWNWOOD HOSPITAL,1700 S 23RD ST,FORT PIERCE,FL,34950,(772) 461-4000,STANDARD,,6222,0.25,Better than the National Benchmark,7
SARATOGA HOSPITAL,211 CHURCH STREET,SARATOGA SPRINGS,NY,12866,(518) 587-3222,STANDARD,,6211,1.067,No Different than National Benchmark,14
HILLCREST HOSPITAL SOUTH,8801 SOUTH 101ST EAST AVENUE,TULSA,OK,74133,(918) 294-4499,STANDARD,,6203,0.638,No Different than National Benchmark,7
METHODIST MANSFIELD MEDICAL CENTER,2700 E BROAD STREET,MANSFIELD,TX,76063,(682) 622-2059,STANDARD,,6203,0.46,No Different than National Benchmark,6
HSHS ST ELIZABETH'S HOSPITAL,ONE ST ELIZABETH BOULEVARD,O FALLON,IL,62269,(618) 234-2120,STANDARD,,6185,0.32,No Different than National Benchmark,14
TEXAS HEALTH HUGULEY HOSPITAL FORT WORTH SOUTH,11801 SOUTH FREEWAY,FORT WORTH,TX,76115,(817) 293-9110,STANDARD,,6182,0.942,No Different than National Benchmark,9
LOS ROBLES HOSPITAL & MEDICAL CENTER,215 W JANSS RD,THOUSAND OAKS,CA,91360,(805) 497-2727,STANDARD,,6158,1.125,No Different than National Benchmark,11
BAPTIST BEAUMONT HOSPITAL,3080 COLLEGE STREET,BEAUMONT,TX,77701,(409) 212-5000,STANDARD,,6157,0.253,Better than the National Benchmark,8
CARROLL HOSPITAL CENTER,200 MEMORIAL AVENUE,WESTMINSTER,MD,21157,(410) 848-3000,STANDARD,,6155,0.537,No Different than National Benchmark,10
HCA FLORIDA GULF COAST HOSPITAL,449 W 23RD ST,PANAMA CITY,FL,32405,(850) 747-7926,STANDARD,,6153,0.163,Better than the National Benchmark,8
ATRIUM HEALTH UNION,600 HOSPITAL DR,MONROE,NC,28112,(704) 283-3100,STANDARD,,6143,0.52,No Different than National Benchmark,18
GUNDERSEN LUTHERAN MEDICAL CENTER,1910 SOUTH AVE,LA CROSSE,WI,54601,(608) 782-7300,STANDARD,,6137,0,Better than the National Benchmark,13
MOUNT CARMEL ST ANN'S,500 SOUTH CLEVELAND AVENUE,WESTERVILLE,OH,43081,(614) 546-4034,STANDARD,,6131,0.782,No Different than National Benchmark,23
MOUNT NITTANY MEDICAL CENTER,1800 EAST PARK AVE,STATE COLLEGE,PA,16803,(814) 231-7000,STANDARD,,6128,0.799,No Different than National Benchmark,8
KAISER FOUNDATION HOSPITAL - BALDWIN PARK,1011 BALDWIN PARK BLVD,BALDWIN PARK,CA,91706,(626) 851-1011,STANDARD,,6125,0.393,No Different than National Benchmark,2
NORTH SHORE MEDICAL CENTER,1100 NW 95TH ST,MIAMI,FL,33150,(305) 835-6000,STANDARD,,6124,0,Better than the National Benchmark,7
SENTARA PRINCESS ANNE HOSPITAL,2025 GLENN MITCHELL DRIVE,VIRGINIA BEACH,VA,23456,(757) 507-1520,STANDARD,,6106,0.641,No Different than National Benchmark,21
UCI HEALTH-LAKEWOOD,3700 SOUTH ST,LAKEWOOD,CA,90712,(562) 602-6751,STANDARD,,6105,1.131,No Different than National Benchmark,13
THE MEDICAL CENTER OF AURORA & SOUTH HOSPITAL,1501 S POTOMAC ST,AURORA,CO,80012,(303) 873-5511,STANDARD,,6104,0.528,No Different than National Benchmark,12
LONG ISLAND COMMUNITY HOSPITAL,101 HOSPITAL ROAD,PATCHOGUE,NY,11772,(631) 654-7100,STANDARD,,6104,0,Better than the National Benchmark,9
MEDICAL CITY ARLINGTON,3301 MATLOCK ROAD,ARLINGTON,TX,76015,(817) 465-3241,STANDARD,,6100,1.004,No Different than National Benchmark,7
EDEN MEDICAL CENTER,20103 LAKE CHABOT ROAD,CASTRO VALLEY,CA,94546,(510) 537-1234,STANDARD,,6087,0.316,No Different than National Benchmark,15
TEXAS HEALTH PRESBYTERIAN HOSPITAL PLANO,6200 W PARKER RD,PLANO,TX,75093,(972) 981-8000,STANDARD,,6083,0.188,Better than the National Benchmark,18
SWEDISH MEDICAL CENTER / CHERRY HILL,500 17TH AVENUE,SEATTLE,WA,98122,(206) 320-2000,STANDARD,,6077,1.191,No Different than National Benchmark,12
CENTRASTATE MEDICAL CENTER,901 WEST MAIN STREET,FREEHOLD,NJ,7728,(732) 294-7012,STANDARD,,6069,0.394,No Different than National Benchmark,24
METHODIST HOSPITAL  STONE OAK,"1139 E SONTERRA BLVD,",SAN ANTONIO,TX,78258,(210) 638-2101,STANDARD,,6061,0.538,No Different than National Benchmark,14
BAPTIST MEMORIAL HOSPITAL DESOTO,7601 SOUTHCREST PARKWAY,SOUTHAVEN,MS,38671,(662) 772-4000,STANDARD,HAC_PENALIZED,6058,0.271,Better than the National Benchmark,9
ATRIUM MEDICAL CENTER,ONE MEDICAL CENTER DRIVE,FRANKLIN,OH,45005,(513) 420-5102,STANDARD,,6048,0,Better than the National Benchmark,6
MARYMOUNT HOSPITAL,12300 MCCRACKEN ROAD,GARFIELD HEIGHTS,OH,44125,(216) 587-8210,STANDARD,,6043,0.176,Better than the National Benchmark,15
JOHN DEMPSEY HOSPITAL,263 FARMINGTON AVE,FARMINGTON,CT,6032,(860) 679-1145,STANDARD,,6039,1.044,No Different than National Benchmark,12
VALLEY BAPTIST MEDICAL CENTER- BROWNSVILLE,1040 W JEFFERSON ST,BROWNSVILLE,TX,78520,(956) 544-1400,STANDARD,,6031,0.166,Better than the National Benchmark,3
UNIVERSITY OF MD CHARLES REGIONAL  MEDICAL CENTER,5 GARRETT AVENUE,LA PLATA,MD,20646,(301) 609-4265,STANDARD,,6013,0.741,No Different than National Benchmark,4
SANTA BARBARA COTTAGE HOSPITAL,400 WEST PUEBLO,SANTA BARBARA,CA,93105,(805) 682-7111,STANDARD,,6004,0.39,Better than the National Benchmark,15
ASCENSION ST JOHN MEDICAL CENTER,1923 SOUTH UTICA AVENUE,TULSA,OK,74104,(918) 744-2296,STANDARD,HAC_PENALIZED,5987,0.501,No Different than National Benchmark,19
SOUTHEASTERN REGIONAL MEDICAL CENTER,300 W 27 ST  PO BOX 1408,LUMBERTON,NC,28359,(910) 671-5000,STANDARD,,5985,0.171,Better than the National Benchmark,7
WELLSPAN CHAMBERSBURG HOSPITAL,112 NORTH SEVENTH STREET,CHAMBERSBURG,PA,17201,(717) 267-3000,STANDARD,,5974,0.685,No Different than National Benchmark,12
SKAGIT VALLEY HOSPITAL,1415 KINCAID STREET,MOUNT VERNON,WA,98274,(360) 424-4111,STANDARD,HAC_PENALIZED,5962,1.932,No Different than National Benchmark,17
MERCY HOSPITAL,2215 TRUXTUN AVENUE,BAKERSFIELD,CA,93301,(661) 632-5000,STANDARD,,5958,0.495,No Different than National Benchmark,7
WEST CHESTER HOSPITAL,7700 UNIVERSITY DRIVE,WEST CHESTER,OH,45069,(513) 298-7701,STANDARD,,5932,0.647,No Different than National Benchmark,17
LOMA LINDA VA MEDICAL CENTER,11201 BENTON STREET,LOMA LINDA,CA,92357,(909) 825-7084,VA,,5929,0.425,No Different than National Benchmark,0
CARSON TAHOE REGIONAL MEDICAL CENTER,1600 MEDICAL PARKWAY,CARSON CITY,NV,89703,(775) 445-8000,STANDARD,HAC_PENALIZED,5927,1.908,No Different than National Benchmark,16
ARNOT OGDEN MEDICAL CENTER,600 ROE AVENUE,ELMIRA,NY,14905,(607) 737-4100,STANDARD,HAC_PENALIZED,5922,0.508,No Different than National Benchmark,4
WAUKESHA MEMORIAL HOSPITAL,725 AMERICAN AVE,WAUKESHA,WI,53188,(262) 928-1000,STANDARD,,5915,0.347,No Different than National Benchmark,12
MINNEAPOLIS VA MEDICAL CENTER,ONE VETERANS DRIVE,MINNEAPOLIS,MN,55417,(612) 725-2000,VA,,5914,0.797,No Different than National Benchmark,0
BAPTIST HEALTH PADUCAH,2501 KENTUCKY AVENUE,PADUCAH,KY,42003,(270) 575-2100,STANDARD,HAC_PENALIZED,5910,0.734,No Different than National Benchmark,9
PALMETTO GENERAL HOSPITAL,2001 W 68TH ST,HIALEAH,FL,33016,(305) 823-5000,STANDARD,,5900,0.549,No Different than National Benchmark,3
WELLINGTON REGIONAL MEDICAL CENTER,10101 FOREST HILL BLVD,WELLINGTON,FL,33414,(561) 798-8500,STANDARD,,5896,0.262,Better than the National Benchmark,16
THEDACARE REGIONAL MED CTR - NEENAH,130 2ND ST,NEENAH,WI,54956,(920) 729-3100,STANDARD,,5894,0,Better than the National Benchmark,12
UCI HEALTH - LOS ALAMITOS,3751 KATELLA AVENUE,LOS ALAMITOS,CA,90720,(562) 799-3220,STANDARD,,5871,1.41,No Different than National Benchmark,21
MARIETTA MEMORIAL HOSPITAL,401 MATTHEW STREET,MARIETTA,OH,45750,(740) 374-1400,STANDARD,HAC_PENALIZED,5870,0.842,No Different than National Benchmark,8
GOOD SAMARITAN HOSPITAL OF SUFFERN,255 LAFAYETTE AVENUE,SUFFERN,NY,10901,(914) 368-5000,STANDARD,,5868,0.189,Better than the National Benchmark,11
VA PITTSBURGH HEALTHCARE SYSTEM - UNIV DR,UNIVERSITY DRIVE,PITTSBURGH,PA,15240,(412) 688-6100,STANDARD,,5868,0.294,Better than the National Benchmark,0
NORTHRIDGE HOSPITAL MEDICAL CENTER,18300 ROSCOE BLVD,NORTHRIDGE,CA,91325,(818) 885-8500,STANDARD,,5864,0,Better than the National Benchmark,18
TRINITY HOSPITALS,407 3RD ST SE,MINOT,ND,58701,(701) 857-5000,STANDARD,,5862,0.136,Better than the National Benchmark,4
WILLIAM W BACKUS HOSPITAL,326 WASHINGTON ST,NORWICH,CT,6360,(860) 889-8331,STANDARD,,5851,0.397,No Different than National Benchmark,23
ST CHARLES MEDICAL CENTER - BEND,2500 NE NEFF ROAD,BEND,OR,97701,(541) 382-4321,STANDARD,,5851,0.624,No Different than National Benchmark,15
HCA HOUSTON HEALTHCARE NORTHWEST,710 CYPRESS CREEK PARKWAY,HOUSTON,TX,77090,(281) 440-1000,STANDARD,,5849,0.604,No Different than National Benchmark,7
THEDACARE REGIONAL MEDICAL CENTER - APPLETON INC,1818 N MEADE ST,APPLETON,WI,54911,(920) 731-4101,STANDARD,,5846,0,Better than the National Benchmark,14
MEDICAL CITY FORT WORTH,900 EIGHTH AVENUE,FORT WORTH,TX,76104,(817) 336-2100,STANDARD,,5845,0.363,Better than the National Benchmark,11
ASCENSION ST VINCENT HOSPITAL,2001 W 86TH ST,INDIANAPOLIS,IN,46260,(317) 338-7000,STANDARD,,5843,0.641,No Different than National Benchmark,17
LAKE HEALTH,7590 AUBURN ROAD,CONCORD,OH,44077,(440) 953-9600,STANDARD,,5837,0,Better than the National Benchmark,14
BLOUNT MEMORIAL HOSPITAL,907 E LAMAR ALEXANDER PARKWAY,MARYVILLE,TN,37804,(865) 983-7211,STANDARD,,5829,1.01,No Different than National Benchmark,9
SAINT THOMAS RUTHERFORD HOSPITAL,1700 MEDICAL CENTER PARKWAY,MURFREESBORO,TN,37129,(615) 396-4100,STANDARD,,5829,0.285,Better than the National Benchmark,8
WHITE RIVER MEDICAL CENTER,1710 HARRISON STREET,BATESVILLE,AR,72503,(870) 262-1200,STANDARD,,5822,0.841,No Different than National Benchmark,4
PARMA COMMUNITY GENERAL HOSPITAL,7007 POWERS BOULEVARD,PARMA,OH,44129,(440) 743-3000,STANDARD,,5818,0.334,No Different than National Benchmark,17
PARIS REGIONAL MEDICAL CENTER,865 DESHONG DR,PARIS,TX,75460,(903) 785-4521,STANDARD,,5818,0.224,No Different than National Benchmark,2
WENTWORTH-DOUGLASS HOSPITAL,789 CENTRAL AVE,DOVER,NH,3820,(603) 740-2580,STANDARD,,5810,1.51,No Different than National Benchmark,18
WESTSIDE REGIONAL MEDICAL CENTER,8201 W BROWARD BLVD,PLANTATION,FL,33324,(954) 473-6600,STANDARD,,5809,0,Better than the National Benchmark,13
ST JOHN'S EPISCOPAL HOSPITAL AT SOUTH SHORE,327 BEACH 19TH STREET,FAR ROCKAWAY,NY,11691,(718) 869-7000,STANDARD,HAC_PENALIZED,5809,1.543,No Different than National Benchmark,6
MERCYONE WATERLOO MEDICAL CENTER,3421 WEST NINTH STREET,WATERLOO,IA,50702,(319) 272-8000,STANDARD,,5805,0.143,Better than the National Benchmark,3
ASHTABULA COUNTY MEDICAL CENTER,2420 LAKE AVENUE,ASHTABULA,OH,44004,(440) 997-2262,STANDARD,,5802,0,Better than the National Benchmark,10
CONFLUENCE HEALTH HOSPITAL,1201 S MILLER STREET,WENATCHEE,WA,98807,(509) 662-1511,STANDARD,,5800,0.624,No Different than National Benchmark,9
"WEIRTON MEDICAL CENTER, INC",601 COLLIERS WAY,WEIRTON,WV,26062,(304) 797-6000,STANDARD,HAC_PENALIZED,5785,1.527,No Different than National Benchmark,6
UCI HEALTH - FOUNTAIN VALLEY,17100 EUCLID STREET,FOUNTAIN VALLEY,CA,92708,(714) 966-7200,STANDARD,,5784,0.996,No Different than National Benchmark,9
ADVENTIST HEALTH PORTLAND,10123 SE MARKET STREET,PORTLAND,OR,97216,(503) 257-2500,STANDARD,,5781,0.801,No Different than National Benchmark,9
CHRISTUS OCHSNER ST PATRICK HOSPITAL,524 DR MICHAEL DEBAKEY DRIVE,LAKE CHARLES,LA,70601,(337) 436-2511,STANDARD,,5777,0.569,No Different than National Benchmark,3
WASHINGTON HOSPITAL,2000 MOWRY AVE,FREMONT,CA,94538,(510) 797-1111,STANDARD,,5774,0.411,No Different than National Benchmark,17
CENTINELA HOSPITAL MEDICAL CENTER,555 EAST HARDY STREET,INGLEWOOD,CA,90301,(310) 673-4660,STANDARD,,5767,0.176,Better than the National Benchmark,5
JOHNSTON HEALTH,509 BRIGHT LEAF BLVD,SMITHFIELD,NC,27577,(919) 934-8171,STANDARD,HAC_AT_RISK,5764,0.727,No Different than National Benchmark,5
SHARP CHULA VISTA MEDICAL CENTER,751 MEDICAL CENTER COURT,CHULA VISTA,CA,91911,(619) 502-5800,STANDARD,,5751,0.745,No Different than National Benchmark,14
PROVIDENCE HOLY CROSS MEDICAL CENTER,15031 RINALDI ST,MISSION HILLS,CA,91346,(818) 365-8051,STANDARD,,5745,0.396,No Different than National Benchmark,10
OVERLAND PARK REG MED CTR,10500 QUIVIRA ROAD,OVERLAND PARK,KS,66215,(913) 541-5000,STANDARD,HAC_PENALIZED,5744,0.357,No Different than National Benchmark,8
EASTERN IDAHO REGIONAL MEDICAL CENTER,3100 CHANNING WAY,IDAHO FALLS,ID,83404,(208) 529-6111,STANDARD,,5732,0.354,Better than the National Benchmark,5
PENINSULA MEDICAL CENTER,1501 TROUSDALE DRIVE,BURLINGAME,CA,94010,(650) 696-5400,STANDARD,,5731,0.275,Better than the National Benchmark,20
KAISER FOUNDATION HOSPITAL-SAN JOSE,250 HOSPITAL PARKWAY,SAN JOSE,CA,95119,(408) 972-7000,STANDARD,,5725,0.348,No Different than National Benchmark,4
ST JOSEPH HOSPITAL,2901 SQUALICUM PARKWAY,BELLINGHAM,WA,98225,(360) 734-5400,STANDARD,,5719,0.614,No Different than National Benchmark,10
HCA FLORIDA BRANDON HOSPITAL,119 OAKFIELD DR,BRANDON,FL,33511,(813) 916-0600,STANDARD,,5718,0.534,No Different than National Benchmark,3
ST TAMMANY PARISH HOSPITAL,1202 S TYLER STREET,COVINGTON,LA,70433,(985) 898-4000,STANDARD,,5712,0.154,Better than the National Benchmark,11
CALIFORNIA HOSPITAL MEDICAL CENTER LA,1401 SOUTH GRAND AVENUE,LOS ANGELES,CA,90015,(213) 748-2411,STANDARD,,5711,0.215,Better than the National Benchmark,3
NATIONAL PARK MEDICAL CENTER,1910 MALVERN AVENUE,HOT SPRINGS,AR,71901,(501) 321-1000,STANDARD,,5707,0.651,No Different than National Benchmark,5
HINES VA MEDICAL CENTER,5000 SOUTH 5TH AVENUE,HINES,IL,60141,(708) 202-8387,VA,,5702,0.159,Better than the National Benchmark,0
THE HOSPITALS OF PROVIDENCE - MEMORIAL CAMPUS,2001 N OREGON ST,EL PASO,TX,79902,(915) 577-6011,STANDARD,,5692,0,Better than the National Benchmark,10
"ARKANSAS HEART HOSPITAL, LLC",1701 S SHACKLEFORD ROAD,LITTLE ROCK,AR,72211,(501) 219-7000,STANDARD,,5682,0.764,No Different than National Benchmark,1
MORRISTOWN HAMBLEN HOSPITAL ASSOCIATION,908 W 4TH NORTH ST,MORRISTOWN,TN,37814,(423) 492-6900,STANDARD,,5677,0.677,No Different than National Benchmark,7
HCA FLORIDA BLAKE HOSPITAL,2020 59TH ST W,BRADENTON,FL,34209,(941) 798-6110,STANDARD,,5664,0.211,Better than the National Benchmark,9
ADVENTHEALTH WATERMAN,1000 WATERMAN WAY,TAVARES,FL,32778,(352) 253-3368,STANDARD,,5647,0.42,No Different than National Benchmark,17
SENTARA NORTHERN VIRGINIA MEDICAL CENTER,2300 OPITZ BOULEVARD,WOODBRIDGE,VA,22191,(703) 523-1000,STANDARD,,5647,0.178,Better than the National Benchmark,15
SAINT FRANCIS HOSPITAL MUSKOGEE,300 ROCKEFELLER DRIVE,MUSKOGEE,OK,74401,(918) 682-5501,STANDARD,,5636,0.53,No Different than National Benchmark,14
ST MARK'S HOSPITAL,1200 EAST 3900 SOUTH,SALT LAKE CITY,UT,84124,(801) 268-7111,STANDARD,,5630,0.538,No Different than National Benchmark,11
ST MARY MEDICAL CENTER INC,1500 S LAKE PARK AVE,HOBART,IN,46342,(219) 947-6196,STANDARD,,5627,0.834,No Different than National Benchmark,22
NYACK HOSPITAL,160 NORTH MIDLAND AVENUE,NYACK,NY,10960,(845) 348-2000,STANDARD,,5622,1.563,No Different than National Benchmark,10
"ASCENSION VIA CHRISTI HOSPITALS WICHITA, INC.",929 NORTH ST FRANCIS STREET,WICHITA,KS,67214,(316) 268-5000,STANDARD,,5619,0.416,No Different than National Benchmark,16
ELLIOT HOSPITAL,1 ELLIOT WAY,MANCHESTER,NH,3103,(603) 669-5300,STANDARD,HAC_PENALIZED,5616,1.035,No Different than National Benchmark,21
ADENA REGIONAL MEDICAL CENTER,272 HOSPITAL ROAD,CHILLICOTHE,OH,45601,(740) 779-7500,STANDARD,HAC_PENALIZED,5616,0.827,No Different than National Benchmark,7
AURORA MEDICAL CENTER KENOSHA,10400 75TH ST,KENOSHA,WI,53142,(262) 948-5600,STANDARD,HAC_PENALIZED,5611,1.356,No Different than National Benchmark,12
HCA FLORIDA WEST HOSPITAL,8383 N DAVIS HWY,PENSACOLA,FL,32514,(850) 494-4000,STANDARD,,5602,0.14,Better than the National Benchmark,14
"OUR LADY OF LOURDES REGIONAL MEDICAL CENTER, INC",4801 AMBASSADOR CAFFERY PARKWAY,LAFAYETTE,LA,70508,(337) 470-2000,STANDARD,,5600,1.213,No Different than National Benchmark,15
SAINT JOSEPH REGIONAL MEDICAL CENTER,5215 HOLY CROSS PKWY,MISHAWAKA,IN,46545,(574) 335-5000,STANDARD,,5581,0.147,Better than the National Benchmark,14
VALLEY PRESBYTERIAN HOSPITAL,15107 VANOWEN ST,VAN NUYS,CA,91405,(818) 782-6600,STANDARD,,5565,1.918,No Different than National Benchmark,3
UF HEALTH LEESBURG HOSPITAL,600 E DIXIE AVE,LEESBURG,FL,34748,(352) 323-5762,STANDARD,HAC_PENALIZED,5564,1.436,No Different than National Benchmark,13
PENN STATE HEALTH ST. JOSEPH,2500 BERNVILLE ROAD,READING,PA,19605,(610) 378-2000,STANDARD,,5557,1.17,No Different than National Benchmark,21
HUNT REGIONAL MEDICAL CENTER,4215 JOE RAMSEY BLVD E,GREENVILLE,TX,75401,(903) 408-5000,STANDARD,HAC_PENALIZED,5554,1.069,No Different than National Benchmark,12
LAKE CHARLES MEMORIAL HOSPITAL,1701 OAK PARK BLVD,LAKE CHARLES,LA,70601,(337) 494-3000,STANDARD,HAC_PENALIZED,5551,0.546,No Different than National Benchmark,3
FAIRFIELD MEDICAL CENTER,401 NORTH EWING STREET,LANCASTER,OH,43130,(740) 687-8000,STANDARD,HAC_PENALIZED,5544,0.525,No Different than National Benchmark,9
CAPITAL HEALTH REGIONAL MEDICAL CENTER,750 BRUNSWICK AVE,TRENTON,NJ,8638,(609) 394-6000,STANDARD,,5539,0.263,Better than the National Benchmark,13
NORTHWEST HEALTH - PORTER,85 EAST US HWY 6,VALPARAISO,IN,46383,(219) 983-8300,STANDARD,,5527,0,Better than the National Benchmark,7
SAMARITAN MEDICAL CENTER,830 WASHINGTON STREET,WATERTOWN,NY,13601,(315) 785-4000,STANDARD,,5527,0.71,No Different than National Benchmark,11
SELF REGIONAL HEALTHCARE,1325 SPRING STREET,GREENWOOD,SC,29646,(864) 227-4111,STANDARD,,5525,0.175,Better than the National Benchmark,4
LOUIS A WEISS MEMORIAL HOSPITAL,4646 N MARINE DRIVE,CHICAGO,IL,60640,(773) 878-8700,STANDARD,HAC_PENALIZED,5524,0.518,No Different than National Benchmark,2
JOHN T MATHER MEMORIAL HOSPITAL  OF PORT JEFFERSON,75 NORTH COUNTRY ROAD,PORT JEFFERSON,NY,11777,(631) 473-1320,STANDARD,,5518,0.445,No Different than National Benchmark,16
SAINT FRANCIS MEDICAL CENTER,211 ST FRANCIS DR,CAPE GIRARDEAU,MO,63703,(573) 331-3000,STANDARD,,5513,1.057,No Different than National Benchmark,10
BAY PINES VA MEDICAL CENTER,10000 BAY PINES BLVD.,BAY PINES,FL,33744,(727) 398-6661,VA,,5507,0.789,No Different than National Benchmark,0
SISTERS OF CHARITY HOSPITAL,2157 MAIN STREET,BUFFALO,NY,14214,(716) 862-1000,STANDARD,HAC_PENALIZED,5493,0.584,No Different than National Benchmark,32
MORTON PLANT NORTH BAY HOSPITAL,6600 MADISON STREET,NEW PORT RICHEY,FL,34652,(727) 842-8468,STANDARD,,5480,0.814,No Different than National Benchmark,12
MISSION COMMUNITY HOSPITAL,14850 ROSCOE BLVD,PANORAMA CITY,CA,91402,(818) 904-3100,HIGH_CAUTI,,5477,2.348,Worse than the National Benchmark,3
ADVENTHEALTH DAYTONA BEACH,301 MEMORIAL MEDICAL PARKWAY,DAYTONA BEACH,FL,32117,(386) 231-6000,STANDARD,,5470,0.83,No Different than National Benchmark,21
INDIANA UNIVERSITY HEALTH BALL MEMORIAL HOSPITAL,2401 UNIVERSITY AVE,MUNCIE,IN,47303,(765) 747-3111,STANDARD,,5450,0.285,Better than the National Benchmark,15
ST JOSEPH'S HOSPITAL,350 NORTH WILMOT ROAD,TUCSON,AZ,85711,(520) 873-3000,STANDARD,,5445,0.1,Better than the National Benchmark,8
MCKENZIE-WILLAMETTE MEDICAL CENTER,1460 G STREET,SPRINGFIELD,OR,97477,(541) 726-4402,STANDARD,,5441,0.259,No Different than National Benchmark,9
MEDICAL CENTER OF MCKINNEY,4500 MEDICAL CENTER DRIVE,MCKINNEY,TX,75069,(972) 547-8000,STANDARD,,5430,0.209,No Different than National Benchmark,12
JOHNS HOPKINS HOWARD COUNTY MEDICAL CENTER,5755 CEDAR LANE,COLUMBIA,MD,21044,(410) 740-7890,STANDARD,HAC_AT_RISK,5428,0.442,No Different than National Benchmark,13
CLEVELAND CLINIC AVON HOSPITAL,33300 CLEVELAND CLINIC BLVD,AVON,OH,44011,(440) 695-5000,STANDARD,,5425,0.355,No Different than National Benchmark,19
UNITYPOINT HEALTH - MERITER,202 S PARK ST,MADISON,WI,53715,(608) 417-6210,STANDARD,,5418,0.742,No Different than National Benchmark,25
WEST JEFFERSON MEDICAL CENTER,1101 MEDICAL CENTER BLVD,MARRERO,LA,70072,(504) 347-5511,STANDARD,,5410,0.299,Better than the National Benchmark,8
MUSC HEALTH FLORENCE MEDICAL CENTER,805 PAMPLICO HWY BOX 100550,FLORENCE,SC,29505,(843) 674-2500,STANDARD,HAC_PENALIZED,5405,1.057,No Different than National Benchmark,12
FREDERICK HEALTH HOSPITAL,400 WEST SEVENTH ST,FREDERICK,MD,21701,(240) 566-3300,STANDARD,,5399,0.44,No Different than National Benchmark,12
ST FRANCIS COMMUNITY HOSPITAL,34515 9TH AVENUE SOUTH,FEDERAL WAY,WA,98003,(253) 944-8100,STANDARD,,5394,0.541,No Different than National Benchmark,8
CENTRAL FLORIDA LAKE MONROE HOSPITAL,1401 W SEMINOLE BLVD,SANFORD,FL,32771,(407) 321-4500,STANDARD,HAC_PENALIZED,5390,0.612,No Different than National Benchmark,2
LICKING MEMORIAL HOSPITAL,1320 WEST MAIN STREET,NEWARK,OH,43055,(740) 348-4000,STANDARD,HAC_PENALIZED,5388,1.781,No Different than National Benchmark,11
GLENS FALLS HOSPITAL,100 PARK STREET,GLENS FALLS,NY,12801,(518) 926-1000,STANDARD,,5378,1.565,No Different than National Benchmark,17
HERITAGE VALLEY BEAVER,1000 DUTCH RIDGE ROAD,BEAVER,PA,15009,(412) 728-7000,STANDARD,HAC_PENALIZED,5366,0.954,No Different than National Benchmark,8
"WAKEMED, CARY HOSPITAL",1900 KILDARE FARM ROAD,CARY,NC,27518,(919) 350-2550,STANDARD,,5365,0.879,No Different than National Benchmark,26
MARIAN REGIONAL MEDICAL CENTER,1400 E CHURCH ST,SANTA MARIA,CA,93454,(805) 739-3100,STANDARD,,5360,0.265,No Different than National Benchmark,14
OKLAHOMA CITY VA MEDICAL CENTER,921 NE 13TH STREET,OKLAHOMA CITY,OK,73104,(405) 270-0501,VA,,5359,0.615,No Different than National Benchmark,0
PALO ALTO VA MEDICAL CENTER,3801 MIRANDA AVENUE,PALO ALTO,CA,94304,(650) 858-3939,VA,,5343,0.904,No Different than National Benchmark,0
WILKES-BARRE GENERAL HOSPITAL,575 NORTH RIVER STREET,WILKES-BARRE,PA,18764,(570) 829-8111,STANDARD,HAC_PENALIZED,5334,0.269,Better than the National Benchmark,14
MAT-SU REGIONAL MEDICAL CENTER,2500 SOUTH WOODWORTH LOOP,PALMER,AK,99645,(907) 861-6000,STANDARD,,5320,0.279,No Different than National Benchmark,10
ST MARY MEDICAL CENTER,1050 LINDEN AVE,LONG BEACH,CA,90813,(562) 491-9000,STANDARD,,5317,0.192,Better than the National Benchmark,10
UNIVERSITY HOSPITALS AHUJA MEDICAL CENTER,3999 RICHMOND ROAD,BEACHWOOD,OH,44122,(216) 593-5511,STANDARD,,5308,0,Better than the National Benchmark,16
UNIVERSITY OF TOLEDO MEDICAL CENTER,3000 ARLINGTON AVENUE,TOLEDO,OH,43614,(419) 383-3407,STANDARD,HAC_PENALIZED,5307,0.658,No Different than National Benchmark,13
ROPER HOSPITAL,316 CALHOUN ST,CHARLESTON,SC,29401,(843) 724-2800,STANDARD,,5303,1.113,No Different than National Benchmark,19
QUEENS HOSPITAL CENTER,82-68 164TH STREET,JAMAICA,NY,11432,(718) 883-3000,STANDARD,,5297,0.149,Better than the National Benchmark,3
MERCY MEDICAL CENTER,1320 MERCY DRIVE NW,CANTON,OH,44708,(330) 489-1111,STANDARD,HAC_AT_RISK,5294,0.739,No Different than National Benchmark,21
MERIT HEALTH RIVER REGION,2100 HWY 61 N,VICKSBURG,MS,39183,(601) 883-5000,STANDARD,,5292,0.154,Better than the National Benchmark,3
JERSEY CITY MEDICAL CENTER,355 GRAND STREET,JERSEY CITY,NJ,7302,(201) 915-2000,STANDARD,,5286,0.462,No Different than National Benchmark,10
"NEW YORK COMMUNITY HOSPITAL OF BROOKLYN, INC.",2525 KINGS HIGHWAY,BROOKLYN,NY,11229,(718) 692-5302,STANDARD,HAC_AT_RISK,5280,0.285,No Different than National Benchmark,12
MERCYONE SIOUXLAND MEDICAL CENTER,801 5TH ST,SIOUX CITY,IA,51101,(712) 279-2010,STANDARD,,5278,0.672,No Different than National Benchmark,5
CHRISTUS ST VINCENT REGIONAL MEDICAL CENTER,455 ST MICHAEL'S DRIVE,SANTA FE,NM,87505,(505) 913-3361,STANDARD,HAC_PENALIZED,5274,0.239,No Different than National Benchmark,6
HCA HOUSTON HEALTHCARE CONROE,504 MEDICAL CENTER BLVD,CONROE,TX,77304,(936) 539-1111,STANDARD,HAC_PENALIZED,5274,0.146,Better than the National Benchmark,9
KAISER FOUNDATION HOSPITAL - SAN LEANDRO,2500 MERCED STREET,SAN LEANDRO,CA,94577,(510) 454-1000,STANDARD,,5256,0.684,No Different than National Benchmark,0
AFFILIATE OF VITRUVIAN HEALTH,2305 CHAMBLISS AVE NW,CLEVELAND,TN,37311,(423) 339-4100,STANDARD,,5250,0.721,No Different than National Benchmark,5
BARNES-JEWISH ST PETERS HOSPITAL,10 HOSPITAL DR,SAINT PETERS,MO,63376,(636) 916-9000,STANDARD,HAC_AT_RISK,5243,0.467,No Different than National Benchmark,14
DURHAM VA MEDICAL CENTER,508 FULTON STREET,DURHAM,NC,27705,(919) 286-0411,VA,,5229,1.129,No Different than National Benchmark,0
MEMORIAL HOSPITAL WEST,703 N FLAMINGO RD,PEMBROKE PINES,FL,33028,(954) 436-5000,STANDARD,,5209,0.621,No Different than National Benchmark,30
TRISTAR SUMMIT MEDICAL CENTER,5655 FRIST BLVD,HERMITAGE,TN,37076,(615) 316-3000,STANDARD,,5201,0,Better than the National Benchmark,9
PROVIDENCE SANTA ROSA MEMORIAL HOSPITAL,1165 MONTGOMERY DR,SANTA ROSA,CA,95405,(707) 525-5300,STANDARD,,5199,1.381,No Different than National Benchmark,12
NORTHBAY MEDICAL CENTER,1200 B  GALE WILSON BLVD,FAIRFIELD,CA,94533,(707) 646-5000,STANDARD,,5198,1.637,No Different than National Benchmark,4
SAN JUAN REGIONAL MEDICAL CENTER INC,801 WEST MAPLE STREET,FARMINGTON,NM,87401,(505) 609-2000,STANDARD,,5192,0.55,No Different than National Benchmark,7
BROWARD HEALTH NORTH,201 E SAMPLE RD,DEERFIELD BEACH,FL,33064,(954) 786-6400,STANDARD,,5187,0.245,Better than the National Benchmark,10
MIAMI VA MEDICAL CENTER,1201 N W 16TH STREET,MIAMI,FL,33125,(305) 324-4455,VA,,5177,0.853,No Different than National Benchmark,0
SOIN MEDICAL CENTER,3535 PENTAGON PARK BLVD,BEAVER CREEK,OH,45431,(937) 702-4000,STANDARD,,5171,0.696,No Different than National Benchmark,13
LIMA MEMORIAL HEALTH SYSTEM,1001 BELLEFONTAINE AVENUE,LIMA,OH,45804,(419) 998-4731,STANDARD,,5164,0.818,No Different than National Benchmark,5
UNIONTOWN HOSPITAL,500 WEST BERKELEY STREET,UNIONTOWN,PA,15401,(724) 430-5000,STANDARD,HAC_PENALIZED,5160,0.858,No Different than National Benchmark,7
LIBERTY HOSPITAL,2525 GLENN HENDREN DR,LIBERTY,MO,64068,(816) 781-7200,STANDARD,,5155,1.406,No Different than National Benchmark,13
PHELPS COUNTY REGIONAL MEDICAL CENTER,1000 W 10TH ST,ROLLA,MO,65401,(573) 458-8899,STANDARD,,5154,0.27,No Different than National Benchmark,3
MERCY HEALTH-ANDERSON HOSPITAL,7500 STATE ROAD,CINCINNATI,OH,45255,(513) 624-4500,STANDARD,,5152,0.598,No Different than National Benchmark,13
INGALLS MEMORIAL HOSPITAL,1 INGALLS DRIVE,HARVEY,IL,60426,(708) 333-2300,STANDARD,,5132,0.661,No Different than National Benchmark,19
CENTURA HEALTH-ST ANTHONY NORTH HEALTH CAMPUS,14300 ORCHARD PKWY,WESTMINSTER,CO,80023,(720) 627-0000,STANDARD,,5130,0.195,Better than the National Benchmark,12
CHAMPLAIN VALLEY PHYSICIANS HOSPITAL MEDICAL CTR,75 BEEKMAN STREET,PLATTSBURGH,NY,12901,(518) 562-7767,HIGH_CAUTI,HAC_PENALIZED,5125,2.513,Worse than the National Benchmark,17
HARLINGEN MEDICAL CENTER,5501 SOUTH EXPRESSWAY 77,HARLINGEN,TX,78550,(956) 365-1000,STANDARD,,5114,0.272,No Different than National Benchmark,3
LUTHERAN MEDICAL CENTER,8300 W 38TH AVE,WHEAT RIDGE,CO,80033,(303) 425-4500,STANDARD,,5105,0.366,No Different than National Benchmark,8
"OKLAHOMA HEART HOSPITAL, LLC",4050 WEST MEMORIAL ROAD,OKLAHOMA CITY,OK,73120,(405) 608-3200,STANDARD,,5104,0,Better than the National Benchmark,4
TENNOVA HEALTHCARE-CLARKSVILLE,651 DUNLOP LANE,CLARKSVILLE,TN,37040,(931) 502-1000,STANDARD,HAC_AT_RISK,5094,0.46,No Different than National Benchmark,5
TERREBONNE GENERAL MEDICAL CENTER - PARISH,8166 MAIN STREET,HOUMA,LA,70360,(985) 873-4141,STANDARD,,5092,0.234,No Different than National Benchmark,6
HOLY NAME MEDICAL CENTER,718 TEANECK RD,TEANECK,NJ,7666,(201) 833-3000,STANDARD,,5074,0,Better than the National Benchmark,24
FRYE REGIONAL MEDICAL CENTER,420 N CENTER ST,HICKORY,NC,28601,(828) 322-6070,STANDARD,,5067,1.609,No Different than National Benchmark,8
KAISER FOUNDATION HOSPITAL - WOODLAND HILLS,5601 DE SOTO AVENUE,WOODLAND HILLS,CA,91367,(818) 719-3800,STANDARD,,5061,1.294,No Different than National Benchmark,3
GOOD SAMARITAN REGIONAL MEDICAL CENTER,3600 NW SAMARITAN DRIVE,CORVALLIS,OR,97339,(541) 768-5111,STANDARD,HAC_AT_RISK,5053,1.568,No Different than National Benchmark,10
VA LONG BEACH HEALTHCARE SYSTEM,5901 E. SEVENTH STREET,LONG BEACH,CA,90822,(562) 826-8000,STANDARD,,5047,1.251,No Different than National Benchmark,0
ALASKA NATIVE MEDICAL CENTER,4315 DIPLOMACY DR,ANCHORAGE,AK,99508,(907) 563-2662,STANDARD,,5036,0.587,No Different than National Benchmark,8
ST JOHN'S RIVERSIDE HOSPITAL,976 NORTH BROADWAY,YONKERS,NY,10701,(914) 964-4444,STANDARD,HAC_PENALIZED,5035,0.194,Better than the National Benchmark,10
ATRIUM HEALTH CLEVELAND,201 E GROVER ST,SHELBY,NC,28150,(704) 487-3000,STANDARD,,5027,0.164,Better than the National Benchmark,8
BAYSHORE MEDICAL CENTER,727 N BEERS ST,HOLMDEL,NJ,7733,(732) 739-5900,STANDARD,,5021,0,Better than the National Benchmark,19
NORTHEAST ALABAMA REGIONAL MEDICAL CENTER,400 EAST 10TH STREET,ANNISTON,AL,36207,(256) 235-5121,STANDARD,,5018,1.376,No Different than National Benchmark,4
FRANCISCAN HEALTH MICHIGAN CITY,3500 FRANCISCAN WAY,MICHIGAN CITY,IN,46360,(219) 879-8511,STANDARD,,5013,0.849,No Different than National Benchmark,19
TRUMAN MEDICAL CENTER HOSPITAL HILL,2301 HOLMES STREET,KANSAS CITY,MO,64108,(816) 404-1000,HIGH_CAUTI,HAC_PENALIZED,5013,1.928,Worse than the National Benchmark,10
PROVIDENCE ST MARY MEDICAL CENTER,18300 HIGHWAY 18,APPLE VALLEY,CA,92307,(760) 242-2311,STANDARD,,5010,0.193,Better than the National Benchmark,5
HOLY CROSS GERMANTOWN HOSPITAL,19801 OBSERVATION DRIVE,GERMANTOWN,MD,20876,(301) 557-6020,STANDARD,HAC_AT_RISK,5010,0.602,No Different than National Benchmark,8
VA S. ARIZONA HEALTHCARE SYSTEM,3601 SOUTH SIXTH AVENUE,TUCSON,AZ,85723,(520) 629-1821,STANDARD,,4998,0.239,No Different than National Benchmark,0
MANATEE MEMORIAL HOSPITAL,206 2ND ST E,BRADENTON,FL,34208,(941) 746-5111,STANDARD,,4993,0.491,No Different than National Benchmark,11
SOUTHERN NH MEDICAL CENTER,8 PROSPECT STREET,NASHUA,NH,3060,(603) 577-2000,STANDARD,HAC_PENALIZED,4979,0.779,No Different than National Benchmark,15
HOUSTON METHODIST CLEAR LAKE HOSPITAL,18300 ST JOHN DRIVE,NASSAU BAY,TX,77058,(281) 333-5503,STANDARD,,4977,0,Better than the National Benchmark,22
DOCTORS HOSPITAL,5100 WEST  BROAD STREET,COLUMBUS,OH,43228,(614) 544-2136,STANDARD,,4970,0.474,No Different than National Benchmark,7
BANNER-UNIVERSITY MEDICAL CENTER SOUTH CAMPUS,2800 EAST AJO WAY,TUCSON,AZ,85713,(520) 874-2000,STANDARD,,4956,0.259,No Different than National Benchmark,15
CHRISTUS ST FRANCES CABRINI HOSPITAL,3330 MASONIC DRIVE,ALEXANDRIA,LA,71301,(318) 487-1122,STANDARD,,4945,0.234,No Different than National Benchmark,9
UNC HEALTH NASH,2460 CURTIS ELLIS DRIVE,ROCKY MOUNT,NC,27804,(252) 443-8000,STANDARD,HAC_AT_RISK,4942,0.518,No Different than National Benchmark,9
"KAISER FOUNDATION HOSPITAL, RIVERSIDE",10800 MAGNOLIA AVENUE,RIVERSIDE,CA,92505,(951) 353-2000,STANDARD,,4938,0.488,No Different than National Benchmark,2
HCA HOUSTON HEALTHCARE SOUTHEAST,4000 SPENCER HWY,PASADENA,TX,77504,(713) 359-1000,STANDARD,,4938,0.234,No Different than National Benchmark,6
ADVENTHEALTH TAMPA,3100 E FLETCHER AVE,TAMPA,FL,33613,(813) 615-7200,STANDARD,HAC_PENALIZED,4935,0.942,No Different than National Benchmark,28
NORTHERN LOUISIANA MEDICAL CENTER,401 EAST VAUGHN AVENUE,RUSTON,LA,71270,(318) 254-2100,STANDARD,,4932,0.871,No Different than National Benchmark,2
SUTTER SANTA ROSA REGIONAL HOSPITAL,30 MARK WEST SPRINGS ROAD,SANTA ROSA,CA,95403,(707) 576-4000,STANDARD,,4926,0,Better than the National Benchmark,6
MENORAH MEDICAL CENTER,5721 WEST 119TH STREET,OVERLAND PARK,KS,66209,(913) 498-6773,STANDARD,,4924,0.506,No Different than National Benchmark,10
HEALTHALLIANCE HOSPITAL MARYS AVENUE CAMPUS,105 MARY'S AVENUE,KINGSTON,NY,12401,(845) 338-2500,STANDARD,,4922,0.206,No Different than National Benchmark,11
MEDSTAR UNION MEMORIAL HOSPITAL,201 EAST UNIVERSITY PARKWAY,BALTIMORE,MD,21218,(410) 554-2227,STANDARD,,4921,0,Better than the National Benchmark,6
COMMUNITY HOSPITAL OF THE MONTEREY PENINSULA,23625 W R HOLMAN HIGHWAY,MONTEREY,CA,93940,(831) 624-5311,STANDARD,,4920,0.96,No Different than National Benchmark,15
REGIONAL MEDICAL CENTER OF SAN JOSE,225 N JACKSON AVENUE,SAN JOSE,CA,95116,(408) 259-5000,STANDARD,,4920,0.698,No Different than National Benchmark,3
ST VINCENT'S MEDICAL CENTER,2800 MAIN ST,BRIDGEPORT,CT,6606,(203) 576-5551,STANDARD,,4919,0.415,No Different than National Benchmark,9
KAISER FOUNDATION HOSPITAL-SANTA ROSA,401 BICENTENNIAL WAY,SANTA ROSA,CA,95403,(707) 571-4000,STANDARD,,4917,0,Better than the National Benchmark,3
SAINT CLARE'S HOSPITAL/ DENVILLE CAMPUS,25 POCONO ROAD,DENVILLE,NJ,7834,(973) 983-5569,STANDARD,HAC_PENALIZED,4907,1.795,No Different than National Benchmark,13
PALOS COMMUNITY HOSPITAL,12251 SOUTH 80TH AVENUE,PALOS HEIGHTS,IL,60463,(708) 923-4000,STANDARD,HAC_PENALIZED,4901,0.726,No Different than National Benchmark,40
MERCY GILBERT MEDICAL CENTER,3555 SOUTH VAL VISTA DRIVE,GILBERT,AZ,85297,(480) 728-8000,STANDARD,,4888,0.21,No Different than National Benchmark,24
ST LUKE'S HOSPITAL - ANDERSON CAMPUS,1872 ST LUKE'S BLVD,EASTON,PA,18045,(484) 503-3000,STANDARD,,4884,0,Better than the National Benchmark,19
HELEN KELLER HOSPITAL,1300 SOUTH MONTGOMERY AVENUE,SHEFFIELD,AL,35660,(256) 386-4556,STANDARD,,4874,0,Better than the National Benchmark,10
MEDSTAR GOOD SAMARITAN HOSPITAL,5601 LOCH RAVEN BOULEVARD,BALTIMORE,MD,21239,(443) 444-3902,STANDARD,,4872,0.406,No Different than National Benchmark,6
SAINT FRANCIS BARTLETT MEDICAL CENTER,2986 KATE BOND RD,BARTLETT,TN,38133,(901) 820-7050,STANDARD,HAC_PENALIZED,4872,0,Better than the National Benchmark,7
VA NEW MEXICO HEALTHCARE SYSTEM,1501 SAN PEDRO DRIVE SE,ALBUQUERQUE,NM,87108,(505) 256-2889,STANDARD,,4871,0.517,No Different than National Benchmark,0
KENT COUNTY MEMORIAL HOSPITAL,455 TOLL GATE RD,WARWICK,RI,2886,(401) 737-7010,STANDARD,HAC_PENALIZED,4870,1.444,No Different than National Benchmark,16
BAYLOR SCOTT & WHITE MEDICAL CENTER  GRAPEVINE,1650 W COLLEGE ST,GRAPEVINE,TX,76051,(817) 481-1588,STANDARD,,4869,0.712,No Different than National Benchmark,18
SSM HEALTH ST MARY'S HOSPITAL - ST LOUIS,6420 CLAYTON RD,SAINT LOUIS,MO,63117,(314) 768-8000,STANDARD,,4865,0.158,Better than the National Benchmark,10
ST ANTHONY HOSPITAL,11567 CANTERWOOD BOULEVARD NW,GIG HARBOR,WA,98332,(253) 530-2050,STANDARD,,4864,0.202,Better than the National Benchmark,8
BANNER NORTH COLORADO MEDICAL CENTER,1801 16TH ST,GREELEY,CO,80631,(970) 810-4121,STANDARD,,4857,0.327,No Different than National Benchmark,8
HCA HOUSTON HEALTHCARE MEDICAL CENTER,1313 HERMANN DR,HOUSTON,TX,77004,(713) 527-5019,STANDARD,,4849,0,Better than the National Benchmark,5
TEXAS HEALTH ARLINGTON MEMORIAL HOSPITAL,800 W RANDOL MILL RD,ARLINGTON,TX,76012,(817) 548-6200,STANDARD,,4847,0.238,No Different than National Benchmark,6
ST CLAIRE REGIONAL MEDICAL CENTER,222 MEDICAL CIRCLE,MOREHEAD,KY,40351,(606) 783-6500,STANDARD,,4846,0.403,No Different than National Benchmark,3
SOUTH FLORIDA BAPTIST HOSPITAL,301 N ALEXANDER ST,PLANT CITY,FL,33563,(813) 757-1200,STANDARD,HAC_AT_RISK,4845,1.162,No Different than National Benchmark,11
MARY GREELEY MEDICAL CENTER,1111 DUFF AVENUE,AMES,IA,50010,(515) 239-2011,HIGH_CAUTI,,4844,2.951,Worse than the National Benchmark,5
CHI ST LUKES HEALTH MEMORIAL LUFKIN,1201 WEST FRANK STREET,LUFKIN,TX,75901,(936) 634-8111,STANDARD,,4838,0.415,No Different than National Benchmark,4
RICHMOND VA MEDICAL CENTER,1201 BROAD ROCK BOULEVARD,RICHMOND,VA,23249,(804) 675-5000,VA,,4835,0.371,No Different than National Benchmark,0
MILWAUKEE VA MEDICAL CENTER,5000 W. NATIONAL AVENUE,MILWAUKEE,WI,53295,(414) 384-2000,VA,,4831,0.778,No Different than National Benchmark,0
PHOENIX VA MEDICAL CENTER,650 E. INDIAN SCHOOL ROAD,PHOENIX,AZ,85012,(602) 222-6444,VA,,4824,0.206,No Different than National Benchmark,0
FRANCISCAN HEALTH LAFAYETTE,1701 S CREASY LN,LAFAYETTE,IN,47905,(765) 502-4334,HIGH_CAUTI,,4824,2.315,Worse than the National Benchmark,7
SOUTH POINTE HOSPITAL,20000 HARVARD ROAD,WARRENSVILLE HEIGHTS,OH,44122,(216) 491-6523,STANDARD,,4821,0.596,No Different than National Benchmark,12
SOUTH CENTRAL REG MED CTR,1220 JEFFERSON ST BOX 607,LAUREL,MS,39440,(601) 426-4000,STANDARD,HAC_PENALIZED,4818,0.607,No Different than National Benchmark,4
ADVOCATE SHERMAN HOSPITAL,1425 NORTH RANDALL ROAD,ELGIN,IL,60123,(847) 742-9800,STANDARD,,4808,1.433,No Different than National Benchmark,16
BON SECOURS MEMORIAL REGIONAL MEDICAL CENTER,8260 ATLEE ROAD,MECHANICSVILLE,VA,23116,(804) 764-6000,STANDARD,,4807,0.716,No Different than National Benchmark,23
CAPITAL HEALTH MEDICAL CENTER - HOPEWELL,ONE CAPITAL WAY,PENNINGTON,NJ,8534,(609) 303-4000,STANDARD,,4796,0.63,No Different than National Benchmark,19
MON HEALTH MEDICAL CENTER,1200 JD ANDERSON DRIVE,MORGANTOWN,WV,26505,(304) 598-1200,STANDARD,,4765,0,Better than the National Benchmark,6
BROWARD HEALTH CORAL SPRINGS,3000 CORAL HILLS DR,CORAL SPRINGS,FL,33065,(954) 344-3121,STANDARD,,4760,0,Better than the National Benchmark,14
VA GREATER LOS ANGELES HEALTHCARE SYSTEM,11301 WILSHIRE BLVD.,LOS ANGELES,CA,90073,(310) 478-3711,STANDARD,,4758,0.993,No Different than National Benchmark,0
CHILTON MEDICAL CENTER,97 WEST PARKWAY,POMPTON PLAINS,NJ,7444,(973) 831-5000,STANDARD,,4753,0.886,No Different than National Benchmark,26
MERCY HEALTH SYSTEM CORP,1000 MINERAL POINT AVE,JANESVILLE,WI,53547,(608) 756-6161,STANDARD,,4752,0.258,No Different than National Benchmark,6
MARION GENERAL HOSPITAL,1000 MCKINLEY PARK DRIVE,MARION,OH,43302,(740) 383-8400,STANDARD,,4746,0,Better than the National Benchmark,11
BAY AREA HOSPITAL,1775 THOMPSON ROAD,COOS BAY,OR,97420,(541) 269-8111,STANDARD,HAC_PENALIZED,4742,0.522,No Different than National Benchmark,10
BRYAN MEDICAL CENTER,1600 SOUTH 48TH ST,LINCOLN,NE,68506,(402) 481-1111,STANDARD,,4732,1.562,No Different than National Benchmark,17
OSF LITTLE COMPANY OF MARY MEDICAL CENTER,2800 W 95TH ST,EVERGREEN PARK,IL,60805,(708) 422-6200,STANDARD,HAC_PENALIZED,4730,0.87,No Different than National Benchmark,12
INOVA LOUDOUN HOSPITAL,44045 RIVERSIDE PARKWAY,LEESBURG,VA,20176,(703) 858-6600,STANDARD,,4729,0.527,No Different than National Benchmark,29
FLORIDA HOSPITAL ZEPHYRHILLS,7050 GALL BLVD,ZEPHYRHILLS,FL,33541,(813) 615-7219,STANDARD,,4724,1.852,No Different than National Benchmark,9
MOUNT SINAI SOUTH NASSAU,ONE HEALTHY WAY,OCEANSIDE,NY,11572,(516) 632-3000,STANDARD,,4718,0.172,Better than the National Benchmark,16
F F THOMPSON HOSPITAL,350 PARRISH STREET,CANANDAIGUA,NY,14424,(585) 396-6000,STANDARD,HAC_PENALIZED,4716,0.798,No Different than National Benchmark,12
SOUTHERN HILLS HOSPITAL AND MEDICAL CENTER,9300 WEST SUNSET RD,LAS VEGAS,NV,89148,(702) 880-2100,STANDARD,,4715,0,Better than the National Benchmark,15
MEADVILLE MEDICAL CENTER,751 LIBERTY STREET,MEADVILLE,PA,16335,(814) 333-5000,STANDARD,,4715,0.639,No Different than National Benchmark,12
ST JOHNS REGIONAL MEDICAL CENTER,1600 N ROSE AVE,OXNARD,CA,93030,(805) 988-2500,STANDARD,,4714,0,Better than the National Benchmark,9
VA SAN DIEGO HEALTHCARE SYSTEM,3350 LA JOLLA VILLAGE DRIVE,SAN DIEGO,CA,92161,(858) 552-8585,STANDARD,,4710,0.164,Better than the National Benchmark,0
RARITAN BAY MEDICAL CENTER,530 NEW BRUNSWICK AVE,PERTH AMBOY,NJ,8861,(732) 324-5000,STANDARD,,4707,0.425,No Different than National Benchmark,25
WEST PENN HOSPITAL,4800 FRIENDSHIP AVENUE,PITTSBURGH,PA,15224,(412) 578-5000,STANDARD,HAC_PENALIZED,4707,0.957,No Different than National Benchmark,18
COPLEY MEMORIAL HOSPITAL,2000 OGDEN AVENUE,AURORA,IL,60504,(630) 978-6200,STANDARD,,4705,0.176,Better than the National Benchmark,2
BROOKLYN HOSPITAL CENTER - DOWNTOWN CAMPUS,121 DEKALB AVENUE,BROOKLYN,NY,11201,(718) 250-8000,STANDARD,,4699,0.157,Better than the National Benchmark,12
HCA FLORIDA NORTHSIDE HOSPITAL,6000 49TH ST N,SAINT PETERSBURG,FL,33709,(727) 521-5121,STANDARD,HAC_AT_RISK,4690,0.108,Better than the National Benchmark,5
JEFFERSON EINSTEIN MONTGOMERY HOSPITAL,559 WEST GERMANTOWN PIKE,EAST NORRITON,PA,19403,(484) 662-1000,STANDARD,,4689,1.268,No Different than National Benchmark,18
ST BARNABAS HOSPITAL,4422 THIRD AVENUE,BRONX,NY,10457,(212) 960-9000,STANDARD,,4686,0,Better than the National Benchmark,7
ADVENTIST HEALTHCARE WHITE OAK MEDICAL CENTER,11890 HEALING WAY,SILVER SPRING,MD,20904,(240) 637-4000,STANDARD,,4679,0.421,No Different than National Benchmark,6
SHORE MEDICAL CENTER,100 MEDICAL CENTER WAY,SOMERS POINT,NJ,8244,(609) 653-3500,STANDARD,,4674,0.258,No Different than National Benchmark,16
ORLANDO HEALTH ROCKLEDGE HOSPITAL,110 LONGWOOD AVE,ROCKLEDGE,FL,32955,(321) 637-2603,STANDARD,,4672,0.215,No Different than National Benchmark,5
MEMORIALCARE SADDLEBACK MEDICAL CENTER,24451 HEALTH CENTER DRIVE,LAGUNA HILLS,CA,92653,(949) 837-4500,STANDARD,,4667,0.311,No Different than National Benchmark,14
PROVIDENCE HOLY FAMILY HOSPITAL,5633 NORTH LIDGERWOOD,SPOKANE,WA,99208,(509) 482-0111,STANDARD,HAC_PENALIZED,4661,1.538,No Different than National Benchmark,12
PROVIDENCE CEDARS SINAI TARZANA MEDICAL CENTER,18321 CLARK STREET,TARZANA,CA,91356,(818) 881-0800,STANDARD,,4659,0.746,No Different than National Benchmark,11
WATERBURY HOSPITAL,64 ROBBINS ST,WATERBURY,CT,6721,(203) 573-6000,STANDARD,,4658,0.5,No Different than National Benchmark,10
ADVOCATE ILLINOIS MASONIC MEDICAL CENTER,836 WEST WELLINGTON AVENUE,CHICAGO,IL,60657,(773) 975-1600,STANDARD,HAC_PENALIZED,4655,0.304,No Different than National Benchmark,22
VALLEY REGIONAL MEDICAL CENTER,100 A ALTON GLOOR,BROWNSVILLE,TX,78526,(956) 350-7000,STANDARD,HAC_AT_RISK,4655,0.589,No Different than National Benchmark,1
WEST ANAHEIM MEDICAL CENTER,3033 W ORANGE AVENUE,ANAHEIM,CA,92804,(714) 827-3000,STANDARD,,4652,0.479,No Different than National Benchmark,3
TRINITY MEDICAL CTR EAST &TRINITY MEDICAL CTR WEST,380 SUMMIT AVENUE,STEUBENVILLE,OH,43952,(740) 264-7212,STANDARD,,4621,0,Better than the National Benchmark,8
AUBURN  COMMUNITY  HOSPITAL,17 LANSING STREET,AUBURN,NY,13021,(315) 255-7011,STANDARD,,4603,0.641,No Different than National Benchmark,6
PLAINVIEW HOSPITAL,888 OLD COUNTRY ROAD,PLAINVIEW,NY,11803,(516) 719-3000,STANDARD,,4601,0,Better than the National Benchmark,17
HCA FLORIDA MERCY HOSPITAL,401 NW 42ND AVE,PLANTATION,FL,33317,(954) 587-5010,STANDARD,HAC_AT_RISK,4600,0,Better than the National Benchmark,8
DESERT VALLEY HOSPITAL,16850 BEAR VALLEY RD,VICTORVILLE,CA,92395,(760) 241-8000,STANDARD,,4575,0.536,No Different than National Benchmark,3
SCRIPPS MEMORIAL HOSPITAL - ENCINITAS,354 SANTA FE DRIVE,ENCINITAS,CA,92024,(760) 753-6501,STANDARD,,4573,0.221,No Different than National Benchmark,20
MEMPHIS VA MEDICAL CENTER,1030 JEFFERSON AVENUE,MEMPHIS,TN,38104,(901) 577-7200,VA,,4572,0.788,No Different than National Benchmark,0
MAGEE WOMENS HOSPITAL OF UPMC HEALTH SYSTEM,300 HALKET STREET,PITTSBURGH,PA,15213,(412) 641-4010,STANDARD,HAC_PENALIZED,4563,0.546,No Different than National Benchmark,30
SOUTHWEST MS REGIONAL MEDICAL CENTER,215 MARION AV BOX 1307,MCCOMB,MS,39649,(601) 249-5500,STANDARD,HAC_AT_RISK,4558,0,Better than the National Benchmark,1
MAYO CLINIC HEALTH SYSTEM - MANKATO,1025 MARSH STREET,MANKATO,MN,56002,(507) 625-4031,STANDARD,,4557,0.44,No Different than National Benchmark,19
COLUMBIA MEMORIAL HOSPITAL,71 PROSPECT AVENUE,HUDSON,NY,12534,(518) 828-7601,STANDARD,HAC_PENALIZED,4547,1.962,No Different than National Benchmark,15
RALEIGH GENERAL HOSPITAL,1710 HARPER ROAD,BECKLEY,WV,25801,(304) 256-4100,STANDARD,HAC_PENALIZED,4531,0.38,No Different than National Benchmark,7
COMMUNITY HOSPITAL OF ANDERSON AND MADISON COUNTY,1515 N MADISON AVE,ANDERSON,IN,46011,(765) 298-4242,STANDARD,,4529,0.315,No Different than National Benchmark,10
MEMORIAL MEDICAL CENTER,2450 SOUTH TELSHOR BLVD,LAS CRUCES,NM,88011,(575) 522-8641,STANDARD,,4529,0,Better than the National Benchmark,11
GREATER EL MONTE COMMUNITY HOSPITAL,1701 SANTA ANITA AVE,SOUTH EL MONTE,CA,91733,(626) 350-7975,STANDARD,,4528,0.435,No Different than National Benchmark,2
MEDSTAR MONTGOMERY MEDICAL CENTER,18101 PRINCE PHILIP DRIVE,OLNEY,MD,20832,(301) 774-8771,STANDARD,,4526,0,Better than the National Benchmark,4
SANTA MONICA - UCLA MED CTR & ORTHOPAEDIC HOSPITAL,1250 16TH STREET,SANTA MONICA,CA,90404,(310) 319-4000,STANDARD,,4523,0.719,No Different than National Benchmark,47
SEATTLE VA MEDICAL CENTER (VA PUGET SOUND HEALTHCARE SYSTEM),1660 S. COLUMBIAN WAY,SEATTLE,WA,98108,(206) 764-2299,VA,,4519,0,Better than the National Benchmark,0
BAPTIST HEALTH FLOYD,1850 STATE ST,NEW ALBANY,IN,47150,(812) 944-7701,STANDARD,HAC_AT_RISK,4518,0.255,No Different than National Benchmark,18
BAYLOR SCOTT & WHITE MEDICAL CENTER PLANO,4700 ALLIANCE BOULEVARD,PLANO,TX,75093,(469) 814-2000,STANDARD,,4515,0.422,No Different than National Benchmark,18
GREENWICH HOSPITAL ASSOCIATION -,5 PERRYRIDGE RD,GREENWICH,CT,6830,(203) 863-3000,STANDARD,,4501,0.651,No Different than National Benchmark,31
SHOREPOINT HEALTH PORT CHARLOTTE,2500 HARBOR BLVD,PORT CHARLOTTE,FL,33952,(941) 766-4122,STANDARD,,4499,0,Better than the National Benchmark,6
DECATUR MEMORIAL HOSPITAL,2300 NORTH EDWARD STREET,DECATUR,IL,62526,(217) 876-8121,STANDARD,,4488,0,Better than the National Benchmark,9
MIDDLESEX HOSPITAL,28 CRESCENT ST,MIDDLETOWN,CT,6457,(860) 344-6000,STANDARD,,4484,0.431,No Different than National Benchmark,10
M HEALTH FAIRVIEW RIDGES HOSPITAL,201 EAST NICOLLET BOULEVARD,BURNSVILLE,MN,55337,(952) 892-2000,STANDARD,,4484,0.931,No Different than National Benchmark,11
LOGAN REGIONAL MEDICAL CENTER,20 HOSPITAL DRIVE,LOGAN,WV,25601,(304) 831-1101,STANDARD,HAC_PENALIZED,4482,2.198,No Different than National Benchmark,5
SKY RIDGE MEDICAL CENTER,10101 RIDGEGATE PKWY,LONE TREE,CO,80124,(720) 225-1000,STANDARD,,4474,0.912,No Different than National Benchmark,19
MILFORD REGIONAL MEDICAL CENTER,14 PROSPECT STREET,MILFORD,MA,1757,(508) 473-1190,STANDARD,,4472,0.456,No Different than National Benchmark,8
DELL SETON  MED CENTER AT THE UNIVERSITY OF TX,601 E 15TH STREET,AUSTIN,TX,78701,(512) 324-7000,STANDARD,HAC_AT_RISK,4469,0.638,No Different than National Benchmark,8
HARLEM HOSPITAL CENTER,506 LENOX AVENUE,NEW YORK,NY,10037,(212) 939-1000,STANDARD,,4468,0.476,No Different than National Benchmark,6
SAINT ALPHONSUS MEDICAL CENTER - NAMPA,4300 E FLAMINGO AVE,NAMPA,ID,83687,(208) 463-5000,STANDARD,HAC_PENALIZED,4455,1.422,No Different than National Benchmark,13
SARAH BUSH LINCOLN HEALTH CENTER,1000 HEALTH CENTER DRIVE P O BOX 372,MATTOON,IL,61938,(217) 258-2513,STANDARD,HAC_PENALIZED,4444,2.193,No Different than National Benchmark,10
ST LUKE'S CORNWALL HOSPITAL,70 DUBOIS STREET,NEWBURGH,NY,12550,(845) 561-4400,STANDARD,HAC_PENALIZED,4442,0.578,No Different than National Benchmark,9
MULTICARE VALLEY HOSPITAL,12606 EAST MISSION AVENUE,SPOKANE VALLEY,WA,99216,(509) 924-6650,STANDARD,,4441,0,Better than the National Benchmark,8
TRUMBULL REGIONAL MEDICAL CENTER,1350 EAST MARKET STREET,WARREN,OH,44482,(330) 841-9011,STANDARD,,4430,0.665,No Different than National Benchmark,3
ST LUKES MAGIC VALLEY MEDICAL CENTER,801 POLE LINE ROAD WEST,TWIN FALLS,ID,83301,(208) 814-1000,STANDARD,,4428,0.221,No Different than National Benchmark,14
ASCENSION SETON MEDICAL CENTER AUSTIN,1201 W 38TH ST,AUSTIN,TX,78705,(512) 324-1000,STANDARD,,4428,0.531,No Different than National Benchmark,18
FLUSHING HOSPITAL MEDICAL CENTER,45TH AVENUE AND PARSONS BOULEVARD,FLUSHING,NY,11355,(718) 670-5000,STANDARD,,4418,0,Better than the National Benchmark,10
ELKHART GENERAL HOSPITAL,600 E BLVD,ELKHART,IN,46514,(574) 294-2621,STANDARD,,4416,0.226,No Different than National Benchmark,6
PORTNEUF MEDICAL CENTER,777 HOSPITAL WAY,POCATELLO,ID,83201,(208) 239-1000,STANDARD,,4397,1.114,No Different than National Benchmark,6
ALTA BATES SUMMIT MEDICAL CENTER - ALTA BATES CAMP,2450 ASHBY AVENUE,BERKELEY,CA,94705,(510) 204-4444,STANDARD,,4388,0.746,No Different than National Benchmark,16
PIH HEALTH GOOD SAMARITAN HOSPITAL,1225 WILSHIRE BOULEVARD,LOS ANGELES,CA,90017,(213) 977-2121,STANDARD,,4380,0.178,Better than the National Benchmark,8
MUSC HEALTH COLUMBIA MEDICAL CENTER DOWNTOWN,2435 FOREST DRIVE,COLUMBIA,SC,29204,(803) 256-5300,STANDARD,HAC_PENALIZED,4375,0.587,No Different than National Benchmark,12
TEMECULA VALLEY HOSPITAL,31700 TEMECULA PKWY,TEMECULA,CA,92592,(951) 331-2200,STANDARD,,4374,0.445,No Different than National Benchmark,7
POPLAR BLUFF REGIONAL MEDICAL CENTER,3100 OAK GROVE ROAD,POPLAR BLUFF,MO,63901,(573) 785-7721,STANDARD,,4368,0,Better than the National Benchmark,6
HCA FLORIDA CITRUS HOSPITAL,502 W HIGHLAND BLVD,INVERNESS,FL,34452,(352) 726-1551,STANDARD,,4367,0.428,No Different than National Benchmark,7
STAMFORD HOSPITAL,ONE HOSPITAL PLAZA,STAMFORD,CT,6904,(203) 276-1000,STANDARD,,4365,0.181,Better than the National Benchmark,13
DOCTORS HOSPITAL OF LAREDO,10700 MCPHERSON ROAD,LAREDO,TX,78041,(956) 523-2000,STANDARD,HAC_PENALIZED,4361,0.313,No Different than National Benchmark,4
ST FRANCIS HOSPITAL,5959 PARK AVE,MEMPHIS,TN,38119,(901) 765-1000,STANDARD,,4357,0,Better than the National Benchmark,12
SAINT MARY'S HOSPITAL,56 FRANKLIN STREET,WATERBURY,CT,6706,(203) 709-6020,STANDARD,,4349,0.224,No Different than National Benchmark,10
SOUTHEAST IOWA REGIONAL MEDICAL CENTER,1221 SOUTH GEAR AVENUE,WEST BURLINGTON,IA,52655,(319) 768-1000,STANDARD,,4346,0.227,No Different than National Benchmark,7
HOLY CROSS HOSPITAL-JORDAN VALLEY,3580 WEST 9000 SOUTH,WEST JORDAN,UT,84088,(801) 561-8888,STANDARD,,4345,0,No Different than National Benchmark,8
GOOD SAMARITAN MEDICAL CENTER LLC,200 EXEMPLA CIR,LAFAYETTE,CO,80026,(303) 689-4000,STANDARD,,4344,1.087,No Different than National Benchmark,11
PROVIDENCE ST JOSEPH HOSPITAL,2700 DOLBEER ST,EUREKA,CA,95501,(707) 445-8121,STANDARD,,4335,0.462,No Different than National Benchmark,6
BON SECOURS MARYVIEW MEDICAL CENTER,3636 HIGH STREET,PORTSMOUTH,VA,23707,(757) 398-2200,STANDARD,,4333,0,Better than the National Benchmark,13
BIRMINGHAM VA MEDICAL CENTER,700 SOUTH 19TH STREET,BIRMINGHAM,AL,35233,(205) 933-4515,VA,,4329,1.078,No Different than National Benchmark,0
ST VINCENT MEDICAL CENTER/NORTH,2215 WILDWOOD AVENUE,SHERWOOD,AR,72120,(501) 552-7100,STANDARD,,4327,0.228,Better than the National Benchmark,2
IREDELL MEMORIAL HOSPITAL INC,557 BROOKDALE DR,STATESVILLE,NC,28677,(704) 878-5661,STANDARD,,4321,0.668,No Different than National Benchmark,5
BAYLOR SCOTT & WHITE MEDICAL CENTER AT IRVING,1901 N MACARTHUR BLVD,IRVING,TX,75061,(972) 579-8100,STANDARD,,4320,0.526,No Different than National Benchmark,11
"LUMINIS HEALTH DOCTORS COMMUNITY MEDICAL CTR, INC",8118 GOOD LUCK ROAD,LANHAM,MD,20706,(301) 552-8118,STANDARD,HAC_AT_RISK,4315,1.917,No Different than National Benchmark,12
SAINT ANNE'S HOSPITAL,795 MIDDLE STREET,FALL RIVER,MA,2721,(508) 674-5600,STANDARD,,4300,0.342,No Different than National Benchmark,6
ADVENTIST HEALTH HANFORD,115 MALL DRIVE,HANFORD,CA,93230,(559) 582-9000,STANDARD,,4297,0.241,No Different than National Benchmark,15
"LITTLETON ADVENTIST HOSPITAL, CENTURA HEALTH",7700 S BROADWAY,LITTLETON,CO,80122,(303) 730-8900,STANDARD,,4279,1.638,No Different than National Benchmark,22
"BLUE RIDGE HEALTHCARE HOSPITALS, INC",2201 S STERLING ST,MORGANTON,NC,28655,(828) 580-5000,STANDARD,,4278,0.46,No Different than National Benchmark,4
TAMPA GENERAL HOSPITAL BROOKSVILLE,17240 CORTEZ BLVD,BROOKSVILLE,FL,34601,(352) 796-5111,STANDARD,,4272,0,Better than the National Benchmark,7
ROBERT WOOD JOHNSON UNIVERSITY HOSPITAL - SOMERSET,110 REHILL AVE,SOMERVILLE,NJ,8876,(908) 685-2200,STANDARD,,4265,0,Better than the National Benchmark,23
HOWARD UNIVERSITY HOSPITAL CORP,2041 GEORGIA AVE NW,WASHINGTON,DC,20060,(202) 745-6100,STANDARD,,4256,0.54,No Different than National Benchmark,8
IU HEALTH WEST HOSPITAL,1111 N RONALD REAGAN PKWY,AVON,IN,46123,(317) 217-3000,STANDARD,,4255,0.464,No Different than National Benchmark,22
WEST SUBURBAN MEDICAL CENTER,3 ERIE COURT,OAK PARK,IL,60302,(708) 383-6200,STANDARD,HAC_PENALIZED,4246,0.7,No Different than National Benchmark,5
JOHNSTON MEMORIAL HOSPITAL,16000 JOHNSTON MEMORIAL DRIVE,ABINGDON,VA,24211,(276) 258-1000,STANDARD,,4245,0.473,No Different than National Benchmark,7
PECONIC BAY MEDICAL CENTER,1 HEROS WAY,RIVERHEAD,NY,11901,(631) 548-6000,STANDARD,,4239,0.241,No Different than National Benchmark,7
SHARON REGIONAL HEALTH SYSTEM,740 EAST STATE STREET,SHARON,PA,16146,(724) 983-3911,STANDARD,,4236,1.161,No Different than National Benchmark,0
ADVENTHEALTH FISH MEMORIAL,1055 SAXON BLVD,ORANGE CITY,FL,32763,(386) 917-5000,STANDARD,,4235,0,Better than the National Benchmark,11
LAC/OLIVE VIEW-UCLA MEDICAL CENTER,14445 OLIVE VIEW DRIVE,SYLMAR,CA,91342,(818) 364-1555,STANDARD,,4233,1.614,No Different than National Benchmark,6
"COMMUNITY HOSPITAL SOUTH, INC.",1402 E COUNTY LINE RD S,INDIANAPOLIS,IN,46227,(317) 887-7000,STANDARD,,4233,0.23,No Different than National Benchmark,14
CUMBERLAND MEDICAL CENTER,421 S MAIN ST,CROSSVILLE,TN,38555,(931) 484-9511,STANDARD,,4216,0,No Different than National Benchmark,12
MERCY CATHOLIC MEDICAL CENTER- MERCY FITZGERALD,1500 LANSDOWNE  AVE,DARBY,PA,19023,(215) 237-4000,STANDARD,HAC_PENALIZED,4207,1.367,No Different than National Benchmark,6
UPMC HANOVER,300 HIGHLAND AVE,HANOVER,PA,17331,(717) 637-3711,STANDARD,HAC_PENALIZED,4204,0.351,No Different than National Benchmark,18
MELROSEWAKEFIELD HEALTHCARE,585 LEBANON STREET,MELROSE,MA,2176,(781) 979-3000,STANDARD,,4201,0.243,No Different than National Benchmark,6
MOUNTAIN VIEW REGIONAL MEDICAL CENTER,4311 EAST LOHMAN AVENUE,LAS CRUCES,NM,88011,(575) 556-7610,STANDARD,,4198,0.231,No Different than National Benchmark,5
COMMUNITY MEMORIAL HOSPITAL,W180 N8085 TOWN HALL RD,MENOMONEE FALLS,WI,53051,(262) 251-1000,STANDARD,,4197,0.722,No Different than National Benchmark,7
CATHOLIC MEDICAL CENTER,100 MCGREGOR STREET,MANCHESTER,NH,3102,(603) 668-3545,STANDARD,HAC_PENALIZED,4193,0.95,No Different than National Benchmark,16
MIDSTATE MEDICAL CENTER,435 LEWIS AVENUE,MERIDEN,CT,6450,(203) 694-8200,STANDARD,,4186,0,Better than the National Benchmark,11
ALASKA REGIONAL HOSPITAL,2801 DEBARR ROAD,ANCHORAGE,AK,99508,(907) 276-1131,STANDARD,,4178,0.297,No Different than National Benchmark,11
CALDWELL MEMORIAL HOSPITAL,321 MULBERRY ST SW,LENOIR,NC,28645,(828) 757-5100,STANDARD,HAC_PENALIZED,4167,0.695,No Different than National Benchmark,3
VA EASTERN COLORADO HEALTHCARE SYSTEM,1700 NORTH WHEELING STREET,AURORA,CO,80045,(303) 399-8020,STANDARD,,4162,0.701,No Different than National Benchmark,0
LOYOLA GOTTLIEB MEMORIAL HOSPITAL,701 WEST NORTH AVE,MELROSE PARK,IL,60160,(708) 681-3200,STANDARD,,4161,0,Better than the National Benchmark,24
ADVENTIST HINSDALE HOSPITAL,120 NORTH OAK ST,HINSDALE,IL,60521,(630) 856-9000,STANDARD,,4159,0.576,No Different than National Benchmark,19
SPRINGHILL MEDICAL CENTER,3719 DAUPHIN STREET,MOBILE,AL,36608,(251) 460-5220,STANDARD,,4158,0.335,No Different than National Benchmark,32
ST VINCENT'S BIRMINGHAM,810 ST VINCENT'S DRIVE,BIRMINGHAM,AL,35205,(205) 939-7000,STANDARD,,4158,0.375,No Different than National Benchmark,12
CARILION NEW RIVER VALLEY MEDICAL CENTER,2900 LAMB CIRCLE,CHRISTIANSBURG,VA,24073,(540) 731-2000,STANDARD,,4143,0.958,No Different than National Benchmark,9
INOVA ALEXANDRIA HOSPITAL,4320 SEMINARY RD,ALEXANDRIA,VA,22304,(703) 504-3167,STANDARD,,4134,0.426,No Different than National Benchmark,23
LAKE REGIONAL HEALTH SYSTEM,54 HOSPITAL DRIVE,OSAGE BEACH,MO,65065,(573) 348-8000,STANDARD,,4124,1.074,No Different than National Benchmark,3
CHARLOTTE HUNGERFORD HOSPITAL,540 LITCHFIELD ST,TORRINGTON,CT,6790,(860) 496-6666,STANDARD,,4114,0,No Different than National Benchmark,9
VIERA HOSPITAL,8745 N WICKHAM RD,MELBOURNE,FL,32940,(321) 434-9000,STANDARD,,4111,0.46,No Different than National Benchmark,22
PARDEE HOSPITAL HENDERSON COUNTY,800 N JUSTICE ST,HENDERSONVILLE,NC,28791,(828) 696-1000,STANDARD,,4111,0.314,No Different than National Benchmark,12
"DUNCAN REGIONAL HOSPITAL, INC",1407 WHISENANT DRIVE,DUNCAN,OK,73533,(580) 252-5300,STANDARD,,4110,1.814,No Different than National Benchmark,4
INDIANA REGIONAL MEDICAL CENTER,835 HOSPITAL ROAD,INDIANA,PA,15701,(724) 357-7000,STANDARD,HAC_PENALIZED,4107,1.173,No Different than National Benchmark,6
PALOMAR MEDICAL CENTER POWAY,15615 POMERADO ROAD,POWAY,CA,92064,(858) 485-6511,STANDARD,,4106,0.387,No Different than National Benchmark,7
BOULDER COMMUNITY HEALTH,4747 ARAPAHOE AVENUE,BOULDER,CO,80304,(303) 440-2273,STANDARD,,4103,0,No Different than National Benchmark,17
UH ST JOHN MEDICAL CENTER,29000 CENTER RIDGE ROAD,WESTLAKE,OH,44145,(440) 835-8000,STANDARD,,4096,0,Better than the National Benchmark,14
MCKAY-DEE HOSPITAL,4401 HARRISON BOULEVARD,OGDEN,UT,84403,(801) 387-2800,STANDARD,,4093,0,Better than the National Benchmark,10
MERCY HOSPITAL NORTHWEST ARKANSAS,2710 SOUTH RIFE MEDICAL LANE,ROGERS,AR,72758,(479) 338-8000,STANDARD,,4086,0,Better than the National Benchmark,10
SAN GABRIEL VALLEY MEDICAL CENTER,438 W LAS TUNAS DRIVE,SAN GABRIEL,CA,91776,(626) 289-5454,STANDARD,,4077,0,Better than the National Benchmark,5
ESSENTIA HEALTH,3000 32ND AVE SOUTH,FARGO,ND,58104,(701) 364-8000,STANDARD,,4073,0.993,No Different than National Benchmark,11
GRAYS HARBOR COMMUNITY HOSPITAL,915 ANDERSON DRIVE,ABERDEEN,WA,98520,(360) 532-8330,STANDARD,,4073,0,No Different than National Benchmark,3
NATIVIDAD MEDICAL CENTER,1441 CONSTITUTION BOULEVARD,SALINAS,CA,93906,(831) 755-4111,STANDARD,,4059,0.495,No Different than National Benchmark,4
BAPTIST MEDICAL CENTER  BEACHES,1350 13TH AVE S,JACKSONVILLE BEACH,FL,32250,(904) 247-2900,STANDARD,,4058,0,No Different than National Benchmark,31
BALDWIN HEALTH,1613 NORTH MCKENZIE STREET,FOLEY,AL,36535,(251) 949-3400,STANDARD,,4056,0.23,No Different than National Benchmark,7
ATLANTIC GENERAL HOSPITAL,9733 HEALTHWAY DRIVE,BERLIN,MD,21811,(410) 641-1100,STANDARD,,4054,0,No Different than National Benchmark,6
SHASTA REGIONAL MEDICAL CENTER,1100 BUTTE ST,REDDING,CA,96001,(530) 244-5454,STANDARD,,4052,0.26,No Different than National Benchmark,5
SENTARA RMH MEDICAL CENTER,2010 HEALTH CAMPUS DRIVE,HARRISONBURG,VA,22801,(540) 689-1000,STANDARD,,4052,0.881,No Different than National Benchmark,8
SSM HEALTH ST AGNES HOSPITAL-FOND DU LAC,430 E DIVISION ST,FOND DU LAC,WI,54935,(920) 929-2300,STANDARD,,4050,0,No Different than National Benchmark,6
BAYLOR SCOTT & WHITE MEDICAL CENTER - ROUND ROCK,300 UNIVERSITY BLVD,ROUND ROCK,TX,78664,(512) 509-0401,STANDARD,,4026,0.77,No Different than National Benchmark,11
ADVENTHEALTH WESLEY CHAPEL,2600 BRUCE B DOWNS BLVD,WESLEY CHAPEL,FL,33544,(813) 929-5000,STANDARD,,4025,0.481,No Different than National Benchmark,19
KERN MEDICAL CENTER,1700 MOUNT VERNON AVENUE,BAKERSFIELD,CA,93306,(661) 326-2000,STANDARD,,4013,0.201,Better than the National Benchmark,7
HCA HOUSTON HEALTHCARE WEST,12141 RICHMOND AVE,HOUSTON,TX,77082,(281) 588-8080,STANDARD,,4010,0.357,No Different than National Benchmark,8
TEXAS HEALTH HARRIS METHODIST HURST-EULESS-BEDFORD,1600 HOSPITAL PARKWAY,BEDFORD,TX,76022,(817) 848-4000,STANDARD,,4009,0.257,No Different than National Benchmark,12
FIRELANDS REGIONAL MEDICAL CENTER,1111 HAYES AVENUE,SANDUSKY,OH,44870,(419) 557-7400,STANDARD,,4003,0.602,No Different than National Benchmark,9
ST JOSEPH MEDICAL CENTER,2200 E WASHINGTON,BLOOMINGTON,IL,61701,(309) 662-3311,STANDARD,,3999,1.006,No Different than National Benchmark,13
BRIGHAM AND WOMEN'S FAULKNER HOSPITAL,1153 CENTRE STREET,JAMAICA PLAIN,MA,2130,(617) 983-7000,STANDARD,HAC_PENALIZED,3993,0.493,No Different than National Benchmark,27
SINGING RIVER GULFPORT,15200 COMMUNITY ROAD,GULFPORT,MS,39503,(228) 575-7000,STANDARD,,3991,0.293,No Different than National Benchmark,10
ABRAZO CENTRAL CAMPUS,2000 WEST BETHANY HOME ROAD,PHOENIX,AZ,85015,(602) 249-0212,STANDARD,,3986,0,No Different than National Benchmark,3
UNIVERSITY OF MD ST JOSEPH MEDICAL CENTER,7601 OSLER DRIVE,TOWSON,MD,21204,(410) 337-1000,STANDARD,,3984,1.455,No Different than National Benchmark,13
RESTON HOSPITAL CENTER,1850 TOWN CENTER PARKWAY,RESTON,VA,20190,(703) 689-9000,STANDARD,,3975,0,Better than the National Benchmark,12
HONORHEALTH MOUNTAIN VISTA MEDICAL CENTER,1301 SOUTH CRISMON ROAD,MESA,AZ,85209,(480) 358-6100,STANDARD,,3974,0.344,No Different than National Benchmark,4
IBERIA MEDICAL CENTER,2315 E MAIN STREET,NEW IBERIA,LA,70560,(337) 364-0441,STANDARD,,3961,0.762,No Different than National Benchmark,5
UCHEALTH HIGHLANDS RANCH HOSPITAL,1500 PARK CENTRAL DR,HIGHLANDS RANCH,CO,80129,(720) 516-1000,STANDARD,,3960,0.368,No Different than National Benchmark,21
SOUTHERN OHIO MEDICAL CENTER,1805 27TH STREET,PORTSMOUTH,OH,45662,(740) 356-5788,STANDARD,,3958,0.3,No Different than National Benchmark,4
OZARKS HEALTHCARE,1100 KENTUCKY AVE,WEST PLAINS,MO,65775,(417) 256-9111,STANDARD,,3957,0,No Different than National Benchmark,2
VA MIDDLE TENNESSEE HEALTHCARE SYSTEM,1310 24TH AVENUE SOUTH,NASHVILLE,TN,37212,(615) 327-5332,STANDARD,,3955,1.485,No Different than National Benchmark,0
ST. MARY'S HOSPITAL,1601 WEST ST MARY'S ROAD,TUCSON,AZ,85745,(520) 872-3000,STANDARD,,3952,0.586,No Different than National Benchmark,8
DE TAR HOSPITAL NAVARRO,506 E SAN ANTONIO ST,VICTORIA,TX,77901,(361) 575-7441,HIGH_CAUTI,HAC_PENALIZED,3951,2.509,Worse than the National Benchmark,6
CONWAY MEDICAL CENTER,300 SINGLETON RIDGE ROAD,CONWAY,SC,29526,(843) 347-8037,STANDARD,,3949,0,No Different than National Benchmark,8
Walter Reed National Military Med Cen,4494 Palmer Rd N,Bethesda,MD,20814,(301) 295-4000,STANDARD,,3946,1.467,No Different than National Benchmark,0
VENTURA COUNTY MEDICAL CENTER,300 HILLMONT AVENUE,VENTURA,CA,93003,(805) 652-6075,STANDARD,,3938,1.586,No Different than National Benchmark,5
MONTEFIORE NEW ROCHELLE HOSPITAL,16 GUION PLACE,NEW ROCHELLE,NY,10802,(914) 632-5000,STANDARD,HAC_PENALIZED,3938,1.297,No Different than National Benchmark,4
VICTOR VALLEY GLOBAL MEDICAL CENTER,15248 11TH ST,VICTORVILLE,CA,92395,(760) 245-8691,STANDARD,,3937,0.74,No Different than National Benchmark,4
NOVANT HEALTH MATTHEWS MEDICAL CENTER,1500 MATTHEWS TWNSHP PRKWY BOX 3310,MATTHEWS,NC,28106,(704) 384-6500,STANDARD,,3933,0.373,No Different than National Benchmark,11
AURORA MEDICAL CENTER,975 PORT WASHINGTON ROAD,GRAFTON,WI,53024,(262) 329-1000,STANDARD,,3932,0.25,No Different than National Benchmark,13
NORTH VISTA HOSPITAL,1409 EAST LAKE MEAD BLVD,NORTH LAS VEGAS,NV,89030,(702) 649-7711,STANDARD,,3931,0,No Different than National Benchmark,2
MERCYONE DUBUQUE MEDICAL CENTER,250 MERCY DRIVE,DUBUQUE,IA,52001,(563) 589-8000,STANDARD,,3930,0,Better than the National Benchmark,3
OPELOUSAS GENERAL HEALTH SYSTEM,539 EAST PRUDHOMME STREET,OPELOUSAS,LA,70570,(337) 948-3011,STANDARD,,3929,0,No Different than National Benchmark,4
SWEDISH HOSPITAL,5145 N CALIFORNIA AVE,CHICAGO,IL,60625,(773) 878-8200,STANDARD,,3925,0.814,No Different than National Benchmark,27
KAISER FOUNDATION HOSPITAL AND REHAB CENTER,975 SERENO DR,VALLEJO,CA,94589,(707) 651-1000,STANDARD,,3915,1.052,No Different than National Benchmark,4
KAISER FOUNDATION HOSPITAL - SOUTH BAY,25825 SOUTH VERMONT AVENUE,HARBOR CITY,CA,90710,(310) 325-5111,STANDARD,,3913,0.421,No Different than National Benchmark,4
SUNY/DOWNSTATE UNIVERSITY HOSPITAL OF BROOKLYN,445 LENOX ROAD,BROOKLYN,NY,11203,(718) 270-1000,STANDARD,HAC_PENALIZED,3891,0.961,No Different than National Benchmark,9
ADVENTHEALTH DELAND,701 W PLYMOUTH AVE,DELAND,FL,32720,(386) 943-4522,STANDARD,,3889,0.365,No Different than National Benchmark,17
ADVENTHEALTH SHAWNEE MISSION,9100 W 74TH STREET,SHAWNEE MISSION,KS,66204,(913) 676-2152,STANDARD,HAC_PENALIZED,3888,0.892,No Different than National Benchmark,15
LAKEWOOD RANCH MEDICAL CENTER,8330 LAKEWOOD RANCH BLVD,BRADENTON,FL,34202,(941) 782-2100,STANDARD,,3881,0.285,No Different than National Benchmark,14
"MARTIN LUTHER KING, JR. COMMUNITY HOSPITAL",1680 EAST 120TH STREET,LOS ANGELES,CA,90059,(424) 835-6808,STANDARD,,3877,0,No Different than National Benchmark,7
KAISER FOUNDATION HOSPITAL - PANORAMA CITY,13652 CANTARA ST,PANORAMA CITY,CA,91402,(818) 375-2000,STANDARD,,3870,1.029,No Different than National Benchmark,1
MERCY MEDICAL CENTER,2700 NW STEWART PARKWAY,ROSEBURG,OR,97471,(541) 673-0611,STANDARD,,3869,0.248,No Different than National Benchmark,20
WILLIAMSON MEDICAL CENTER,4321 CAROTHERS PARKWAY,FRANKLIN,TN,37067,(615) 435-5000,STANDARD,,3869,1.121,No Different than National Benchmark,8
ADVENTIST HEALTH LODI MEMORIAL,975 S FAIRMONT AVENUE,LODI,CA,95240,(209) 334-3411,STANDARD,,3860,0.247,No Different than National Benchmark,4
UPSTATE NEW YORK VA HEALTHCARE SYSTEM (WESTERN NY VA HEALTHCARE SYSTEM),3495 BAILEY AVENUE,BUFFALO,NY,14215,(716) 862-3611,STANDARD,,3860,0.324,No Different than National Benchmark,0
EMANATE HEALTH FOOTHILL PRESBYTERIAN HOSPITAL,250 S GRAND AVE,GLENDORA,CA,91740,(626) 963-8411,STANDARD,,3854,0,Better than the National Benchmark,10
PARKVIEW COMMUNITY HOSPITAL MEDICAL CENTER,3865 JACKSON STREET,RIVERSIDE,CA,92503,(951) 688-2211,STANDARD,,3835,0,No Different than National Benchmark,6
UNIVERSITY OF MD SHORE MEDICAL CENTER AT EASTON,219 SOUTH  WASHINGTON STREET,EASTON,MD,21601,(410) 822-1000,STANDARD,,3833,1.264,No Different than National Benchmark,10
EMERSON HOSPITAL -,133 OLD ROAD TO 9 ACRE CORNER,W CONCORD,MA,1742,(978) 369-1400,STANDARD,,3829,0,No Different than National Benchmark,7
USC VERDUGO HILLS HOSPITAL,1812 VERDUGO BLVD,GLENDALE,CA,91208,(818) 790-7100,STANDARD,,3828,0.517,No Different than National Benchmark,22
HERRIN HOSPITAL,201 S 14TH ST,HERRIN,IL,62948,(618) 942-2171,STANDARD,HAC_PENALIZED,3826,0.748,No Different than National Benchmark,10
WEST ALLIS MEMORIAL HOSPITAL,8901 W LINCOLN AVE,WEST ALLIS,WI,53227,(414) 328-6000,STANDARD,HAC_PENALIZED,3823,0.622,No Different than National Benchmark,13
HUTCHINSON REGIONAL MEDICAL CENTER INC,1701 E 23RD AVENUE,HUTCHINSON,KS,67502,(620) 665-2001,STANDARD,,3816,0,No Different than National Benchmark,7
SSM ST CLARE HEALTH CENTER,1015 BOWLES,FENTON,MO,63026,(636) 496-2000,STANDARD,HAC_AT_RISK,3809,0,No Different than National Benchmark,9
ATHENS LIMESTONE HOSPITAL,700 WEST MARKET STREET,ATHENS,AL,35611,(256) 233-9292,STANDARD,,3807,1.489,No Different than National Benchmark,7
SWEDISH EDMONDS HOSPITAL,21601 76TH AVENUE WEST,EDMONDS,WA,98026,(425) 640-4000,STANDARD,,3793,0.789,No Different than National Benchmark,13
RIO GRANDE REGIONAL HOSPITAL,101 E RIDGE RD,MCALLEN,TX,78503,(956) 632-6000,STANDARD,,3792,0.608,No Different than National Benchmark,8
CHI HEALTH IMMANUEL,6901 NORTH 72ND ST,OMAHA,NE,68122,(402) 572-2121,STANDARD,,3786,0,Better than the National Benchmark,14
ALAMANCE REGIONAL MEDICAL CENTER,1240 HUFFMAN MILL RD,BURLINGTON,NC,27216,(336) 538-7000,STANDARD,,3785,0.418,No Different than National Benchmark,6
MID COAST HOSPITAL,123 MEDICAL CENTER DRIVE,BRUNSWICK,ME,4011,(207) 729-0181,STANDARD,,3783,1.091,No Different than National Benchmark,12
WEST KENDALL BAPTIST HOSPITAL,9555 SW 162 AVE,MIAMI,FL,33196,(786) 467-2000,STANDARD,,3777,0.534,No Different than National Benchmark,5
CHI HEALTH LAKESIDE,16901 LAKESIDE HILLS CT,OMAHA,NE,68130,(402) 717-8000,STANDARD,,3777,0.263,No Different than National Benchmark,20
OCHSNER MEDICAL CENTER - BATON ROUGE,17000 MEDICAL CENTER DR,BATON ROUGE,LA,70816,(225) 752-2470,STANDARD,,3776,0,No Different than National Benchmark,15
MEMORIAL HERMANN SUGAR LAND HOSPITAL,17500 W GRAND PARKWAY SOUTH,SUGAR LAND,TX,77479,(281) 725-5000,STANDARD,,3775,0.26,No Different than National Benchmark,18
LEGACY MERIDIAN PARK MEDICAL CENTER,19300 SW 65TH AVENUE,TUALATIN,OR,97062,(503) 692-1212,STANDARD,HAC_PENALIZED,3765,0.377,No Different than National Benchmark,16
HOLLYWOOD PRESBYTERIAN MEDICAL CENTER,1300 N VERMONT AVE,LOS ANGELES,CA,90027,(213) 413-3000,STANDARD,,3760,0,Better than the National Benchmark,10
T J SAMSON COMMUNITY HOSPITAL,1301 NORTH RACE STREET,GLASGOW,KY,42141,(270) 651-4159,STANDARD,,3760,0,Better than the National Benchmark,8
GLENWOOD REGIONAL MEDICAL CENTER,503 MCMILLAN ROAD,WEST MONROE,LA,71291,(318) 329-4600,STANDARD,HAC_PENALIZED,3750,0.737,No Different than National Benchmark,1
REGIONAL WEST MEDICAL CENTER,4021 AVE B,SCOTTSBLUFF,NE,69361,(308) 635-3711,STANDARD,,3747,0.342,No Different than National Benchmark,6
WALKER BAPTIST MEDICAL CENTER,3400 HIGHWAY 78 EAST,JASPER,AL,35502,(205) 387-4000,STANDARD,,3732,0.761,No Different than National Benchmark,2
CHSLI ST JOSEPH HOSPITAL,4295 HEMPSTEAD TURNPIKE,BETHPAGE,NY,11714,(516) 579-6000,STANDARD,,3729,0,No Different than National Benchmark,13
KAISER FOUNDATION HOSPITAL - WEST LA,6041 CADILLAC AVE,LOS ANGELES,CA,90034,(213) 857-2201,STANDARD,,3728,0.428,No Different than National Benchmark,3
MULTICARE AUBURN MEDICAL CENTER,202 NORTH DIVISION STREET PLAZA ONE,AUBURN,WA,98001,(253) 833-7711,STANDARD,,3727,0.265,No Different than National Benchmark,8
SAINT PETER'S UNIVERSITY HOSPITAL,254 EASTON AVE,NEW BRUNSWICK,NJ,8901,(732) 745-8600,STANDARD,,3719,0,Better than the National Benchmark,19
RUTLAND REGIONAL MEDICAL CENTER,160 ALLEN ST,RUTLAND,VT,5701,(802) 775-7111,STANDARD,HAC_PENALIZED,3719,0.395,No Different than National Benchmark,12
SOUTHEAST LOUISIANA VETERANS HEALTH CARE SYSTEM,2400 CANAL STREET,NEW ORLEANS,LA,70119,(800) 935-8387,VA,,3714,1.288,No Different than National Benchmark,0
FRANCISCAN HEALTH OLYMPIA & CHICAGO HEIGHTS,20201 S CRAWFORD AVENUE,OLYMPIA FIELDS,IL,60461,(708) 747-4000,STANDARD,HAC_PENALIZED,3708,0.268,No Different than National Benchmark,4
CAPE CANAVERAL HOSPITAL,701 W COCOA BEACH CAUSEWAY,COCOA BEACH,FL,32931,(321) 799-7111,STANDARD,,3675,0.386,No Different than National Benchmark,23
PROVIDENCE LITTLE COMPANY OF MARY MED CTR TORRANCE,4101 TORRANCE BLVD,TORRANCE,CA,90503,(310) 540-7676,STANDARD,,3673,0.636,No Different than National Benchmark,12
HILLSBORO MEDICAL CENTER,335 SE 8TH AVENUE,HILLSBORO,OR,97123,(503) 681-1111,HIGH_CAUTI,HAC_PENALIZED,3662,2.486,Worse than the National Benchmark,8
HENDRICKS REGIONAL HEALTH,1000 E MAIN ST,DANVILLE,IN,46122,(317) 745-4451,STANDARD,,3661,0.81,No Different than National Benchmark,12
WOODLAND HEIGHTS MEDICAL CENTER,505 SOUTH JOHN REDDITT DRIVE,LUFKIN,TX,75904,(936) 634-8311,STANDARD,,3652,0.794,No Different than National Benchmark,4
NORTHWEST MEDICAL CENTER-SPRINGDALE,609 WEST MAPLE AVENUE,SPRINGDALE,AR,72764,(479) 751-5711,STANDARD,,3639,0.813,No Different than National Benchmark,8
BANNER CASA GRANDE MEDICAL CENTER,1800 EAST FLORENCE BOULEVARD,CASA GRANDE,AZ,85122,(520) 381-6300,STANDARD,,3639,0.388,No Different than National Benchmark,3
BERKELEY MEDICAL CENTER,2500 HOSPITAL DRIVE,MARTINSBURG,WV,25401,(304) 264-1000,STANDARD,HAC_PENALIZED,3639,1.374,No Different than National Benchmark,4
MERCY MEDICAL CENTER,1000 NORTH VILLAGE AVENUE,ROCKVILLE CENTRE,NY,11571,(516) 705-2525,STANDARD,,3635,0,Better than the National Benchmark,7
SENTARA CAREPLEX HOSPITAL,3000 COLISEUM DRIVE,HAMPTON,VA,23666,(757) 827-2545,STANDARD,,3628,0.45,No Different than National Benchmark,9
OLATHE MEDICAL CENTER,20333 WEST 151ST STREET,OLATHE,KS,66061,(913) 791-4200,STANDARD,,3626,0.32,No Different than National Benchmark,24
LOUISVILLE VA MEDICAL CENTER,800 ZORN AVENUE,LOUISVILLE,KY,40206,(502) 287-4000,VA,,3623,0.348,No Different than National Benchmark,0
HIGHPOINT HEALTH-SUMNER WITH ASCENSION SAINT THOMA,555 HARTSVILLE PIKE,GALLATIN,TN,37066,(615) 328-8888,STANDARD,,3617,0,Better than the National Benchmark,5
SAINT JOSEPH LONDON,1001 SAINT JOSEPH LANE,LONDON,KY,40741,(606) 330-6000,STANDARD,,3615,0.795,No Different than National Benchmark,4
SWEDISH ISSAQUAH,751 NE BLAKELY DR,ISSAQUAH,WA,98029,(425) 313-4000,STANDARD,,3609,0.391,No Different than National Benchmark,10
"VILLAGES REGIONAL HOSPITAL, THE",1451 EL CAMINO REAL,THE VILLAGES,FL,32159,(352) 751-8000,STANDARD,,3603,0.317,No Different than National Benchmark,14
HACKENSACK MERIDIAN MOUNTAINSIDE MEDICAL,1 BAY AVENUE,MONTCLAIR,NJ,7042,(973) 429-6000,STANDARD,,3602,1.164,No Different than National Benchmark,11
TEMPLE HEALTH - CHESTNUT HILL HOSPITAL,8835 GERMANTOWN AVENUE,PHILADELPHIA,PA,19118,(215) 248-8200,STANDARD,HAC_PENALIZED,3602,1.801,No Different than National Benchmark,20
MEMORIAL HOSPITAL OF GARDENA,1145 W REDONDO BEACH BLVD,GARDENA,CA,90247,(310) 532-4200,STANDARD,,3601,0,No Different than National Benchmark,1
WASHINGTON DC VA MEDICAL CENTER,50 IRVING STREET N.W.,WASHINGTON,DC,20422,(202) 745-8000,VA,,3599,0.971,No Different than National Benchmark,0
PHELPS HOSPITAL,701 NORTH BROADWAY,SLEEPY HOLLOW,NY,10591,(914) 366-3000,STANDARD,,3597,0,No Different than National Benchmark,11
EL CENTRO REGIONAL MEDICAL CENTER,1415 ROSS AVENUE,EL CENTRO,CA,92243,(760) 339-7100,STANDARD,,3594,2.211,No Different than National Benchmark,5
MARIA PARHAM MEDICAL CENTER,PO BOX 59,HENDERSON,NC,27536,(252) 431-3708,STANDARD,,3592,0,Better than the National Benchmark,4
POUDRE VALLEY HOSPITAL,1024 S LEMAY AVE,FORT COLLINS,CO,80524,(970) 495-7000,STANDARD,,3591,0.441,No Different than National Benchmark,18
MEDICAL CITY NORTH HILLS,4401 BOOTH CALLOWAY ROAD,NORTH RICHLAND HILLS,TX,76180,(817) 255-1000,STANDARD,,3588,1.005,No Different than National Benchmark,7
SIBLEY MEMORIAL HOSPITAL,5255 LOUGHBORO RD NW,WASHINGTON,DC,20016,(202) 537-4680,STANDARD,,3585,0.67,No Different than National Benchmark,19
CANTON-POTSDAM HOSPITAL,50 LEROY STREET,POTSDAM,NY,13676,(315) 265-3300,STANDARD,HAC_PENALIZED,3582,0.726,No Different than National Benchmark,8
MERCY REGIONAL MEDICAL CENTER,3700 KOLBE ROAD,LORAIN,OH,44053,(440) 960-4000,STANDARD,HAC_PENALIZED,3577,0.391,No Different than National Benchmark,6
MISSION REGIONAL MEDICAL CENTER,900 SOUTH BRYAN ROAD,MISSION,TX,78572,(956) 323-9000,STANDARD,,3576,0.339,No Different than National Benchmark,3
SYRACUSE VA MEDICAL CENTER,800 IRVING AVE.,SYRACUSE,NY,13210,(315) 425-4400,VA,,3570,0.7,No Different than National Benchmark,0
PEACEHEALTH ST JOHN MEDICAL CENTER,1615 DELAWARE STREET,LONGVIEW,WA,98632,(360) 414-2000,STANDARD,,3568,0.801,No Different than National Benchmark,7
ADVENTIST HEALTHCARE SHADY GROVE MEDICAL CENTER,9901 MEDICAL CENTER DRIVE,ROCKVILLE,MD,20850,(240) 826-6517,STANDARD,,3564,0.641,No Different than National Benchmark,12
NEWTON MEDICAL CENTER,175 HIGH ST,NEWTON,NJ,7860,(973) 383-2121,STANDARD,,3563,0.769,No Different than National Benchmark,22
TEXAS HEALTH HARRIS METHODIST HOSPITAL SOUTHWEST F,6100 HARRIS PKWY,FORT WORTH,TX,76132,(817) 433-5000,STANDARD,,3563,0,Better than the National Benchmark,16
LAKE CUMBERLAND REGIONAL HOSPITAL,305 LANGDON STREET,SOMERSET,KY,42503,(606) 679-7441,STANDARD,,3561,0,Better than the National Benchmark,3
HCA HOUSTON HEALTHCARE TOMBALL,605 HOLDERRIETH,TOMBALL,TX,77375,(281) 351-7500,STANDARD,,3556,0,Better than the National Benchmark,8
ADVENTIST HEALTH WHITE MEMORIAL,1720 CESAR E CHAVEZ AVENUE,LOS ANGELES,CA,90033,(323) 268-5000,STANDARD,,3555,1.515,No Different than National Benchmark,10
GOOD SAMARITAN MEDICAL CENTER,1309 N FLAGLER DR,WEST PALM BEACH,FL,33401,(561) 655-5511,STANDARD,,3545,0.987,No Different than National Benchmark,13
INOVA FAIR OAKS HOSPITAL,3600 JOSEPH SIEWICK DRIVE,FAIRFAX,VA,22033,(703) 391-4170,STANDARD,,3538,0.332,No Different than National Benchmark,22
ST VINCENT HOSPITAL,123 SUMMER STREET,WORCESTER,MA,1608,(508) 363-5000,STANDARD,,3535,0,Better than the National Benchmark,9
CENTURA HEALTH-PORTER ADVENTIST HOSPITAL,2525 S DOWNING ST,DENVER,CO,80210,(303) 778-1955,STANDARD,,3534,0,Better than the National Benchmark,20
UPMC MEMORIAL,1701 INNOVATION DRIVE,YORK,PA,17408,(717) 843-8623,STANDARD,HAC_PENALIZED,3531,0.852,No Different than National Benchmark,10
MUSKOGEE VA MEDICAL CENTER,1011 HONOR HEIGHTS DRIVE,MUSKOGEE,OK,74401,(918) 577-3000,VA,,3526,1.107,No Different than National Benchmark,0
HERITAGE VALLEY SEWICKLEY,720 BLACKBURN ROAD,SEWICKLEY,PA,15143,(412) 741-6600,STANDARD,HAC_PENALIZED,3525,0.816,No Different than National Benchmark,6
ST PETERS HEALTH,2475 BROADWAY,HELENA,MT,59601,(406) 442-2480,STANDARD,HAC_PENALIZED,3522,1.584,No Different than National Benchmark,10
BETH ISRAEL DEACONESS HOSPITAL - NEEDHAM,148 CHESTNUT STREET,NEEDHAM,MA,2494,(781) 453-3002,STANDARD,HAC_PENALIZED,3517,0.563,No Different than National Benchmark,23
SAN FRANCISCO VA MEDICAL CENTER,4150 CLEMENT STREET,SAN FRANCISCO,CA,94121,(415) 221-4810,VA,,3512,1.913,No Different than National Benchmark,0
RIVERVIEW HEALTH,395 WESTFIELD RD,NOBLESVILLE,IN,46060,(317) 773-0760,STANDARD,HAC_PENALIZED,3507,0.837,No Different than National Benchmark,12
EASTERN NEW MEXICO MEDICAL CENTER,405 W COUNTRY CLUB ROAD,ROSWELL,NM,88201,(575) 624-8722,STANDARD,,3500,0,No Different than National Benchmark,2
DUBLIN METHODIST HOSPITAL,7500 HOSPITAL AVENUE,DUBLIN,OH,43016,(614) 544-8273,STANDARD,HAC_AT_RISK,3500,0.635,No Different than National Benchmark,19
ST LUKES HOSPITAL,1026 A AVE NE,CEDAR RAPIDS,IA,52402,(319) 369-7211,STANDARD,,3494,1.404,No Different than National Benchmark,8
STILLWATER MEDICAL CENTER,1323 WEST 6TH STREET,STILLWATER,OK,74076,(405) 372-1480,STANDARD,,3493,0.281,No Different than National Benchmark,5
ALTON MEMORIAL HOSPITAL,ONE MEMORIAL DRIVE,ALTON,IL,62002,(314) 286-2227,STANDARD,,3492,0.276,No Different than National Benchmark,13
COX MEDICAL CENTER BRANSON,"525 BRANSON LANDING BLVD, PO BOX 650",BRANSON,MO,65615,(417) 335-7000,STANDARD,,3491,0.812,No Different than National Benchmark,6
PROVIDENCE CENTRALIA HOSPITAL,914 S SCHEUBER ROAD,CENTRALIA,WA,98531,(360) 330-8530,STANDARD,,3491,0.353,No Different than National Benchmark,5
PARKER ADVENTIST HOSPITAL,9395 CROWN CREST BLVD,PARKER,CO,80138,(303) 269-4000,STANDARD,,3490,1.205,No Different than National Benchmark,16
SALINA REGIONAL HEALTH CENTER,400 SOUTH SANTA FE AVENUE,SALINA,KS,67401,(785) 452-7000,STANDARD,HAC_PENALIZED,3484,0.359,No Different than National Benchmark,6
MONMOUTH MEDICAL CENTER-SOUTHERN CAMPUS,600 RIVER AVE,LAKEWOOD,NJ,8701,(732) 363-1900,STANDARD,,3482,1.315,No Different than National Benchmark,18
BAYLOR SCOTT & WHITE MEDICAL CENTER- COLLEGE STATI,700 SCOTT & WHITE DRIVE,COLLEGE STATION,TX,77845,(979) 691-3701,STANDARD,HAC_PENALIZED,3481,0.802,No Different than National Benchmark,6
ASANTE THREE RIVERS MEDICAL CENTER,500 SW RAMSEY AVENUE,GRANTS PASS,OR,97527,(541) 472-7000,HIGH_CAUTI,,3477,3.245,Worse than the National Benchmark,10
WESTERN MARYLAND REGIONAL MEDICAL CENTER,12500 WILLOWBROOK ROAD,CUMBERLAND,MD,21502,(240) 964-7000,STANDARD,,3476,0.571,No Different than National Benchmark,6
MONMOUTH MEDICAL CENTER,300 SECOND AVENUE,LONG BRANCH,NJ,7740,(732) 222-5200,STANDARD,,3473,0.468,No Different than National Benchmark,13
MARSHFIELD MEDICAL CENTER - WESTON,3400 MINISTRY PARKWAY,WESTON,WI,54476,(715) 393-3000,STANDARD,HAC_PENALIZED,3472,1.625,No Different than National Benchmark,4
AUGUSTA HEALTH,78 MEDICAL CENTER DRIVE,FISHERSVILLE,VA,22939,(540) 332-4000,STANDARD,,3465,1.103,No Different than National Benchmark,8
HIALEAH HOSPITAL,651 E 25TH ST,HIALEAH,FL,33013,(305) 693-6100,STANDARD,,3462,0,No Different than National Benchmark,5
HUNTSVILLE MEMORIAL HOSPITAL,110 MEMORIAL HOSPITAL DRIVE,HUNTSVILLE,TX,77340,(936) 291-3411,STANDARD,,3462,0,No Different than National Benchmark,4
LEGACY GOOD SAMARITAN MEDICAL CENTER,"1015 NW 22ND AVENUE, W121",PORTLAND,OR,97210,(503) 413-7682,STANDARD,,3457,1.153,No Different than National Benchmark,17
JUPITER MEDICAL CENTER,1210 S OLD DIXIE HWY,JUPITER,FL,33458,(561) 747-2234,STANDARD,,3452,0,Better than the National Benchmark,23
OGDEN REGIONAL MEDICAL CENTER,5475 SOUTH 500 EAST,OGDEN,UT,84405,(801) 479-2111,STANDARD,,3452,0.409,No Different than National Benchmark,4
PROVIDENCE MEDFORD MEDICAL CENTER,1111 CRATER LAKE AVENUE,MEDFORD,OR,97504,(541) 732-5000,STANDARD,HAC_PENALIZED,3450,1.265,No Different than National Benchmark,8
ST JOSEPH HOSPITAL,172 KINSLEY ST,NASHUA,NH,3060,(603) 882-3000,STANDARD,,3447,0,Better than the National Benchmark,9
SOUTH MIAMI HOSPITAL,6200 SW 73RD ST,MIAMI,FL,33143,(786) 662-4000,STANDARD,,3436,0,Better than the National Benchmark,24
HMHP ST ELIZABETH BOARDMAN HEALTH CENTER,8401 MARKET STREET,BOARDMAN,OH,44512,(330) 729-2929,STANDARD,HAC_PENALIZED,3431,0.68,No Different than National Benchmark,15
ST LUKE'S HOSPITAL - MONROE CAMPUS,100 ST LUKE'S LANE,STROUDSBURG,PA,18360,(272) 212-1000,STANDARD,,3425,0,Better than the National Benchmark,17
WHITE COUNTY MEDICAL CENTER,3214 EAST RACE AVENUE,SEARCY,AR,72143,(501) 278-3100,STANDARD,,3423,0,No Different than National Benchmark,2
DALLAS REGIONAL MEDICAL CENTER,1011 NORTH GALLOWAY AVENUE,MESQUITE,TX,75149,(214) 320-7000,STANDARD,,3419,0,Better than the National Benchmark,3
UPMC CHAUTAUQUA AT WCA,207 FOOTE AVENUE,JAMESTOWN,NY,14701,(716) 487-0141,STANDARD,HAC_PENALIZED,3413,0.836,No Different than National Benchmark,10
KAISER FOUNDATION HOSPITAL,99 MONTECILLO RD,SAN RAFAEL,CA,94903,(415) 444-2000,STANDARD,,3406,0,No Different than National Benchmark,1
KAISER FOUNDATION HOSPITAL - VACAVILLE,1 QUALITY DRIVE,VACAVILLE,CA,95688,(707) 624-4000,STANDARD,,3404,1.166,No Different than National Benchmark,2
EPHRAIM MCDOWELL REGIONAL MEDICAL CENTER,217 SOUTH THIRD STREET,DANVILLE,KY,40422,(859) 239-1000,STANDARD,HAC_AT_RISK,3404,0.241,No Different than National Benchmark,2
NOVANT HEALTH HUNTERSVILLE MEDICAL CENTER,10030 GILEAD ROAD,HUNTERSVILLE,NC,28078,(704) 316-4000,STANDARD,,3400,1.807,No Different than National Benchmark,14
BEEBE MEDICAL CENTER,424 SAVANNAH RD,LEWES,DE,19958,(302) 645-3300,STANDARD,,3399,0.584,No Different than National Benchmark,28
JENNIE STUART MEDICAL CENTER,320 WEST 18TH STREET,HOPKINSVILLE,KY,42241,(270) 887-0100,STANDARD,HAC_PENALIZED,3395,0.833,No Different than National Benchmark,2
MERIT HEALTH WESLEY,5001 W HARDY ST,HATTIESBURG,MS,39402,(601) 268-8000,STANDARD,,3386,0.745,No Different than National Benchmark,5
LDS HOSPITAL,8TH AVENUE AND C STREET,SALT LAKE CITY,UT,84143,(801) 408-1100,STANDARD,,3382,0.298,No Different than National Benchmark,9
MEDSTAR HARBOR HOSPITAL,3001 SOUTH  HANOVER STREET,BALTIMORE,MD,21225,(410) 350-3201,STANDARD,,3381,0.293,No Different than National Benchmark,4
PARRISH MEDICAL CENTER,951 N WASHINGTON AVE,TITUSVILLE,FL,32796,(321) 268-6111,STANDARD,HAC_PENALIZED,3380,0.425,No Different than National Benchmark,7
PALISADES MEDICAL CENTER,7600 RIVER RD,NORTH BERGEN,NJ,7047,(201) 854-5000,STANDARD,HAC_AT_RISK,3380,0.287,No Different than National Benchmark,4
ORLANDO HEALTH SOUTH LAKE HOSPITAL,1900 DON WICKHAM DR,CLERMONT,FL,34711,(352) 394-4071,STANDARD,,3376,0,Better than the National Benchmark,25
SOVAH HEALTH DANVILLE,142 SOUTH MAIN STREET,DANVILLE,VA,24541,(434) 799-2100,STANDARD,,3375,0.882,No Different than National Benchmark,4
KAISER FOUNDATION HOSPITAL - SOUTH SAN FRANCISCO,1200 EL CAMINO REAL,SOUTH SAN FRANCISCO,CA,94080,(650) 742-3200,STANDARD,,3371,0.383,No Different than National Benchmark,1
"ROME MEMORIAL HOSPITAL, INC",1500 NORTH JAMES STREET,ROME,NY,13440,(315) 338-7000,STANDARD,HAC_PENALIZED,3371,0.527,No Different than National Benchmark,8
UNITED MEMORIAL MEDICAL CENTER,127 NORTH STREET,BATAVIA,NY,14020,(585) 343-6030,STANDARD,,3367,1.48,No Different than National Benchmark,7
SSM ST JOSEPH HOSPITAL WEST,100 MEDICAL PLAZA,LAKE SAINT LOUIS,MO,63367,(636) 625-5200,STANDARD,HAC_PENALIZED,3365,0.706,No Different than National Benchmark,6
ROBERT WOOD JOHNSON UNIVERSITY HOSPITAL AT HAMILTON,ONE HAMILTON HEALTH PLACE,HAMILTON,NJ,8690,(609) 586-7900,STANDARD,,3364,1.298,No Different than National Benchmark,14
MH ST JOSEPH WARREN HOSPITAL,667 EASTLAND AVE SE,WARREN,OH,44484,(330) 841-4016,STANDARD,,3361,0.573,No Different than National Benchmark,13
HCA FLORIDA TRINITY HOSPITAL,9330 SR 54,TRINITY,FL,34655,(727) 834-4900,STANDARD,,3355,0.241,No Different than National Benchmark,11
BEAUFORT COUNTY MEMORIAL HOSPITAL,955 RIBAUT RD,BEAUFORT,SC,29902,(843) 522-5200,STANDARD,HAC_PENALIZED,3352,0.86,No Different than National Benchmark,15
TRIOS HEALTH,3780 PLAZA WAY,KENNEWICK,WA,99338,(509) 586-6111,STANDARD,,3351,0,No Different than National Benchmark,5
FRESNO VA MEDICAL CENTER (VA CENTRAL CALIFORNIA HEALTHCARE SYSTEM),2615 E. CLINTON AVENUE,FRESNO,CA,93703,(559) 228-5338,VA,,3347,0,No Different than National Benchmark,0
SENTARA OBICI HOSPITAL,2800 GODWIN BOULEVARD,SUFFOLK,VA,23434,(757) 934-4000,STANDARD,,3347,0.589,No Different than National Benchmark,12
BELOIT HEALTH SYSTEM,1969 W HART RD,BELOIT,WI,53511,(608) 364-5011,STANDARD,,3345,0,No Different than National Benchmark,3
ORLANDO HEALTH-HEALTH CENTRAL HOSPITAL,10000 W COLONIAL DR,OCOEE,FL,34761,(407) 296-1000,STANDARD,HAC_PENALIZED,3334,0.375,No Different than National Benchmark,26
BENEFIS HOSPITALS INC,1101 26TH ST S,GREAT FALLS,MT,59405,(406) 455-5000,STANDARD,,3333,0,No Different than National Benchmark,8
CLARA MAASS MEDICAL CENTER,ONE CLARA MAASS DRIVE,BELLEVILLE,NJ,7109,(973) 450-2000,STANDARD,,3331,0,Better than the National Benchmark,17
WESTERN ARIZONA REGIONAL MEDICAL CENTER,2735 SILVER CREEK ROAD,BULLHEAD CITY,AZ,86442,(928) 763-2273,STANDARD,,3323,0.413,No Different than National Benchmark,2
ADVENTHEALTH HEART OF FLORIDA,40100 HWY 27,DAVENPORT,FL,33837,(863) 422-4971,STANDARD,,3315,0,No Different than National Benchmark,6
ADVENTIST LA GRANGE MEMORIAL HOSPITAL,5101 S WILLOW SPRINGS RD,LA GRANGE,IL,60525,(708) 352-1200,STANDARD,,3309,0,Better than the National Benchmark,16
NORTH OKALOOSA MEDICAL CENTER,151 REDSTONE AVE SE,CRESTVIEW,FL,32539,(850) 689-8100,STANDARD,,3308,1.289,No Different than National Benchmark,7
CAPITAL MEDICAL CENTER,3900 CAPITAL MALL DR SW,OLYMPIA,WA,98502,(360) 956-2550,STANDARD,,3304,0,No Different than National Benchmark,7
ORO VALLEY HOSPITAL,1551 EAST TANGERINE ROAD,ORO VALLEY,AZ,85755,(520) 901-3500,HIGH_CAUTI,,3302,2.767,Worse than the National Benchmark,13
ACMH HOSPITAL,ONE NOLTE DRIVE,KITTANNING,PA,16201,(724) 543-8500,STANDARD,,3299,0,No Different than National Benchmark,4
KERALTY HOSPITAL,2500 SW 75TH AVE,MIAMI,FL,33155,(305) 263-9270,STANDARD,,3290,0,No Different than National Benchmark,2
"IDAHO FALLS COMMUNITY HOSPITAL, LLC",2327 CORONADO ST,IDAHO FALLS,ID,83404,(208) 528-1000,STANDARD,HAC_PENALIZED,3284,1.665,No Different than National Benchmark,4
UMASS MEMORIAL HEALTHCARE-MARLBOROUGH HOSPITAL,157 UNION STREET,MARLBOROUGH,MA,1752,(508) 481-5000,STANDARD,HAC_PENALIZED,3283,0.38,No Different than National Benchmark,11
BETH ISRAEL DEACONESS HOSPITAL - MILTON,199 REEDSDALE ROAD,MILTON,MA,2186,(617) 696-4600,STANDARD,HAC_PENALIZED,3271,2.198,No Different than National Benchmark,14
KAISER FOUNDATION HOSPITAL - FRESNO,7300 NORTH FRESNO ST,FRESNO,CA,93720,(559) 448-4500,STANDARD,,3260,0.311,No Different than National Benchmark,3
ASCENSION COLUMBIA ST MARY'S HOSPITAL MILWAUKEE,2323 N LAKE DR,MILWAUKEE,WI,53211,(414) 585-1374,STANDARD,,3257,0.636,No Different than National Benchmark,12
NORTHERN REGIONAL HOSPITAL,830 ROCKFORD ST,MOUNT AIRY,NC,27030,(336) 719-7000,STANDARD,,3256,0.456,No Different than National Benchmark,2
UPPER VALLEY MEDICAL CENTER,3130 N DIXIE HIGHWAY,TROY,OH,45373,(937) 440-7853,STANDARD,,3256,0,No Different than National Benchmark,6
SCRIPPS GREEN HOSPITAL,10666 NORTH TORREY PINES ROAD,LA JOLLA,CA,92037,(858) 554-3600,STANDARD,,3255,0.894,No Different than National Benchmark,15
CARLE BROMENN MEDICAL CENTER,1304 FRANKLIN AVENUE,NORMAL,IL,61761,(309) 454-1400,STANDARD,,3254,1.912,No Different than National Benchmark,8
DEACONESS HENDERSON HOSPITAL,1305 N ELM ST,HENDERSON,KY,42420,(270) 827-7700,STANDARD,,3249,0,No Different than National Benchmark,9
DAVIS MEDICAL CENTER,812 GORMAN AVENUE,ELKINS,WV,26241,(304) 636-3300,STANDARD,,3249,1.785,No Different than National Benchmark,2
BMH-GOLDEN TRIANGLE,2520 5TH STREET N,COLUMBUS,MS,39705,(662) 244-1000,STANDARD,HAC_AT_RISK,3247,0,No Different than National Benchmark,3
CHARLESTON VA MEDICAL CENTER,109 BEE STREET,CHARLESTON,SC,29401,(843) 577-5011,VA,,3242,0.699,No Different than National Benchmark,0
NORTHERN WESTCHESTER HOSPITAL,400 EAST MAIN STREET,MOUNT KISCO,NY,10549,(914) 666-1200,STANDARD,,3241,0.314,No Different than National Benchmark,8
SSM ST JOSEPH HEALTH CENTER,300 1ST CAPITOL DR,SAINT CHARLES,MO,63301,(636) 947-5000,STANDARD,,3238,0.368,No Different than National Benchmark,7
PETERSON REGIONAL MEDICAL CENTER,551 HILL COUNTRY DRIVE,KERRVILLE,TX,78028,(830) 896-4200,STANDARD,,3235,0.459,No Different than National Benchmark,7
UNIVERSITY HOSPITALS - ELYRIA MEDICAL CENTER,630 EAST RIVER STREET,ELYRIA,OH,44035,(440) 329-7500,STANDARD,,3233,0.893,No Different than National Benchmark,9
AHN WEXFORD HOSPITAL,12351 PERRY HIGHWAY,WEXFORD,PA,15090,(412) 295-3319,STANDARD,,3233,0,No Different than National Benchmark,21
DEBORAH HEART AND LUNG CENTER,200 TRENTON ROAD,BROWNS MILLS,NJ,8015,(609) 893-6611,STANDARD,,3231,0,Better than the National Benchmark,2
UNC LENOIR HEALTH CARE,100 AIRPORT RD,KINSTON,NC,28501,(252) 522-7000,STANDARD,HAC_AT_RISK,3226,1.283,No Different than National Benchmark,8
VISTA MEDICAL CENTER EAST,1324 NORTH SHERIDAN ROAD,WAUKEGAN,IL,60085,(847) 360-3000,STANDARD,,3221,0,No Different than National Benchmark,7
BAPTIST HEALTH MEDICAL CENTER- CONWAY,1555 EXCHANGE AVENUE,CONWAY,AR,72032,(501) 585-2000,STANDARD,,3220,0.448,No Different than National Benchmark,8
GREENEVILLE COMMUNITY HOSPITAL,1420 TUSCULUM BOULEVARD,GREENEVILLE,TN,37745,(423) 639-3151,STANDARD,,3220,0,No Different than National Benchmark,4
BAYLOR SCOTT AND WHITE MEDICAL CENTER SUNNYVALE,231 SOUTH COLLINS ROAD,SUNNYVALE,TX,75182,(972) 892-3000,STANDARD,,3217,0,No Different than National Benchmark,4
GLENDALE MEM HOSPITAL & HLTH CENTER,1420 S CENTRAL AVE,GLENDALE,CA,91204,(818) 502-1900,STANDARD,,3204,0,No Different than National Benchmark,10
JESSE BROWN VA MEDICAL CENTER - VA CHICAGO HEALTHCARE SYSTEM,820 S DAMEN STREET,CHICAGO,IL,60612,(312) 569-8387,VA,,3199,1.171,No Different than National Benchmark,0
MOUNT AUBURN HOSPITAL,330 MOUNT AUBURN STREET,CAMBRIDGE,MA,2138,(617) 492-3500,STANDARD,HAC_AT_RISK,3199,0.992,No Different than National Benchmark,13
ST MARY MEDICAL CENTER,3333 NORTH SEMINARY,GALESBURG,IL,61401,(309) 344-3161,STANDARD,,3198,1.069,No Different than National Benchmark,17
HOLY FAMILY HOSPITAL,70 EAST STREET,METHUEN,MA,1844,(978) 687-0156,STANDARD,,3193,1.133,No Different than National Benchmark,13
TEXAS HEALTH PRESBYTERIAN HOSPITAL DENTON,3000 N I-35,DENTON,TX,76201,(940) 898-7000,STANDARD,,3191,0,Better than the National Benchmark,9
ALLIANCEHEALTH DURANT,1800 UNIVERSITY BOULEVARD,DURANT,OK,74702,(405) 924-3080,STANDARD,,3168,0,No Different than National Benchmark,4
PENN STATE HEALTH LANCASTER MEDICAL CENTER,2160 STATE ROAD,LANCASTER,PA,17601,(223) 287-9000,STANDARD,,3166,0,No Different than National Benchmark,15
PENN HIGHLANDS MON VALLEY,1163 COUNTRY CLUB ROAD,MONONGAHELA,PA,15063,(724) 258-1000,STANDARD,HAC_PENALIZED,3160,0,No Different than National Benchmark,8
NORTHEASTERN HEALTH SYSTEM,1400 EAST DOWNING STREET,TAHLEQUAH,OK,74465,(918) 456-0641,HIGH_CAUTI,HAC_AT_RISK,3152,2.347,Worse than the National Benchmark,3
ST LUKE'S PATIENTS MEDICAL CENTER,4600 EAST SAM HOUSTON PARKWAY SOUTH,PASADENA,TX,77505,(281) 487-0700,STANDARD,,3150,0.622,No Different than National Benchmark,6
HCA FLORIDA NORTHWEST HOSPITAL,2801 N STATE RD 7,MARGATE,FL,33063,(954) 974-0400,STANDARD,,3140,0,Better than the National Benchmark,15
GREATER BALTIMORE MEDICAL CENTER,6701 NORTH  CHARLES STREET,BALTIMORE,MD,21204,(443) 849-2000,STANDARD,,3134,0,Better than the National Benchmark,16
WYCKOFF HEIGHTS MEDICAL CENTER,374 STOCKHOLM STREET,BROOKLYN,NY,11237,(718) 963-7272,STANDARD,HAC_PENALIZED,3134,0.938,No Different than National Benchmark,6
TRI-CITY MEDICAL CENTER,4002 VISTA WAY,OCEANSIDE,CA,92056,(760) 724-8411,STANDARD,,3129,0,No Different than National Benchmark,9
STURDY MEMORIAL HOSPITAL,211 PARK STREET,ATTLEBORO,MA,2703,(508) 222-5200,STANDARD,,3129,0.437,No Different than National Benchmark,9
FRANCISCAN HEALTH MUNSTER,701 SUPERIOR AVE,MUNSTER,IN,46321,(219) 922-4200,STANDARD,HAC_PENALIZED,3126,0.434,No Different than National Benchmark,9
KAISER FOUNDATION HOSPITAL - ANTIOCH,4501 SAND CREEK ROAD,ANTIOCH,CA,94531,(925) 813-6500,STANDARD,,3124,0,No Different than National Benchmark,1
KANSAS CITY VA MEDICAL CENTER,4801 LINWOOD BLVD.,KANSAS CITY,MO,64128,(816) 861-4700,VA,,3124,1.802,No Different than National Benchmark,0
FHN MEMORIAL HOSPITAL,1045 WEST STEPHENSON STREET,FREEPORT,IL,61032,(815) 599-6000,STANDARD,,3122,0,No Different than National Benchmark,5
NOVANT HEALTH ROWAN MEDICAL CENTER,612 MOCKSVILLE AVE,SALISBURY,NC,28144,(704) 210-5000,STANDARD,,3122,1.109,No Different than National Benchmark,6
FINLEY HOSPITAL,350 NORTH GRANDVIEW AVENUE,DUBUQUE,IA,52001,(563) 582-1881,STANDARD,,3117,0.917,No Different than National Benchmark,1
GEISINGER-LEWISTOWN HOSPITAL,400 HIGHLAND AVENUE,LEWISTOWN,PA,17044,(717) 248-5411,STANDARD,,3116,0.656,No Different than National Benchmark,11
HANNIBAL REGIONAL HOSPITAL,6000 HOSPITAL DR,HANNIBAL,MO,63401,(573) 248-1300,STANDARD,HAC_PENALIZED,3113,0.609,No Different than National Benchmark,1
PROVIDENCE VA MEDICAL CENTER,830 CHALKSTONE AVENUE,PROVIDENCE,RI,2908,(401) 457-3042,VA,,3112,1.03,No Different than National Benchmark,0
EXCELA HEALTH LATROBE HOSPITAL,ONE MELLON WAY,LATROBE,PA,15650,(724) 832-4000,STANDARD,HAC_PENALIZED,3109,0.319,No Different than National Benchmark,5
FALMOUTH HOSPITAL,67 & 100 TER HEUN DRIVE,FALMOUTH,MA,2540,(508) 548-5300,STANDARD,HAC_PENALIZED,3108,0,No Different than National Benchmark,13
TOURO INFIRMARY,1401 FOUCHER STREET,NEW ORLEANS,LA,70115,(504) 897-8247,STANDARD,,3106,0.686,No Different than National Benchmark,13
HCA FLORIDA SOUTH SHORE HOSPITAL,4016 SUN CITY CENTER BLVD,SUN CITY CENTER,FL,33573,(813) 634-3301,STANDARD,,3105,0.459,No Different than National Benchmark,9
TRISTAR SOUTHERN HILLS MEDICAL CENTER,391 WALLACE RD,NASHVILLE,TN,37211,(615) 781-4000,STANDARD,,3105,0,Better than the National Benchmark,1
DYERSBURG REGIONAL MEDICAL CENTER,400 EAST TICKLE STREET,DYERSBURG,TN,38024,(731) 285-2410,STANDARD,,3103,0,No Different than National Benchmark,4
INDIANA UNIVERSITY HEALTH NORTH HOSPITAL,11700 N MERIDIAN ST,CARMEL,IN,46032,(317) 688-2000,STANDARD,,3092,0.632,No Different than National Benchmark,25
FAIRBANKS MEMORIAL HOSPITAL,1650 COWLES STREET,FAIRBANKS,AK,99701,(907) 452-8181,STANDARD,,3081,0.463,No Different than National Benchmark,4
TENET HEALTH CENTRAL COAST SIERRA VISTA RMC,1010 MURRAY ST,SAN LUIS OBISPO,CA,93405,(850) 546-7600,STANDARD,,3068,0.476,No Different than National Benchmark,8
SKY LAKES MEDICAL CENTER,2865 DAGGETT AVENUE,KLAMATH FALLS,OR,97601,(541) 882-6311,STANDARD,,3062,0,No Different than National Benchmark,11
LOS ANGELES COMMUNITY HOSPITAL,4081 E OLYMPIC BLVD,LOS ANGELES,CA,90023,(323) 267-0477,STANDARD,,3059,1.139,No Different than National Benchmark,2
NORTON CLARK HOSPITAL,1220 MISSOURI AVE,JEFFERSONVILLE,IN,47130,(812) 283-2147,STANDARD,,3058,0.417,No Different than National Benchmark,14
KAISER FOUNDATION HOSPITAL WESTSIDE,2875 NW STUCKI AVE,HILLSBORO,OR,97124,(971) 310-0100,STANDARD,HAC_AT_RISK,3058,0,No Different than National Benchmark,1
RIVERSIDE MEDICAL CENTER,350 N WALL ST,KANKAKEE,IL,60901,(815) 933-1671,STANDARD,,3057,0.554,No Different than National Benchmark,11
BON SECOURS-ST FRANCIS XAVIER HOSPITAL,2095 HENRY TECKLENBURG DRIVE,CHARLESTON,SC,29414,(843) 402-1006,STANDARD,HAC_PENALIZED,3056,2.322,No Different than National Benchmark,18
KNAPP MEDICAL CENTER,1401 EAST EIGHT STREET,WESLACO,TX,78596,(956) 968-8567,STANDARD,,3055,0.806,No Different than National Benchmark,2
VANDERBILT WILSON COUNTY HOSPITAL,1411 BADDOUR PARKWAY,LEBANON,TN,37087,(615) 444-2250,STANDARD,,3054,0.463,No Different than National Benchmark,5
ADVENTHEALTH NEW SMYRNA BEACH,401 PALMETTO ST,NEW SMYRNA BEACH,FL,32170,(386) 424-5100,STANDARD,,3051,0.47,No Different than National Benchmark,13
SENTARA MARTHA JEFFERSON HOSPITAL,500 MARTHA JEFFERSON DRIVE,CHARLOTTESVILLE,VA,22911,(434) 654-7000,STANDARD,HAC_PENALIZED,3051,2.256,No Different than National Benchmark,8
THE MEDICAL CENTER (BOWLING GREEN),250 PARK STREET,BOWLING GREEN,KY,42101,(270) 745-1000,STANDARD,HAC_PENALIZED,3050,0.256,No Different than National Benchmark,10
TEXAS HEALTH PRESBYTERIAN HOSPITAL FLOWER MOUND,4400 LONG PRAIRIE ROAD,FLOWER MOUND,TX,75028,(972) 419-1530,STANDARD,,3050,0.979,No Different than National Benchmark,8
WINCHESTER HOSPITAL,41 HIGHLAND AVENUE,WINCHESTER,MA,1890,(781) 729-9000,STANDARD,,3045,0.522,No Different than National Benchmark,18
HCA FLORIDA PALMS WEST HOSPITAL,13001 SOUTHERN BLVD,LOXAHATCHEE,FL,33470,(561) 798-3300,STANDARD,,3040,0,No Different than National Benchmark,9
JEFFERSON LANSDALE HOSPITAL,100 MEDICAL CAMPUS DRIVE,LANSDALE,PA,19446,(215) 368-2100,STANDARD,,3037,0,No Different than National Benchmark,10
UCHICAGO MEDICINE ADVENTHEALTH BOLINGBROOK,500 REMINGTON BOULEVARD,BOLINGBROOK,IL,60440,(630) 312-5000,STANDARD,,3033,0.97,No Different than National Benchmark,10
SSM HEALTH ST ANTHONY HOSPITAL - MIDWEST,2825 PARKLAWN DRIVE,MIDWEST CITY,OK,73110,(405) 610-4411,STANDARD,,3031,0.929,No Different than National Benchmark,6
ST LOUIS-JOHN COCHRAN VA MEDICAL CENTER,915 NORTH GRAND,ST. LOUIS,MO,63106,(314) 652-4100,VA,,3023,0.722,No Different than National Benchmark,0
BRISTOL HOSPITAL,41 BREWSTER RD,BRISTOL,CT,6010,(860) 585-3000,STANDARD,,3022,0,No Different than National Benchmark,5
CINCINNATI VA MEDICAL CENTER,3200 VINE STREET,CINCINNATI,OH,45220,(513) 861-3100,VA,,3014,0.923,No Different than National Benchmark,0
PHILADELPHIA VA MEDICAL CENTER,3900 WOODLAND AVENUE,PHILADELPHIA,PA,19104,(215) 823-5857,VA,,3012,0.291,No Different than National Benchmark,0
MUSC HEALTH LANCASTER MEDICAL CENTER,800 W MEETING ST,LANCASTER,SC,29720,(803) 286-1481,STANDARD,,3011,0,Better than the National Benchmark,2
UPMC CARLISLE,361 ALEXANDER SPRING ROAD,CARLISLE,PA,17015,(717) 249-1212,STANDARD,HAC_AT_RISK,3009,1.446,No Different than National Benchmark,11
WOOSTER COMMUNITY HOSPITAL,1761 BEALL AVENUE,WOOSTER,OH,44691,(330) 263-8348,STANDARD,,3002,0,No Different than National Benchmark,4
UT HEALTH EAST TEXAS ATHENS HOSPITAL,2000 SOUTH PALESTINE ST,ATHENS,TX,75751,(903) 676-1000,STANDARD,,2990,0.841,No Different than National Benchmark,5
CRESTWOOD MEDICAL CENTER,ONE HOSPITAL DR SE,HUNTSVILLE,AL,35801,(256) 429-4000,STANDARD,,2988,0,Better than the National Benchmark,14
TRINITY REGIONAL MEDICAL CENTER,802 KENYON RD,FORT DODGE,IA,50501,(515) 573-3101,STANDARD,,2987,1.939,No Different than National Benchmark,4
HEARTLAND REGIONAL MEDICAL CENTER,3333 W DEYOUNG,MARION,IL,62959,(618) 998-7000,STANDARD,HAC_PENALIZED,2987,0,No Different than National Benchmark,3
WAYNE MEMORIAL HOSPITAL,601 PARK STREET,HONESDALE,PA,18431,(570) 253-8100,STANDARD,HAC_PENALIZED,2986,0.66,No Different than National Benchmark,13
HONORHEALTH SCOTTSDALE THOMPSON PEAK MED CTR,7400 EAST THOMPSON PEAK PARKWAY,SCOTTSDALE,AZ,85255,(480) 324-7001,STANDARD,,2985,1.344,No Different than National Benchmark,16
"COOLEY DICKINSON HOSPITAL INC,THE",30 LOCUST STREET,NORTHAMPTON,MA,1061,(413) 582-2000,STANDARD,HAC_PENALIZED,2980,0.493,No Different than National Benchmark,26
MERCYONE CLINTON MEDICAL CENTER,1410 NORTH 4TH STREET,CLINTON,IA,52732,(563) 244-5555,STANDARD,,2976,0,No Different than National Benchmark,2
ROBERT WOOD JOHNSON UNIVERSITY HOSPITAL AT RAHWAY,865 STONE ST,RAHWAY,NJ,7065,(732) 381-4200,STANDARD,,2975,0.492,No Different than National Benchmark,11
SHERMAN OAKS HOSPITAL,4929 VAN NUYS BLVD,SHERMAN OAKS,CA,91403,(818) 981-7111,STANDARD,,2972,0.486,No Different than National Benchmark,2
COLUMBIA MO VA MEDICAL CENTER,800 HOSPITAL DR,COLUMBIA,MO,65201,(573) 814-6000,VA,,2969,0,No Different than National Benchmark,0
LEGACY MOUNT HOOD MEDICAL CENTER,24800 SE STARK STREET,GRESHAM,OR,97030,(503) 674-1122,STANDARD,HAC_PENALIZED,2959,1.431,No Different than National Benchmark,10
MERIT HEALTH RIVER OAKS,1030 RIVER OAKS DRIVE,FLOWOOD,MS,39232,(601) 932-1030,STANDARD,,2953,1.43,No Different than National Benchmark,6
CAMBRIDGE HEALTH ALLIANCE,1493 CAMBRIDGE STREET,CAMBRIDGE,MA,2139,(617) 665-1000,STANDARD,HAC_PENALIZED,2952,0.87,No Different than National Benchmark,5
SALINE MEMORIAL HOSPITAL,#1 MEDICAL PARK DRIVE,BENTON,AR,72015,(501) 776-6000,STANDARD,,2948,0,No Different than National Benchmark,3
INDIANA UNIVERSITY HEALTH BLOOMINGTON HOSPITAL,601 W SECOND ST,BLOOMINGTON,IN,47403,(812) 353-9554,STANDARD,,2946,0,No Different than National Benchmark,11
GETTYSBURG HOSPITAL,147 GETTYS STREET,GETTYSBURG,PA,17325,(717) 334-2121,STANDARD,HAC_PENALIZED,2945,1.332,No Different than National Benchmark,30
NEWARK-WAYNE COMMUNITY HOSPITAL,111 DRIVING PARK AVENUE,NEWARK,NY,14513,(315) 332-2022,STANDARD,,2942,0.464,No Different than National Benchmark,2
MISSOURI DELTA MEDICAL CENTER,1008 NORTH MAIN ST,SIKESTON,MO,63801,(573) 472-7586,STANDARD,,2940,0,No Different than National Benchmark,4
ADVENTIST HEALTH SIMI VALLEY,2975 N SYCAMORE DR,SIMI VALLEY,CA,93065,(805) 955-6000,STANDARD,,2934,0,No Different than National Benchmark,8
HAYWOOD REGIONAL MEDICAL CENTER,262 LEROY GEORGE DRIVE,CLYDE,NC,28721,(828) 456-7311,STANDARD,,2933,0,Better than the National Benchmark,3
AURORA MEDICAL CENTER - SUMMIT,36500 AURORA DRIVE,SUMMIT,WI,53066,(262) 434-1600,STANDARD,,2925,1.014,No Different than National Benchmark,14
OCHSNER RUSH HOSPITAL,1314 19TH AVE,MERIDIAN,MS,39301,(601) 483-0011,STANDARD,,2921,0,No Different than National Benchmark,4
GOOD SAMARITAN REGIONAL HLTH CENTER,1 GOOD SAMARITAN WAY,MOUNT VERNON,IL,62864,(618) 899-2201,STANDARD,,2910,0,No Different than National Benchmark,5
AVERA ST LUKES,305 S STATE ST  POST OFFICE BOX 4450,ABERDEEN,SD,57401,(605) 622-5000,STANDARD,,2906,0,No Different than National Benchmark,10
SAN DIMAS COMMUNITY HOSPITAL,1350 W COVINA BLVD,SAN DIMAS,CA,91773,(909) 599-6811,STANDARD,,2904,0,No Different than National Benchmark,3
IOWA CITY VA MEDICAL CENTER,601 HIGHWAY 6 WEST,IOWA CITY,IA,52246,(319) 338-0581,VA,,2902,0.449,No Different than National Benchmark,0
PRATTVILLE BAPTIST HOSPITAL,124 S MEMORIAL DR,PRATTVILLE,AL,36067,(334) 361-4267,STANDARD,,2901,1.353,No Different than National Benchmark,6
SOUTHERN OCEAN MEDICAL CENTER,1140 RT 72 W,MANAHAWKIN,NJ,8050,(609) 597-6011,STANDARD,,2894,0.943,No Different than National Benchmark,12
MANCHESTER MEMORIAL HOSPITAL,71 HAYNES ST,MANCHESTER,CT,6040,(860) 647-4780,STANDARD,,2885,0,Better than the National Benchmark,9
HCA FLORIDA CAPITAL HOSPITAL,2626 CAPITAL MEDICAL BLVD,TALLAHASSEE,FL,32308,(850) 656-5000,STANDARD,,2883,0,Better than the National Benchmark,5
THIBODAUX REGIONAL MEDICAL CENTER,602 N ACADIA ROAD,THIBODAUX,LA,70301,(985) 447-5500,STANDARD,HAC_PENALIZED,2883,1.063,No Different than National Benchmark,7
LEHIGH VALLEY HOSPITAL - HAZLETON,700 EAST BROAD STREET,HAZLETON,PA,18201,(570) 501-4000,STANDARD,HAC_PENALIZED,2882,0,No Different than National Benchmark,19
KNOX COMMUNITY HOSPITAL,1330 COSHOCTON ROAD,MOUNT VERNON,OH,43050,(740) 393-9000,STANDARD,,2878,0,No Different than National Benchmark,6
ST LUKE'S SUGAR LAND HOSPITAL,1317 LAKE POINTE PARKWAY,SUGAR LAND,TX,77478,(281) 637-7000,STANDARD,,2876,0,No Different than National Benchmark,4
HIGHLINE MEDICAL CENTER,16251 SYLVESTER ROAD SW,BURIEN,WA,98166,(206) 431-5237,STANDARD,,2876,0.987,No Different than National Benchmark,6
COMMUNITY FIRST MEDICAL CENTER,5645 W ADDISON STREET,CHICAGO,IL,60634,(773) 282-7000,STANDARD,,2865,0,Better than the National Benchmark,6
NORTON-KING'S DAUGHTERS' HEALTH,1373 EAST SR 62,MADISON,IN,47250,(812) 801-0800,STANDARD,HAC_PENALIZED,2864,1.021,No Different than National Benchmark,4
BETSY JOHNSON REGIONAL HOSPITAL,800 TILGHMAN DR,DUNN,NC,28334,(910) 892-7161,STANDARD,HAC_PENALIZED,2861,0.98,No Different than National Benchmark,5
ONEIDA HEALTH HOSPITAL,321 GENESEE STREET,ONEIDA,NY,13421,(315) 363-6000,STANDARD,,2837,1.554,No Different than National Benchmark,5
W PALM BEACH VA MEDICAL CENTER,7305 N. MILITARY TRAIL,WEST PALM BEACH,FL,33410,(561) 422-8600,VA,,2834,0,No Different than National Benchmark,0
EUCLID HOSPITAL,18901 LAKE SHORE BOULEVARD,EUCLID,OH,44119,(216) 531-9000,STANDARD,,2833,0.456,No Different than National Benchmark,8
SANTA ROSA MEDICAL CENTER,6002 BERRYHILL RD,MILTON,FL,32570,(850) 626-7762,STANDARD,,2832,0.524,No Different than National Benchmark,1
COMMUNITY MEMORIAL HOSPITAL,1755 NORTH MECKLENBURG AVENUE,SOUTH HILL,VA,23970,(434) 447-3151,STANDARD,,2832,0.696,No Different than National Benchmark,6
LEXINGTON VA MEDICAL CENTER,1101 VETERANS DRIVE,LEXINGTON,KY,40502,(859) 233-4511,VA,,2829,0.903,No Different than National Benchmark,0
PRISMA HEALTH OCONEE MEMORIAL HOSPITAL,298 MEMORIAL DR,SENECA,SC,29672,(864) 482-3100,STANDARD,,2828,0.354,No Different than National Benchmark,11
MCALESTER REGIONAL HEALTH CENTER,ONE CLARK BASS BOULEVARD,MCALESTER,OK,74501,(918) 426-1800,STANDARD,HAC_PENALIZED,2824,0.697,No Different than National Benchmark,7
UMASS MEMORIAL HEALTH - HARRINGTON HOSPITAL,100 SOUTH STREET,SOUTHBRIDGE,MA,1550,(508) 765-9771,STANDARD,,2823,0,No Different than National Benchmark,14
TEXAS HEALTH PRESBYTERIAN HOSPITAL ROCKWALL,3150 HORIZON ROAD,ROCKWALL,TX,75032,(469) 698-1000,STANDARD,,2823,0,No Different than National Benchmark,6
GUTHRIE CORTLAND REGIONAL MEDICAL CENTER,134 HOMER AVENUE,CORTLAND,NY,13045,(607) 756-3501,STANDARD,,2819,0,No Different than National Benchmark,7
ADVENTIST HEALTH SONORA,1000 GREENLEY ROAD,SONORA,CA,95370,(209) 536-5000,STANDARD,,2816,1.27,No Different than National Benchmark,9
COLUMBUS REGIONAL HEALTHCARE SYSTEM,500 JEFFERSON ST,WHITEVILLE,NC,28472,(910) 642-8011,STANDARD,HAC_PENALIZED,2816,1.383,No Different than National Benchmark,5
INTEGRIS HEALTH PONCA CITY,1900 NORTH 14TH STREET,PONCA CITY,OK,74601,(580) 765-3321,STANDARD,,2815,0,No Different than National Benchmark,0
SPRINGFIELD REGIONAL MEDICAL CENTER,100 MEDICAL CENTER DRIVE,SPRINGFIELD,OH,45504,(937) 523-5500,STANDARD,,2810,0.569,No Different than National Benchmark,6
NIAGARA FALLS MEMORIAL MEDICAL CENTER,621 TENTH STREET,NIAGARA FALLS,NY,14302,(716) 278-4000,STANDARD,HAC_PENALIZED,2807,0.35,No Different than National Benchmark,8
WELLSPAN EPHRATA COMMUNITY HOSPITAL,169 MARTIN AVENUE,EPHRATA,PA,17522,(717) 733-0311,STANDARD,,2807,0,No Different than National Benchmark,17
NORWALK HOSPITAL,24 STEVENS STREET,NORWALK,CT,6856,(203) 852-2000,STANDARD,,2806,0.701,No Different than National Benchmark,11
KAISER FOUNDATION HOSPITAL - REDWOOD CITY,1100 VETERANS BOULEVARD,REDWOOD CITY,CA,94063,(650) 299-2000,STANDARD,,2795,0.148,Better than the National Benchmark,0
GUADALUPE REGIONAL MEDICAL CENTER,1215 E COURT ST,SEGUIN,TX,78155,(830) 379-2411,STANDARD,,2793,1.006,No Different than National Benchmark,4
INDIANAPOLIS VA MEDICAL CENTER,1481 W. TENTH STREET,INDIANAPOLIS,IN,46202,(317) 554-0000,VA,,2787,1.318,No Different than National Benchmark,0
ST CHARLES HOSPITAL,200 BELLE TERRE ROAD,PORT JEFFERSON,NY,11777,(631) 474-6000,STANDARD,,2785,0.388,No Different than National Benchmark,12
SACRED HEART HOSPITAL,5151 N 9TH AVE,PENSACOLA,FL,32504,(850) 416-7000,STANDARD,,2781,0.537,No Different than National Benchmark,19
CGH MEDICAL CENTER,100 EAST LEFEVRE ROAD,STERLING,IL,61081,(815) 625-0400,STANDARD,HAC_PENALIZED,2780,0.677,No Different than National Benchmark,5
WESTERLY HOSPITAL,25 WELLS STREET,WESTERLY,RI,2891,(401) 596-6000,STANDARD,,2780,0,No Different than National Benchmark,15
BAYLOR SCOTT AND WHITE  MEDICAL CENTER  MCKINNEY,5252 WEST UNIVERSITY DRIVE,MC KINNEY,TX,75071,(469) 742-2200,STANDARD,,2780,0.984,No Different than National Benchmark,17
SOUTH SHORE HOSPITAL,8012 SOUTH CRANDON AVENUE,CHICAGO,IL,60617,(773) 356-5000,STANDARD,HAC_PENALIZED,2772,1.474,No Different than National Benchmark,2
VA N CALIFORNIA HEALTHCARE SYSTEM,10535 HOSPITAL WAY,MATHER,CA,95655,(800) 382-8387,STANDARD,,2769,0,No Different than National Benchmark,0
PROVIDENCE QUEEN OF THE VALLEY MEDICAL CENTER,1000 TRANCAS ST,NAPA,CA,94558,(707) 252-4411,STANDARD,,2767,0,No Different than National Benchmark,5
MERCY HOSPITAL SOUTHEAST,1701 LACEY ST,CAPE GIRARDEAU,MO,63701,(573) 334-4822,STANDARD,,2765,0,No Different than National Benchmark,10
ST ELIZABETH FLORENCE,4900 HOUSTON ROAD,FLORENCE,KY,41042,(859) 212-5220,STANDARD,,2758,0.719,No Different than National Benchmark,15
HUNTERDON MEDICAL CENTER,2100 WESCOTT DRIVE,FLEMINGTON,NJ,8822,(908) 788-6100,STANDARD,,2757,0.699,No Different than National Benchmark,11
SIERRA VIEW MEDICAL CENTER,465 W PUTNAM AVE,PORTERVILLE,CA,93257,(559) 784-1110,STANDARD,,2756,0.468,No Different than National Benchmark,6
BOTHWELL REGIONAL HEALTH CENTER,601 E 14TH ST,SEDALIA,MO,65301,(660) 826-8833,STANDARD,,2756,0,No Different than National Benchmark,3
CAYUGA MEDICAL CENTER AT ITHACA,101 DATES DRIVE,ITHACA,NY,14850,(607) 274-4401,STANDARD,,2754,1.596,No Different than National Benchmark,8
NORTHWEST HEALTH-LA PORTE,1007 LINCOLNWAY,LA PORTE,IN,46350,(219) 326-1234,STANDARD,,2752,N/A,Not Available,6
BAPTIST HEALTH CORBIN,ONE TRILLIUM WAY,CORBIN,KY,40701,(606) 528-1212,STANDARD,,2743,0.843,No Different than National Benchmark,5
SUMMIT HEALTHCARE REGIONAL MEDICAL CENTER,2200 EAST SHOW LOW LAKE ROAD,SHOW LOW,AZ,85901,(928) 537-4375,STANDARD,,2734,0.529,No Different than National Benchmark,4
SALINAS VALLEY MEMORIAL HOSPITAL,450 EAST ROMIE LANE,SALINAS,CA,93901,(831) 757-4333,STANDARD,,2733,0,No Different than National Benchmark,7
WOODHULL MEDICAL & MENTAL HEALTH CENTER,760 BROADWAY,BROOKLYN,NY,11206,(718) 963-8100,STANDARD,HAC_PENALIZED,2725,0.887,No Different than National Benchmark,0
HEYWOOD HOSPITAL -,242 GREEN STREET,GARDNER,MA,1440,(978) 632-3420,STANDARD,HAC_PENALIZED,2724,2.114,No Different than National Benchmark,4
SSM HEALTH ST. MARY'S HOSPITAL - JEFFERSON CITY,2505 MISSION DRIVE,JEFFERSON CITY,MO,65109,(573) 681-3000,STANDARD,HAC_AT_RISK,2723,0,No Different than National Benchmark,4
PARKLAND HEALTH CENTER,1101 W LIBERTY,FARMINGTON,MO,63640,(573) 431-6005,STANDARD,,2722,0,No Different than National Benchmark,7
LOMA LINDA UNIVERSITY MEDICAL CENTER-MURRIETA,28062 BAXTER ROAD,MURRIETA,CA,92563,(951) 290-4000,STANDARD,,2717,0,No Different than National Benchmark,7
PHOENIXVILLE HOSPITAL,140 NUTT ROAD,PHOENIXVILLE,PA,19460,(610) 983-1000,STANDARD,HAC_PENALIZED,2715,2.317,No Different than National Benchmark,7
Madigan AMC (FT Lewis),9040A Jackson Ave,Joint Base Lewis-McChord,WA,98431,(253) 968-1110,STANDARD,,2715,0.962,No Different than National Benchmark,0
LMH,325 MAINE STREET,LAWRENCE,KS,66044,(785) 505-6100,STANDARD,,2712,1.052,No Different than National Benchmark,6
SWEETWATER HOSPITAL ASSOCIATION,304 WRIGHT ST,SWEETWATER,TN,37874,(865) 213-8200,STANDARD,HAC_PENALIZED,2711,1.332,No Different than National Benchmark,2
NICHOLAS H NOYES MEMORIAL HOSPITAL,111  CLARA BARTON STREET,DANSVILLE,NY,14437,(585) 335-6001,STANDARD,,2706,0,No Different than National Benchmark,3
MERCY HEALTH - CLERMONT HOSPITAL,3000 HOSPITAL DRIVE,BATAVIA,OH,45103,(513) 732-8278,STANDARD,,2705,1.505,No Different than National Benchmark,10
LONGS PEAK HOSPITAL,1750 E KEN PRATT BLVD,LONGMONT,CO,80504,(720) 718-3005,STANDARD,,2703,1.442,No Different than National Benchmark,13
GRIFFIN HOSPITAL,130 DIVISION ST,DERBY,CT,6418,(203) 732-7500,STANDARD,,2701,0.355,No Different than National Benchmark,13
COLUMBUS REGIONAL HOSPITAL,2400 E 17TH ST,COLUMBUS,IN,47201,(812) 379-4441,STANDARD,,2692,0.535,No Different than National Benchmark,12
FLORIDA HOSPITAL CARROLLWOOD,7171 N DALE MABRY HWY,TAMPA,FL,33614,(813) 615-7219,STANDARD,,2690,0,No Different than National Benchmark,11
SAMPSON REGIONAL MEDICAL CENTER,607 BEAMAN ST,CLINTON,NC,28328,(910) 592-8511,STANDARD,HAC_PENALIZED,2690,0.48,No Different than National Benchmark,3
NORTHERN DUTCHESS HOSPITAL,6511 SPRINGBROOK AVENUE,RHINEBECK,NY,12572,(845) 871-3391,STANDARD,,2685,2.007,No Different than National Benchmark,15
AURORA HEALTH CARE CENTRAL INC,2629 N 7TH ST,SHEBOYGAN,WI,53083,(920) 451-5000,STANDARD,,2684,0,No Different than National Benchmark,4
MERCY MEDICAL CTR,271 CAREW STREET,SPRINGFIELD,MA,1104,(413) 748-9000,STANDARD,,2661,0,No Different than National Benchmark,16
DELTA HEALTH SYSTEM - THE MEDICAL CENTER,1400 E UNION ST,GREENVILLE,MS,38701,(662) 378-3783,STANDARD,,2644,0,No Different than National Benchmark,3
SAINT ROSE DOMINICAN HOSPITALS - SAN MARTIN CAMPUS,8280 W WARM SPRINGS ROAD,LAS VEGAS,NV,89113,(702) 492-8509,STANDARD,,2640,0.367,No Different than National Benchmark,6
COOSA VALLEY MEDICAL CENTER,315 W HICKORY ST,SYLACAUGA,AL,35150,(256) 249-5000,STANDARD,,2625,0,No Different than National Benchmark,2
GRAND VIEW HEALTH,700 LAWN AVENUE,SELLERSVILLE,PA,18960,(215) 453-4000,STANDARD,,2623,0.737,No Different than National Benchmark,15
GENEVA GENERAL HOSPITAL,196 -198 NORTH STREET,GENEVA,NY,14456,(315) 787-4175,HIGH_CAUTI,HAC_PENALIZED,2622,3.574,Worse than the National Benchmark,5
NMC HEALTH,600 MEDICAL CENTER DRIVE,NEWTON,KS,67114,(316) 283-2700,STANDARD,,2620,0.571,No Different than National Benchmark,3
HUMBOLDT PARK HEALTH,1044 N FRANCISCO AVE,CHICAGO,IL,60622,(773) 292-8200,STANDARD,HAC_PENALIZED,2618,1.379,No Different than National Benchmark,6
BROWN UNIVERSITY HEALTH MORTON HOSPITAL,88 WASHINGTON STREET,TAUNTON,MA,2780,(508) 828-7000,HIGH_CAUTI,,2617,2.752,Worse than the National Benchmark,4
CHI ST ALEXIUS HEALTH,900 E BROADWAY,BISMARCK,ND,58501,(701) 530-7000,STANDARD,,2616,0,No Different than National Benchmark,8
CLARK REGIONAL MEDICAL CENTER,175 HOSPITAL DRIVE,WINCHESTER,KY,40391,(859) 737-8559,STANDARD,,2612,0,No Different than National Benchmark,4
BANNER HEART HOSPITAL,6750 EAST BAYWOOD AVENUE,MESA,AZ,85206,(480) 854-5050,STANDARD,,2610,0.524,No Different than National Benchmark,2
PIONEERS MEMORIAL HEALTHCARE DISTRICT,207 WEST LEGION ROAD,BRAWLEY,CA,92227,(760) 351-3333,STANDARD,,2608,1.388,No Different than National Benchmark,4
OLYMPIC MEDICAL CENTER,939 CAROLINE ST,PORT ANGELES,WA,98362,(360) 417-7000,STANDARD,,2606,0.507,No Different than National Benchmark,17
KERSHAWHEALTH,1315 ROBERTS STREET,CAMDEN,SC,29020,(803) 432-4311,STANDARD,,2602,0,No Different than National Benchmark,2
ATRIUM HEALTH LINCOLN,433 MCALISTER RD,LINCOLNTON,NC,28092,(980) 212-2000,STANDARD,HAC_PENALIZED,2598,1.123,No Different than National Benchmark,10
SANA HEALTHCARE CARROLLTON D/B/A CARROLLTON REGIONAL MEDICAL CENTER,4343 NORTH JOSEY LANE,CARROLLTON,TX,75010,(972) 394-2255,STANDARD,,2590,0,No Different than National Benchmark,2
AURORA MEDICAL CTR OSHKOSH,855 N WESTHAVEN DRIVE,OSHKOSH,WI,54904,(920) 456-6000,STANDARD,HAC_PENALIZED,2589,2.098,No Different than National Benchmark,4
ODESSA REGIONAL MEDICAL CENTER,520 E 6TH STREET,ODESSA,TX,79761,(432) 582-8340,STANDARD,,2588,0.826,No Different than National Benchmark,0
TERRE HAUTE REGIONAL HOSPITAL,3901 S SEVENTH ST,TERRE HAUTE,IN,47802,(812) 232-0021,STANDARD,,2587,0.866,No Different than National Benchmark,1
CORNING HOSPITAL,1 GUTHRIE DRIVE,CORNING,NY,14830,(607) 937-7200,STANDARD,,2587,0,No Different than National Benchmark,9
"CAMC GREENBRIER VALLEY MEDICAL CENTER, INC",1320 MAPLEWOOD AVENUE,RONCEVERTE,WV,24970,(304) 647-4411,STANDARD,,2584,0,No Different than National Benchmark,8
COLLEGE MEDICAL CENTER,2776 PACIFIC AVENUE,LONG BEACH,CA,90806,(562) 595-1911,STANDARD,,2572,0,No Different than National Benchmark,2
ST LUKE'S HOSPITAL AT THE VINTAGE,20171 CHASEWOOD PARK DRIVE,HOUSTON,TX,77070,(832) 534-5000,STANDARD,,2572,0,No Different than National Benchmark,6
JACKSON PURCHASE MEDICAL CENTER,1099 MEDICAL CENTER CIRCLE,MAYFIELD,KY,42066,(270) 251-4585,STANDARD,HAC_PENALIZED,2570,1.129,No Different than National Benchmark,2
HIGHLANDS ARH REGIONAL MEDICAL CENTER,5000 KENTUCKY ROUTE 321,PRESTONSBURG,KY,41653,(606) 886-8511,STANDARD,HAC_PENALIZED,2568,0.381,No Different than National Benchmark,2
CENTRAL VERMONT MEDICAL CENTER,BOX 547,BARRE,VT,5641,(802) 371-4100,STANDARD,HAC_PENALIZED,2568,1.148,No Different than National Benchmark,4
SAN GORGONIO MEMORIAL HOSPITAL,600 NORTH HIGHLAND SPRINGS AVENUE,BANNING,CA,92220,(951) 769-2101,STANDARD,,2566,0,No Different than National Benchmark,1
WELLSPAN EVANGELICAL COMMUNITY HOSPITAL,ONE HOSPITAL DRIVE,LEWISBURG,PA,17837,(570) 522-2000,STANDARD,,2564,0.566,No Different than National Benchmark,8
MAYO CLINIC HEALTH SYSTEM-FRANCISCAN MEDICAL CENTER INC,700 WEST AVENUE SOUTH,LA CROSSE,WI,54601,(608) 785-0940,STANDARD,,2564,0,No Different than National Benchmark,5
PROVIDENCE ST MARY MEDICAL CENTER,401 W POPLAR ST,WALLA WALLA,WA,99362,(509) 522-5900,STANDARD,,2557,0.482,No Different than National Benchmark,9
LANDMARK MEDICAL CENTER,115 CASS AVENUE,WOONSOCKET,RI,2895,(401) 769-4100,STANDARD,,2556,0,No Different than National Benchmark,6
JOHN F KENNEDY MEMORIAL HOSPITAL,47111 MONROE STREET,INDIO,CA,92201,(760) 347-6191,STANDARD,,2547,0,No Different than National Benchmark,2
CALVERTHEALTH MEDICAL CENTER,100 HOSPITAL ROAD,PRINCE FREDERICK,MD,20678,(410) 535-8240,STANDARD,,2547,0,No Different than National Benchmark,4
SAINT LUKE'S EAST  HOSPITAL,100 N E SAINT LUKE'S BOULEVARD,LEES SUMMIT,MO,64086,(816) 347-5000,STANDARD,,2546,0.913,No Different than National Benchmark,18
LEE'S SUMMIT MEDICAL CENTER,2100 SE BLUE PARKWAY,LEES SUMMIT,MO,64063,(816) 282-5000,STANDARD,,2541,0.404,No Different than National Benchmark,8
BOLIVAR MEDICAL CENTER,901 E SUNFLOWER RD,CLEVELAND,MS,38732,(662) 846-0061,STANDARD,,2538,0,No Different than National Benchmark,1
MERIT HEALTH BILOXI,150 REYNOIR STREET,BILOXI,MS,39530,(228) 432-1571,STANDARD,,2531,0.394,No Different than National Benchmark,1
WHITTIER HOSPITAL MEDICAL CENTER,9080 COLIMA RD,WHITTIER,CA,90605,(562) 945-3561,STANDARD,,2530,0,No Different than National Benchmark,5
SENTARA WILLIAMSBURG REGIONAL MEDICAL CENTER,100 SENTARA CIRCLE,WILLIAMSBURG,VA,23185,(757) 984-8137,STANDARD,,2528,0.507,No Different than National Benchmark,12
FISHER-TITUS HOSPITAL,272 BENEDICT AVENUE,NORWALK,OH,44857,(419) 668-8101,STANDARD,,2526,0,No Different than National Benchmark,5
AHMC ANAHEIM REGIONAL MEDICAL CENTER,1111 W LA PALMA AVENUE,ANAHEIM,CA,92801,(714) 774-1450,STANDARD,,2519,0,No Different than National Benchmark,6
RENOWN SOUTH MEADOWS MEDICAL CENTER,10101 DOUBLE R BLVD,RENO,NV,89521,(775) 982-7063,STANDARD,,2508,2.105,No Different than National Benchmark,23
HOLZER MEDICAL CENTER,100 JACKSON PIKE,GALLIPOLIS,OH,45631,(740) 446-5030,STANDARD,HAC_PENALIZED,2507,0.785,No Different than National Benchmark,4
GLENN MEDICAL CENTER,1133 W SYCAMORE ST,WILLOWS,CA,95988,(530) 934-1818,STANDARD,,2505,0.611,No Different than National Benchmark,1
MOUNTAIN HOME VA MEDICAL CENTER,CORNER OF LAMONT STREET AND VETERANS WAY,MOUNTAIN HOME,TN,37684,(423) 926-1171,VA,,2505,0.483,No Different than National Benchmark,0
PROVIDENCE WILLAMETTE FALLS MEDICAL CENTER,1500 DIVISION STREET,OREGON CITY,OR,97045,(503) 656-1631,STANDARD,,2504,1.043,No Different than National Benchmark,6
EXETER HOSPITAL INC,5 ALUMNI DRIVE,EXETER,NH,3833,(603) 778-7311,STANDARD,,2500,2.346,No Different than National Benchmark,11
SAINT MARY'S REGIONAL MEDICAL CENTER,235 W 6TH ST,RENO,NV,89503,(775) 770-3000,STANDARD,,2497,0,No Different than National Benchmark,13
UCHEALTH GREELEY HOSPITAL,6767 W 29TH ST,GREELEY,CO,80634,(970) 652-2000,STANDARD,,2492,1.178,No Different than National Benchmark,16
NOVANT HEALTH BRUNSWICK MEDICAL CENTER,1 MEDICAL CENTER DR  PO BOX 139,SUPPLY,NC,28462,(910) 755-8121,STANDARD,,2490,0.408,No Different than National Benchmark,9
WILKES REGIONAL MEDICAL CENTER,1370 WEST D ST,NORTH WILKESBORO,NC,28659,(336) 651-8100,STANDARD,HAC_PENALIZED,2490,0,No Different than National Benchmark,4
HAVASU REGIONAL MEDICAL CENTER,101 CIVIC CENTER LANE,LAKE HAVASU CITY,AZ,86403,(928) 855-8185,STANDARD,,2486,0,No Different than National Benchmark,7
VA SALT LAKE CITY HEALTHCARE - GEORGE E. WAHLEN VA MEDICAL CENTER,500 FOOTHILL BLVD.,SALT LAKE CITY,UT,84148,(801) 584-1211,VA,,2472,1.997,No Different than National Benchmark,0
TRINITAS REGIONAL MEDICAL CENTER,225 WILLIAMSON STREET,ELIZABETH,NJ,7207,(908) 994-5000,STANDARD,,2463,0,No Different than National Benchmark,6
HCA FLORIDA LAKE CITY HOSPITAL,340 NW COMMERCE DR,LAKE CITY,FL,32055,(386) 719-9000,STANDARD,,2459,0,No Different than National Benchmark,5
CAREPOINT HEALTH-CHRIST HOSPITAL,176 PALISADE AVE,JERSEY CITY,NJ,7306,(201) 795-8200,STANDARD,,2459,1.047,No Different than National Benchmark,4
ST ROSE HOSPITAL,27200 CALAROGA AVE,HAYWARD,CA,94545,(510) 782-6200,STANDARD,,2458,0.581,No Different than National Benchmark,6
CLAIBORNE MEMORIAL MEDICAL CENTER,620 EAST COLLEGE STREET,HOMER,LA,71040,(318) 927-2024,STANDARD,HAC_PENALIZED,2454,0,No Different than National Benchmark,0
ADVENTHEALTH CENTRAL TEXAS,2201 S CLEAR CREEK ROAD,KILLEEN,TX,76542,(254) 526-7523,STANDARD,,2450,0,No Different than National Benchmark,7
TEMPLE VA MEDICAL CENTER (VA CENTRAL TEXAS HEALTHCARE SYSTEM),1901 VETERANS MEMORIAL DRIVE,TEMPLE,TX,76504,(254) 778-4811,VA,,2449,0,No Different than National Benchmark,0
MADISON VA MEDICAL CENTER,2500 OVERLOOK TERRACE,MADISON,WI,53705,(608) 256-1901,VA,,2443,0.408,No Different than National Benchmark,0
NORTHWESTERN MEDICINE DELNOR COMMUNITY HOSPITAL,300 RANDALL RD,GENEVA,IL,60134,(630) 208-3000,STANDARD,,2441,0.863,No Different than National Benchmark,25
PROVIDENCE MEDICAL CENTER,8929 PARALLEL PARKWAY,KANSAS CITY,KS,66112,(913) 596-4000,STANDARD,HAC_PENALIZED,2441,0,No Different than National Benchmark,6
LOGAN REGIONAL HOSPITAL,1400 NORTH 500 EAST,LOGAN,UT,84341,(435) 716-1000,STANDARD,,2431,0,No Different than National Benchmark,10
"BELLEVUE MEDICAL CENTER, LLC",2500 BELLEVUE MEDICAL CENTER DR,BELLEVUE,NE,68123,(402) 763-3600,STANDARD,,2429,0.559,No Different than National Benchmark,14
ST. VINCENT'S EAST,50 MEDICAL PARK EAST DRIVE,BIRMINGHAM,AL,35235,(205) 838-3122,STANDARD,,2423,0.32,No Different than National Benchmark,5
UNIVERSITY OF KANSAS HEALTH SYSTEM - ST FRANCIS CAMPUS,1700 SW 7TH STREET,TOPEKA,KS,66606,(785) 295-8000,STANDARD,,2420,0.497,No Different than National Benchmark,10
OSF SAINT ELIZABETH MDL CTR,1100 E NORRIS DRIVE,OTTAWA,IL,61350,(815) 433-3100,STANDARD,,2419,0.658,No Different than National Benchmark,10
LOVELACE WOMEN'S HOSPITAL,4701 MONTGOMERY BOULEVARD NE,ALBUQUERQUE,NM,87109,(505) 727-7805,STANDARD,,2418,0,No Different than National Benchmark,2
ADVENTHEALTH HENDERSONVILLE,100 HOSPITAL DRIVE,HENDERSONVILLE,NC,28792,(828) 684-8501,STANDARD,,2417,1.221,No Different than National Benchmark,11
SCOTLAND MEMORIAL HOSPITAL,500 LAUCHWOOD DR,LAURINBURG,NC,28352,(910) 291-7000,STANDARD,HAC_PENALIZED,2415,0.604,No Different than National Benchmark,5
FRANCISCAN HEALTH DYER,24 JOLIET ST,DYER,IN,46311,(219) 865-2141,STANDARD,HAC_PENALIZED,2404,0.332,No Different than National Benchmark,16
MEDICAL CITY LEWISVILLE,500 WEST MAIN STREET,LEWISVILLE,TX,75057,(972) 420-1000,STANDARD,HAC_AT_RISK,2404,0.589,No Different than National Benchmark,3
ECU HEALTH NORTH HOSPITAL,250 SMITH CHURCH ROAD,ROANOKE RAPIDS,NC,27870,(252) 535-8005,STANDARD,,2403,1.292,No Different than National Benchmark,5
WEST HAVEN VA MEDICAL CENTER,950 CAMPBELL AVENUE,WEST HAVEN,CT,6516,(203) 932-5711,VA,,2400,1.918,No Different than National Benchmark,0
OCHSNER LSU HEALTH MONROE,4864 JACKSON STREET,MONROE,LA,71202,(318) 388-7000,STANDARD,,2399,0,No Different than National Benchmark,0
HUGH CHATHAM MEMORIAL HOSPITAL,180 PARKWOOD DR,ELKIN,NC,28621,(336) 527-7000,STANDARD,,2398,0,No Different than National Benchmark,1
William Beaumont AMG (FT Bliss),18511 Highlander Medics St,El Paso,TX,79920,(915) 742-7777,STANDARD,,2398,0.805,No Different than National Benchmark,0
CONCORD HOSPITAL- LACONIA,80 HIGHLAND ST,LACONIA,NH,3246,(603) 524-3211,STANDARD,HAC_PENALIZED,2397,1.623,No Different than National Benchmark,15
FRANKLIN WOODS COMMUNITY HOSPITAL,300 MED TECH PARKWAY,JOHNSON CITY,TN,37604,(423) 302-1120,STANDARD,,2394,0.822,No Different than National Benchmark,7
MERCY HOSPITAL OF FOLSOM,1650 CREEKSIDE DRIVE,FOLSOM,CA,95630,(916) 983-7400,STANDARD,,2390,1.87,No Different than National Benchmark,5
VA SOUTHERN NEVADA HEALTHCARE SYSTEM,6900 NORTH PECOS ROAD,N. LAS VEGAS,NV,89086,(702) 791-9024,STANDARD,,2390,0.4,No Different than National Benchmark,0
ATRIUM HEALTH UNIVERSITY CITY,8800 NORTH TYRON STREET,CHARLOTTE,NC,28262,(704) 548-6000,STANDARD,,2388,0.834,No Different than National Benchmark,12
UCHICAGO MEDICINE ADVENTHEALTH GLENOAKS,701 WINTHROP AVENUE,GLENDALE HEIGHTS,IL,60139,(630) 545-8000,STANDARD,,2387,1.229,No Different than National Benchmark,6
TRISTAR HENDERSONVILLE MEDICAL CENTER,355 NEW SHACKLE ISLAND RD,HENDERSONVILLE,TN,37075,(615) 338-1000,STANDARD,,2386,0.62,No Different than National Benchmark,9
PACIFICA HOSPITAL OF THE VALLEY,9449 SAN FERNANDO RD,SUN VALLEY,CA,91352,(818) 767-3310,HIGH_CAUTI,,2381,3.131,Worse than the National Benchmark,1
HCA FLORIDA PASADENA HOSPITAL,1501 PASADENA AVE S,SAINT PETERSBURG,FL,33707,(727) 381-1000,STANDARD,,2377,0,No Different than National Benchmark,10
CAPE REGIONAL MEDICAL CENTER INC,TWO STONE HARBOR BLVD,CAPE MAY COURT HOUSE,NJ,8210,(609) 463-2000,STANDARD,HAC_PENALIZED,2376,0,No Different than National Benchmark,17
GENESIS HLTH SYSTEM DBA GENESIS MDL CTR-ILLINI,801 ILLINI DR,SILVIS,IL,61282,(309) 281-4000,STANDARD,HAC_AT_RISK,2375,0,No Different than National Benchmark,13
ADVENTHEALTH NORTH PINELLAS,1395 S PINELLAS AVE,TARPON SPRINGS,FL,34689,(813) 615-7219,STANDARD,HAC_PENALIZED,2373,0,No Different than National Benchmark,6
TAMPA GENERAL HOSPITAL CRYSTAL RIVER,6201 N SUNCOAST BLVD,CRYSTAL RIVER,FL,34428,(352) 795-6560,STANDARD,,2366,0,No Different than National Benchmark,4
NAVARRO REGIONAL HOSPITAL,3201 WEST HIGHWAY 22,CORSICANA,TX,75110,(903) 654-6800,STANDARD,,2366,0,No Different than National Benchmark,1
PALM BAY HOSPITAL,"1425 MALABAR RD, NE",PALM BAY,FL,32907,(321) 434-8000,STANDARD,,2365,0,No Different than National Benchmark,16
VA NEW JERSEY HEALTH CARE SYSTEM,385 TREMONT AVENUE,EAST ORANGE,NJ,7018,(973) 676-1000,STANDARD,,2364,0,No Different than National Benchmark,0
RUTHERFORD REGIONAL MEDICAL CENTER,288 SOUTH RIDGECREST AVE,RUTHERFORDTON,NC,28139,(828) 286-5000,STANDARD,HAC_AT_RISK,2362,0.618,No Different than National Benchmark,1
KAISER FOUNDATION HOSPITAL - FREMONT,39400 PASEO PADRE PKWY,FREMONT,CA,94538,(510) 784-4000,STANDARD,,2360,0.621,No Different than National Benchmark,0
CEDAR-SINAI MARINA DEL REY HOSPITAL,4650 LINCOLN BLVD,MARINA DEL REY,CA,90292,(310) 823-8911,STANDARD,,2355,0,No Different than National Benchmark,13
SEQUOIA HOSPITAL,170 ALAMEDA DE LAS PULGAS,REDWOOD CITY,CA,94062,(650) 369-5811,STANDARD,,2353,0.618,No Different than National Benchmark,11
UH REGIONAL HOSPITALS,13207 RAVENNA ROAD,CHARDON,OH,44024,(440) 285-6246,STANDARD,HAC_AT_RISK,2353,1.078,No Different than National Benchmark,10
NORTHERN NEVADA MEDICAL CENTER,2375 E PRATER WAY,SPARKS,NV,89434,(775) 331-7000,STANDARD,,2351,0,No Different than National Benchmark,13
SCHUYLKILL MEDICAL CENTER - SOUTH JACKSON STREET,420 SOUTH JACKSON STREET,POTTSVILLE,PA,17901,(570) 621-5102,STANDARD,,2348,0.436,No Different than National Benchmark,19
OSWEGO HOSPITAL,110 WEST SIXTH STREET,OSWEGO,NY,13069,(315) 349-5511,STANDARD,HAC_AT_RISK,2343,0.818,No Different than National Benchmark,16
ARKANSAS METHODIST MEDICAL CENTER,900 WEST KINGSHIGHWAY,PARAGOULD,AR,72450,(870) 239-7000,STANDARD,,2339,0.621,No Different than National Benchmark,1
HUDSON VALLEY HOSPITAL CENTER,1980 CROMPOND ROAD,CORTLANDT MANOR,NY,10567,(914) 734-3611,STANDARD,,2336,0,No Different than National Benchmark,10
CHRISTUS MOTHER FRANCES HOSPITAL SULPHUR SPRINGS,115 AIRPORT RD,SULPHUR SPRINGS,TX,75482,(903) 885-7671,STANDARD,,2335,0.622,No Different than National Benchmark,3
HCA FLORIDA SARASOTA DOCTORS HOSPITAL,5731 BEE RIDGE RD,SARASOTA,FL,34233,(941) 342-1100,STANDARD,,2334,0,No Different than National Benchmark,8
ST CATHERINE HOSPITAL INC,4321 FIR STREET,EAST CHICAGO,IN,46312,(219) 392-7004,STANDARD,HAC_PENALIZED,2323,0.964,No Different than National Benchmark,12
HILTON HEAD REGIONAL MEDICAL CENTER,25 HOSPITAL CENTER BLVD,HILTON HEAD ISLAND,SC,29926,(843) 681-6122,STANDARD,,2323,0,No Different than National Benchmark,6
KETTERING HEALTH MIAMISBURG,4000 MIAMISBURG-CENTERVILLE ROAD,MIAMISBURG,OH,45342,(937) 384-8760,STANDARD,,2313,0,No Different than National Benchmark,7
MURRAY-CALLOWAY COUNTY HOSPITAL,803 POPLAR STREET,MURRAY,KY,42071,(270) 762-1100,STANDARD,HAC_PENALIZED,2310,0,No Different than National Benchmark,3
HCA HOUSTON HEALTHCARE PEARLAND,11100 SHADOW CREEK PARKWAY,PEARLAND,TX,77584,(713) 770-7000,STANDARD,,2309,0,No Different than National Benchmark,4
VA NEW YORK HARBOR HEALTHCARE SYSTEM - BROOKLYN,800 POLY PLACE,BROOKLYN,NY,11209,(718) 836-6600,STANDARD,,2299,0.506,No Different than National Benchmark,0
ST LUKE'S WARREN HOSPITAL,185 ROSEBERRY ST,PHILLIPSBURG,NJ,8865,(908) 847-6700,STANDARD,,2298,0.437,No Different than National Benchmark,11
ST CLARE HOSPITAL,11315 BRIDGEPORT WAY S W,LAKEWOOD,WA,98499,(253) 588-1711,STANDARD,,2298,0.428,No Different than National Benchmark,8
ST JOSEPH MEDICAL CENTER,1401 ST. JOSEPH PARKWAY,HOUSTON,TX,77002,(713) 757-1000,STANDARD,,2295,1.093,No Different than National Benchmark,2
KEARNEY REGIONAL MEDICAL CENTER,804 22ND AVENUE,KEARNEY,NE,68845,(308) 455-3600,STANDARD,,2293,1.211,No Different than National Benchmark,4
VAUGHAN REGIONAL MEDICAL CENTER PARKWAY CAMPUS,1015 MEDICAL CENTER PARKWAY,SELMA,AL,36701,(334) 418-4100,STANDARD,,2290,0,No Different than National Benchmark,2
GOOD SAMARITAN HOSPITAL,520 S 7TH ST,VINCENNES,IN,47591,(812) 882-5220,STANDARD,,2287,0,No Different than National Benchmark,12
LUTHERAN HOSPITAL,1730 WEST 25TH STREET,CLEVELAND,OH,44113,(216) 696-4300,STANDARD,HAC_PENALIZED,2286,0,No Different than National Benchmark,6
HCA HEALTHONE PRESBYTERIAN ST LUKES,1719 E 19TH AVE,DENVER,CO,80218,(303) 839-6000,STANDARD,,2285,0.699,No Different than National Benchmark,4
WAYNE GENERAL HOSPITAL,950 MATTHEW DR,WAYNESBORO,MS,39367,(601) 735-5151,STANDARD,HAC_PENALIZED,2283,0,No Different than National Benchmark,0
ST MARYS HOSPITAL MEDICAL CTR,1726 SHAWANO AVE,GREEN BAY,WI,54303,(920) 498-4200,STANDARD,HAC_AT_RISK,2283,0.75,No Different than National Benchmark,9
LEHIGH VALLEY HOSPITAL - POCONO,206 EAST BROWN STREET,EAST STROUDSBURG,PA,18301,(570) 421-4000,STANDARD,,2282,1.013,No Different than National Benchmark,10
KAISER FOUNDATION HOSPITAL - SAN MARCOS,360 RUSH DR,SAN MARCOS,CA,92078,(760) 528-6295,STANDARD,,2279,2.235,No Different than National Benchmark,0
SUTTER TRACY COMMUNITY HOSPITAL,1420 NORTH TRACY BLVD,TRACY,CA,95376,(209) 835-1500,STANDARD,,2275,0.865,No Different than National Benchmark,3
ST MARY'S GENERAL HOSPITAL,350 BOULEVARD,PASSAIC,NJ,7055,(973) 365-4300,STANDARD,,2275,0.575,No Different than National Benchmark,5
BRONX VA MEDICAL CENTER,130 WEST KINGSBRIDGE ROAD,BRONX,NY,10468,(718) 584-9000,VA,,2273,0.877,No Different than National Benchmark,0
NORTHWESTERN MEDICINE KISHWAUKEE HOSPITAL,ONE  KISH HOSPITAL DRIVE,DEKALB,IL,60115,(815) 756-1521,STANDARD,,2266,0,No Different than National Benchmark,23
LUBBOCK HEART HOSPITAL LP,4810 NORTH LOOP 289,LUBBOCK,TX,79416,(806) 687-7777,STANDARD,,2258,N/A,Not Available,6
WEST TENNESSEE HEALTHCARE HENRY COUNTY HOSPITAL,301 TYSON AVENUE,PARIS,TN,38242,(731) 642-1220,STANDARD,,2245,2.347,No Different than National Benchmark,2
NOVANT PRINCE WILLIAM MEDICAL CENTER,8700 SUDLEY RD,MANASSAS,VA,20110,(703) 369-8736,STANDARD,,2245,0,No Different than National Benchmark,12
SAINT FRANCIS MEMORIAL HOSPITAL,900 HYDE ST,SAN FRANCISCO,CA,94109,(415) 353-6000,STANDARD,,2243,0.908,No Different than National Benchmark,4
BAPTIST HEALTH DEACONESS MADISONVILLE,900 HOSPITAL DRIVE,MADISONVILLE,KY,42431,(270) 825-5100,STANDARD,,2242,0.441,No Different than National Benchmark,3
FRANKFORT REGIONAL MEDICAL CENTER,299 KINGS DAUGHTERS DRIVE,FRANKFORT,KY,40601,(502) 875-5240,STANDARD,,2236,0,No Different than National Benchmark,1
CHI HEALTH GOOD SAMARITAN,"P O BOX 1990, 10 EAST 31ST ST",KEARNEY,NE,68848,(308) 865-7900,STANDARD,,2232,0,No Different than National Benchmark,8
ST MARY'S HEALTHCARE,427 GUY PARK AVENUE,AMSTERDAM,NY,12010,(518) 842-1900,STANDARD,,2230,0,No Different than National Benchmark,3
TEXAS HEALTH HARRIS METHODIST HOSPITAL ALLIANCE,10864 TEXAS HEALTH TRAIL,FORT WORTH,TX,76244,(682) 212-2004,STANDARD,,2229,0,No Different than National Benchmark,6
WEST BOCA MEDICAL CENTER,21644 STATE RD 7,BOCA RATON,FL,33428,(561) 488-8100,STANDARD,,2210,0,No Different than National Benchmark,11
PENN STATE HEALTH HAMPDEN MEDICAL CENTER,2200 GOOD HOPE ROAD,ENOLA,PA,17025,(717) 981-9000,STANDARD,,2207,0,No Different than National Benchmark,8
UPMC HORIZON,110 NORTH MAIN STREET,GREENVILLE,PA,16125,(724) 588-2100,STANDARD,HAC_PENALIZED,2205,1.272,No Different than National Benchmark,10
SSM HEALTH ST ANTHONY HOSPITAL - SHAWNEE,1102 W MACARTHUR,SHAWNEE,OK,74801,(405) 273-2270,STANDARD,,2204,1.281,No Different than National Benchmark,10
ASCENSION ST VINCENT EVANSVILLE,3700 WASHINGTON AVE,EVANSVILLE,IN,47750,(812) 485-4000,STANDARD,,2199,0.31,No Different than National Benchmark,10
VA MARYLAND HEALTHCARE SYSTEM - BALTIMORE,10 NORTH GREENE STREET,BALTIMORE,MD,21201,(410) 605-7016,STANDARD,,2194,2.345,No Different than National Benchmark,0
TENNOVA HEALTHCARE - NEWPORT MEDICAL CENTER,435 2ND ST,NEWPORT,TN,37821,(423) 625-2200,STANDARD,,2194,0,No Different than National Benchmark,1
ADVENTIST HEALTH TWIN CITIES,1100 LAS TABLAS RD,TEMPLETON,CA,93465,(805) 434-3500,STANDARD,,2192,2.023,No Different than National Benchmark,9
MEDICAL CITY WEATHERFORD,713 E ANDERSON ST,WEATHERFORD,TX,76086,(682) 582-1000,STANDARD,,2192,0,No Different than National Benchmark,4
UNIVERSITY OF MISSISSIPPI MEDICAL CENTER- GRENADA,960 AVENT DRIVE,GRENADA,MS,38901,(662) 227-7000,STANDARD,HAC_PENALIZED,2190,0.886,No Different than National Benchmark,6
PRISMA HEALTH BAPTIST EASLEY HOSPITAL,200 FLEETWOOD DRIVE,EASLEY,SC,29640,(864) 442-7606,STANDARD,HAC_PENALIZED,2186,0,No Different than National Benchmark,9
ALHAMBRA HOSPITAL MEDICAL CENTER,100 S RAYMOND AVE,ALHAMBRA,CA,91801,(626) 570-1606,STANDARD,,2185,0,No Different than National Benchmark,6
RIVERVIEW MEDICAL CENTER,ONE RIVERVIEW PLAZA,RED BANK,NJ,7701,(732) 741-2700,STANDARD,,2185,0,No Different than National Benchmark,24
KAISER FOUNDATION HOSPITAL-MORENO VALLEY,27300 IRIS AVENUE,MORENO VALLEY,CA,92555,(951) 251-6530,STANDARD,,2175,0.922,No Different than National Benchmark,1
MERCY HOSPITAL JEFFERSON,1400 US HIGHWAY 61,CRYSTAL CITY,MO,63019,(636) 933-1000,STANDARD,HAC_PENALIZED,2175,1.34,No Different than National Benchmark,12
ST LUCIE MEDICAL CENTER,1800 SE TIFFANY AVE,PORT SAINT LUCIE,FL,34952,(772) 335-4000,STANDARD,,2174,0,No Different than National Benchmark,10
VANDERBILT TULLAHOMA-HARTON HOSPITAL,1801 N JACKSON ST BOX 460,TULLAHOMA,TN,37388,(931) 393-3000,STANDARD,HAC_PENALIZED,2173,0,No Different than National Benchmark,6
DAMERON HOSPITAL,525 WEST ACACIA STREET,STOCKTON,CA,95203,(209) 944-5550,STANDARD,,2172,0,No Different than National Benchmark,1
VIDANT ROANOKE CHOWAN HOSPITAL,500 S ACADEMY ST,AHOSKIE,NC,27910,(252) 209-3000,STANDARD,,2169,1.682,No Different than National Benchmark,6
MERCY HEALTH - FAIRFIELD HOSPITAL,3000 MACK ROAD,FAIRFIELD,OH,45014,(513) 870-7000,STANDARD,,2166,0.462,No Different than National Benchmark,12
CALIFORNIA PACIFIC MEDICAL CTR-DAVIES CAMPUS HOSP,601 DUBOCE AVENUE,SAN FRANCISCO,CA,94117,(415) 600-6000,STANDARD,,2158,0.466,No Different than National Benchmark,18
LAKE GRANBURY MEDICAL CENTER,1310 PALUXY RD,GRANBURY,TX,76048,(817) 573-2683,STANDARD,,2157,0,No Different than National Benchmark,2
UPMC NORTHWEST,100 FAIRFIELD DRIVE,SENECA,PA,16346,(814) 676-7600,STANDARD,,2156,0.458,No Different than National Benchmark,11
METHODIST JENNIE EDMUNDSON,933 EAST PIERCE STREET,COUNCIL BLUFFS,IA,51503,(712) 396-6000,STANDARD,,2154,0.912,No Different than National Benchmark,14
MONTCLAIR HOSPITAL MEDICAL CENTER,5000 SAN BERNARDINO ST,MONTCLAIR,CA,91763,(909) 625-8300,STANDARD,,2153,0,No Different than National Benchmark,2
UNITED MEDICAL CENTER,1310 SOUTHERN AVENUE  SE,WASHINGTON,DC,20032,(202) 574-6000,STANDARD,,2149,0.636,No Different than National Benchmark,2
LOMA LINDA UNIVERSITY CHILDREN'S HOSPITAL,11234 ANDERSON STREET SUITE A,LOMA LINDA,CA,92354,(909) 558-8000,STANDARD,,2146,0.304,No Different than National Benchmark,0
GALLUP INDIAN MEDICAL CENTER,516 E NIZHONI BLVD,GALLUP,NM,87301,(505) 722-1000,STANDARD,,2146,0,No Different than National Benchmark,1
TRISTAR GREENVIEW REGIONAL HOSPITAL,1801 ASHLEY CIRCLE,BOWLING GREEN,KY,42104,(270) 793-1000,STANDARD,,2144,1.332,No Different than National Benchmark,4
DOCTORS HOSPITAL OF MANTECA,1205 E NORTH STREET,MANTECA,CA,95336,(209) 823-3111,STANDARD,,2141,0,No Different than National Benchmark,4
MEMORIAL HOSPITAL PEMBROKE,7800 SHERIDAN ST,PEMBROKE PINES,FL,33024,(954) 962-9650,STANDARD,,2135,0,No Different than National Benchmark,16
NAZARETH HOSPITAL,2601 HOLME AVE,PHILADELPHIA,PA,19152,(215) 335-6000,STANDARD,,2134,1.322,No Different than National Benchmark,16
CHRISTUS SOUTHERN NEW MEXICO,2669 SCENIC DRIVE,ALAMOGORDO,NM,88310,(575) 439-6100,STANDARD,,2131,0,No Different than National Benchmark,9
NATCHITOCHES REGIONAL MEDICAL CENTER,501 KEYSER AVE,NATCHITOCHES,LA,71457,(318) 214-4200,STANDARD,,2129,0,No Different than National Benchmark,2
INTEGRIS CANADIAN VALLEY HOSPITAL,1201 HEALTH CENTER PARKWAY,YUKON,OK,73099,(405) 717-6800,STANDARD,,2128,0.616,No Different than National Benchmark,5
LEXINGTON MEMORIAL HOSPITAL INC,250 HOSPITAL DRIVE PO BOX 1817,LEXINGTON,NC,27293,(336) 248-5161,STANDARD,HAC_PENALIZED,2126,0,No Different than National Benchmark,11
OUR LADY OF FATIMA HOSPITAL,200 HIGH SERVICE AVENUE,NORTH PROVIDENCE,RI,2904,(401) 456-3000,STANDARD,,2123,0,No Different than National Benchmark,9
HCA FLORIDA PUTNAM HOSPITAL,611 ZEAGLER DR,PALATKA,FL,32177,(386) 328-5711,STANDARD,HAC_AT_RISK,2120,0,No Different than National Benchmark,4
HACKENSACK MERIDIAN HEALTH PASCACK VALLEY MEDICAL,250 OLD HOOK ROAD,WESTWOOD,NJ,7675,(201) 880-2700,STANDARD,,2116,0,No Different than National Benchmark,8
SPOTSYLVANIA REGIONAL MEDICAL CENTER,4600 SPOTSYLVANIA PARKWAY,FREDERICKSBURG,VA,22408,(540) 498-4000,STANDARD,,2113,0,No Different than National Benchmark,1
LOMPOC VALLEY MEDICAL CENTER,1515 E OCEAN AVENUE,LOMPOC,CA,93436,(805) 737-3300,STANDARD,,2110,0,No Different than National Benchmark,5
BROWARD HEALTH IMPERIAL POINT,6401 N FEDERAL HWY,FORT LAUDERDALE,FL,33308,(954) 776-8500,STANDARD,,2109,0,No Different than National Benchmark,13
GRAHAM HOSPITAL ASSOCIATION,210 WEST WALNUT STREET,CANTON,IL,61520,(309) 647-5240,STANDARD,HAC_PENALIZED,2109,1.869,No Different than National Benchmark,3
RIDGEVIEW MEDICAL CENTER,500 SOUTH MAPLE STREET,WACONIA,MN,55387,(952) 442-2191,STANDARD,,2095,0,No Different than National Benchmark,5
G. V. (SONNY) MONTGOMERY VA MEDICAL CENTER (JACKSON),1500 E. WOODROW WILSON DRIVE,JACKSON,MS,39216,(601) 362-4471,VA,,2093,0,No Different than National Benchmark,0
ASCENSION ST VINCENT'S RIVERSIDE,1 SHIRCLIFF WAY,JACKSONVILLE,FL,32204,(904) 308-7300,STANDARD,,2091,0.388,No Different than National Benchmark,15
INDIANA UNIVERSITY HEALTH ARNETT HOSPITAL,5165 MCCARTY LN,LAFAYETTE,IN,47905,(765) 448-8000,STANDARD,,2089,0,No Different than National Benchmark,15
POTTSTOWN HOSPITAL,1600 EAST HIGH STREET,POTTSTOWN,PA,19464,(610) 327-7000,STANDARD,HAC_PENALIZED,2088,0.778,No Different than National Benchmark,6
JOHN RANDOLPH MEDICAL CENTER,411 WEST RANDOLPH ROAD,HOPEWELL,VA,23860,(804) 541-1600,STANDARD,,2088,0,No Different than National Benchmark,1
AURORA MEMORIAL HOSPITAL BURLINGTON,252 MCHENRY ST,BURLINGTON,WI,53105,(262) 767-6545,STANDARD,HAC_PENALIZED,2087,0.923,No Different than National Benchmark,7
LAKE NORMAN REGIONAL MEDICAL CENTER,171 FAIRVIEW ROAD,MOORESVILLE,NC,28117,(704) 660-4000,STANDARD,,2086,0.654,No Different than National Benchmark,5
BAYLOR SCOTT & WHITE TEXAS SPINE & JOINT HOSPITAL,1814 ROSELAND BOULEVARD,TYLER,TX,75701,(903) 525-3300,STANDARD,,2080,0,No Different than National Benchmark,4
RUSSELL MEDICAL CENTER,3316 HIGHWAY 280,ALEXANDER CITY,AL,35010,(256) 329-7100,STANDARD,,2079,0,No Different than National Benchmark,0
MEDSTAR SAINT MARY'S HOSPITAL,25500 POINT LOOKOUT ROAD,LEONARDTOWN,MD,20650,(301) 475-6001,STANDARD,,2078,0,No Different than National Benchmark,12
BECKLEY ARH HOSPITAL,306 STANAFORD ROAD,BECKLEY,WV,25801,(304) 255-3000,STANDARD,HAC_PENALIZED,2074,1.627,No Different than National Benchmark,3
PALESTINE REGIONAL MEDICAL CENTER,2900 S LOOP 256,PALESTINE,TX,75801,(903) 731-1000,STANDARD,,2068,0,No Different than National Benchmark,1
SUTTER DELTA MEDICAL CENTER,3901 LONE TREE WAY,ANTIOCH,CA,94509,(925) 779-7200,STANDARD,,2067,0,No Different than National Benchmark,5
UNIVERSITY HOSPITALS PORTAGE MEDICAL CENTER,6847 N CHESTNUT,RAVENNA,OH,44266,(330) 297-2300,STANDARD,HAC_PENALIZED,2066,0.471,No Different than National Benchmark,9
THE HOSPITALS OF PROVIDENCE TRANSMOUNTAIN CAMPUS,2000 TRANSMOUNTAIN RD,EL PASO,TX,79911,(915) 877-8136,STANDARD,,2066,0.581,No Different than National Benchmark,9
ASCENSION SACRED HEART BAY,615 N BONITA AVE,PANAMA CITY,FL,32401,(850) 769-1511,STANDARD,HAC_AT_RISK,2064,0,No Different than National Benchmark,8
ST BERNARD HOSPITAL,326 W 64TH ST,CHICAGO,IL,60621,(773) 962-3900,STANDARD,,2062,0.949,No Different than National Benchmark,3
PIH HEALTH DOWNEY HOSPITAL,11500 BROOKSHIRE AVENUE,DOWNEY,CA,90241,(562) 904-5000,STANDARD,,2061,0,No Different than National Benchmark,7
OCHSNER MEDICAL CENTER-KENNER,180 WEST ESPLANADE AVENUE,KENNER,LA,70065,(504) 464-8065,STANDARD,,2060,0.481,No Different than National Benchmark,13
TEXAS HEALTH HOSPITAL FRISCO,12400 N DALLAS PARKWAY,FRISCO,TX,75033,(469) 495-2000,STANDARD,,2060,0,No Different than National Benchmark,12
ST ELIZABETH FT THOMAS,85 NORTH GRAND AVENUE,FORT THOMAS,KY,41075,(859) 572-3100,STANDARD,,2059,0.484,No Different than National Benchmark,16
VIDANT EDGECOMBE HOSPITAL,111 HOSPITAL DR,TARBORO,NC,27886,(252) 641-7700,STANDARD,HAC_PENALIZED,2059,0.935,No Different than National Benchmark,5
DEKALB REGIONAL MEDICAL CENTER,200 MED CENTER DRIVE,FORT PAYNE,AL,35968,(256) 845-3150,STANDARD,,2055,0.711,No Different than National Benchmark,4
ONSLOW MEMORIAL HOSPITAL,317 WESTERN BOULEVARD,JACKSONVILLE,NC,28546,(910) 577-2345,STANDARD,,2054,0,No Different than National Benchmark,3
SAINT MICHAEL'S MEDICAL CENTER,111 CENTRAL AVENUE,NEWARK,NJ,7102,(973) 877-5350,STANDARD,,2053,0.944,No Different than National Benchmark,4
LECONTE MEDICAL CENTER,742 MIDDLECREEK ROAD,SEVIERVILLE,TN,37862,(865) 446-7500,STANDARD,,2050,0.945,No Different than National Benchmark,3
SALEM REGIONAL MEDICAL CENTER,1995 EAST STATE STREET,SALEM,OH,44460,(330) 332-7214,STANDARD,HAC_PENALIZED,2045,0,No Different than National Benchmark,8
OAKBEND MEDICAL CENTER,1705 JACKSON ST,RICHMOND,TX,77469,(281) 341-3000,STANDARD,,2043,0,No Different than National Benchmark,2
KING'S DAUGHTERS MEDICAL CENTER-BROOKHAVEN,P O BOX 948/427 HIGHWAY 51 NORTH,BROOKHAVEN,MS,39601,(601) 833-6011,STANDARD,,2042,0.898,No Different than National Benchmark,3
M HEALTH FAIRVIEW WOODWINDS HOSPITAL,1925 WOODWINDS DRIVE,WOODBURY,MN,55125,(651) 232-2185,STANDARD,,2041,1.874,No Different than National Benchmark,21
AMITA HEALTH RESURRECTION MEDICAL CENTER,7435 W TALCOTT AVENUE,CHICAGO,IL,60631,(773) 774-8000,STANDARD,HAC_AT_RISK,2038,0,No Different than National Benchmark,21
ST ELIZABETH DEARBORN HOSPITAL,600 WILSON CREEK RD,LAWRENCEBURG,IN,47025,(812) 537-1010,STANDARD,,2035,0.477,No Different than National Benchmark,11
CHI HEALTH ST. ELIZABETH,555 SOUTH 70TH ST,LINCOLN,NE,68510,(402) 219-7700,STANDARD,,2034,0.494,No Different than National Benchmark,12
BARNES-JEWISH WEST COUNTY HOSPITAL,12634 OLIVE BOULEVARD,CREVE COEUR,MO,63141,(314) 996-8000,STANDARD,,2033,0,No Different than National Benchmark,23
BANNER GATEWAY MEDICAL CENTER,1900 NORTH HIGLEY ROAD,GILBERT,AZ,85234,(480) 543-2000,STANDARD,,2029,1.916,No Different than National Benchmark,12
SUMMA WESTERN RESERVE HOSPITAL,1900 23RD STREET,CUYAHOGA FALLS,OH,44223,(330) 971-7000,STANDARD,HAC_PENALIZED,2025,1.645,No Different than National Benchmark,4
MORRIS HOSPITAL & HEALTHCARE CENTERS,150 W HIGH ST,MORRIS,IL,60450,(815) 942-2932,STANDARD,,2019,0,No Different than National Benchmark,8
BON SECOURS ST FRANCIS MEDICAL CENTER,13710 ST FRANCIS BOULEVARD,MIDLOTHIAN,VA,23114,(804) 594-7400,STANDARD,,2018,0.991,No Different than National Benchmark,19
OVERTON BROOKS VA MEDICAL CENTER (SHREVEPORT),510 EAST STONER AVENUE,SHREVEPORT,LA,71101,(318) 424-6037,VA,,2016,0.62,No Different than National Benchmark,0
SETON MEDICAL CENTER HARKER HEIGHTS,850 W CENTRAL TEXAS EXPRESSWAY,HARKER HEIGHTS,TX,76548,(254) 690-0900,STANDARD,,2016,0,No Different than National Benchmark,1
NORTHWESTERN MEDICAL CENTER INC,133 FAIRFIELD STREET,SAINT ALBANS,VT,5478,(802) 524-5911,STANDARD,HAC_PENALIZED,2016,N/A,Not Available,9
UNIVERSITY HOSPITAL AND MEDICAL CENTER,7201 N UNIVERSITY DR,TAMARAC,FL,33321,(954) 721-2200,STANDARD,,2011,0,No Different than National Benchmark,8
CASEY COUNTY HOSPITAL,187 WOLFORD AVENUE,LIBERTY,KY,42539,(606) 787-6275,STANDARD,,2010,1.523,No Different than National Benchmark,0
ASCENSION SE WISCONSIN HOSPITAL,5000 W CHAMBERS ST,MILWAUKEE,WI,53210,(414) 447-2130,STANDARD,,2009,0.589,No Different than National Benchmark,13
LAFOLLETTE MEDICAL CENTER,923 EAST CENTRAL AVENUE,LA FOLLETTE,TN,37766,(423) 907-1200,STANDARD,,2006,0,No Different than National Benchmark,3
ALBANY VA MEDICAL CENTER,113 HOLLAND AVENUE,ALBANY,NY,12208,(518) 626-5000,VA,,2003,0.646,No Different than National Benchmark,0
CONTRA COSTA REGIONAL MEDICAL CENTER,2500 ALHAMBRA AVENUE,MARTINEZ,CA,94553,(925) 370-5000,STANDARD,,2000,0,No Different than National Benchmark,4
HARRIS REGIONAL HOSPITAL,68 HOSPITAL RD,SYLVA,NC,28779,(828) 586-7000,STANDARD,,2000,0.915,No Different than National Benchmark,2
CENTURA ST. CATHERINE HOSPITAL-GARDEN CITY,401 EAST SPRUCE,GARDEN CITY,KS,67846,(620) 225-8400,STANDARD,,1995,0.729,No Different than National Benchmark,1
CLAXTON-HEPBURN MEDICAL CENTER,214 KING STREET,OGDENSBURG,NY,13669,(315) 393-3600,STANDARD,,1994,0,No Different than National Benchmark,0
ST JOSEPH HOSPITAL,360 BROADWAY,BANGOR,ME,4401,(207) 262-1000,STANDARD,,1993,0.953,No Different than National Benchmark,5
ST ANTHONYS MEMORIAL HOSPITAL,503 N MAPLE STREET,EFFINGHAM,IL,62401,(217) 342-2121,STANDARD,,1991,2.155,No Different than National Benchmark,6
HIGHLAND COMMUNITY  HOSPITAL,130 HIGHLAND PKWY,PICAYUNE,MS,39466,(601) 358-9400,STANDARD,HAC_PENALIZED,1987,0.987,No Different than National Benchmark,7
MAYO CLINIC HEALTH SYSTEM - ALBERT LEA AND AUSTIN,404 WEST FOUNTAIN STREET,ALBERT LEA,MN,56007,(507) 377-6490,STANDARD,,1982,0,No Different than National Benchmark,11
PARKLAND MEDICAL CENTER,1 PARKLAND DRIVE,DERRY,NH,3038,(603) 421-2100,STANDARD,,1982,1.914,No Different than National Benchmark,10
NEWPORT HOSPITAL,11 FRIENDSHIP STREET,NEWPORT,RI,2840,(401) 846-6400,STANDARD,,1981,0,No Different than National Benchmark,12
ST JOSEPHS COMMUNITY HOSPITAL WEST BEND,3200 PLEASANT VALLEY ROAD,WEST BEND,WI,53095,(262) 334-5533,STANDARD,,1977,0.749,No Different than National Benchmark,6
MERCY REGIONAL MEDICAL CENTER,1010 THREE SPRINGS BLVD,DURANGO,CO,81301,(970) 247-4311,STANDARD,,1972,0,No Different than National Benchmark,13
PRISMA HEALTH BAPTIST,1330 TAYLOR AT MARION ST,COLUMBIA,SC,29220,(803) 296-5678,STANDARD,,1972,0,No Different than National Benchmark,15
SOUTHERN TENNESSEE REGIONAL HLTH SYSTEM WINCHESTER,185 HOSPITAL ROAD,WINCHESTER,TN,37398,(931) 967-8295,STANDARD,,1972,0,No Different than National Benchmark,1
NORTHWEST MEDICAL CENTER SAHUARITA,16260 SOUTH RANCHO SAHUARITA BOULEVARD,SAHUARITA,AZ,85629,(520) 416-7100,STANDARD,,1970,1.972,No Different than National Benchmark,3
ACADIA GENERAL HOSPITAL,1305 CROWLEY RAYNE HIGHWAY,CROWLEY,LA,70526,(337) 783-3222,STANDARD,,1964,0.75,No Different than National Benchmark,3
NOVANT HEALTH THOMASVILLE MEDICAL CENTER,207 OLD LEXINGTON RD BOX 789,THOMASVILLE,NC,27360,(336) 472-2000,STANDARD,,1964,1.008,No Different than National Benchmark,2
THREE CROSSES REGIONAL HOSPITAL LLC,2560 SAMARITAN DRIVE,LAS CRUCES,NM,88001,(575) 421-8274,STANDARD,,1963,0,No Different than National Benchmark,2
ST JOSEPH MEDICAL CENTER,1000 CARONDELET DR,KANSAS CITY,MO,64114,(816) 942-4400,STANDARD,,1961,0,No Different than National Benchmark,2
SANFORD BEMIDJI MEDICAL CENTER,1300 ANNE ST NW,BEMIDJI,MN,56601,(218) 751-5430,STANDARD,,1960,2.198,No Different than National Benchmark,9
NORTHERN LIGHT MERCY HOSPITAL,144 STATE STREET,PORTLAND,ME,4101,(207) 879-3000,STANDARD,HAC_PENALIZED,1955,2.887,No Different than National Benchmark,10
KANSAS HEART HOSPITAL,3601 NORTH WEBB ROAD,WICHITA,KS,67226,(316) 630-5000,STANDARD,HAC_AT_RISK,1953,0,No Different than National Benchmark,1
ST JOSEPH REGIONAL MEDICAL CENTER,415 SIXTH STREET,LEWISTON,ID,83501,(208) 799-5300,STANDARD,,1952,0.74,No Different than National Benchmark,3
EMANUEL MEDICAL CENTER,825 DELBON AVE,TURLOCK,CA,95382,(209) 667-4200,STANDARD,,1949,0,No Different than National Benchmark,1
OMAHA VA MEDICAL CENTER (VA NEBRASKA WESTERN IOWA HEALTHCARE SYSTEM),4101 WOOLWORTH AVENUE,OMAHA,NE,68105,(402) 346-8800,VA,,1943,2.062,No Different than National Benchmark,0
ADVENTIST HEALTH UKIAH VALLEY,275 HOSPITAL DRIVE,UKIAH,CA,95482,(707) 462-3111,STANDARD,,1930,0,No Different than National Benchmark,7
WHITFIELD REGIONAL HOSPITAL,105 HIGHWAY 80 EAST,DEMOPOLIS,AL,36732,(334) 289-4000,STANDARD,,1926,N/A,Not Available,2
TRISTAR HORIZON MEDICAL CENTER,111 HIGHWAY 70 EAST,DICKSON,TN,37055,(615) 446-0446,STANDARD,,1920,0,No Different than National Benchmark,5
MAPLE GROVE HOSPITAL,9875 HOSPITAL DRIVE,MAPLE GROVE,MN,55369,(763) 581-1563,STANDARD,,1916,1.862,No Different than National Benchmark,6
ASHEVILLE-OTEEN VA MEDICAL CENTER,1100 TUNNEL ROAD,ASHEVILLE,NC,28805,(828) 298-7911,VA,,1914,2.061,No Different than National Benchmark,0
UPMC LITITZ,1500 HIGHLANDS DRIVE,LITITZ,PA,17543,(717) 625-2000,STANDARD,,1910,0.738,No Different than National Benchmark,9
MEDICAL CITY ALLIANCE,3101 NORTH TARRANT PARKWAY,FORT WORTH,TX,76177,(817) 639-1100,STANDARD,,1902,0,No Different than National Benchmark,3
INTEGRIS HEALTH EDMOND HOSPITAL,4801 INTEGRIS PARKWAY,EDMOND,OK,73034,(405) 657-3000,STANDARD,,1901,0,No Different than National Benchmark,12
CHI ST LUKE'S HEALTH BRAZOSPORT,100 MEDICAL DRIVE,LAKE JACKSON,TX,77566,(979) 297-4411,STANDARD,,1901,0,No Different than National Benchmark,1
ROGER WILLIAMS MEDICAL CENTER,825 CHALKSTONE AVENUE,PROVIDENCE,RI,2908,(401) 456-2025,STANDARD,,1895,1.008,No Different than National Benchmark,5
COASTAL CAROLINA HOSPITAL,1000 MEDICAL CENTER DRIVE,HARDEEVILLE,SC,29927,(843) 784-8000,STANDARD,,1893,N/A,Not Available,6
NORTH MISSISSIPPI MEDICAL CENTER-GILMORE AMORY,1105 EARL FRYE BLVD,AMORY,MS,38821,(662) 256-7111,STANDARD,,1890,0.766,No Different than National Benchmark,4
LARKIN COMMUNITY HOSPITAL,7031 SW 62ND AVE,SOUTH MIAMI,FL,33143,(305) 284-7500,STANDARD,,1887,0,No Different than National Benchmark,2
KOSCIUSKO COMMUNITY HOSPITAL,2101 E DUBOIS DR,WARSAW,IN,46580,(574) 267-3200,STANDARD,,1886,0,No Different than National Benchmark,3
BANNER IRONWOOD MEDICAL CENTER,37000 NORTH GANTZEL ROAD,QUEEN CREEK,AZ,85140,(480) 394-4000,STANDARD,,1885,0.759,No Different than National Benchmark,10
ST LUKE'S HOSPITAL - CARBON CAMPUS,500 ST LUKE'S DRIVE,LEHIGHTON,PA,18235,(610) 377-7001,STANDARD,,1884,0,No Different than National Benchmark,8
LEWISGALE HOSPITAL MONTGOMERY,3700 SOUTH MAIN STREET,BLACKSBURG,VA,24060,(540) 951-1111,STANDARD,,1882,0,No Different than National Benchmark,3
PARADISE VALLEY HOSPITAL,2400 EAST 4TH ST,NATIONAL CITY,CA,91950,(619) 470-4321,STANDARD,,1878,0.658,No Different than National Benchmark,1
INTEGRIS HEALTH ENID HOSPITAL,600 SOUTH MONROE,ENID,OK,73701,(580) 233-2300,STANDARD,,1875,0.529,No Different than National Benchmark,2
ASCENSION  SETON HAYS,6001 KYLE PKWY,KYLE,TX,78640,(512) 324-5000,STANDARD,,1874,0.736,No Different than National Benchmark,6
AHS HOSPITAL CORP,651 WILLOW GROVE ST,HACKETTSTOWN,NJ,7840,(908) 852-5100,STANDARD,HAC_AT_RISK,1868,0.785,No Different than National Benchmark,30
SOUTH COUNTY HOSPITAL INC,100 KENYON AVE,WAKEFIELD,RI,2879,(401) 782-8000,STANDARD,HAC_PENALIZED,1863,0.794,No Different than National Benchmark,10
WOODLAND MEMORIAL HOSPITAL,1325 COTTONWOOD STREET,WOODLAND,CA,95695,(530) 662-3961,STANDARD,,1860,0.733,No Different than National Benchmark,2
FRENCH HOSPITAL MEDICAL CENTER,1911 JOHNSON AVE,SAN LUIS OBISPO,CA,93401,(805) 543-5353,STANDARD,,1855,1.517,No Different than National Benchmark,15
FORT HAMILTON HUGHES MEMORIAL HOSPITAL,630 EATON AVENUE,HAMILTON,OH,45013,(513) 867-2123,STANDARD,,1855,0,No Different than National Benchmark,8
ST FRANCIS REGIONAL MEDICAL CENTER,1455 ST FRANCIS AVENUE,SHAKOPEE,MN,55379,(952) 428-3000,STANDARD,,1854,1.797,No Different than National Benchmark,7
AMERICAN FORK HOSPITAL,170 NORTH 1100 EAST,AMERICAN FORK,UT,84003,(801) 855-3305,STANDARD,,1849,0.694,No Different than National Benchmark,7
ST MARYS REGIONAL MEDICAL CENTER,1808 WEST MAIN STREET,RUSSELLVILLE,AR,72801,(479) 968-2841,STANDARD,,1846,N/A,Not Available,2
SENTARA ALBEMARLE MEDICAL CENTER,1144 N ROAD ST,ELIZABETH CITY,NC,27909,(252) 335-0531,STANDARD,HAC_AT_RISK,1844,1.599,No Different than National Benchmark,2
MEDICAL CENTER ENTERPRISE,400 N EDWARDS STREET,ENTERPRISE,AL,36330,(334) 347-0584,STANDARD,,1836,0,No Different than National Benchmark,1
ADVENTIST HEALTH ST HELENA,10 WOODLAND ROAD,SAINT HELENA,CA,94574,(707) 963-3611,STANDARD,,1836,N/A,Not Available,3
FORT DUNCAN MEDICAL CENTER,3333 N FOSTER MALDONADO BLVD,EAGLE PASS,TX,78852,(830) 773-5321,STANDARD,,1834,0,No Different than National Benchmark,1
ST JOSEPH'S MEDICAL CENTER,127 SOUTH BROADWAY,YONKERS,NY,10701,(914) 378-7000,STANDARD,HAC_PENALIZED,1831,1.405,No Different than National Benchmark,4
CHESHIRE MEDICAL CENTER,580 COURT STREET,KEENE,NH,3431,(603) 354-5400,STANDARD,,1828,0,No Different than National Benchmark,18
BOZEMAN HEALTH DEACONESS HOSPITAL,915 HIGHLAND BLVD,BOZEMAN,MT,59715,(406) 585-5000,STANDARD,HAC_PENALIZED,1825,0.545,No Different than National Benchmark,8
METROWEST MEDICAL CENTER,115 LINCOLN STREET,FRAMINGHAM,MA,1701,(508) 383-1000,HIGH_CAUTI,HAC_PENALIZED,1823,3.394,Worse than the National Benchmark,6
GEISINGER ST. LUKE'S  HOSPITAL,100 PARAMOUNT BOULEVARD,ORWIGSBURG,PA,17961,(272) 639-4990,STANDARD,,1820,N/A,Not Available,8
PRISMA HEALTH GREER MEMORIAL HOSPITAL,1413 JOHN B WHITE SR BLVD SUITE D,SPARTANBURG,SC,29306,(864) 848-8200,STANDARD,,1818,0,No Different than National Benchmark,12
CHI HEALTH MERCY COUNCIL BLUFFS,800 MERCY DRIVE,COUNCIL BLUFFS,IA,51503,(712) 328-5000,STANDARD,,1813,0.796,No Different than National Benchmark,7
YORK HOSPITAL,15 HOSPITAL DRIVE,YORK,ME,3909,(207) 351-2478,STANDARD,HAC_PENALIZED,1812,N/A,Not Available,9
ASCENSION SETON WILLIAMSON,201 SETON PARKWAY,ROUND ROCK,TX,78664,(512) 324-0000,STANDARD,,1812,0,No Different than National Benchmark,1
PELHAM MEDICAL CENTER,250 WESTMORELAND ROAD,GREER,SC,29651,(864) 560-6554,STANDARD,,1809,N/A,Not Available,11
ROANE MEDICAL CENTER,8045 ROANE MEDICAL CENTER DRIVE,HARRIMAN,TN,37748,(865) 316-1000,STANDARD,,1809,0,No Different than National Benchmark,4
GARDEN GROVE HOSPITAL & MEDICAL CENTER,12601 GARDEN GROVE BLVD,GARDEN GROVE,CA,92843,(714) 537-5160,STANDARD,,1805,N/A,Not Available,4
L A DOWNTOWN MEDICAL CENTER,1711 WEST TEMPLE STREET,LOS ANGELES,CA,90026,(213) 989-6123,STANDARD,,1805,0,No Different than National Benchmark,5
RIVERSIDE WALTER REED HOSPITAL,7519 HOSPITAL ROAD,GLOUCESTER,VA,23061,(804) 693-8800,STANDARD,,1805,N/A,Not Available,7
HCA FLORIDA LEHIGH REGIONAL MEDICAL CENTER,1500 LEE BLVD,LEHIGH ACRES,FL,33936,(239) 369-2101,STANDARD,HAC_PENALIZED,1803,N/A,Not Available,0
HUNTINGTON BEACH HOSPITAL,17772 BEACH BLVD,HUNTINGTON BEACH,CA,92647,(714) 843-5000,STANDARD,,1800,1.613,No Different than National Benchmark,2
ORLANDO VA MEDICAL CENTER,13800 VETERANS WAY,ORLANDO,FL,32827,(407) 631-1000,VA,,1799,0.702,No Different than National Benchmark,0
BAYLOR SCOTT AND WHITE MEDICAL CENTER LAKE POINTE,6800 SCENIC DR,ROWLETT,TX,75088,(972) 412-2273,STANDARD,,1799,0,No Different than National Benchmark,8
MARY IMMACULATE HOSPITAL,2 BERNARDINE DRIVE,NEWPORT NEWS,VA,23602,(757) 886-6000,STANDARD,,1794,0,No Different than National Benchmark,7
SUTTER COAST HOSPITAL,800 E WASHINGTON BLVD,CRESCENT CITY,CA,95531,(707) 464-8511,STANDARD,,1780,1.802,No Different than National Benchmark,3
MINDEN MEDICAL CENTER,NO 1 MEDICAL PLAZA,MINDEN,LA,71055,(318) 377-2321,STANDARD,HAC_PENALIZED,1780,N/A,Not Available,1
LARKIN COMMUNITY HOSPITAL PALM SPRINGS CAMPUS,1475 W 49TH ST,HIALEAH,FL,33012,(305) 558-2500,STANDARD,,1778,0,No Different than National Benchmark,4
HOLY CROSS HOSPITAL,2701 W 68TH STREET,CHICAGO,IL,60629,(773) 884-9000,STANDARD,,1777,0,No Different than National Benchmark,2
PROCTOR HOSPITAL,5409 N KNOXVILLE AVE,PEORIA,IL,61354,(309) 691-1000,STANDARD,,1777,0.854,No Different than National Benchmark,5
WICHITA VA MEDICAL CENTER,5500 E. KELLOG,WICHITA,KS,67218,(316) 685-2221,VA,,1771,0.707,No Different than National Benchmark,0
SAINT LUKES NORTH HOSPITAL,5830 N W BARRY ROAD,KANSAS CITY,MO,64154,(816) 891-6000,STANDARD,,1770,3.103,No Different than National Benchmark,11
WATAUGA MEDICAL CENTER,336 DEERFIELD ROAD,BOONE,NC,28607,(828) 262-4100,STANDARD,,1769,0.555,No Different than National Benchmark,5
BERGER HOSPITAL,600 NORTH PICKAWAY STREET,CIRCLEVILLE,OH,43113,(740) 420-8008,STANDARD,HAC_AT_RISK,1763,N/A,Not Available,6
ABRAZO SCOTTSDALE CAMPUS,3929 EAST BELL ROAD,PHOENIX,AZ,85032,(602) 923-5609,STANDARD,,1761,0.802,No Different than National Benchmark,5
HIGHLANDS MEDICAL CENTER,380 WOODS COVE ROAD,SCOTTSBORO,AL,35768,(256) 259-4444,STANDARD,,1760,N/A,Not Available,2
MARION GENERAL HOSPITAL,441 N WABASH AVE,MARION,IN,46952,(765) 660-6000,STANDARD,,1759,0,No Different than National Benchmark,9
PRISMA HEALTH TUOMEY HOSPITAL,129 N WASHINGTON ST,SUMTER,SC,29150,(803) 774-8900,STANDARD,,1758,0.555,No Different than National Benchmark,15
METHODIST HEALTHCARE - OLIVE BRANCH HOSPITAL,4250 BETHEL ROAD,OLIVE BRANCH,MS,38654,(662) 932-9000,STANDARD,,1754,0,No Different than National Benchmark,6
BEAUREGARD MEMORIAL HOSPITAL,600 S PINE STREET,DERIDDER,LA,70634,(337) 462-7100,STANDARD,,1752,N/A,Not Available,2
SUTTER SOLANO MEDICAL CENTER,300 HOSPITAL DR,VALLEJO,CA,94589,(707) 554-5280,STANDARD,,1751,2.425,No Different than National Benchmark,9
GOSHEN HOSPITAL,200 HIGH PARK AVE,GOSHEN,IN,46526,(574) 364-1000,STANDARD,HAC_PENALIZED,1751,1.57,No Different than National Benchmark,7
ST LUKES QUAKERTOWN HOSPITAL,3000 ST. LUKE'S DRIVE,QUAKERTOWN,PA,18951,(267) 985-1000,STANDARD,,1747,0,No Different than National Benchmark,20
"OKLAHOMA SURGICAL HOSPITAL, LLC","2408 EAST 81ST STREET, SUITE 300",TULSA,OK,74137,(918) 477-5000,STANDARD,,1746,N/A,Not Available,23
SUTTER AUBURN FAITH HOSPITAL,11815 EDUCATION STREET,AUBURN,CA,95603,(530) 888-4500,STANDARD,,1737,N/A,Not Available,10
HOLYOKE MEDICAL CENTER,575 BEECH STREET,HOLYOKE,MA,1040,(413) 534-2500,STANDARD,,1734,0,No Different than National Benchmark,3
STANLY REGIONAL MEDICAL CENTER,301 YADKIN ST,ALBEMARLE,NC,28001,(704) 984-4000,STANDARD,,1734,0,No Different than National Benchmark,9
WOOD COUNTY HOSPITAL,950 WEST WOOSTER STREET,BOWLING GREEN,OH,43402,(419) 354-8900,STANDARD,HAC_PENALIZED,1730,N/A,Not Available,5
NACOGDOCHES MEMORIAL HOSPITAL,1204 MOUND ST,NACOGDOCHES,TX,75961,(936) 564-4611,STANDARD,,1720,N/A,Not Available,1
ENCINO HOSPITAL MEDICAL CENTER,16237 VENTURA BLVD,ENCINO,CA,91436,(818) 995-5000,STANDARD,,1714,0,No Different than National Benchmark,1
TEXAS HEALTH PRESBYTERIAN HOSPITAL ALLEN,1105 CENTRAL EXPRESSWAY NORTH,ALLEN,TX,75013,(972) 747-1000,STANDARD,,1714,N/A,Not Available,5
CITIZENS MEMORIAL HOSPITAL,1500 N OAKLAND,BOLIVAR,MO,65613,(417) 326-6000,STANDARD,HAC_AT_RISK,1710,N/A,Not Available,3
CANYON VISTA MEDICAL CENTER,5700 EAST HIGHWAY 90,SIERRA VISTA,AZ,85635,(520) 263-2220,STANDARD,,1709,0,No Different than National Benchmark,5
SHARP CORONADO HOSPITAL AND HLTHCR CTR,250 PROSPECT PLACE,CORONADO,CA,92118,(619) 435-6251,STANDARD,,1709,0,No Different than National Benchmark,7
PLAINS REGIONAL MEDICAL CENTER,"2100 N MARTIN LUTHER KING, JR, BLVD",CLOVIS,NM,88101,(575) 769-6332,STANDARD,HAC_PENALIZED,1708,N/A,Not Available,2
BROADLAWNS MEDICAL CENTER,1801 HICKMAN ROAD,DES MOINES,IA,50314,(515) 282-2200,STANDARD,,1705,0,No Different than National Benchmark,10
LAKEVIEW MEMORIAL HOSPITAL,927 WEST CHURCHILL STREET,STILLWATER,MN,55082,(651) 430-4509,STANDARD,,1702,0,No Different than National Benchmark,7
ASCENSION PROVIDENCE,6901 MEDICAL PARKWAY,WACO,TX,76712,(254) 751-4000,STANDARD,,1702,0.475,No Different than National Benchmark,7
ALEXIAN BROTHERS MEDICAL CENTER 1,800 BIESTERFIELD RD,ELK GROVE VILLAGE,IL,60007,(847) 437-5500,STANDARD,,1700,0.92,No Different than National Benchmark,19
RANDOLPH HOSPITAL,364 WHITE OAK STREET,ASHEBORO,NC,27203,(336) 625-5151,STANDARD,,1699,N/A,Not Available,1
"TIDALHEALTH NANTICOKE, INC.",801 MIDDLEFORD RD,SEAFORD,DE,19973,(302) 629-6611,STANDARD,,1697,0,No Different than National Benchmark,13
COMMUNITY HOWARD REGIONAL HEALTH INC.,3500 S LAFOUNTAIN ST,KOKOMO,IN,46902,(765) 776-8000,STANDARD,,1693,0,No Different than National Benchmark,8
GARRETT REGIONAL MEDICAL CENTER,251 NORTH  FOURTH STREET,OAKLAND,MD,21550,(301) 533-4173,STANDARD,HAC_AT_RISK,1692,N/A,Not Available,5
MERCY HOSPITAL ADA,430 NORTH MONTE VISTA,ADA,OK,74820,(580) 332-2323,STANDARD,,1689,0,No Different than National Benchmark,4
LOWER KEYS MEDICAL CENTER,5900 COLLEGE ROAD,KEY WEST,FL,33040,(305) 294-5531,STANDARD,,1685,0,No Different than National Benchmark,3
ADVENTHEALTH CASTLE ROCK,2350 MEADOWS BLVD,CASTLE ROCK,CO,80109,(720) 455-5000,STANDARD,,1684,0,No Different than National Benchmark,8
BARSTOW COMMUNITY HOSPITAL,820 E MOUNTAIN VIEW STREET,BARSTOW,CA,92311,(760) 256-1761,STANDARD,,1682,N/A,Not Available,0
COMMUNITY HOSPITAL OF SAN BERNARDINO,1805 MEDICAL CENTER DRIVE,SAN BERNARDINO,CA,92411,(909) 887-6333,STANDARD,,1681,0,No Different than National Benchmark,4
MARSHALL MEDICAL CENTER,1100 MARSHALL WAY,PLACERVILLE,CA,95667,(530) 622-1441,STANDARD,,1680,0,No Different than National Benchmark,5
AVITA ONTARIO,715 RICHLAND MALL,ONTARIO,OH,44906,(419) 462-4534,STANDARD,,1679,N/A,Not Available,3
METHODIST HOSPITAL FOR SURGERY,17101 DALLAS PARKWAY,ADDISON,TX,75001,(469) 248-3900,STANDARD,,1676,N/A,Not Available,0
ST MARY'S MEDICAL CENTER,450 STANYAN ST,SAN FRANCISCO,CA,94117,(415) 668-1000,STANDARD,,1675,0.752,No Different than National Benchmark,2
LOVELACE WESTSIDE HOSPITAL,10501 GOLF COURSE ROAD NW,ALBUQUERQUE,NM,87114,(505) 727-2001,STANDARD,,1671,N/A,Not Available,2
NATHAN LITTAUER HOSPITAL,99 EAST STATE STREET,GLOVERSVILLE,NY,12078,(518) 725-8621,STANDARD,,1669,N/A,Not Available,3
TAYLOR REGIONAL HOSPITAL,1700 OLD LEBANON ROAD,CAMPBELLSVILLE,KY,42718,(270) 465-3561,STANDARD,HAC_PENALIZED,1665,0.826,No Different than National Benchmark,2
CAMERON REGIONAL MEDICAL CENTER,1600 E EVERGREEN,CAMERON,MO,64429,(816) 632-2101,STANDARD,,1663,N/A,Not Available,3
TRISTAR STONECREST MEDICAL CENTER,200 STONECREST BOULEVARD,SMYRNA,TN,37167,(615) 768-2000,STANDARD,,1662,0,No Different than National Benchmark,3
LIVINGSTON REGIONAL HOSPITAL,315 OAK ST BOX 550,LIVINGSTON,TN,38570,(931) 823-5611,STANDARD,HAC_PENALIZED,1657,0.909,No Different than National Benchmark,0
STARR REGIONAL MEDICAL CENTER ATHENS,1114 W MADISON AVE,ATHENS,TN,37371,(423) 745-1411,STANDARD,,1654,0,No Different than National Benchmark,5
ALAMEDA HOSPITAL,2070 CLINTON AVENUE,ALAMEDA,CA,94501,(510) 522-3700,STANDARD,,1652,0,No Different than National Benchmark,8
TIDELANDS WACCAMAW COMMUNITY HOSPITAL,4070 HWY 17,MURRELLS INLET,SC,29576,(843) 652-1000,STANDARD,,1649,0,No Different than National Benchmark,18
GATEWAY REGIONAL MEDICAL CENTER,2100 MADISON AVENUE,GRANITE CITY,IL,62040,(618) 798-3000,STANDARD,,1648,0.712,No Different than National Benchmark,1
ALLEGHENY VALLEY HOSPITAL,1301 CARLISLE ST,NATRONA,PA,15065,(412) 224-5100,STANDARD,,1647,0,No Different than National Benchmark,10
GREAT FALLS CLINIC HOSPITAL,3010 15TH AVENUE SOUTH,GREAT FALLS,MT,59405,(406) 216-8000,STANDARD,,1644,N/A,Not Available,3
TRINITY - BETTENDORF,4500 UTICA RIDGE ROAD,BETTENDORF,IA,52722,(563) 742-5000,STANDARD,,1643,0,No Different than National Benchmark,4
CASCADE VALLEY HOSPITAL,330 S STILLAGUAMISH AVE,ARLINGTON,WA,98223,(360) 435-2133,STANDARD,HAC_PENALIZED,1643,N/A,Not Available,3
LONESOME PINE HOSPITAL,1990 HOLTON AVENUE EAST,BIG STONE GAP,VA,24219,(276) 523-8726,STANDARD,,1641,N/A,Not Available,1
SAMARITAN ALBANY GENERAL HOSPITAL,1046 6TH AVENUE SW,ALBANY,OR,97321,(541) 812-4000,STANDARD,HAC_PENALIZED,1637,N/A,Not Available,8
OVIEDO MEDICAL CENTER,8300 RED BUG LAKE RD,OVIEDO,FL,32765,(615) 850-6055,STANDARD,,1635,N/A,Not Available,7
MARSHFIELD MEDICAL CENTER - EAU CLAIRE,2310 CRAIG RD,EAU CLAIRE,WI,54701,(715) 858-8100,STANDARD,,1631,N/A,Not Available,5
ASPIRUS RIVERVIEW HOSPITAL & CLINICS INC,410 DEWEY ST,WISCONSIN RAPIDS,WI,54494,(715) 423-6060,STANDARD,HAC_PENALIZED,1627,0.832,No Different than National Benchmark,4
ARKANSAS SURGICAL HOSPITAL,5201 NORTH SHORE DRIVE,NO LITTLE ROCK,AR,72118,(501) 748-8000,STANDARD,,1621,N/A,Not Available,2
THE JEWISH HOSPITAL-MERCY HEALTH,947 S. WHEELING ST.,Cincinnati,OH,43616,(513) 686-3000,STANDARD,,1621,1.289,No Different than National Benchmark,12
NOVANT HEALTH UVA HEALTH SYSTEM CULPEPER MED CENTE,501 SUNSET LANE,CULPEPER,VA,22701,(703) 829-4300,STANDARD,HAC_PENALIZED,1621,N/A,Not Available,7
ADVENTHEALTH DADE CITY,13100 FT KING RD,DADE CITY,FL,33525,(352) 568-1100,STANDARD,,1619,0,No Different than National Benchmark,7
EAST COOPER MEDICAL CENTER,2000 HOSPITAL DR,MOUNT PLEASANT,SC,29464,(843) 881-0100,STANDARD,,1612,N/A,Not Available,6
CEDAR PARK REGIONAL MEDICAL CENTER,1401 MEDICAL PARKWAY,CEDAR PARK,TX,78613,(512) 528-7000,STANDARD,,1610,0,No Different than National Benchmark,1
ESSENTIA HEALTH ST JOSEPH'S MEDICAL CENTER,523 NORTH 3RD STREET,BRAINERD,MN,56401,(218) 829-2861,STANDARD,,1608,0.655,No Different than National Benchmark,6
ADIRONDACK MEDICAL CENTER - SARANAC LAKE,"2233 STATE ROUTE 86, PO BOX 471",SARANAC LAKE,NY,12983,(518) 891-4141,STANDARD,HAC_PENALIZED,1608,N/A,Not Available,4
WILSON MEDICAL CENTER,1705 S TARBORO ST,WILSON,NC,27893,(252) 399-8040,STANDARD,HAC_PENALIZED,1607,2.494,No Different than National Benchmark,2
COLUSA MEDICAL CENTER,199 E WEBSTER STREET,COLUSA,CA,95932,(530) 619-0800,STANDARD,,1606,N/A,Not Available,2
BAY AREA MEDICAL CENTER,3003 UNIVERSITY DR,MARINETTE,WI,54143,(715) 735-4200,STANDARD,HAC_PENALIZED,1599,N/A,Not Available,6
JACKSON PARK HOSPITAL,7531 S STONY ISLAND AVE,CHICAGO,IL,60649,(773) 947-7500,STANDARD,HAC_PENALIZED,1596,0,No Different than National Benchmark,0
OSF HEART OF MARY MEDICAL CENTER,1400 WEST PARK AVENUE,URBANA,IL,61801,(217) 337-2000,STANDARD,HAC_AT_RISK,1596,0.615,No Different than National Benchmark,1
MONTROSE REGIONAL HEALTH,800 S 3RD ST,MONTROSE,CO,81401,(970) 249-2211,STANDARD,,1590,N/A,Not Available,11
ST MARY'S REGIONAL MEDICAL CENTER,305 SOUTH 5TH STREET,ENID,OK,73701,(580) 233-6100,STANDARD,,1589,0.901,No Different than National Benchmark,3
OUR LADY OF THE ANGELS HOSPITAL,433 PLAZA STREET,BOGALUSA,LA,70427,(985) 730-6700,STANDARD,,1586,N/A,Not Available,1
MT ASCUTNEY HOSPITAL,289 COUNTY ROAD,WINDSOR,VT,5089,(802) 674-6711,STANDARD,,1586,0.964,No Different than National Benchmark,4
UCI HEALTH - PLACENTIA LINDA,1301 N ROSE DRIVE,PLACENTIA,CA,92870,(714) 993-2000,STANDARD,,1585,0,No Different than National Benchmark,6
ASTRIA SUNNYSIDE HOSPITAL,1016 TACOMA AVENUE,SUNNYSIDE,WA,98944,(509) 837-1500,STANDARD,,1584,0.258,No Different than National Benchmark,3
NORTH CHICAGO VA MEDICAL CENTER,3001 GREENBAY ROAD,NORTH CHICAGO,IL,60064,(847) 688-1900,VA,,1582,N/A,Not Available,0
JANE TODD CRAWFORD HOSPITAL,290 INDUSTRIAL PARK ROAD,GREENSBURG,KY,42743,(270) 932-4211,STANDARD,,1580,0.969,No Different than National Benchmark,1
"BROOKS-TLC HOSPITAL SYSTEM, INC",529 CENTRAL AVENUE,DUNKIRK,NY,14048,(716) 366-1111,STANDARD,HAC_PENALIZED,1580,N/A,Not Available,6
MARY LANNING HEALTHCARE,715 N ST JOSEPH AVE,HASTINGS,NE,68901,(402) 463-4521,STANDARD,,1579,0,No Different than National Benchmark,5
ORLANDO HEALTH SEBASTIAN RIVER HOSPITAL,13695 US HWY 1,SEBASTIAN,FL,32958,(772) 589-3187,STANDARD,,1575,0.915,No Different than National Benchmark,4
NMC Portsmouth,620 John Paul Jones Cir,Portsmouth,VA,23708,(757) 953-5000,STANDARD,,1571,0,No Different than National Benchmark,0
CLINCH VALLEY MEDICAL CENTER,6801 Governor GC Perry Highway,RICHLANDS,VA,24641,(276) 596-6000,STANDARD,,1570,0.919,No Different than National Benchmark,3
METROPOLITAN HOSPITAL CENTER,1901 FIRST AVENUE,NEW YORK,NY,10029,(212) 423-6262,STANDARD,,1569,0.502,No Different than National Benchmark,6
SOUTHWEST MEDICAL CENTER,315 WEST 15TH STREET,LIBERAL,KS,67901,(620) 624-1651,STANDARD,,1568,0.644,No Different than National Benchmark,0
MCLEOD HEALTH CHERAW,711 CHESTERFIELD HIGHWAY,CHERAW,SC,29520,(843) 537-7881,STANDARD,,1566,N/A,Not Available,2
ARKANSAS HEART HOSPITAL-ENCORE,1901 ENCORE WAY,BRYANT,AR,72019,(501) 213-4500,STANDARD,,1561,N/A,Not Available,0
HCA HEALTHONE MOUNTAIN RIDGE,9191 GRANT ST,THORNTON,CO,80229,(303) 451-7800,STANDARD,,1559,1.266,No Different than National Benchmark,11
MAJOR HOSPITAL,2451 INTELLIPLEX DR,SHELBYVILLE,IN,46176,(317) 392-3211,STANDARD,,1557,N/A,Not Available,3
INOVA MOUNT VERNON HOSPITAL,2501 PARKERS LANE,ALEXANDRIA,VA,22306,(703) 664-7105,STANDARD,,1556,0.98,No Different than National Benchmark,25
JACKSON COUNTY MEMORIAL HOSPITAL AUTHORITY,1200 EAST PECAN ST,ALTUS,OK,73521,(580) 379-5500,STANDARD,,1555,0.876,No Different than National Benchmark,2
CARLSBAD MEDICAL CENTER,2430 WEST PIERCE STREET,CARLSBAD,NM,88220,(575) 887-4570,STANDARD,HAC_PENALIZED,1550,0.927,No Different than National Benchmark,0
BARTOW REGIONAL MEDICAL CENTER,2200 OSPREY BLVD,BARTOW,FL,33830,(863) 533-8111,STANDARD,HAC_PENALIZED,1547,0.814,No Different than National Benchmark,4
HCA FLORIDA HIGHLANDS HOSPITAL,3600 S HIGHLANDS AVE,SEBRING,FL,33870,(863) 385-6101,STANDARD,,1545,0,No Different than National Benchmark,4
HCA HEALTHONE ROSE,4567 E 9TH AVE,DENVER,CO,80220,(303) 320-2121,STANDARD,,1542,0,No Different than National Benchmark,5
WEST CALCASIEU CAMERON HOSPITAL,701 EAST CYPRESS STREET,SULPHUR,LA,70663,(337) 527-4240,STANDARD,HAC_PENALIZED,1541,N/A,Not Available,2
OSF SAINT ANTHONY'S HEALTH CENTER,ST ANTHONY'S WAY,ALTON,IL,62002,(618) 465-2571,STANDARD,,1536,N/A,Not Available,5
WILKES BARRE VA MEDICAL CENTER,1111 EAST END BOULEVARD,WILKES-BARRE,PA,18711,(570) 824-3521,VA,,1532,0,No Different than National Benchmark,0
HONORHEALTH SONORAN CROSSING MEDICAL CENTER,33400 NORTH 32ND AVENUE,PHOENIX,AZ,85085,(480) 882-4327,STANDARD,,1530,0,No Different than National Benchmark,5
UNION HOSPITAL OF CECIL COUNTY,106 BOW STREET,ELKTON,MD,21921,(410) 392-7009,STANDARD,,1530,0,No Different than National Benchmark,16
PETALUMA VALLEY HOSPITAL,400 N MCDOWELL BLVD,PETALUMA,CA,94954,(707) 778-1111,STANDARD,,1524,N/A,Not Available,6
NORTHEAST REGIONAL MEDICAL CENTER,315 S OSTEOPATHY,KIRKSVILLE,MO,63501,(660) 785-1000,STANDARD,,1521,0,No Different than National Benchmark,2
CENTRAL PENINSULA GENERAL HOSPITAL,250 HOSPITAL PLACE,SOLDOTNA,AK,99669,(907) 262-4404,STANDARD,,1520,2.77,No Different than National Benchmark,8
CHI HEALTH ST. FRANCIS,2620 WEST FAIDLEY AVE,GRAND ISLAND,NE,68803,(308) 384-4600,STANDARD,,1520,0,No Different than National Benchmark,4
MONTEREY PARK HOSPITAL,900 S ATLANTIC BLVD,MONTEREY PARK,CA,91754,(626) 570-9000,STANDARD,,1519,0,No Different than National Benchmark,6
CALIFORNIA PACIFIC MEDICAL CENTER - MISSION BERNAL,3555 CESAR CHAVEZ,SAN FRANCISCO,CA,94110,(415) 641-6562,STANDARD,,1516,0.646,No Different than National Benchmark,14
PROGRESS WEST HOSPITAL,2 PROGRESS POINT PKWY,OFALLON,MO,63368,(636) 344-2273,STANDARD,,1516,N/A,Not Available,8
VAL VERDE REGIONAL MEDICAL CENTER,801 BEDELL AVE,DEL RIO,TX,78840,(830) 775-8566,STANDARD,,1514,N/A,Not Available,2
SOUTHWESTERN VERMONT MEDICAL CENTER,100 HOSPITAL DRIVE,BENNINGTON,VT,5201,(802) 442-6361,STANDARD,,1514,2.664,No Different than National Benchmark,7
BYRD REGIONAL HOSPITAL,1020 FERTITTA BLVD,LEESVILLE,LA,71446,(337) 239-9041,STANDARD,,1513,N/A,Not Available,1
LANE REGIONAL MEDICAL CENTER,6300 MAIN STREET,ZACHARY,LA,70791,(225) 658-4000,STANDARD,,1510,0,No Different than National Benchmark,4
ST FRANCIS HOSPITAL,7TH AND CLAYTON STS,WILMINGTON,DE,19805,(302) 421-4100,STANDARD,,1509,0.653,No Different than National Benchmark,6
CHEROKEE NATION W W HASTINGS INDIAN HOSPITAL,100 S BLISS AVENUE,TAHLEQUAH,OK,74464,(918) 458-3100,STANDARD,HAC_PENALIZED,1506,2.655,No Different than National Benchmark,9
WINONA HEALTH SERVICES,855 MANKATO AVENUE,WINONA,MN,55987,(507) 454-3650,STANDARD,,1504,N/A,Not Available,2
HCA FLORIDA RAULERSON HOSPITAL,1796 HWY 441 NORTH,OKEECHOBEE,FL,34972,(863) 763-2151,STANDARD,,1499,N/A,Not Available,4
SAINT JOSEPH MEDICAL CENTER,333 N MADISON ST,JOLIET,IL,60435,(815) 725-7133,STANDARD,HAC_PENALIZED,1493,2.106,No Different than National Benchmark,18
GOOD SHEPHERD MEDICAL CENTER,610 NW 11TH STREET,HERMISTON,OR,97838,(541) 667-3400,STANDARD,,1491,N/A,Not Available,9
VA AMARILLO HEALTHCARE SYSTEM,6010 AMARILLO BLVD. WEST,AMARILLO,TX,79106,(806) 355-9703,STANDARD,,1491,N/A,Not Available,0
COLUMBIA SC VA MEDICAL CENTER,6439 GARNERS FERRY ROAD,COLUMBIA,SC,29209,(803) 695-7980,VA,,1490,0,No Different than National Benchmark,0
SIERRA NEVADA MEMORIAL HOSPITAL,155 GLASSON WAY,GRASS VALLEY,CA,95945,(530) 274-6000,STANDARD,,1488,0,No Different than National Benchmark,2
SOUTHEASTERN OHIO REGIONAL MEDICAL CENTER,1341 NORTH CLARK STREET,CAMBRIDGE,OH,43725,(740) 439-8000,STANDARD,HAC_AT_RISK,1488,0,No Different than National Benchmark,1
NMC San Diego,34800 Bob Wilson Dr,San Diego,CA,92134,(619) 532-6400,STANDARD,,1482,0,No Different than National Benchmark,0
RUSH OAK PARK HOSPITAL,520 S MAPLE AVE,OAK PARK,IL,60304,(708) 383-9300,STANDARD,,1482,0,No Different than National Benchmark,19
NORTHWELL HOSPITAL GLEN COVE,101 ST ANDREWS LANE,GLEN COVE,NY,11542,(516) 674-7300,STANDARD,,1481,0.867,No Different than National Benchmark,14
MIZELL MEMORIAL HOSPITAL,702 N MAIN ST,OPP,AL,36467,(334) 493-3541,STANDARD,,1480,N/A,Not Available,1
SUTTER DAVIS HOSPITAL,2000 SUTTER PLACE,DAVIS,CA,95616,(530) 757-5108,STANDARD,,1478,N/A,Not Available,7
RESOLUTE HEALTH HOSPITAL,"555 CREEKSIDE XING,",NEW BRAUNFELS,TX,78130,(469) 839-6778,STANDARD,,1476,0,No Different than National Benchmark,4
GRADY MEMORIAL HOSPITAL,561 WEST CENTRAL AVENUE,DELAWARE,OH,43015,(740) 368-5145,STANDARD,HAC_AT_RISK,1475,0,No Different than National Benchmark,10
MOUNT PLEASANT HOSPITAL,3510 HIGHWAY 17 NORTH SUITE 140,MOUNT PLEASANT,SC,29466,(843) 724-2954,STANDARD,,1475,N/A,Not Available,11
VA SIERRA NEVADA HEALTHCARE SYSTEM,975 KIRMAN AVENUE,RENO,NV,89502,(775) 328-1263,STANDARD,,1473,0.858,No Different than National Benchmark,0
HCA FLORIDA ST PETERSBURG HOSPITAL,6500 38TH AVE N,SAINT PETERSBURG,FL,33710,(727) 384-1414,STANDARD,,1471,0,No Different than National Benchmark,6
NORTHWESTERN LAKE FOREST HOSPITAL,1000 N WESTMORELAND ROAD,LAKE FOREST,IL,60045,(847) 234-5600,STANDARD,,1471,0,No Different than National Benchmark,34
MARTINSBURG VA MEDICAL CENTER,510 BUTLER AVE.,MARTINSBURG,WV,25405,(304) 263-0811,VA,,1465,N/A,Not Available,0
ANDROSCOGGIN VALLEY HOSPITAL,59 PAGE HILL ROAD,BERLIN,NH,3570,(603) 752-2200,STANDARD,,1463,0,Better than the National Benchmark,2
WOMANS HOSPITAL,100 WOMAN'S WAY,BATON ROUGE,LA,70817,(225) 927-1300,STANDARD,HAC_PENALIZED,1460,0,No Different than National Benchmark,5
ANNA JAQUES HOSPITAL,25 HIGHLAND AVENUE,NEWBURYPORT,MA,1950,(978) 463-1000,STANDARD,,1457,0.994,No Different than National Benchmark,13
EAST LIVERPOOL CITY HOSPITAL,425 WEST 5TH STREET,EAST LIVERPOOL,OH,43920,(330) 385-7200,STANDARD,,1454,0,No Different than National Benchmark,3
OCHSNER AMERICAN LEGION HOSPITAL,1634 ELTON ROAD,JENNINGS,LA,70546,(337) 616-7000,STANDARD,,1451,N/A,Not Available,4
AURORA LAKELAND MEDICAL CENTER,W3985 COUNTY ROAD NN,ELKHORN,WI,53121,(262) 741-2000,STANDARD,,1444,0.875,No Different than National Benchmark,8
W.G. (BILL) HEFNER SALISBURY VA MEDICAL CENTER (SALSBURY),1601 BRENNER AVENUE,SALISBURY,NC,28144,(704) 638-9000,VA,,1442,N/A,Not Available,0
FORT LOUDOUN MEDICAL CENTER,550 FORT LOUDON MEDICAL CENTER DR,LENOIR CITY,TN,37772,(865) 271-6000,STANDARD,,1438,N/A,Not Available,6
NORTH TEXAS MEDICAL CENTER,1900 HOSPITAL BLVD,GAINESVILLE,TX,76240,(940) 612-8600,STANDARD,,1438,N/A,Not Available,3
LASALLE GENERAL HOSPITAL,187 NINTH ST/HWY 84 WEST,JENA,LA,71342,(318) 992-9200,STANDARD,HAC_PENALIZED,1437,N/A,Not Available,2
AHMC SETON MEDICAL CENTER,1900 SULLIVAN AVENUE,DALY CITY,CA,94015,(650) 992-4000,STANDARD,,1435,0,No Different than National Benchmark,1
MEDICAL CITY LAS COLINAS,6800 N MACARTHUR BLVD,IRVING,TX,75039,(972) 969-2000,STANDARD,,1434,0,No Different than National Benchmark,3
TOGUS VA MEDICAL CENTER,1 VA CENTER,AUGUSTA,ME,4330,(207) 623-8411,VA,,1433,N/A,Not Available,0
VIRTUA WILLINGBORO HOSPITAL,218A SUNSET ROAD,WILLINGBORO,NJ,8046,(609) 835-2900,STANDARD,HAC_AT_RISK,1433,0.689,No Different than National Benchmark,21
MAINEHEALTH PEN BAY HOSPITAL,6 GLEN COVE DRIVE,ROCKPORT,ME,4856,(207) 921-8000,STANDARD,,1432,N/A,Not Available,9
ISLAND HOSPITAL,1211  24TH STREET,ANACORTES,WA,98221,(360) 299-1300,STANDARD,,1432,N/A,Not Available,10
PROVIDENCE LITTLE CO OF MARY MED CTR SAN PEDRO,1300 W 7TH ST,SAN PEDRO,CA,90732,(310) 832-3311,STANDARD,,1431,0.808,No Different than National Benchmark,4
60th Medical Group (Travis AFB),101 Bodin Cir Bldg 777,Travis AFB,CA,94535,(707) 423-7300,STANDARD,,1430,N/A,Not Available,0
BANNER OCOTILLO MEDICAL CENTER,1405 SOUTH ALMA SCHOOL ROAD,CHANDLER,AZ,85286,(480) 256-7000,STANDARD,,1428,N/A,Not Available,8
Womack AMC (FT Bragg),2817 Reilly Rd,Fort Bragg,NC,28310,(910) 907-9262,STANDARD,,1428,0.865,No Different than National Benchmark,0
METHODIST HOSPITAL OF SACRAMENTO,7500 HOSPITAL DRIVE,SACRAMENTO,CA,95823,(916) 423-6010,STANDARD,,1426,1.883,No Different than National Benchmark,6
SPENCER MUNICIPAL HOSPITAL,1200 1ST AVENUE EAST,SPENCER,IA,51301,(712) 264-6198,STANDARD,,1425,N/A,Not Available,7
RUSSELLVILLE HOSPITAL,15155 HIGHWAY 43,RUSSELLVILLE,AL,35653,(256) 332-1611,STANDARD,,1422,N/A,Not Available,0
BUCHANAN GENERAL HOSPITAL,1535 SLATE CREEK ROAD,GRUNDY,VA,24614,(276) 935-1000,STANDARD,,1421,N/A,Not Available,0
HOLY CROSS HOSPITAL-DAVIS,1600 WEST ANTELOPE DRIVE,LAYTON,UT,84041,(801) 807-7000,STANDARD,,1420,0,No Different than National Benchmark,4
PRESENCE SAINT FRANCIS HOSPITAL,355 RIDGE AVE,EVANSTON,IL,60202,(847) 316-4000,STANDARD,,1419,0,No Different than National Benchmark,13
LA PALMA INTERCOMMUNITY HOSPITAL,7901 WALKER STREET,LA PALMA,CA,90623,(714) 670-7400,STANDARD,,1417,0.86,No Different than National Benchmark,3
HUDSON REGIONAL HOSPITAL,55 MEADOWLANDS PKWY,SECAUCUS,NJ,7094,(201) 392-3200,STANDARD,,1413,N/A,Not Available,3
HENRY COUNTY MEMORIAL HOSPITAL,1000 N 16TH ST,NEW CASTLE,IN,47362,(765) 521-0890,STANDARD,,1411,N/A,Not Available,4
CAREPOINT HEALTH - BAYONNE MEDICAL CENTER,29 EAST 29TH ST,BAYONNE,NJ,7002,(201) 858-5000,STANDARD,,1410,0,No Different than National Benchmark,5
UPMC SOMERSET,225 SOUTH CENTER AVENUE,SOMERSET,PA,15501,(814) 443-5000,STANDARD,,1409,N/A,Not Available,5
RAINY LAKE MEDICAL CENTER,1400 HIGHWAY 71,INTERNATIONAL FALLS,MN,56649,(218) 283-4481,STANDARD,,1407,0.291,No Different than National Benchmark,1
ROSELAND COMMUNITY HOSPITAL,45 W 111TH STREET,CHICAGO,IL,60628,(773) 995-3000,STANDARD,HAC_PENALIZED,1405,0.973,No Different than National Benchmark,0
CLIFTON SPRINGS HOSPITAL AND CLINIC,2 COULTER ROAD,CLIFTON SPRINGS,NY,14432,(315) 462-9561,STANDARD,HAC_PENALIZED,1405,0,No Different than National Benchmark,5
INTERMOUNTAIN HEALTH PLATTE VALLEY HOSPITAL,1600 PRAIRIE CENTER PKWY,BRIGHTON,CO,80601,(303) 498-1600,STANDARD,,1399,N/A,Not Available,8
COASTAL COMMUNITIES HOSPITAL,2701 S BRISTOL ST,SANTA ANA,CA,92704,(714) 754-5454,STANDARD,,1394,N/A,Not Available,4
UVA HEALTH HAYMARKET MEDICAL CENTER,15225 HEALTHCOTE BOULEVARD,HAYMARKET,VA,20169,(571) 284-1000,STANDARD,,1394,0,No Different than National Benchmark,12
AVERA SACRED HEART HOSPITAL,501 SUMMIT ST,YANKTON,SD,57078,(605) 668-8000,STANDARD,,1378,1.957,No Different than National Benchmark,6
HCA FLORIDA ENGLEWOOD HOSPITAL,700 MEDICAL BLVD,ENGLEWOOD,FL,34223,(941) 475-6571,STANDARD,,1371,N/A,Not Available,2
BOISE VA MEDICAL CENTER,500 W. FORT STREET,BOISE,ID,83702,(208) 422-1000,VA,,1368,0,No Different than National Benchmark,0
"OKLAHOMA HEART HOSPITAL SOUTH, LLC",5200 EAST I-240 SERVICE ROAD,OKLAHOMA CITY,OK,73135,(405) 628-6000,STANDARD,HAC_AT_RISK,1366,N/A,Not Available,4
ST LUKE'S NAMPA MEDICAL CENTER,9850 WEST ST LUKES DRIVE,NAMPA,ID,83687,(208) 505-2000,STANDARD,,1358,2.196,No Different than National Benchmark,20
BAPTIST MEMORIAL HOSPITAL UNION CITY,"1201 BISHOP ST, PO BOX 310",UNION CITY,TN,38261,(731) 885-2410,STANDARD,,1354,N/A,Not Available,3
NORTHPORT VA MEDICAL CENTER,79 MIDDLEVILLE ROAD,NORTHPORT,NY,11768,(516) 261-4400,VA,,1352,0,No Different than National Benchmark,0
VA CENTRAL IOWA HEALTHCARE SYSTEM,3600 30TH STREET,DES MOINES,IA,50310,(515) 699-5999,STANDARD,,1351,0.892,No Different than National Benchmark,0
REYNOLDS MEMORIAL HOSPITAL,800 WHEELING AVE,GLEN DALE,WV,26038,(304) 843-3230,STANDARD,,1350,0,No Different than National Benchmark,8
UNIVERSITY OF IOWA HEALTH CARE MEDICAL CENTER DOWN,500 E MARKET STREET,IOWA CITY,IA,52245,(319) 339-0300,STANDARD,,1346,N/A,Not Available,6
NORTHWEST FLORIDA COMMUNITY HOSPITAL,1360 BRICKYARD RD,CHIPLEY,FL,32428,(850) 638-1610,STANDARD,,1341,N/A,Not Available,0
CHRISTUS SPOHN HOSPITAL ALICE,2500 E MAIN STREET,ALICE,TX,78332,(361) 661-8016,STANDARD,,1340,N/A,Not Available,1
BAPTIST MEMORIAL HOSPITAL UNION COUNTY,200 HWY 30 WEST,NEW ALBANY,MS,38652,(662) 538-7631,STANDARD,HAC_AT_RISK,1339,N/A,Not Available,5
SOUTH TEXAS SPINE AND SURGICAL HOSPITAL,18600 NORTH HARDY OAK BLVD,SAN ANTONIO,TX,78258,(210) 404-0800,STANDARD,,1335,N/A,Not Available,0
SOUTH ARKANSAS REGIONAL HOSPITAL LLC,700 WEST GROVE STREET,EL DORADO,AR,71730,(870) 863-2000,STANDARD,,1334,N/A,Not Available,1
LEONARD J CHABERT MEDICAL CENTER,1978 INDUSTRIAL BLVD,HOUMA,LA,70363,(985) 873-2200,STANDARD,HAC_PENALIZED,1332,N/A,Not Available,3
AURELIA OSBORN FOX MEMORIAL HOSPITAL,ONE NORTON AVENUE,ONEONTA,NY,13820,(607) 432-2000,STANDARD,,1331,N/A,Not Available,8
OCH REGIONAL MEDICAL CENTER,400 HOSPITAL ROAD /MAIL PO BOX 1506,STARKVILLE,MS,39759,(662) 323-4320,STANDARD,,1330,N/A,Not Available,3
PROVIDENCE MILWAUKIE HOSPITAL,10150 SE 32ND AVENUE,MILWAUKIE,OR,97222,(503) 513-8300,STANDARD,HAC_PENALIZED,1329,N/A,Not Available,4
SUTTER LAKESIDE HOSPITAL,5176 HILL ROAD EAST,LAKEPORT,CA,95453,(707) 262-5000,STANDARD,,1327,N/A,Not Available,6
HUNTINGTON VA MEDICAL CENTER,1540 SPRING VALLEY ROAD,HUNTINGTON,WV,25704,(304) 429-0241,VA,,1326,0,No Different than National Benchmark,0
SUMMERSVILLE REGIONAL MEDICAL CENTER,400 FAIRVIEW HEIGHTS ROAD,SUMMERSVILLE,WV,26651,(304) 872-2891,STANDARD,,1323,N/A,Not Available,2
COLLETON MEDICAL CENTER,501 ROBERTSON BOULEVARD,WALTERBORO,SC,29488,(843) 782-2000,STANDARD,,1320,0,No Different than National Benchmark,2
QUAIL CREEK SURGICAL HOSPITAL,6819 PLUM CREEK,AMARILLO,TX,79124,(806) 354-6100,STANDARD,,1313,N/A,Not Available,1
ASCENSION ALL SAINTS HOSPITAL,3801 SPRING ST,RACINE,WI,53405,(262) 687-4011,STANDARD,,1312,0,No Different than National Benchmark,4
WHITESBURG ARH HOSPITAL,240 HOSPITAL ROAD,WHITESBURG,KY,41858,(606) 633-3500,STANDARD,,1311,N/A,Not Available,0
FOOTHILL REGIONAL MEDICAL CENTER,14662 NEWPORT AVE,TUSTIN,CA,92780,(714) 619-7700,STANDARD,,1309,N/A,Not Available,6
TENNOVA HEALTHCARE-JEFFERSON MEMORIAL HOSPITAL,110 HOSPITAL DRIVE,JEFFERSON CITY,TN,37760,(865) 471-2500,STANDARD,,1300,N/A,Not Available,5
VERDE VALLEY MEDICAL CENTER,269 SOUTH CANDY LANE,COTTONWOOD,AZ,86326,(928) 773-2357,STANDARD,,1299,0,No Different than National Benchmark,17
ABBEVILLE GENERAL HOSPITAL,118 N HOSPITAL DR,ABBEVILLE,LA,70510,(337) 893-5466,STANDARD,HAC_PENALIZED,1299,N/A,Not Available,2
MELBOURNE REGIONAL MEDICAL CENTER,250 NORTH WICKHAM ROAD,MELBOURNE,FL,32935,(321) 752-1200,STANDARD,,1297,N/A,Not Available,5
GREAT PLAINS HEALTH,601 WEST LEOTA ST,NORTH PLATTE,NE,69101,(308) 568-8000,STANDARD,,1296,N/A,Not Available,8
MEMORIAL HOSPITAL,500 LONDON AVENUE,MARYSVILLE,OH,43040,(937) 644-6115,STANDARD,,1295,N/A,Not Available,4
DIGNITY HEALTH ARIZONA GENERAL HOSPITAL,9130 EAST ELLIOT ROAD,MESA,AZ,85212,(480) 410-4500,STANDARD,,1292,N/A,Not Available,7
CORONA REGIONAL MEDICAL CENTER,800 SOUTH MAIN STREET,CORONA,CA,92882,(951) 736-6240,STANDARD,,1292,0,No Different than National Benchmark,7
OCHSNER UNIVERSITY HOSPITAL AND CLINICS,2390 WEST CONGRESS,LAFAYETTE,LA,70506,(337) 261-6000,STANDARD,HAC_PENALIZED,1290,N/A,Not Available,2
SAINT AGNES HOSPITAL,900 CATON AVENUE,BALTIMORE,MD,21229,(410) 368-6000,STANDARD,,1290,0,No Different than National Benchmark,8
GEORGE REGIONAL HEALTH SYSTEM,859 WINTER STREET,LUCEDALE,MS,39452,(601) 947-3161,STANDARD,,1290,N/A,Not Available,2
COAST PLAZA HOSPITAL,13100 STUDERBAKER ROAD,NORWALK,CA,90650,(562) 868-3751,STANDARD,,1289,N/A,Not Available,0
SAMARITAN LEBANON COMMUNITY HOSPITAL,525 N SANTIAM HIGHWAY,LEBANON,OR,97355,(541) 258-2101,STANDARD,,1286,N/A,Not Available,4
ASCENSION ST VINCENT ANDERSON,2015 JACKSON ST,ANDERSON,IN,46016,(765) 649-2511,STANDARD,,1285,N/A,Not Available,4
THE MONROE CLINIC,515 22ND AVE,MONROE,WI,53566,(608) 324-2000,STANDARD,,1278,N/A,Not Available,2
ST VINCENT HEART CENTER,10580 N MERIDIAN ST,CARMEL,IN,46290,(317) 583-5000,STANDARD,HAC_AT_RISK,1277,N/A,Not Available,4
HOLY FAMILY MEMORIAL,2300 WESTERN AVE,MANITOWOC,WI,54221,(920) 320-2011,STANDARD,,1277,N/A,Not Available,2
DUPONT HOSPITAL LLC,2520 E DUPONT RD,FORT WAYNE,IN,46825,(260) 416-3000,STANDARD,,1275,0,No Different than National Benchmark,5
ROPER ST FRANCIS HOSPITAL-BERKELEY INC,100 CALLEN BLVD.,SUMMERVILLE,SC,29486,(854) 529-3002,STANDARD,,1275,N/A,Not Available,20
CENTURA HEALTH-AVISTA ADVENTIST HOSPITAL,100 HEALTH PARK DR,LOUISVILLE,CO,80027,(303) 673-1000,STANDARD,,1274,0,No Different than National Benchmark,11
ST MARY'S REGIONAL MEDICAL CENTER,93 CAMPUS AVENUE - PO BOX 291,LEWISTON,ME,4243,(207) 777-8100,STANDARD,HAC_AT_RISK,1273,N/A,Not Available,4
MOUNT ST. MARY'S HOSPITAL & HEALTH CENTER,5300 MILITARY ROAD,LEWISTON,NY,14092,(716) 297-4800,STANDARD,,1273,N/A,Not Available,11
MITCHELL COUNTY HOSPITAL HEALTH SYSTEMS,"400 W 8TH STREET, P O BOX 399",BELOIT,KS,67420,(785) 738-2266,STANDARD,,1272,0,Better than the National Benchmark,1
PENN HIGHLANDS HUNTINGDON,1225 WARM SPRINGS AVE,HUNTINGDON,PA,16652,(814) 643-2290,STANDARD,,1271,N/A,Not Available,6
HARLAN ARH HOSPITAL,81 BALL PARK ROAD,HARLAN,KY,40831,(606) 573-8100,STANDARD,HAC_PENALIZED,1269,N/A,Not Available,1
THE MEDICAL CENTER OF SOUTHEAST TEXAS,2555 JIMMY JOHNSON BLVD,PORT ARTHUR,TX,77640,(409) 853-5900,STANDARD,,1269,0,No Different than National Benchmark,0
SENTARA HALIFAX REGIONAL HOSPITAL,2204 WILBORN AVENUE,SOUTH BOSTON,VA,24592,(434) 517-3100,STANDARD,,1267,N/A,Not Available,2
BON SECOURS COMMUNITY HOSPITAL,160 EAST MAIN STREET,PORT JERVIS,NY,12771,(845) 856-5351,STANDARD,HAC_PENALIZED,1266,N/A,Not Available,6
MERCY REGIONAL MEDICAL CENTER,800 E MAIN,VILLE PLATTE,LA,70586,(337) 363-5684,STANDARD,,1261,N/A,Not Available,1
ASCENSION NE WISCONSIN - ST ELIZABETH CAMPUS,1506 S ONEIDA ST,APPLETON,WI,54915,(920) 738-2000,STANDARD,,1258,N/A,Not Available,8
MAINEHEALTH WALDO HOSPITAL,118 NORTHPORT AVE,BELFAST,ME,4915,(207) 338-2500,STANDARD,,1257,0,Better than the National Benchmark,2
UNION HOSPITAL,659 BOULEVARD,DOVER,OH,44622,(330) 343-3311,STANDARD,,1247,N/A,Not Available,10
COMMUNITY HOSPITAL,2351 'G' RD,GRAND JUNCTION,CO,81505,(970) 644-3011,STANDARD,,1246,N/A,Not Available,11
BAYLOR SCOTT &  WHITE MEDICAL CENTER - CENTENNIAL,12505 LEBANON ROAD,FRISCO,TX,75035,(972) 963-3333,STANDARD,,1245,N/A,Not Available,8
ACADIAN MEDICAL CENTER,3501 HIGHWAY 190 EAST,EUNICE,LA,70535,(337) 580-7903,STANDARD,HAC_PENALIZED,1244,N/A,Not Available,2
CHRISTUS SANTA ROSA HOSPITAL-SAN MARCOS,1301 WONDER WORLD DRIVE,SAN MARCOS,TX,78666,(512) 753-3511,STANDARD,,1242,N/A,Not Available,6
THREE RIVERS MEDICAL CENTER,2485 HIGHWAY 644,LOUISA,KY,41230,(606) 638-9451,STANDARD,,1241,N/A,Not Available,1
PRESBYTERIAN ESPANOLA HOSPITAL,1010 SPRUCE STREET,ESPANOLA,NM,87532,(505) 753-1502,STANDARD,HAC_PENALIZED,1241,N/A,Not Available,1
CLARKSBURG VA MEDICAL CENTER,1 MEDICAL CENTER DRIVE,CLARKSBURG,WV,26301,(304) 623-3461,VA,,1238,N/A,Not Available,0
BAYSTATE FRANKLIN MEDICAL CENTER,164 HIGH STREET,GREENFIELD,MA,1301,(413) 773-0211,STANDARD,,1237,0.827,No Different than National Benchmark,4
TIDELANDS GEORGETOWN MEMORIAL HOSPITAL,606 BLACK RIVER RD DRAWER 1718,GEORGETOWN,SC,29440,(843) 527-7000,STANDARD,HAC_AT_RISK,1235,N/A,Not Available,8
CANONSBURG GENERAL HOSPITAL,100 MEDICAL BOULEVARD,CANONSBURG,PA,15317,(724) 745-6100,STANDARD,HAC_PENALIZED,1232,0.818,No Different than National Benchmark,16
ROXBOROUGH MEMORIAL HOSPITAL,5800 RIDGE AVE,PHILADELPHIA,PA,19128,(215) 483-9900,STANDARD,,1230,N/A,Not Available,5
HOLY CROSS HOSPITAL - SALT LAKE,1050 EAST SOUTH TEMPLE,SALT LAKE CITY,UT,84102,(801) 350-4111,STANDARD,,1228,0,No Different than National Benchmark,4
MERIT HEALTH NATCHEZ,52 SERGEANT PRENTISS DRIVE,NATCHEZ,MS,39120,(601) 443-2100,STANDARD,HAC_PENALIZED,1227,N/A,Not Available,0
ALOMERE HEALTH,111 17TH AVENUE EAST,ALEXANDRIA,MN,56308,(320) 762-1511,STANDARD,,1225,0,No Different than National Benchmark,2
NEWBERRY COUNTY MEMORIAL HOSPITAL,2669 KINARD ST PO BOX 497,NEWBERRY,SC,29108,(803) 405-7145,STANDARD,,1223,N/A,Not Available,2
CHRISTUS SPOHN HOSPITAL KLEBERG,1311 EAST GENERAL CAVAZOS BLVD,KINGSVILLE,TX,78363,(361) 595-1661,STANDARD,,1213,N/A,Not Available,0
KANSAS MEDICAL CENTER LLC,1124 WEST 21ST STREET,ANDOVER,KS,67002,(316) 300-4000,STANDARD,,1211,N/A,Not Available,10
SHOREPOINT HEALTH PUNTA GORDA,809 E MARION AVE,PUNTA GORDA,FL,33950,(941) 639-3131,STANDARD,,1210,N/A,Not Available,0
VANDERBILT BEDFORD HOSPITAL,2835 HWY 231 NORTH,SHELBYVILLE,TN,37160,(931) 685-5433,STANDARD,HAC_PENALIZED,1209,N/A,Not Available,2
VA NORTH FLORIDA/SOUTH GEORGIA HEALTHCARE SYSTEM - LAKE CITY,619 SOUTH MARION AVENUE,LAKE CITY,FL,32025,(386) 755-3016,STANDARD,,1198,N/A,Not Available,0
BELTON REGIONAL MEDICAL CENTER,17065 S 71 HIGHWAY,BELTON,MO,64012,(816) 348-1200,STANDARD,,1193,N/A,Not Available,5
TIMPANOGOS REGIONAL HOSPITAL,750 WEST 800 NORTH,OREM,UT,84057,(801) 714-6800,STANDARD,,1191,N/A,Not Available,8
CARTERET GENERAL HOSPITAL,3500 ARENDELL ST,MOREHEAD CITY,NC,28557,(252) 808-6000,STANDARD,HAC_PENALIZED,1184,N/A,Not Available,8
MAGNOLIA HOSPITAL,101 HOSPITAL DRIVE,MAGNOLIA,AR,71753,(870) 235-3000,STANDARD,,1181,N/A,Not Available,1
SOUTH SUNFLOWER COUNTY HOSPITAL,121 EAST BAKER STREET,INDIANOLA,MS,38751,(662) 887-5235,STANDARD,,1177,N/A,Not Available,0
CAREWELL HEALTH MEDICAL CENTER,300 CENTRAL AVE,EAST ORANGE,NJ,7018,(973) 672-8400,STANDARD,HAC_PENALIZED,1175,N/A,Not Available,1
NOVANT HEALTH MEDICAL PARK HOSPITAL,1950 S HAWTHORNE RD,WINSTON-SALEM,NC,27103,(336) 718-0600,STANDARD,,1170,N/A,Not Available,9
"BAYHEALTH HOSPITAL, SUSSEX CAMPUS",100 WELLNESS WAY,MILFORD,DE,19963,(302) 422-3311,STANDARD,,1169,0,No Different than National Benchmark,18
UNIVERSITY OF MD MEDICAL CENTER MIDTOWN CAMPUS,827 LINDEN AVENUE,BALTIMORE,MD,21201,(410) 225-8996,STANDARD,HAC_AT_RISK,1169,1.754,No Different than National Benchmark,19
BUCYRUS COMMUNITY HOSPITAL,629 NORTH SANDUSKY AVENUE,BUCYRUS,OH,44820,(419) 563-9376,STANDARD,,1169,N/A,Not Available,3
U S M D HOSPITAL AT ARLINGTON L P,801 W INTERSTATE 20,ARLINGTON,TX,76017,(817) 472-3400,STANDARD,,1169,N/A,Not Available,36
WYTHE COUNTY COMMUNITY HOSPITAL,600 WEST RIDGE ROAD,WYTHEVILLE,VA,24382,(276) 228-0200,STANDARD,,1167,N/A,Not Available,1
INSIGHT HOSPITAL AND MEDICAL CENTER CHICAGO,2525 S MICHIGAN AVE,CHICAGO,IL,60616,(312) 567-2000,STANDARD,HAC_PENALIZED,1164,N/A,Not Available,4
SOUTHERN TENNESSEE REGIONAL HEALTH SYSTEM LAWRENCE,1607 SOUTH LOCUST AVENUE,LAWRENCEBURG,TN,38464,(931) 762-6571,STANDARD,HAC_PENALIZED,1164,N/A,Not Available,3
BAPTIST MEDICAL CENTER - NASSAU,1250 S 18TH ST,FERNANDINA BEACH,FL,32034,(904) 321-3500,STANDARD,,1159,N/A,Not Available,14
HENDERSON COUNTY COMMUNITY HOSPITAL,200 W CHURCH ST,LEXINGTON,TN,38351,(731) 968-1801,STANDARD,,1157,N/A,Not Available,1
COSHOCTON REGIONAL MEDICAL CENTER,1460 ORANGE STREET,COSHOCTON,OH,43812,(740) 622-6411,STANDARD,HAC_PENALIZED,1155,N/A,Not Available,1
INTEGRIS GROVE HOSPITAL,1001 EAST 18TH STREET,GROVE,OK,74344,(918) 786-2243,STANDARD,,1155,N/A,Not Available,2
DALLAS MEDICAL CENTER,7 MEDICAL PARKWAY,DALLAS,TX,75234,(972) 247-1000,STANDARD,HAC_PENALIZED,1155,N/A,Not Available,0
HCA FLORIDA SOUTH TAMPA HOSPITAL,2901 W SWANN AVE,TAMPA,FL,33609,(813) 873-6400,STANDARD,,1154,N/A,Not Available,7
MEMORIAL HOSPITAL MIRAMAR,1901 SW 172ND AVE,MIRAMAR,FL,33029,(954) 538-5000,STANDARD,,1151,0.816,No Different than National Benchmark,15
BROOKINGS HEALTH SYSTEM,300 22ND AVE,BROOKINGS,SD,57006,(605) 696-9000,STANDARD,,1150,N/A,Not Available,1
LAC/RANCHO LOS AMIGOS NATIONAL REHABILITATION  CTR,7601 EAST IMPERIAL HIGHWAY,DOWNEY,CA,90242,(562) 401-7022,STANDARD,,1143,N/A,Not Available,1
MADISON MEMORIAL HOSPITAL,450 EAST MAIN STREET,REXBURG,ID,83440,(208) 359-6488,STANDARD,,1141,N/A,Not Available,1
ORLANDO HEALTH ST CLOUD HOSPITAL,2906 17TH STREET,SAINT CLOUD,FL,34769,(407) 892-2135,STANDARD,HAC_PENALIZED,1140,N/A,Not Available,8
OSF SACRED HEART MEDICAL CENTER,812 N LOGAN AVE,DANVILLE,IL,61832,(217) 443-5000,STANDARD,HAC_PENALIZED,1138,N/A,Not Available,1
GRANVILLE HEALTH SYSTEMS,1010 COLLEGE ST,OXFORD,NC,27565,(919) 690-3000,STANDARD,HAC_PENALIZED,1136,N/A,Not Available,1
CENTRAL CAROLINA HOSPITAL,1135 CARTHAGE ST,SANFORD,NC,27330,(919) 774-2100,STANDARD,,1135,N/A,Not Available,2
COMMUNITY MEDICAL CENTER,2827 FORT MISSOULA RD,MISSOULA,MT,59804,(406) 728-4100,STANDARD,,1134,0,No Different than National Benchmark,11
TRISTAR NORTHCREST MEDICAL CENTER,100 NORTHCREST DRIVE,SPRINGFIELD,TN,37172,(615) 384-2411,STANDARD,,1134,N/A,Not Available,3
RIVERS HEALTH,2520 VALLEY DRIVE,POINT PLEASANT,WV,25550,(304) 675-4340,STANDARD,,1134,N/A,Not Available,1
GOLETA VALLEY COTTAGE HOSPITAL,351 S PATTERSON AVE,SANTA BARBARA,CA,93111,(805) 967-3411,STANDARD,,1131,N/A,Not Available,12
SAMARITAN HOSPITAL,801 EAST WHEELER ROAD,MOSES LAKE,WA,98837,(509) 765-5606,STANDARD,HAC_PENALIZED,1126,N/A,Not Available,1
AVOYELLES HOSPITAL,4231 HIGHWAY 1192,MARKSVILLE,LA,71351,(318) 253-8611,STANDARD,HAC_PENALIZED,1124,N/A,Not Available,6
JOHNSON MEMORIAL HOSPITAL,1125 W JEFFERSON ST,FRANKLIN,IN,46131,(317) 736-3300,STANDARD,,1123,N/A,Not Available,8
GRADY MEMORIAL HOSPITAL,2220 IOWA STREET,CHICKASHA,OK,73018,(405) 224-2300,STANDARD,HAC_AT_RISK,1121,N/A,Not Available,2
SUBURBAN COMMUNITY HOSPITAL,2701 DEKALB PIKE,NORRISTOWN,PA,19401,(610) 278-2000,STANDARD,,1119,N/A,Not Available,0
ANDALUSIA HEALTH,849 SOUTH THREE NOTCH STREET,ANDALUSIA,AL,36420,(334) 222-8466,STANDARD,,1117,N/A,Not Available,2
LONGMONT UNITED HOSPITAL,1950 MOUNTAIN VIEW AVE,LONGMONT,CO,80501,(303) 651-5111,STANDARD,,1113,N/A,Not Available,3
DAY KIMBALL HOSPITAL,320 POMFRET STREET,PUTNAM,CT,6260,(860) 928-6541,STANDARD,,1113,N/A,Not Available,3
UNC ROCKINGHAM,117 E KINGS HIGHWAY,EDEN,NC,27288,(336) 623-9711,STANDARD,,1112,N/A,Not Available,0
"PRAIRIE LAKES HEALTHCARE SYSTEM, INC",401 9TH AVENUE NW  POST OFFICE BOX 1210,WATERTOWN,SD,57201,(605) 882-7000,STANDARD,,1111,N/A,Not Available,1
BERGEN NEW BRIDGE MEDICAL CENTER,230 EAST RIDGEWOOD AVE,PARAMUS,NJ,7652,(201) 967-4000,STANDARD,,1110,0,No Different than National Benchmark,3
HILLCREST HOSPITAL CLAREMORE,1202 N MUSKOGEE PLACE,CLAREMORE,OK,74017,(918) 341-2556,STANDARD,,1109,N/A,Not Available,5
VIDANT DUPLIN HOSPITAL,401 N MAIN ST,KENANSVILLE,NC,28349,(910) 296-0941,STANDARD,HAC_PENALIZED,1099,0.86,No Different than National Benchmark,0
"MERCY HOSPITAL ARDMORE, INC",1011 14TH AVE NW,ARDMORE,OK,73401,(580) 223-5400,STANDARD,,1099,N/A,Not Available,2
BAYSTATE WING HOSPITAL,40 WRIGHT STREET,PALMER,MA,1069,(413) 283-7651,STANDARD,,1096,N/A,Not Available,6
FAITH REGIONAL HEALTH SERVICES,2700 WEST NORFOLK AVE,NORFOLK,NE,68701,(402) 371-4880,STANDARD,,1096,N/A,Not Available,6
PROVIDENCE NEWBERG MEDICAL CENTER,1001 PROVIDENCE DRIVE,NEWBERG,OR,97132,(503) 537-1555,STANDARD,,1096,N/A,Not Available,4
WATSONVILLE COMMUNITY HOSPITAL,75 NIELSON STREET,WATSONVILLE,CA,95076,(831) 724-4741,STANDARD,,1095,N/A,Not Available,2
HAYS MEDICAL CENTER,2220 CANTERBURY DRIVE,HAYS,KS,67601,(785) 623-5000,STANDARD,,1092,N/A,Not Available,5
PEKIN MEMORIAL HOSPITAL,600 SOUTH 13TH STREET,PEKIN,IL,61554,(309) 347-1151,STANDARD,HAC_PENALIZED,1090,N/A,Not Available,3
GARNET HEALTH  MEDICAL CENTER CATSKILLS,"68 HARRIS BUSHVILLE ROAD, P O BOX 800",HARRIS,NY,12742,(845) 794-3300,STANDARD,HAC_PENALIZED,1090,N/A,Not Available,6
MILLCREEK COMMUNITY HOSPITAL,5515 PEACH STREET,ERIE,PA,16509,(814) 864-4031,STANDARD,,1090,1.837,No Different than National Benchmark,1
RIVERTON HOSPITAL,3741 WEST 12600 SOUTH,RIVERTON,UT,84065,(801) 285-4000,STANDARD,,1089,N/A,Not Available,12
"SAINT FRANCIS HOSPITAL SOUTH, LLC",10501 EAST 91ST STREET SOUTH,TULSA,OK,74133,(918) 307-6010,STANDARD,,1081,0,No Different than National Benchmark,10
CHEROKEE MEDICAL CENTER,1530 N LIMESTONE ST,GAFFNEY,SC,29340,(864) 487-4271,STANDARD,HAC_PENALIZED,1081,N/A,Not Available,9
MEMORIAL HOSPITAL,1101 MICHIGAN AVE,LOGANSPORT,IN,46947,(574) 753-7541,STANDARD,,1078,N/A,Not Available,1
SUTTER AMADOR HOSPITAL,200 MISSION BLVD,JACKSON,CA,95642,(209) 223-7500,STANDARD,,1077,N/A,Not Available,10
MISSOURI BAPTIST SULLIVAN HOSPITAL,751 SAPPINGTON BRIDGE RD,SULLIVAN,MO,63080,(573) 468-4186,STANDARD,,1074,N/A,Not Available,1
ASPIRUS RHINELANDER HOSPITAL,2251 NORTH SHORE DR,RHINELANDER,WI,54501,(715) 361-2000,STANDARD,HAC_PENALIZED,1070,N/A,Not Available,4
DOCTORS HOSPITAL,5000 UNIVERSITY DR,CORAL GABLES,FL,33146,(786) 308-3000,STANDARD,HAC_PENALIZED,1067,0,No Different than National Benchmark,12
KITTITAS VALLEY COMMUNITY HOSPITAL,603 SOUTH CHESTNUT,ELLENSBURG,WA,98926,(509) 962-9841,STANDARD,,1062,N/A,Not Available,7
COMMUNITY HOSPITAL OF HUNTINGTON PARK,2623 E SLAUSON AVE,HUNTINGTON PARK,CA,90255,(323) 583-1931,STANDARD,,1059,N/A,Not Available,2
MERCY HOSPITAL WASHINGTON,901 EAST 5TH STREET,WASHINGTON,MO,63090,(636) 239-8000,STANDARD,,1058,N/A,Not Available,7
CHENANGO MEMORIAL HOSPITAL,179 NORTH BROAD STREET,NORWICH,NY,13815,(607) 337-4111,STANDARD,HAC_PENALIZED,1055,N/A,Not Available,3
PRISMA HEALTH BAPTIST PARKRIDGE,400 PALMETTO HEALTH PARKWAY,COLUMBIA,SC,29212,(803) 907-7011,STANDARD,HAC_PENALIZED,1055,N/A,Not Available,10
MANCHESTER MEMORIAL HOSPITAL,210 MARIE LANGDON DRIVE,MANCHESTER,KY,40962,(606) 598-5104,STANDARD,HAC_PENALIZED,1051,N/A,Not Available,0
"STAFFORD HOSPITAL, LLC",101 HOSPITAL CENTER BOULEVARD,STAFFORD,VA,22554,(540) 741-9000,STANDARD,,1047,N/A,Not Available,13
SAINT LUKE'S SOUTH HOSPITAL,12300 METCALF AVENUE,OVERLAND PARK,KS,66213,(913) 317-3303,STANDARD,,1046,N/A,Not Available,16
UPMC MCKEESPORT HOSPITAL,1500 FIFTH AVENUE,MC KEESPORT,PA,15132,(412) 664-2000,STANDARD,HAC_AT_RISK,1044,N/A,Not Available,8
NORTHERN LIGHT MAINE COAST HOSPITAL,50 UNION STREET,ELLSWORTH,ME,4605,(207) 667-5311,STANDARD,HAC_PENALIZED,1043,N/A,Not Available,6
ASHLEY COUNTY MEDICAL CENTER,1015 UNITY ROAD,CROSSETT,AR,71635,(870) 364-4111,STANDARD,,1037,N/A,Not Available,2
OHIOHEALTH O'BLENESS HOSPITAL,55 HOSPITAL DRIVE,ATHENS,OH,45701,(740) 593-5551,STANDARD,,1036,N/A,Not Available,7
SSM HEALTH ST MARY'S HOSPITAL - JANESVILLE,3400 EAST RACINE STREET,JANESVILLE,WI,53546,(608) 373-8000,STANDARD,HAC_PENALIZED,1036,N/A,Not Available,8
ADVENTHEALTH LAKE WALES,410 S 11TH ST,LAKE WALES,FL,33853,(863) 676-1433,STANDARD,,1035,N/A,Not Available,6
GULF BREEZE HOSPITAL,1110 GULF BREEZE PKWY,GULF BREEZE,FL,32561,(850) 934-2000,STANDARD,HAC_AT_RISK,1034,N/A,Not Available,16
SALEM VA MEDICAL CENTER,1970 ROANOKE BOULEVARD,SALEM,VA,24153,(540) 982-2463,VA,,1034,0,No Different than National Benchmark,0
SOUTHWESTERN MEDICAL CENTER,5602 SOUTHWEST LEE BOULEVARD,LAWTON,OK,73505,(405) 531-4701,STANDARD,HAC_PENALIZED,1033,N/A,Not Available,1
MAHASKA  HEALTH PARTNERSHIP,1229 C AVENUE EAST,OSKALOOSA,IA,52577,(641) 672-3100,STANDARD,,1032,N/A,Not Available,3
NEWMAN MEMORIAL HOSPITAL,905 SOUTH MAIN STREET,SHATTUCK,OK,73858,(580) 938-2551,STANDARD,,1032,N/A,Not Available,1
LOWER BUCKS HOSPITAL,501 BATH ROAD,BRISTOL,PA,19007,(215) 785-9200,STANDARD,,1031,N/A,Not Available,4
HENDRICK MEDICAL CENTER BROWNWOOD,1501 BURNET DR,BROWNWOOD,TX,76801,(325) 646-8541,STANDARD,,1031,N/A,Not Available,4
RIVERSIDE DOCTORS' HOSPITAL OF WILLIAMSBURG,1500 COMMONWEALTH AVENUE,WILLIAMSBURG,VA,23185,(757) 585-2010,STANDARD,HAC_PENALIZED,1028,N/A,Not Available,6
MESA VIEW REGIONAL HOSPITAL,1299 BERTHA HOWE AVENUE,MESQUITE,NV,89027,(702) 345-4280,STANDARD,,1025,0,No Different than National Benchmark,2
WILBARGER GENERAL HOSPITAL,920 HILLCREST DR,VERNON,TX,76384,(940) 552-9351,STANDARD,,1022,N/A,Not Available,4
MCLEOD HEALTH CLARENDON,10 EAST HOSPITAL STREET,MANNING,SC,29102,(803) 435-8463,STANDARD,,1019,N/A,Not Available,3
BANNER MCKEE MEDICAL CENTER,2000 BOISE AVE,LOVELAND,CO,80538,(970) 820-4640,STANDARD,,1018,N/A,Not Available,8
ASCENSION ST VINCENT'S CLAY COUNTY,1670 ST VINCENTS WAY,MIDDLEBURG,FL,32068,(904) 602-1000,STANDARD,,1011,N/A,Not Available,9
HCA FLORIDA TWIN CITIES HOSPITAL,2190 HWY 85 N,NICEVILLE,FL,32578,(850) 678-4131,STANDARD,,1009,N/A,Not Available,11
CORAL GABLES HOSPITAL,3100 DOUGLAS RD,CORAL GABLES,FL,33134,(305) 445-8461,STANDARD,,1005,N/A,Not Available,7
OCHSNER ST MARY,1125 MARGUERITE STREET,MORGAN CITY,LA,70380,(985) 384-2200,STANDARD,HAC_PENALIZED,1005,N/A,Not Available,2
OUACHITA COUNTY MEDICAL CENTER,638 CALIFORNIA AVENUE,CAMDEN,AR,71701,(870) 836-1000,STANDARD,,1003,N/A,Not Available,1
MERIT HEALTH MADISON,161 RIVER OAKS DRIVE,CANTON,MS,39046,(601) 855-4000,STANDARD,,1002,N/A,Not Available,3
MARION IL VA MEDICAL CENTER,2401 WEST MAIN,MARION,IL,62959,(618) 997-5311,VA,,997,N/A,Not Available,0
GREAT PLAINS REGIONAL MEDICAL CENTER,1801 WEST 3RD STREET,ELK CITY,OK,73644,(580) 225-2511,STANDARD,HAC_PENALIZED,996,N/A,Not Available,2
HOMESTEAD HOSPITAL,975 BAPTIST WAY,HOMESTEAD,FL,33033,(786) 243-8000,STANDARD,,995,N/A,Not Available,8
TEXAS HEALTH HEART & VASCULAR HOSPITAL ARLINGTON,811 WRIGHT STREET,ARLINGTON,TX,76012,(817) 960-3500,STANDARD,HAC_PENALIZED,994,N/A,Not Available,0
WHITE RIVER JCT VA MEDICAL CENTER,163 VETERANS DRIVE,WHITE RIVER JUNCTION,VT,5009,(802) 295-9363,VA,,993,N/A,Not Available,0
CLAIBORNE MEDICAL CENTER,1850 OLD KNOXVILLE HIGHWAY,TAZEWELL,TN,37879,(423) 626-4211,STANDARD,,989,N/A,Not Available,2
FAUQUIER HOSPITAL,500 HOSPITAL DRIVE,WARRENTON,VA,20186,(540) 316-5000,STANDARD,,989,N/A,Not Available,3
LEBANON VA MEDICAL CENTER,1700 SOUTH LINCOLN AVENUE,LEBANON,PA,17042,(717) 228-5901,VA,,986,N/A,Not Available,0
CONEMAUGH NASON MEDICAL CENTER,105 NASON DRIVE,ROARING SPRING,PA,16673,(814) 224-2141,STANDARD,,985,N/A,Not Available,1
METHODIST MIDLOTHIAN MEDICAL CENTER,1201 E HIGHWAY 287,MIDLOTHIAN,TX,76065,(469) 846-2000,STANDARD,,983,N/A,Not Available,4
OCONOMOWOC MEMORIAL HOSPITAL,791 E SUMMIT AVE,OCONOMOWOC,WI,53066,(262) 569-9400,STANDARD,,976,N/A,Not Available,10
SAINT JOSEPH MOUNT STERLING,225 FALCON DRIVE,MOUNT STERLING,KY,40353,(859) 497-5018,STANDARD,HAC_PENALIZED,974,N/A,Not Available,3
TWIN COUNTY REGIONAL HOSPITAL,200 HOSPITAL DRIVE,GALAX,VA,24333,(276) 236-1650,STANDARD,,974,N/A,Not Available,1
MONROE COUNTY HOSPITAL,2016 SOUTH ALABAMA AVENUE,MONROEVILLE,AL,36460,(251) 575-3111,STANDARD,,973,N/A,Not Available,0
ST ALEXIUS MEDICAL CENTER,1555 N BARRINGTON RD,HOFFMAN ESTATES,IL,60169,(847) 843-2000,STANDARD,,970,0,No Different than National Benchmark,22
CLINTON MEMORIAL HOSPITAL,610 WEST MAIN STREET,WILMINGTON,OH,45177,(937) 382-9335,STANDARD,,970,N/A,Not Available,2
GILA REGIONAL MEDICAL CENTER,1313 E 32ND ST,SILVER CITY,NM,88061,(575) 538-4100,STANDARD,,969,0.422,No Different than National Benchmark,5
HAMPTON REGIONAL MEDICAL CENTER,595 WEST CAROLINA AVENUE,VARNVILLE,SC,29944,(803) 943-2771,STANDARD,HAC_PENALIZED,968,N/A,Not Available,1
HCA FLORIDA UNIVERSITY HOSPITAL,3476 S UNIVERSITY DR.,DAVIE,FL,33328,(954) 475-4400,STANDARD,,967,N/A,Not Available,6
ESSENTIA HEALTH VIRGINIA,901 9TH STREET NORTH,VIRGINIA,MN,55792,(218) 741-3340,STANDARD,,962,N/A,Not Available,5
CAREPOINT HEALTH-HOBOKEN UNIVERSITY MEDICAL CENTER,308 WILLOW AVE,HOBOKEN,NJ,7030,(201) 418-1000,STANDARD,,961,N/A,Not Available,5
"COLUMBUS COMMUNITY HOSPITAL, INC",4600 38TH ST,COLUMBUS,NE,68601,(402) 564-7118,STANDARD,,960,N/A,Not Available,8
WHIDBEYHEALTH MEDICAL CENTER,101 NORTH MAIN STREET,COUPEVILLE,WA,98239,(360) 678-5151,STANDARD,,960,N/A,Not Available,5
"ADVENTHEALTH SOUTH OVERLAND PARK, INC",7820 W 165TH STREET,OVERLAND PARK,KS,66223,(913) 373-2000,STANDARD,,959,N/A,Not Available,12
"TRANSYLVANIA REGIONAL HOSPITAL, INC",90 HOSPITAL DRIVE PO BOX 1116,BREVARD,NC,28712,(828) 883-5302,STANDARD,,958,0,No Different than National Benchmark,0
HILL COUNTRY MEMORIAL HOSPITAL,1020 SOUTH STATE HIGHWAY 16,FREDERICKSBURG,TX,78624,(830) 997-4353,STANDARD,,957,N/A,Not Available,4
ASCENSION ST VINCENT'S SOUTHSIDE,4201 BELFORT RD,JACKSONVILLE,FL,32216,(904) 296-3700,STANDARD,,956,N/A,Not Available,11
FRANCISCAN HEALTH MOORESVILLE,1201 HADLEY RD,MOORESVILLE,IN,46158,(317) 831-1160,STANDARD,,956,N/A,Not Available,11
JACKSON HOSPITAL,4250 HOSPITAL DR,MARIANNA,FL,32446,(850) 526-2200,STANDARD,HAC_PENALIZED,955,N/A,Not Available,2
HI-DESERT MEDICAL CENTER,6601 WHITE FEATHER ROAD,JOSHUA TREE,CA,92252,(760) 366-3711,STANDARD,,951,N/A,Not Available,0
SAINT ALPHONSUS MEDICAL CENTER ONTARIO,351 SW 9TH STREET,ONTARIO,OR,97914,(541) 881-7000,STANDARD,HAC_PENALIZED,951,N/A,Not Available,4
OSF SAINT KATHARINE MEDICAL CENTER,403 E 1ST ST,DIXON,IL,61021,(815) 288-5531,STANDARD,HAC_PENALIZED,950,N/A,Not Available,4
SYCAMORE SHOALS HOSPITAL,1501 WEST ELK AVENUE,ELIZABETHTON,TN,37643,(423) 542-1300,STANDARD,HAC_PENALIZED,950,N/A,Not Available,2
THE MCDOWELL HOSPITAL,430 RANKIN DRIVE P O BOX 730,MARION,NC,28752,(828) 659-5000,STANDARD,HAC_PENALIZED,949,N/A,Not Available,4
JONES MEMORIAL HOSPITAL,191 NORTH MAIN STREET,WELLSVILLE,NY,14895,(585) 593-1100,STANDARD,,946,N/A,Not Available,3
GRANT MEMORIAL HOSPITAL,117 HOSPITAL DRIVE,PETERSBURG,WV,26847,(304) 257-1026,STANDARD,,946,0,No Different than National Benchmark,2
BAY PARK COMMUNITY HOSPITAL,2801 BAY PARK DRIVE,OREGON,OH,43616,(419) 690-7706,STANDARD,HAC_PENALIZED,943,N/A,Not Available,12
PRATT REGIONAL MEDICAL CENTER,200 COMMODORE ST,PRATT,KS,67124,(620) 450-1160,STANDARD,,941,N/A,Not Available,2
WESTERN MISSOURI MEDICAL CENTER,403 BURKARTH ROAD,WARRENSBURG,MO,64093,(660) 747-2500,STANDARD,,941,N/A,Not Available,7
SIOUX FALLS VA MEDICAL CENTER,2501 WEST 22ND STREET,SIOUX FALLS,SD,57117,(605) 336-3230,VA,,941,N/A,Not Available,0
CASTLEVIEW HOSPITAL,300 NORTH HOSPITAL DRIVE,PRICE,UT,84501,(435) 637-4800,STANDARD,,939,N/A,Not Available,3
WILSON MEMORIAL HOSPITAL,915 WEST MICHIGAN STREET,SIDNEY,OH,45365,(937) 498-5405,STANDARD,,938,N/A,Not Available,4
SAN MATEO MEDICAL CENTER,222 W 39TH AVE,SAN MATEO,CA,94403,(650) 573-2222,STANDARD,,937,N/A,Not Available,3
SAN RAMON REGIONAL MEDICAL CENTER,6001 NORRIS CANYON ROAD,SAN RAMON,CA,94583,(925) 275-9200,STANDARD,,937,N/A,Not Available,6
CHINO VALLEY MEDICAL CENTER,5451 WALNUT AVE,CHINO,CA,91710,(909) 627-6111,STANDARD,,936,N/A,Not Available,2
"MERCY HOSPITAL PITTSBURG, INC",1 MT CARMEL WAY,PITTSBURG,KS,66762,(620) 231-6100,STANDARD,,935,N/A,Not Available,2
BAYLOR SCOTT & WHITE MEDICAL CENTER - MARBLE FALLS,810 W HIGHWAY 71,MARBLE FALLS,TX,78654,(254) 215-9791,STANDARD,,932,N/A,Not Available,6
MARSHFIELD MEDICAL CENTER - RICE LAKE,1700 WEST STOUT STREET,RICE LAKE,WI,54868,(715) 234-1515,STANDARD,HAC_AT_RISK,932,N/A,Not Available,8
GALION COMMUNITY HOSPITAL,269 PORTLAND WAY SOUTH,GALION,OH,44833,(419) 468-4841,STANDARD,,931,N/A,Not Available,3
ADVENTIST HEALTH DELANO,1401 GARCES HIGHWAY,DELANO,CA,93215,(661) 725-4800,STANDARD,,930,N/A,Not Available,1
COVENANT HOSPITAL PLAINVIEW,2601 DIMMITT RD,PLAINVIEW,TX,79072,(806) 296-5531,STANDARD,,930,N/A,Not Available,3
UNIVERSITY HOSPITALS SAMARITAN MEDICAL CENTER,1025 CENTER ST,ASHLAND,OH,44805,(419) 289-0491,STANDARD,,927,N/A,Not Available,2
METRO NASHVILLE GENERAL HOSPITAL,1818 ALBION STREET,NASHVILLE,TN,37208,(615) 341-4490,STANDARD,,927,N/A,Not Available,1
ST MARYS HOSPITAL,1800 E LAKE SHORE DR,DECATUR,IL,62521,(217) 464-2966,STANDARD,HAC_PENALIZED,926,N/A,Not Available,4
D W MCMILLAN MEMORIAL HOSPITAL,1301 BELLEVILLE AVENUE,BREWTON,AL,36426,(251) 867-8061,STANDARD,,925,N/A,Not Available,2
TROY REGIONAL MEDICAL CENTER,1330 HIGHWAY 231 SOUTH,TROY,AL,36081,(334) 670-5000,STANDARD,,925,N/A,Not Available,1
ROLLING PLAINS MEMORIAL HOSPITAL,200 E ARIZONA,SWEETWATER,TX,79556,(325) 235-1701,STANDARD,,925,N/A,Not Available,2
CENTRACARE- RICE MEMORIAL HOSPITAL,301 BECKER AVE SW,WILLMAR,MN,56201,(320) 235-4543,STANDARD,,923,N/A,Not Available,3
BANNER CHURCHILL COMMUNITY HOSPITAL,801 EAST WILLIAMS AVENUE,FALLON,NV,89406,(775) 423-3151,STANDARD,,922,N/A,Not Available,3
FARGO VA MEDICAL CENTER,2101 ELM STREET,FARGO,ND,58102,(701) 232-3241,VA,,921,N/A,Not Available,0
UPMC WELLSBORO,32-36 CENTRAL AVENUE,WELLSBORO,PA,16901,(570) 723-7764,STANDARD,,918,N/A,Not Available,4
NORTHERN NEVADA SIERRA MEDICAL CENTER,6500 LONGLEY LANE,RENO,NV,89511,(775) 799-7320,STANDARD,,917,N/A,Not Available,0
BAYLOR SCOTT & WHITE MEDICAL CENTER - FRISCO,5601 WARREN PARKWAY,FRISCO,TX,75034,(214) 407-5000,STANDARD,,916,N/A,Not Available,12
STONEWALL JACKSON MEMORIAL HOSPITAL,230 HOSPITAL PLAZA,WESTON,WV,26452,(304) 269-8000,STANDARD,HAC_PENALIZED,916,N/A,Not Available,2
"COMMUNITY HOSPITAL, LLC",3100 SOUTHWEST 89TH STREET,OKLAHOMA CITY,OK,73159,(405) 602-8100,STANDARD,,915,N/A,Not Available,11
WABASH GENERAL HOSPITAL 1,1418 COLLEGE DRIVE,MOUNT CARMEL,IL,62863,(618) 262-8621,STANDARD,,914,0,No Different than National Benchmark,2
GRANDE RONDE HOSPITAL,900 SUNSET DRIVE,LA GRANDE,OR,97850,(541) 963-8421,STANDARD,,914,0,No Different than National Benchmark,3
UT HEALTH EAST TEXAS QUITMAN HOSPITAL,117 WINNSBORO STREET,QUITMAN,TX,75783,(903) 763-6300,STANDARD,,914,0,No Different than National Benchmark,1
SAINT ANTHONY HOSPITAL,2875 WEST 19TH STREET,CHICAGO,IL,60623,(773) 521-1710,STANDARD,,913,N/A,Not Available,3
ALLIANCE COMMUNITY HOSPITAL,200 EAST STATE STREET,ALLIANCE,OH,44601,(330) 596-6000,STANDARD,,913,N/A,Not Available,10
"ASPIRUS STEVENS POINT HOSPITAL & CLINICS, INC.",900 ILLINOIS AVE,STEVENS POINT,WI,54481,(715) 346-5000,STANDARD,,913,N/A,Not Available,5
EL CAMPO MEMORIAL HOSPITAL,303 SANDY CORNER RD,EL CAMPO,TX,77437,(979) 578-5251,STANDARD,HAC_PENALIZED,910,N/A,Not Available,2
PRISMA HEALTH HILLCREST HOSPITAL,741 SOUTH EAST MAIN STREET,SIMPSONVILLE,SC,29681,(864) 454-6100,STANDARD,HAC_PENALIZED,908,N/A,Not Available,10
CHICKASAW NATION MEDICAL CENTER,1921 STONECIPHER BLVD,ADA,OK,74820,(580) 436-3980,STANDARD,,907,N/A,Not Available,3
VOLUNTEER COMMUNITY HOSPITAL,161 MOUNT PELIA RD,MARTIN,TN,38237,(731) 479-6057,STANDARD,HAC_PENALIZED,900,N/A,Not Available,1
MAYO CLINIC HEALTH SYSTEM CHIPPEWA VALLEY,1501 THOMPSON ST,BLOOMER,WI,54724,(715) 568-2000,STANDARD,,900,N/A,Not Available,8
CLARION HOSPITAL,ONE HOSPITAL DRIVE,CLARION,PA,16214,(814) 226-9500,STANDARD,,899,N/A,Not Available,7
NORTH CENTRAL SURGICAL CENTER LLP,9301 NORTH CENTRAL EXPRESSWAY SUITE 100,DALLAS,TX,75231,(214) 265-2810,STANDARD,,899,N/A,Not Available,2
JOHNSON REGIONAL MEDICAL CENTER,1100 EAST POPLAR STREET,CLARKSVILLE,AR,72830,(479) 754-5454,STANDARD,,897,N/A,Not Available,1
HOLY CROSS HOSPITAL A DIV OF TAOS HEALTH SYSTEMS,1397 WEIMER ROAD,TAOS,NM,87571,(575) 758-8883,STANDARD,,897,N/A,Not Available,4
COVENANT HEALTH HOBBS HOSPITAL,5419 N LOVINGTON HIGHWAY,HOBBS,NM,88240,(575) 492-5000,STANDARD,,894,N/A,Not Available,0
THE GENERAL,"3600 FLORIDA BLVD, SUITE 2020",BATON ROUGE,LA,70806,(225) 381-6393,STANDARD,,892,N/A,Not Available,0
SHENANDOAH MEMORIAL HOSPITAL,759 SOUTH MAIN STREET,WOODSTOCK,VA,22664,(540) 459-1100,STANDARD,,892,N/A,Not Available,8
POTOMAC VALLEY HOSPITAL,100 PIN OAK LANE,KEYSER,WV,26726,(304) 597-3500,STANDARD,,892,N/A,Not Available,8
MARGARET MARY COMMUNITY HOSPITAL INC,321 MITCHELL AVE,BATESVILLE,IN,47006,(812) 934-6624,STANDARD,,891,N/A,Not Available,2
THE HEALTH CARE AUTHORITY OF THE CITY OF GREENVILLE- LV STABLER HOSPITAL,29 L V STABLER DRIVE,GREENVILLE,AL,36037,(334) 382-2200,STANDARD,,887,N/A,Not Available,0
HANCOCK REGIONAL HOSPITAL,801 N STATE ST,GREENFIELD,IN,46140,(317) 462-5544,STANDARD,,887,N/A,Not Available,6
COPLEY HOSPITAL,528 WASHINGTON HIGHWAY,MORRISVILLE,VT,5661,(802) 888-4231,STANDARD,,884,N/A,Not Available,6
PENN HIGHLANDS ELK,763 JOHNSONBURG ROAD,SAINT MARYS,PA,15857,(814) 788-8000,STANDARD,,882,N/A,Not Available,6
SURGICAL HOSPITAL AT SOUTHWOODS,7630 SOUTHERN BLVD,YOUNGSTOWN,OH,44512,(330) 729-8000,STANDARD,,880,N/A,Not Available,10
BAPTIST MEMORIAL HOSPITAL TIPTON,1995 HIGHWAY 51 S,COVINGTON,TN,38019,(901) 476-2621,STANDARD,,880,N/A,Not Available,3
WILSON N JONES REGIONAL MEDICAL CENTER,500 N HIGHLAND AVENUE,SHERMAN,TX,75092,(903) 870-4611,STANDARD,,880,N/A,Not Available,1
NORTHWEST MEDICAL CENTER,1530 U S HIGHWAY 43,WINFIELD,AL,35594,(205) 487-7000,STANDARD,,873,N/A,Not Available,2
HOSPITAL FOR SPECIAL SURGERY,535 EAST 70TH STREET,NEW YORK,NY,10021,(212) 606-1000,STANDARD,,872,N/A,Not Available,3
UNITY MEDICAL CENTER,481 INTERSTATE DRIVE,MANCHESTER,TN,37355,(931) 728-6354,STANDARD,,872,N/A,Not Available,0
UPMC COLE,1001 EAST SECOND STREET,COUDERSPORT,PA,16915,(814) 274-9301,STANDARD,,869,N/A,Not Available,3
AURORA MEDICAL CTR MANITOWOC COUNTY,5000 MEMORIAL DRIVE,TWO RIVERS,WI,54241,(920) 794-5000,STANDARD,,869,N/A,Not Available,4
VIDANT CHOWAN HOSPITAL,211 VIRGINIA RD,EDENTON,NC,27932,(252) 482-8451,STANDARD,,868,0.471,No Different than National Benchmark,8
BRATTLEBORO MEMORIAL HOSPITAL,17 BELMONT AVE,BRATTLEBORO,VT,5301,(802) 257-0341,STANDARD,,867,N/A,Not Available,1
ST JOSEPH MEMORIAL HOSPITAL,2 SOUTH HOSPITAL DRIVE,MURPHYSBORO,IL,62966,(618) 684-3156,STANDARD,,862,0.95,No Different than National Benchmark,4
AVERA ST MARY'S HOSPITAL,801 E SIOUX,PIERRE,SD,57501,(605) 224-3100,STANDARD,,861,N/A,Not Available,2
MERCER COUNTY JOINT TOWNSHIP COMMUNITY HOSPITAL,800 WEST MAIN STREET,COLDWATER,OH,45828,(419) 678-4843,STANDARD,,860,N/A,Not Available,4
MERCY HEALTH - TIFFIN HOSPITAL,45 ST LAWRENCE DRIVE,TIFFIN,OH,44883,(419) 455-7000,STANDARD,,860,N/A,Not Available,4
ST LUKE'S MINERS MEMORIAL HOSPITAL,360 W RUDDLE STREET,COALDALE,PA,18218,(570) 645-2131,STANDARD,,860,N/A,Not Available,16
SAN LUIS VALLEY REGIONAL  MEDICAL CENTER,106 BLANCA AVE,ALAMOSA,CO,81101,(719) 587-1202,STANDARD,,859,N/A,Not Available,3
TUG VALLEY ARH REGIONAL MEDICAL CENTER,260 HOSPITAL DRIVE,SOUTH WILLIAMSON,KY,41503,(606) 237-1700,STANDARD,,859,N/A,Not Available,0
ADVENTIST HEALTH CLEARLAKE,15630 18TH AVE - HWY 53,CLEARLAKE,CA,95422,(707) 994-6486,STANDARD,,858,0,No Different than National Benchmark,6
MOREHOUSE GENERAL HOSPITAL,323 W WALNUT,BASTROP,LA,71220,(318) 283-3600,STANDARD,HAC_PENALIZED,858,N/A,Not Available,0
CAPE FEAR VALLEY-BLADEN COUNTY HOSPITAL,501 SOUTH POPLAR STREET,ELIZABETHTOWN,NC,28337,(910) 862-5100,STANDARD,,858,N/A,Not Available,3
CEDAR CITY HOSPITAL,1303 NORTH MAIN STREET,CEDAR CITY,UT,84721,(435) 868-5800,STANDARD,,858,N/A,Not Available,5
OTTUMWA REGIONAL HEALTH CENTER,1001 E PENNSYLVANIA,OTTUMWA,IA,52501,(641) 682-7511,STANDARD,,857,N/A,Not Available,1
WITHAM HEALTH SERVICES,2605 N LEBANON ST,LEBANON,IN,46052,(765) 485-8000,STANDARD,,854,N/A,Not Available,6
DUNES SURGICAL HOSPITAL,600 N SIOUX POINT ROAD,DAKOTA DUNES,SD,57049,(605) 232-3332,STANDARD,,854,N/A,Not Available,8
TAMARACK HEALTH ASHLAND MEDICAL CENTER,1615 MAPLE LANE,ASHLAND,WI,54806,(715) 685-5500,STANDARD,,852,N/A,Not Available,3
WILMINGTON VA MEDICAL CENTER,1601 KIRKWOOD HIGHWAY,WILMINGTON,DE,19805,(302) 994-2511,VA,,848,N/A,Not Available,0
HAMPTON VA MEDICAL CENTER,100 EMANCIPATION DRIVE,HAMPTON,VA,23667,(757) 722-9961,VA,,844,N/A,Not Available,0
MENIFEE GLOBAL MEDICAL CENTER,28400 MCCALL BOULEVARD,SUN CITY,CA,92585,(951) 679-8888,STANDARD,,842,N/A,Not Available,0
SIDNEY HEALTH CENTER,216 14TH AVE SW,SIDNEY,MT,59270,(406) 488-2100,STANDARD,,842,0.486,No Different than National Benchmark,3
MEADOWVIEW REGIONAL MEDICAL CENTER,989 MEDICAL PARK DRIVE,MAYSVILLE,KY,41056,(606) 759-5311,STANDARD,,841,N/A,Not Available,1
TULSA SPINE & SPECIALTY HOSPITAL,6901 SOUTH OLYMPIA AVENUE,TULSA,OK,74132,(918) 388-5701,STANDARD,HAC_PENALIZED,841,N/A,Not Available,0
UHHS MEMORIAL HOSPITAL OF GENEVA,870 WEST MAIN STREET,GENEVA,OH,44041,(440) 415-0151,STANDARD,,840,N/A,Not Available,4
PUTNAM HOSPITAL CENTER,670 STONELEIGH AVENUE,CARMEL,NY,10512,(914) 279-5711,STANDARD,HAC_AT_RISK,836,N/A,Not Available,4
MCLEOD MEDICAL CENTER - DILLON,301 E JACKSON STREET PO BOX 1327,DILLON,SC,29536,(843) 774-4111,STANDARD,,832,N/A,Not Available,3
MAYO CLINIC HEALTH SYSTEM-RED CEDAR INC,2321 STOUT RD,MENOMONIE,WI,54751,(715) 235-5531,STANDARD,,831,N/A,Not Available,9
GEORGETOWN COMMUNITY HOSPITAL,1140 LEXINGTON ROAD,GEORGETOWN,KY,40324,(502) 868-1100,STANDARD,,829,N/A,Not Available,3
VA GULF COAST HEALTHCARE SYSTEM,400 VETERANS AVENUE,BILOXI,MS,39531,(228) 523-5000,STANDARD,,827,N/A,Not Available,0
MEMORIAL HOSPITAL LOS BANOS,520 WEST I ST,LOS BANOS,CA,93635,(209) 826-0591,STANDARD,,826,N/A,Not Available,3
ST NICHOLAS HOSPITAL,3100 SUPERIOR AVE,SHEBOYGAN,WI,53081,(920) 459-8300,STANDARD,,825,N/A,Not Available,4
"SOUTHSIDE COMMUNITY HOSPITAL, INC",800 OAK STREET,FARMVILLE,VA,23901,(434) 392-8811,STANDARD,,824,N/A,Not Available,1
WAYNE COUNTY HOSPITAL,166 HOSPITAL STREET,MONTICELLO,KY,42633,(606) 348-9343,STANDARD,,822,N/A,Not Available,1
SAINT JOSEPH EAST,150 NORTH EAGLE CREEK DRIVE,LEXINGTON,KY,40509,(859) 967-5000,STANDARD,,819,N/A,Not Available,13
PERSON MEMORIAL HOSPITAL,615 RIDGE RD,ROXBORO,NC,27573,(336) 599-2121,STANDARD,,819,N/A,Not Available,0
FAIRCHILD MEDICAL CENTER,444 BRUCE STREET,YREKA,CA,96097,(530) 842-4121,STANDARD,,817,0,No Different than National Benchmark,6
HCA FLORIDA POINCIANA HOSPITAL,325 CYPRESS PKWY,KISSIMMEE,FL,34758,(407) 530-2000,STANDARD,,817,N/A,Not Available,3
FORT MEMORIAL HOSPITAL,611 SHERMAN AVE E,FORT ATKINSON,WI,53538,(920) 568-5000,STANDARD,,816,N/A,Not Available,4
NORTHERN LIGHT INLAND HOSPITAL,200 KENNEDY MEMORIAL DRIVE,WATERVILLE,ME,4901,(207) 861-3000,STANDARD,,812,N/A,Not Available,1
TUBA CITY REGIONAL HEALTH CARE CORPORATION,PO BOX 600,TUBA CITY,AZ,86045,(928) 283-2501,STANDARD,,811,N/A,Not Available,0
OWENSBORO HEALTH TWIN LAKES MEDICAL CENTER,910 WALLACE AVENUE,LEITCHFIELD,KY,42754,(270) 259-9400,STANDARD,,809,N/A,Not Available,4
BANNER PAYSON MEDICAL CENTER,807 SOUTH PONDEROSA DRIVE,PAYSON,AZ,85541,(928) 474-3222,STANDARD,,808,N/A,Not Available,3
ST THOMAS MORE HOSPITAL,1338 PHAY AVE,CANON CITY,CO,81212,(719) 285-2000,STANDARD,,808,N/A,Not Available,1
LOVELACE REGIONAL HOSPITAL - ROSWELL,117 EAST 19TH STREET,ROSWELL,NM,88201,(575) 625-3345,STANDARD,,806,N/A,Not Available,2
FIELD HEALTH SYSTEM,178 HIGHWAY 24,CENTREVILLE,MS,39631,(601) 890-0500,STANDARD,,805,N/A,Not Available,1
GRAND LAKE HEALTH SYSTEM,200 SAINT CLAIR STREET,SAINT MARYS,OH,45885,(419) 394-3335,STANDARD,HAC_PENALIZED,804,N/A,Not Available,7
KELL WEST REGIONAL HOSPITAL,5420 KELL WEST BOULEVARD,WICHITA FALLS,TX,76310,(940) 692-5888,STANDARD,,802,N/A,Not Available,4
"PORTER HOSPITAL, INC",115 PORTER DRIVE,MIDDLEBURY,VT,5753,(802) 388-4701,STANDARD,,800,N/A,Not Available,2
BAPTIST HEALTH RICHMOND,801 EASTERN BYPASS,RICHMOND,KY,40475,(859) 625-3114,STANDARD,,799,N/A,Not Available,4
WATERTOWN MEMORIAL HOSPITAL,125 HOSPITAL DRIVE,WATERTOWN,WI,53098,(920) 261-4210,STANDARD,,792,N/A,Not Available,1
RHEA MEDICAL CENTER,9400 RHEA COUNTY HIGHWAY,DAYTON,TN,37321,(423) 775-1121,STANDARD,,791,N/A,Not Available,2
TEXAS HEALTH HARRIS METHODIST HOSPITAL CLEBURNE,201 WALLS DRIVE,CLEBURNE,TX,76031,(817) 641-2251,STANDARD,,791,N/A,Not Available,0
WEST VALLEY MEDICAL CENTER,1717 ARLINGTON STREET,CALDWELL,ID,83605,(208) 459-4641,STANDARD,,789,N/A,Not Available,4
INDIANA UNIVERSITY HEALTH BEDFORD HOSPITAL,2900 W 16TH ST,BEDFORD,IN,47421,(812) 275-1200,STANDARD,,788,0,No Different than National Benchmark,5
ST MARY'S MEDICAL CENTER,201 NW R D MIZE RD,BLUE SPRINGS,MO,64014,(816) 228-5900,STANDARD,,787,N/A,Not Available,1
SANTIAM HOSPITAL & CLINICS,1401 N 10TH AVENUE,STAYTON,OR,97383,(503) 769-2175,STANDARD,HAC_PENALIZED,787,N/A,Not Available,4
DAVIESS COMMUNITY HOSPITAL,1314 E WALNUT ST,WASHINGTON,IN,47501,(812) 254-2760,STANDARD,,786,N/A,Not Available,5
CROSSGATES RIVER OAKS HOSPITAL,350 CROSSGATES BLVD,BRANDON,MS,39042,(601) 825-2811,STANDARD,,786,N/A,Not Available,3
MID-COLUMBIA MEDICAL CENTER,1700 E 19TH STREET,THE DALLES,OR,97058,(541) 296-1111,STANDARD,,785,N/A,Not Available,3
ANAHEIM GLOBAL MEDICAL CENTER,1025 S ANAHEIM BLVD,ANAHEIM,CA,92805,(714) 533-6220,STANDARD,,784,N/A,Not Available,2
TALLAHATCHIE GENERAL HOSPITAL-CAH,141 DR. T.T. LEWIS CIRCLE / PO BOX 230,CHARLESTON,MS,38921,(662) 647-5535,STANDARD,,783,N/A,Not Available,0
HOULTON REGIONAL HOSPITAL,20 HARTFORD STREET,HOULTON,ME,4730,(207) 532-2900,STANDARD,,781,N/A,Not Available,2
ST JOSEPH'S HOSPITAL,12866 TROXLER AVENUE,HIGHLAND,IL,62249,(618) 651-2600,STANDARD,,780,0,No Different than National Benchmark,1
99th Medical Group (Nellis AFB),99 MDG 4700 Las Vegas Blvd,Nellis AFB,NV,89191,(702) 653-2273,STANDARD,,780,N/A,Not Available,0
NOVATO COMMUNITY HOSPITAL,180 ROWLAND WAY,NOVATO,CA,94945,(415) 209-1300,STANDARD,,777,N/A,Not Available,12
PUNXSUTAWNEY AREA HOSPITAL,81 HILLCREST DRIVE,PUNXSUTAWNEY,PA,15767,(814) 938-1800,STANDARD,HAC_PENALIZED,776,N/A,Not Available,4
THE UNIVERSITY OF VERMONT HEALTH NETWORK-ALICE HY,"133 PARK STREET, PO BOX 729",MALONE,NY,12953,(518) 481-2458,STANDARD,,775,N/A,Not Available,5
CLAY COUNTY MEDICAL CORPORATION,150 MEDICAL CENTER DRIVE,WEST POINT,MS,39773,(662) 495-2300,STANDARD,,774,N/A,Not Available,1
ADVENTIST HEALTH TULARE,869 NORTH CHERRY STREET,TULARE,CA,93274,(559) 688-0821,STANDARD,,773,N/A,Not Available,7
UVALDE MEMORIAL HOSPITAL,1025 GARNER FIELD ROAD,UVALDE,TX,78801,(830) 278-6251,STANDARD,,773,N/A,Not Available,3
WHITE ROCK MEDICAL CENTER,9440 POPPY DRIVE,DALLAS,TX,75218,(214) 324-6100,STANDARD,,773,N/A,Not Available,0
WILLIAM NEWTON HOSPITAL,1300 EAST FIFTH AVENUE,WINFIELD,KS,67156,(620) 221-2300,STANDARD,,772,N/A,Not Available,6
FITZGIBBON HOSPITAL,2305 S 65 HIGHWAY,MARSHALL,MO,65340,(660) 886-7431,STANDARD,HAC_PENALIZED,772,N/A,Not Available,1
ADVENTIST HEALTHCARE FORT WASHINGTON MEDICAL CTR,11711 LIVINGSTON ROAD,FORT WASHINGTON,MD,20744,(301) 292-7000,STANDARD,,770,N/A,Not Available,3
SONOMA VALLEY HOSPITAL,347 ANDRIEUX ST,SONOMA,CA,95476,(707) 935-5000,STANDARD,,769,N/A,Not Available,9
SPECIALISTS HOSPITAL SHREVEPORT,1500 LINE AVENUE,SHREVEPORT,LA,71101,(318) 213-3800,STANDARD,,769,N/A,Not Available,0
WARREN GENERAL HOSPITAL,TWO CRESCENT PARK WEST,WARREN,PA,16365,(814) 723-3300,STANDARD,HAC_PENALIZED,769,N/A,Not Available,4
GREAT RIVER MEDICAL CENTER,1520 N DIVISION STREET,BLYTHEVILLE,AR,72315,(870) 838-7300,STANDARD,,768,N/A,Not Available,0
"SARTORI MEMORIAL HOSPITAL, INC",515 COLLEGE STREET,CEDAR FALLS,IA,50613,(319) 268-3000,STANDARD,,768,N/A,Not Available,2
ST ELIZABETH COMMUNITY HOSPITAL,2550 SISTER MARY COLUMBA DRIVE,RED BLUFF,CA,96080,(530) 529-8000,STANDARD,,767,N/A,Not Available,7
NEW LONDON HOSPITAL,273 COUNTY ROAD,NEW LONDON,NH,3257,(603) 526-2911,STANDARD,,766,0.534,No Different than National Benchmark,10
COULEE MEDICAL CENTER,411 FORTUYN ROAD,GRAND COULEE,WA,99133,(509) 633-1753,STANDARD,,766,0,No Different than National Benchmark,1
SAINT JOSEPH REGIONAL MEDICAL CENTER - PLYMOUTH,1915 LAKE AVE,PLYMOUTH,IN,46563,(574) 948-4000,STANDARD,,764,N/A,Not Available,6
NORTH BALDWIN INFIRMARY,1815 HAND AVENUE,BAY MINETTE,AL,36507,(251) 937-5521,STANDARD,,763,N/A,Not Available,1
UPMC BEDFORD MEMORIAL,10455 LINCOLN HIGHWAY,EVERETT,PA,15537,(814) 623-6161,STANDARD,HAC_AT_RISK,761,N/A,Not Available,4
SSM HEALTH ST CLARE HOSPITAL - BARABOO,707 14TH ST,BARABOO,WI,53913,(608) 356-1400,STANDARD,HAC_PENALIZED,759,N/A,Not Available,9
BAPTIST HEALTH MEDICAL CENTER-DREW COUNTY,778 SCOGIN DRIVE,MONTICELLO,AR,71655,(870) 367-2411,STANDARD,,758,N/A,Not Available,1
SAVOY MEDICAL CENTER,801 POINCIANA AVENUE,MAMOU,LA,70554,(337) 468-5261,STANDARD,,758,N/A,Not Available,1
DELTA COUNTY MEMORIAL HOSPITAL,1501 E 3RD ST,DELTA,CO,81416,(970) 874-7681,STANDARD,,756,N/A,Not Available,8
RUSSELL COUNTY HOSPITAL,153 DOWELL ROAD,RUSSELL SPRINGS,KY,42642,(270) 866-4141,STANDARD,,753,N/A,Not Available,5
BAYOU BEND HEALTH SYSTEM,1097 NORTHWEST BLVD,FRANKLIN,LA,70538,(337) 828-0760,STANDARD,,751,0,No Different than National Benchmark,2
MAYO CLINIC HEALTH SYSTEM NEW PRAGUE,301 2ND STREET NORTHEAST,NEW PRAGUE,MN,56071,(952) 758-4431,STANDARD,,750,N/A,Not Available,4
CITIZENS BAPTIST MEDICAL CENTER,604 STONE AVENUE,TALLADEGA,AL,35160,(256) 761-4542,STANDARD,,749,N/A,Not Available,0
BAYLOR SCOTT AND WHITE SURGICAL HOSPITAL FORTWORTH,1800 PARK PLACE AVENUE,FORT WORTH,TX,76110,(682) 703-5600,STANDARD,,749,N/A,Not Available,13
MERIT HEALTH CENTRAL,1850 CHADWICK DR,JACKSON,MS,39204,(601) 376-1000,STANDARD,,748,N/A,Not Available,0
PALO PINTO GENERAL HOSPITAL,400 SOUTHWEST 25 AVE,MINERAL WELLS,TX,76067,(940) 325-7891,STANDARD,HAC_PENALIZED,748,N/A,Not Available,1
JEFFERSON MEDICAL CENTER,300 SOUTH PRESTON STREET,RANSON,WV,25438,(304) 728-1600,STANDARD,,748,N/A,Not Available,4
BAYSTATE NOBLE HOSPITAL,115 WEST SILVER STREET,WESTFIELD,MA,1086,(413) 568-2811,STANDARD,HAC_PENALIZED,746,N/A,Not Available,9
SOUTHERN TENNESSEE REGIONAL HEALTH SYSTEM PULASKI,1265 E COLLEGE ST,PULASKI,TN,38478,(931) 363-7531,STANDARD,,746,N/A,Not Available,2
ST JAMES HOSPITAL,411 CANISTEO STREET,HORNELL,NY,14843,(607) 324-8000,STANDARD,,745,N/A,Not Available,4
PROVIDENT HOSPITAL OF CHICAGO,500 E 51ST ST,CHICAGO,IL,60615,(312) 572-2000,STANDARD,HAC_PENALIZED,744,N/A,Not Available,4
OWENSBORO HEALTH MUHLENBERG COMMUNITY HOSPITAL,440 HOPKINSVILLE STREET,GREENVILLE,KY,42345,(270) 338-8000,STANDARD,,739,N/A,Not Available,2
ERLANGER MURPHY MEDICAL CENTER,3990 EAST US HIGHWAY 64 ALT,MURPHY,NC,28906,(828) 837-8161,STANDARD,,738,0,No Different than National Benchmark,1
SILOAM SPRINGS REGIONAL HOSPITAL,603 NORTH PROGRESS AVENUE,SILOAM SPRINGS,AR,72761,(479) 524-4141,STANDARD,,737,N/A,Not Available,3
NORTHERN NAVAJO MEDICAL CENTER,US HWY 491 NORTH,SHIPROCK,NM,87420,(505) 368-6001,STANDARD,,736,N/A,Not Available,0
VALLEY VIEW MEDICAL CENTER,5330 SOUTH HIGHWAY 95,FORT MOHAVE,AZ,86426,(928) 788-2273,STANDARD,,735,N/A,Not Available,2
ORTHOCOLORADO HOSP AT ST ANTHONY MED CAMPUS,11650 W 2ND PL,LAKEWOOD,CO,80228,(720) 321-5000,STANDARD,,735,N/A,Not Available,2
WINDHAM COMMUNITY MEMORIAL HOSPITAL,112 MANSFIELD AVENUE,WILLIMANTIC,CT,6226,(860) 456-9116,STANDARD,,735,N/A,Not Available,4
GRAND ITASCA CLINIC AND HOSPITAL,1601 GOLF COURSE ROAD,GRAND RAPIDS,MN,55744,(218) 326-3401,STANDARD,,735,N/A,Not Available,2
MAYO CLINIC HEALTH SYSTEM-NORTHLAND,1222 E WOODLAND AVE,BARRON,WI,54812,(715) 537-3186,STANDARD,,735,N/A,Not Available,10
FAYETTEVILLE AR VA MEDICAL CENTER,1100 N. COLLEGE AVENUE,FAYETTEVILLE,AR,72703,(479) 444-5058,VA,,734,N/A,Not Available,0
EAST LOS ANGELES DOCTORS HOSPITAL,4060 WHITTIER BLVD,LOS ANGELES,CA,90023,(323) 268-5514,STANDARD,,733,N/A,Not Available,1
GREATER REGIONAL MEDICAL CENTER,1700 WEST TOWNLINE STREET,CRESTON,IA,50801,(641) 782-7091,STANDARD,,733,N/A,Not Available,1
MIMBRES MEMORIAL HOSPITAL,900 W ASH,DEMING,NM,88031,(575) 546-5803,STANDARD,,731,0.56,No Different than National Benchmark,0
PRISMA HEALTH LAURENS COUNTY HOSPITAL,22725 HIGHWAY 76 EAST,CLINTON,SC,29325,(864) 833-9100,STANDARD,,730,N/A,Not Available,1
NEOSHO MEMORIAL REGIONAL MEDICAL CENTER,629 SOUTH PLUMMER AVE,CHANUTE,KS,66720,(620) 431-4000,STANDARD,,729,1.123,No Different than National Benchmark,2
HOWARD MEMORIAL HOSPITAL,130 MEDICAL CIRCLE,NASHVILLE,AR,71852,(870) 845-4400,STANDARD,,728,N/A,Not Available,1
LINCOLN MEDICAL CENTER,106 MEDICAL CENTER BLVD,FAYETTEVILLE,TN,37334,(931) 438-1100,STANDARD,,728,N/A,Not Available,1
MARSHALL BROWNING HOSPITAL,900 NORTH WASHINGTON STREET,DU QUOIN,IL,62832,(618) 542-2146,STANDARD,,727,0,No Different than National Benchmark,1
MEASE DUNEDIN HOSPITAL,601 MAIN ST,DUNEDIN,FL,34698,(727) 733-1111,STANDARD,,724,N/A,Not Available,17
MILE BLUFF MEDICAL CENTER,1050 DIVISION ST,MAUSTON,WI,53948,(608) 847-6161,STANDARD,HAC_PENALIZED,724,N/A,Not Available,2
NORTHWEST SPECIALTY HOSPITAL,1593 EAST POLSTON AVENUE,POST FALLS,ID,83854,(208) 262-2300,STANDARD,,723,N/A,Not Available,3
WEBSTER GENERAL HOSPITAL/ SWING BED,70 MEDICAL PLAZA,EUPORA,MS,39744,(662) 258-6221,STANDARD,,723,N/A,Not Available,1
ADVENTIST HEALTH HOWARD MEMORIAL,1 MARCELA DR,WILLITS,CA,95490,(707) 456-3031,STANDARD,,719,0,No Different than National Benchmark,2
THE MEDICAL CENTER AT SCOTTSVILLE,456 BURNLEY ROAD,SCOTTSVILLE,KY,42164,(270) 622-2800,STANDARD,,718,0.57,No Different than National Benchmark,3
FLORIDA HOSPITAL FLAGLER,60 MEMORIAL MEDICAL PKWY,PALM COAST,FL,32164,(386) 586-2000,STANDARD,,717,N/A,Not Available,16
FRANKLIN MEDICAL CENTER,2106 LOOP ROAD,WINNSBORO,LA,71295,(318) 435-9411,STANDARD,,715,N/A,Not Available,1
PROSSER MEMORIAL HOSPITAL,723 MEMORIAL STREET,PROSSER,WA,99350,(509) 786-2222,STANDARD,,715,N/A,Not Available,10
BLACK RIVER MEMORIAL HOSPITAL,711 W ADAMS ST,BLACK RIVER FALLS,WI,54615,(715) 284-5361,STANDARD,,714,N/A,Not Available,1
SAINT JAMES HOSPITAL,2500 WEST REYNOLDS STREET,PONTIAC,IL,61764,(815) 842-2828,STANDARD,,712,N/A,Not Available,5
BAYCARE HOSPITAL WESLEY CHAPEL,4501 BRUCE B DOWNS BLVD,WESLEY CHAPEL,FL,33544,(813) 914-1000,STANDARD,,711,N/A,Not Available,8
COTTAGE HOSPITAL,90 SWIFTWATER RD,WOODSVILLE,NH,3785,(603) 747-9000,STANDARD,,709,N/A,Not Available,2
MADISON HEALTH,210 NORTH MAIN STREET,LONDON,OH,43140,(740) 845-7000,STANDARD,HAC_PENALIZED,709,N/A,Not Available,4
JEFFERSON HEALTHCARE,834 SHERIDAN STREET,PORT TOWNSEND,WA,98368,(360) 385-2200,STANDARD,,708,N/A,Not Available,7
SAMARITAN PACIFIC COMMUNITY HOSPITAL,930 SW ABBEY STREET,NEWPORT,OR,97365,(541) 265-2244,STANDARD,,705,N/A,Not Available,5
ST JAMES HOSPITAL,400 S CLARK ST,BUTTE,MT,59701,(406) 723-2500,STANDARD,HAC_PENALIZED,704,N/A,Not Available,3
FRANCISCAN HEALTH CRAWFORDSVILLE,1710 LAFAYETTE RD,CRAWFORDSVILLE,IN,47933,(765) 362-2800,STANDARD,,702,N/A,Not Available,3
WARREN MEMORIAL HOSPITAL,351 VALLEY HEALTH WAY,FRONT ROYAL,VA,22630,(540) 636-0299,STANDARD,HAC_PENALIZED,702,N/A,Not Available,8
OAKDALE COMMUNITY HOSPITAL,130 N HOSPITAL DR,OAKDALE,LA,71463,(318) 335-3700,STANDARD,,701,N/A,Not Available,2
OZARK HEALTH,2500 HIGHWAY 65 SOUTH,CLINTON,AR,72031,(501) 745-7000,STANDARD,,697,N/A,Not Available,0
HONORHEALTH TEMPE MEDICAL CENTER,1800 EAST VAN BUREN STREET,PHOENIX,AZ,85006,(602) 251-8156,STANDARD,,697,N/A,Not Available,2
GRAND ISLAND REGIONAL MEDICAL CENTER,3533 PRAIRIEVIEW STREET,GRAND ISLAND,NE,68803,(308) 675-5000,STANDARD,,693,N/A,Not Available,2
FERRELL HOSPITAL COMMUNITY FOUNDATIONS,1201 PINE STREET,ELDORADO,IL,62930,(618) 273-3361,STANDARD,,692,0,No Different than National Benchmark,7
LAKE REGION HEALTHCARE CORPORATION,712 SOUTH CASCADE STREET,FERGUS FALLS,MN,56537,(218) 736-8000,STANDARD,,690,N/A,Not Available,3
MC DONOUGH DISTRICT HOSPITAL,525 EAST GRANT STREET,MACOMB,IL,61455,(309) 833-4101,STANDARD,,689,N/A,Not Available,6
ST ANTHONY HOSPITAL,2801 ST ANTHONY WAY,PENDLETON,OR,97801,(541) 276-5121,STANDARD,,687,0,No Different than National Benchmark,4
SPOKANE VA MEDICAL CENTER,4815 N. ASSEMBLY STREET,SPOKANE,WA,99205,(509) 434-7000,VA,,685,N/A,Not Available,0
LEWISGALE HOSPITAL PULASKI,2400 LEE HIGHWAY,PULASKI,VA,24301,(540) 994-8100,STANDARD,,681,N/A,Not Available,3
VAIL HEALTH HOSPITAL,181 W MEADOW DR,VAIL,CO,81657,(970) 476-2451,STANDARD,,680,N/A,Not Available,4
GRINNELL REGIONAL MEDICAL CENTER,210 FOURTH AVENUE,GRINNELL,IA,50112,(641) 236-2422,STANDARD,,678,N/A,Not Available,4
NEW ENGLAND BAPTIST HOSPITAL,125 PARKER HILL AVENUE,BOSTON,MA,2120,(617) 754-5800,STANDARD,HAC_PENALIZED,677,N/A,Not Available,2
BARTON MEMORIAL HOSPITAL,2170 SOUTH AVENUE,SOUTH LAKE TAHOE,CA,96150,(530) 541-3000,STANDARD,,676,N/A,Not Available,3
MONADNOCK COMMUNITY HOSPITAL,452 OLD STREET ROAD,PETERBOROUGH,NH,3458,(603) 924-7191,STANDARD,,676,N/A,Not Available,9
PROVIDENCE SEASIDE HOSPITAL,725 S WAHANNA ROAD,SEASIDE,OR,97138,(503) 717-7000,STANDARD,,676,N/A,Not Available,6
TEXAS HEALTH CENTER FOR DIAGNOSTICS & SURGERY,6020 W PARKER ROAD,PLANO,TX,75093,(972) 403-2700,STANDARD,,671,N/A,Not Available,12
BITTERROOT HEALTH - DALY HOSPITAL,1200 WESTWOOD DR,HAMILTON,MT,59840,(406) 363-2211,STANDARD,,670,N/A,Not Available,10
DAVIE MEDICAL CENTER,329 NC HWY 801 N,BERMUDA RUN,NC,27006,(336) 751-8100,STANDARD,,670,N/A,Not Available,0
CARILION STONEWALL JACKSON HOSPITAL,1 HEALTH CIRCLE,LEXINGTON,VA,24450,(540) 458-3503,STANDARD,,670,N/A,Not Available,3
NORTH VALLEY HOSPITAL,203 SOUTH WESTERN,TONASKET,WA,98855,(509) 486-2151,STANDARD,,666,N/A,Not Available,0
"ST JOSEPH'S HOSPITAL OF BUCKHANNON, INC",1 AMALIA DRIVE,BUCKHANNON,WV,26201,(304) 472-2000,STANDARD,,666,N/A,Not Available,4
PERRY COUNTY MEMORIAL HOSPITAL,8885 SR 237,TELL CITY,IN,47586,(812) 547-7011,STANDARD,,665,N/A,Not Available,2
LECOM HEALTH CORRY MEMORIAL HOSPITAL,965 SHAMROCK LANE,CORRY,PA,16407,(814) 664-4641,STANDARD,,664,N/A,Not Available,2
PEACEHEALTH UNITED GENERAL MEDICAL CENTER,2000 HOSPITAL DRIVE,SEDRO WOOLLEY,WA,98284,(360) 856-6021,STANDARD,,662,1.237,No Different than National Benchmark,2
NOVANT HEALTH MINT HILL MEDICAL CENTER,8201 HEALTHCARE LOOP,CHARLOTTE,NC,28215,(704) 384-4089,STANDARD,,661,N/A,Not Available,7
CARY MEDICAL CENTER,"163 VAN BUREN RD, SUITE 1",CARIBOU,ME,4736,(207) 498-3111,STANDARD,,660,N/A,Not Available,2
FAIRVIEW NORTHLAND REGIONAL HOSPITAL,911 NORTHLAND DRIVE,PRINCETON,MN,55371,(952) 892-2101,STANDARD,,660,N/A,Not Available,2
BUFFALO HOSPITAL,303 CATLIN STREET,BUFFALO,MN,55313,(763) 682-1212,STANDARD,,659,N/A,Not Available,3
HURON REGIONAL MEDICAL CENTER,172 FOURTH STREET SE,HURON,SD,57350,(605) 353-6200,STANDARD,,659,N/A,Not Available,2
ADVENTIST HEALTH TEHACHAPI VALLEY,1100 MAGELLAN,TEHACHAPI,CA,93561,(661) 868-6800,STANDARD,,657,0,No Different than National Benchmark,3
PROVIDENCE REDWOOD MEMORIAL HOSPITAL,3300 RENNER DRIVE,FORTUNA,CA,95540,(707) 445-8121,STANDARD,,657,0,No Different than National Benchmark,0
SACRED HEART HOSPITAL ON THE EMERALD COAST,7800 US HWY 98 W,MIRAMAR BEACH,FL,32550,(850) 278-3600,STANDARD,,656,N/A,Not Available,9
NORTHEASTERN VERMONT REGIONAL HOSPITAL,1315 HOSPITAL DRIVE,SAINT JOHNSBURY,VT,5819,(802) 748-7400,STANDARD,,656,0,No Different than National Benchmark,3
LINCOLN COUNTY MEDICAL CENTER,211 SUDDERTH DRIVE,RUIDOSO,NM,88345,(575) 257-2800,STANDARD,,655,N/A,Not Available,1
KETTERING HEALTH TROY,600 WEST MAIN STREET,TROY,OH,45373,(937) 980-7000,STANDARD,,655,N/A,Not Available,3
FAIRVIEW LAKES HEALTH SERVICES,5200 FAIRVIEW BOULEVARD,WYOMING,MN,55092,(952) 892-2101,STANDARD,,654,N/A,Not Available,7
TITUS REGIONAL MEDICAL CENTER,2001 N JEFFERSON,MOUNT PLEASANT,TX,75455,(903) 577-6000,STANDARD,,654,N/A,Not Available,1
JOHNSON MEMORIAL HOSPITAL,201 CHESTNUT HILL ROAD,STAFFORD SPRINGS,CT,6076,(860) 684-4251,STANDARD,,653,N/A,Not Available,2
CIBOLA GENERAL HOSPITAL,1016 E ROOSEVELT AVENUE,GRANTS,NM,87020,(505) 287-5300,STANDARD,,653,N/A,Not Available,1
SPRINGHILL MEDICAL CENTER,2001 DOCTORS DRIVE,SPRINGHILL,LA,71075,(318) 539-1000,STANDARD,HAC_PENALIZED,652,N/A,Not Available,1
CLEVELAND AREA HOSPITAL,1401 WEST PAWNEE,CLEVELAND,OK,74020,(918) 358-2501,STANDARD,,651,N/A,Not Available,0
VAN WERT COUNTY HOSPITAL,1250 S WASHINGTON STREET,VAN WERT,OH,45891,(419) 238-8627,STANDARD,,649,N/A,Not Available,2
"DELAWARE VALLEY HOSPITAL, INC",1 TITUS PLACE,WALTON,NY,13856,(607) 865-2188,STANDARD,,648,N/A,Not Available,1
UT HEALTH EAST TEXAS JACKSONVILLE HOSPITAL,501 S RAGSDALE,JACKSONVILLE,TX,75766,(903) 541-5000,STANDARD,,648,N/A,Not Available,2
THEDACARE MEDICAL CENTER - SHAWANO,100 COUNTY RD B,SHAWANO,WI,54166,(715) 526-2111,STANDARD,,648,N/A,Not Available,1
TEXAS HEALTH HARRIS METHODIST HOSPITAL STEPHENVILL,411 N BELKNAP ST,STEPHENVILLE,TX,76401,(254) 965-1500,STANDARD,,646,N/A,Not Available,2
THOREK MEMORIAL HOSPITAL,850 W IRVING PARK RD,CHICAGO,IL,60613,(773) 975-6867,STANDARD,HAC_PENALIZED,644,N/A,Not Available,3
MERCY WALWORTH HOSPITAL & MEDICAL CENTER,N2950 STATE ROAD 67,LAKE GENEVA,WI,53147,(262) 245-0535,STANDARD,,644,N/A,Not Available,4
FRESNO SURGICAL HOSPITAL,6125 NORTH FRESNO ST,FRESNO,CA,93710,(559) 431-8000,STANDARD,,643,N/A,Not Available,4
NORTHERN LIGHT  A R GOULD HOSPITAL,PO BOX 151,PRESQUE ISLE,ME,4769,(207) 768-4000,STANDARD,HAC_PENALIZED,643,N/A,Not Available,3
GOLDEN VALLEY MEMORIAL HOSPITAL,1600 N 2ND ST,CLINTON,MO,64735,(660) 885-5511,STANDARD,,639,N/A,Not Available,4
CHAMBERS MEMORIAL HOSPITAL,719 DETROIT STREET,DANVILLE,AR,72833,(479) 495-2241,STANDARD,,638,N/A,Not Available,0
LAKES REGIONAL HEALTHCARE,2301 HIGHWAY 71,SPIRIT LAKE,IA,51360,(712) 336-1230,STANDARD,,638,N/A,Not Available,3
ST ANTHONY COMMUNITY HOSPITAL,15 MAPLE AVENUE -19,WARWICK,NY,10990,(845) 986-2276,STANDARD,,638,N/A,Not Available,8
"CAMC PLATEAU MEDICAL CENTER, INC","430 MAIN STREET, WEST",OAK HILL,WV,25901,(304) 469-8600,STANDARD,,637,N/A,Not Available,5
DALE MEDICAL CENTER,126 HOSPITAL AVE,OZARK,AL,36360,(334) 774-2601,STANDARD,,636,N/A,Not Available,0
HARDTNER MEDICAL CENTER,1102 N PINE ROAD,OLLA,LA,71465,(318) 495-3131,STANDARD,,636,N/A,Not Available,1
LANGLADE HOSPITAL,112 E FIFTH AVE,ANTIGO,WI,54409,(715) 623-2331,STANDARD,,635,N/A,Not Available,2
CAMBRIDGE MEDICAL CENTER,701 SOUTH DELLWOOD AVENUE,CAMBRIDGE,MN,55008,(763) 689-7700,STANDARD,,630,N/A,Not Available,2
CARSON VALLEY HEALTH,1107 HIGHWAY 395,GARDNERVILLE,NV,89410,(775) 782-1500,STANDARD,,630,N/A,Not Available,8
MONROE HOSPITAL,4011 S MONROE MEDICAL PARK BLVD,BLOOMINGTON,IN,47403,(812) 825-1111,STANDARD,,628,N/A,Not Available,2
BARNES-KASSON COUNTY HOSPITAL,2872 TURNPIKE STREET,SUSQUEHANNA,PA,18847,(570) 853-3135,STANDARD,,628,N/A,Not Available,2
LEHIGH VALLEY HOSPITAL - DICKSON CITY,330 MAIN STREET,DICKSON CITY,PA,18519,(570) 330-5000,STANDARD,,628,N/A,Not Available,15
MATAGORDA REGIONAL MEDICAL CENTER,104 7TH STREET,BAY CITY,TX,77414,(979) 245-6383,STANDARD,,626,N/A,Not Available,2
RICHLAND HOSPITAL,333 E SECOND ST,RICHLAND CENTER,WI,53581,(608) 647-6321,STANDARD,,626,N/A,Not Available,2
ELIZABETHTOWN COMMUNITY HOSPITAL,75 PARK STREET,ELIZABETHTOWN,NY,12932,(518) 873-6377,STANDARD,,625,N/A,Not Available,9
GEISINGER-BLOOMSBURG HOSPITAL,549 EAST FAIR STREET,BLOOMSBURG,PA,17815,(570) 387-2100,STANDARD,,625,N/A,Not Available,8
MASON GENERAL HOSPITAL & FAMILY OF CLINICS,901 MT VIEW DRIVE,SHELTON,WA,98584,(360) 426-1611,STANDARD,,624,N/A,Not Available,5
MOUNTAIN VIEW HOSPITAL,2325 CORONADO STREET,IDAHO FALLS,ID,83404,(208) 557-2700,STANDARD,,623,N/A,Not Available,6
LABETTE HEALTH,1902 SOUTH US HWY 59,PARSONS,KS,67357,(620) 421-4880,STANDARD,,622,N/A,Not Available,2
CHRISTUS SPOHN HOSPITAL BEEVILLE,1500 E HOUSTON HWY,BEEVILLE,TX,78102,(361) 354-2000,STANDARD,,622,N/A,Not Available,0
FAYETTEVILLE NC VA MEDICAL CENTER,2300 RAMSEY STREET,FAYETTEVILLE,NC,28301,(910) 488-2120,VA,,621,N/A,Not Available,0
ASCENSION ST JOHN JANE PHILLIPS,3500 EAST FRANK PHILLIPS BOULEVARD,BARTLESVILLE,OK,74006,(918) 333-7200,STANDARD,,619,N/A,Not Available,7
DESOTO MEMORIAL HOSPITAL,900 N ROBERT AVE,ARCADIA,FL,34266,(863) 494-3535,STANDARD,HAC_PENALIZED,617,N/A,Not Available,4
CUMBERLAND COUNTY HOSPITAL,299 GLASGOW ROAD,BURKESVILLE,KY,42717,(270) 864-2511,STANDARD,,616,N/A,Not Available,0
MARSHFIELD MEDICAL CENTER - MINOCQUA,9576 HIGHWAY 70,MINOCQUA,WI,54548,(715) 358-1710,STANDARD,,616,N/A,Not Available,6
SCHNECK MEDICAL CENTER,411 W TIPTON ST,SEYMOUR,IN,47274,(812) 522-2349,STANDARD,,615,N/A,Not Available,5
NORTHERN LIGHT SEBASTICOOK VALLEY HOSPITAL,447 NORTH MAIN STREET,PITTSFIELD,ME,4967,(207) 487-5141,STANDARD,,615,0.665,No Different than National Benchmark,2
UNIVERSITY HEALTH LAKEWOOD MEDICAL CENTER,7900 LEE'S SUMMIT RD,KANSAS CITY,MO,64139,(816) 404-7000,STANDARD,,615,N/A,Not Available,0
MCCULLOUGH-HYDE MEMORIAL HOSPITAL,110 NORTH POPLAR STREET,OXFORD,OH,45056,(513) 523-2111,STANDARD,HAC_PENALIZED,613,N/A,Not Available,7
STERLING REGIONAL MEDCENTER,615 FAIRHURST ST,STERLING,CO,80751,(970) 522-0122,STANDARD,,612,N/A,Not Available,3
ST BERNARD PARISH HOSPITAL,8000 WEST JUDGE PEREZ DRIVE,CHALMETTE,LA,70043,(504) 826-9500,STANDARD,,612,N/A,Not Available,1
MILFORD MEMORIAL HOSPITAL,850 NORTH MAIN STREET,MILFORD,UT,84751,(435) 387-2411,STANDARD,,612,0,No Different than National Benchmark,0
UPLAND HILLS HEALTH,800 COMPASSION WAY,DODGEVILLE,WI,53533,(608) 930-8000,STANDARD,,612,0,No Different than National Benchmark,6
MAD RIVER COMMUNITY HOSPITAL,3800 JANES RD,ARCATA,CA,95521,(707) 822-3621,STANDARD,,611,N/A,Not Available,4
ST MARYS HOSPITAL SUPERIOR,3500 TOWER AVE,SUPERIOR,WI,54880,(715) 817-7000,STANDARD,,611,N/A,Not Available,5
PINE RIDGE IHS HOSPITAL,EAST HIGHWAY 18,PINE RIDGE,SD,57770,(605) 867-5131,STANDARD,,610,N/A,Not Available,0
NEW ULM MEDICAL CENTER,1324 FIFTH NORTH STREET,NEW ULM,MN,56073,(507) 217-5000,STANDARD,,609,0,No Different than National Benchmark,1
TIPPAH COUNTY HOSPITAL,1005 CITY AVE NORTH,RIPLEY,MS,38663,(662) 837-9221,STANDARD,,608,N/A,Not Available,0
ADENA PIKE MEDICAL CENTER,100 DAWN LANE,WAVERLY,OH,45690,(740) 947-2186,STANDARD,,608,N/A,Not Available,4
INTEGRIS MIAMI HOSPITAL,200 SECOND AVENUE SOUTHWEST,MIAMI,OK,74355,(918) 542-6611,STANDARD,,608,N/A,Not Available,1
MOUNTAIN VIEW HOSPITAL,1000 EAST 100 NORTH,PAYSON,UT,84651,(801) 465-7100,STANDARD,,606,N/A,Not Available,0
TEXAS COUNTY MEMORIAL HOSPITAL,1333 SAM HOUSTON BOULEVARD,HOUSTON,MO,65483,(417) 967-3311,STANDARD,,604,N/A,Not Available,2
DOOR COUNTY MEDICAL CENTER,323 SOUTH 18TH AVENUE,STURGEON BAY,WI,54235,(920) 743-5566,STANDARD,,603,N/A,Not Available,5
"WOMANS HOSPITAL OF TEXAS,THE",7600 FANNIN,HOUSTON,TX,77054,(713) 790-1234,STANDARD,,602,N/A,Not Available,0
LAKE MARTIN COMMUNITY HOSPITAL,201 MARIARDEN ROAD,DADEVILLE,AL,36853,(256) 825-7821,STANDARD,,601,N/A,Not Available,0
CUERO REGIONAL HOSPITAL,2550 N ESPLANADE,CUERO,TX,77954,(361) 275-6191,STANDARD,,598,N/A,Not Available,4
"SCENIC MOUNTAIN MEDICAL CENTER, A STEWARD FAMILY H",1601 W 11TH PLACE,BIG SPRING,TX,79720,(432) 263-1211,STANDARD,,597,N/A,Not Available,1
MAGRUDER HOSPITAL,615 FULTON ST,PORT CLINTON,OH,43452,(419) 734-3131,STANDARD,,596,0,No Different than National Benchmark,3
SABINE MEDICAL CENTER,240 HIGHLAND DRIVE,MANY,LA,71449,(318) 256-1232,STANDARD,,595,N/A,Not Available,0
WETZEL COUNTY HOSPITAL,#3 EAST BENJAMIN DRIVE,NEW MARTINSVILLE,WV,26155,(304) 455-8000,STANDARD,HAC_PENALIZED,595,N/A,Not Available,4
PROVIDENCE MOUNT CARMEL HOSPITAL,982 EAST COLUMBIA,COLVILLE,WA,99114,(509) 684-2561,STANDARD,,594,N/A,Not Available,3
OCHSNER LAIRD HOSPITAL,25117 HIGHWAY 15,UNION,MS,39365,(601) 774-8214,STANDARD,,593,N/A,Not Available,0
PARIS COMMUNITY HOSPITAL,721 E COURT STREET,PARIS,IL,61944,(217) 465-4141,STANDARD,,591,N/A,Not Available,2
JACKSON GENERAL HOSPITAL,122 PINNELL ST,RIPLEY,WV,25271,(304) 372-2731,STANDARD,,591,0.693,No Different than National Benchmark,6
CASA COLINA HOSPITAL,255 E BONITA AVE,POMONA,CA,91767,(909) 596-7733,STANDARD,,589,N/A,Not Available,4
ASCENSION SETON NORTHWEST,11113 RESEARCH BOULEVARD,AUSTIN,TX,78759,(512) 324-6000,STANDARD,,589,N/A,Not Available,17
CHI SAINT JOSEPH BEREA NF,305 ESTILL STREET,BEREA,KY,40403,(859) 986-3151,STANDARD,,588,0,No Different than National Benchmark,1
LITTLETON REGIONAL HEALTHCARE,600 ST JOHNSBURY ROAD,LITTLETON,NH,3561,(603) 444-9000,STANDARD,,588,N/A,Not Available,3
OUR LADY OF THE LAKE SURGICAL HOSPITAL,1700 W LINDBERG DRIVE,SLIDELL,LA,70458,(985) 641-0600,STANDARD,,586,N/A,Not Available,1
SNOQUALMIE VALLEY HOSPITAL,9801 FRONTIER AVE SE,SNOQUALMIE,WA,98065,(425) 831-2300,STANDARD,,586,N/A,Not Available,1
ALLIANCEHEALTH WOODWARD,900 17TH STREET,WOODWARD,OK,73801,(580) 256-5511,STANDARD,,584,N/A,Not Available,1
FORREST CITY MEDICAL CENTER,1601 NEWCASTLE ROAD,FORREST CITY,AR,72335,(870) 261-0000,STANDARD,,583,N/A,Not Available,0
SSM HEALTH ST MARY'S HOSPITAL -CENTRALIA,400 NORTH PLEASANT AVENUE,CENTRALIA,IL,62801,(618) 436-8000,STANDARD,,583,N/A,Not Available,3
EXCELA HEALTH - FRICK HOSPITAL,508 SOUTH CHURCH STREET,MOUNT PLEASANT,PA,15666,(724) 547-1500,STANDARD,HAC_AT_RISK,582,N/A,Not Available,4
METHODIST HOSPITAL ATASCOSA,1905 HWY 97 EAST,JOURDANTON,TX,78026,(830) 769-3515,STANDARD,,582,N/A,Not Available,1
VCU HEALTH TAPPAHANNOCK HOSPITAL,618 HOSPITAL ROAD,TAPPAHANNOCK,VA,22560,(804) 443-3311,STANDARD,,582,N/A,Not Available,5
WILLAMETTE VALLEY MEDICAL CENTER,2700 SE STRATUS AVE.,MCMINNVILLE,OR,97128,(503) 472-6131,STANDARD,,581,N/A,Not Available,3
MARK TWAIN MEDICAL CENTER,768 MOUNTAIN RANCH RD,SAN ANDREAS,CA,95249,(209) 754-3521,STANDARD,,580,N/A,Not Available,4
CHAPMAN GLOBAL MEDICAL CENTER,2601 E CHAPMAN AVE,ORANGE,CA,92869,(714) 633-0011,STANDARD,,579,N/A,Not Available,4
ESSENTIA HEALTH DEER RIVER,115 10TH AVENUE NORTHEAST,DEER RIVER,MN,56636,(218) 246-4200,STANDARD,,579,N/A,Not Available,1
UNIVERSITY MEDICAL CENTER-MESABI/ MESABA CLINICS,750 EAST 34TH ST,HIBBING,MN,55746,(218) 362-6730,STANDARD,,578,N/A,Not Available,2
CAROLINA PINES REGIONAL MEDICAL CENTER,1304 W BOBO NEWSOM HWY,HARTSVILLE,SC,29550,(864) 339-2100,STANDARD,,578,N/A,Not Available,3
NMC Camp Lejeune,100 Brewster Blvd,Camp Lejeune,NC,28547,(910) 450-4300,STANDARD,,577,N/A,Not Available,0
BAPTIST MEMORIAL HOSPITAL - CARROLL COUNTY,631 RB WILSON DR,HUNTINGDON,TN,38344,(731) 986-4461,STANDARD,,577,N/A,Not Available,1
MARSHFIELD MEDICAL CENTER - BEAVER DAM (MMC-BD),707 S UNIVERSITY AVE,BEAVER DAM,WI,53916,(920) 887-7181,STANDARD,,572,N/A,Not Available,3
VA NORTHERN ARIZONA HEALTHCARE SYSTEM,500 HIGHWAY 89 NORTH,PRESCOTT,AZ,86313,(928) 445-4860,STANDARD,,570,N/A,Not Available,0
"THE OUTER BANKS HOSPITAL, INC",4800 SOUTH CROATAN HIGHWAY,NAGS HEAD,NC,27959,(252) 449-4500,STANDARD,,570,N/A,Not Available,4
"PAGE MEMORIAL HOSPITAL, INC",200 MEMORIAL DRIVE,LURAY,VA,22835,(540) 743-4561,STANDARD,,569,N/A,Not Available,6
MAYO CLINIC HEALTH SYSTEM OAKRIDGE,13025 8TH ST,OSSEO,WI,54758,(715) 597-3121,STANDARD,,569,N/A,Not Available,7
GOUVERNEUR HOSPITAL,77 WEST BARNEY STREET,GOUVERNEUR,NY,13642,(315) 287-1000,STANDARD,,567,N/A,Not Available,3
HOLY ROSARY HOSPITAL,2600 WILSON ST,MILES CITY,MT,59301,(406) 233-2600,STANDARD,,565,N/A,Not Available,4
FOSTORIA COMMUNITY HOSPITAL,501 VAN BUREN STREET,FOSTORIA,OH,44830,(419) 435-7734,STANDARD,,565,0,No Different than National Benchmark,3
MCCURTAIN MEMORIAL HOSPITAL,1301 LINCOLN ROAD,IDABEL,OK,74745,(580) 286-7623,STANDARD,,565,N/A,Not Available,0
HILL REGIONAL HOSPITAL,101 CIRCLE DRIVE,HILLSBORO,TX,76645,(254) 580-8500,STANDARD,,565,N/A,Not Available,1
GROVE CITY MEDICAL CENTER,631 NORTH BROAD STREET EXT.,GROVE CITY,PA,16127,(724) 450-7000,STANDARD,,563,N/A,Not Available,8
TROY COMMUNITY HOSPITAL,275 GUTHRIE DRIVE,TROY,PA,16947,(570) 297-2121,STANDARD,,562,N/A,Not Available,3
LEGACY SILVERTON MEDICAL CENTER,342 FAIRVIEW STREET,SILVERTON,OR,97381,(503) 873-1500,STANDARD,,561,N/A,Not Available,2
CRESCENT MEDICAL CENTER LANCASTER,2600 WEST PLEASANT RUN ROAD,LANCASTER,TX,75146,(972) 230-8888,STANDARD,HAC_PENALIZED,561,N/A,Not Available,1
METHODIST SOUTHLAKE MEDICAL CENTER,421 E STATE HIGHWAY 114,SOUTHLAKE,TX,76092,(878) 654-4400,STANDARD,,559,N/A,Not Available,4
RED BUD REGIONAL HOSPITAL,325 SPRING STREET,RED BUD,IL,62278,(618) 282-3831,STANDARD,,558,0,No Different than National Benchmark,1
DECATUR COUNTY MEMORIAL HOSPITAL,720 N LINCOLN ST,GREENSBURG,IN,47240,(812) 663-4331,STANDARD,,558,N/A,Not Available,5
UT HEALTH EAST TEXAS PITTSBURG HOSPITAL,2701 US HWY 271 N,PITTSBURG,TX,75686,(903) 946-5000,STANDARD,,558,N/A,Not Available,0
BARTLETT REGIONAL HOSPITAL,3260 HOSPITAL DR,JUNEAU,AK,99801,(907) 796-8900,STANDARD,,557,N/A,Not Available,1
CHI SAINT JOSEPH FLAGET MEMORIAL HOSPITAL,4305 NEW SHEPHERDSVILLE ROAD,BARDSTOWN,KY,40004,(502) 350-5000,STANDARD,HAC_PENALIZED,557,N/A,Not Available,1
MERCY HOSPITAL STODDARD,1200 N ONE MILE RD,DEXTER,MO,63841,(573) 624-5566,STANDARD,,556,N/A,Not Available,6
PENN HIGHLANDS BROOKVILLE,100 HOSPITAL ROAD,BROOKVILLE,PA,15825,(814) 849-2312,STANDARD,,556,N/A,Not Available,2
WOODLAWN HOSPITAL,1400 E 9TH ST,ROCHESTER,IN,46975,(574) 223-3141,STANDARD,,554,1.477,No Different than National Benchmark,2
MEMORIAL HOSPITAL,224 E SECOND STREET,DUMAS,TX,79029,(806) 935-7171,STANDARD,,553,N/A,Not Available,1
TEXAS HEALTH HARRIS METHODIST HOSPITAL AZLE,108 DENVER TRAIL,AZLE,TX,76020,(817) 444-8700,STANDARD,,553,N/A,Not Available,1
UNIVERSITY  OF KS HLTH SYSTEM GREAT BEND CAMPUS,514 CLEVELAND STREET,GREAT BEND,KS,67530,(620) 792-8833,STANDARD,,552,N/A,Not Available,3
MASSACHUSETTS EYE AND EAR INFIRMARY -,243 CHARLES STREET,BOSTON,MA,2114,(617) 523-7900,STANDARD,HAC_PENALIZED,552,N/A,Not Available,7
ASCENSION ST VINCENT CARMEL,13500 N MERIDIAN ST,CARMEL,IN,46032,(317) 582-7000,STANDARD,,551,N/A,Not Available,8
MOUNTAIN WEST MEDICAL CENTER,2055 NORTH MAIN STREET,TOOELE,UT,84074,(435) 843-3700,STANDARD,,551,N/A,Not Available,1
LORETTO HOSPITAL,645 SOUTH CENTRAL AVE,CHICAGO,IL,60644,(773) 626-4300,STANDARD,,548,N/A,Not Available,2
STONESPRINGS HOSPITAL CENTER,24440 STONE SPRINGS BOULEVARD,DULLES,VA,20166,(571) 349-4000,STANDARD,,548,N/A,Not Available,8
VA EASTERN KANSAS HEALTHCARE SYSTEM,2200 SW GAGE BOULEVARD,TOPEKA,KS,66622,(913) 682-2000,STANDARD,,545,N/A,Not Available,0
FULTON COUNTY HEALTH CENTER,725 SOUTH SHOOP AVENUE,WAUSEON,OH,43567,(419) 335-2015,STANDARD,,543,0,No Different than National Benchmark,1
BAPTIST HEALTH LAGRANGE,1025 NEW MOODY LANE,LA GRANGE,KY,40031,(502) 222-5388,STANDARD,,542,N/A,Not Available,4
SOLDIERS AND SAILORS MEMORIAL HOSPITAL OF YATES,418 NORTH MAIN STREET,PENN YAN,NY,14527,(315) 787-4175,STANDARD,,542,0,No Different than National Benchmark,2
INDIAN PATH COMMUNITY HOSPITAL,2000 BROOKSIDE DR,KINGSPORT,TN,37660,(423) 857-7000,STANDARD,,541,N/A,Not Available,10
BINGHAM MEMORIAL HOSPITAL,98 POPLAR STREET,BLACKFOOT,ID,83221,(208) 785-4100,STANDARD,,540,0,No Different than National Benchmark,7
PRESENCE MERCY MEDICAL CENTER,1325 N HIGHLAND AVENUE,AURORA,IL,60506,(630) 859-2222,STANDARD,HAC_PENALIZED,540,N/A,Not Available,5
WINN PARISH MEDICAL CENTER,301 W BOUNDARY AVE,WINNFIELD,LA,71483,(318) 648-3000,STANDARD,HAC_PENALIZED,539,N/A,Not Available,0
ASTRIA TOPPENISH HOSPITAL,502 W FOURTH AVE,TOPPENISH,WA,98948,(509) 865-1520,STANDARD,HAC_PENALIZED,539,N/A,Not Available,1
MADISON REGIONAL HEALTH SYSTEM,323 SW 10TH ST,MADISON,SD,57042,(605) 256-6551,STANDARD,,538,N/A,Not Available,2
Fort Belvoir Community Hospital,9300 DeWitt Loop,Fort Belvoir,VA,22060,(571) 231-3224,STANDARD,,537,N/A,Not Available,0
VALLEY VIEW HOSPITAL ASSOCIATION,1906 BLAKE AVE,GLENWOOD SPRINGS,CO,81601,(970) 945-6535,STANDARD,,536,N/A,Not Available,7
MIDDLESBORO ARH HOSPITAL,3600 WEST CUMBERLAND AVENUE,MIDDLESBORO,KY,40965,(606) 242-1101,STANDARD,,536,N/A,Not Available,4
VALLEY REGIONAL HOSPITAL,243 ELM STREET,CLAREMONT,NH,3743,(603) 542-7771,STANDARD,,536,N/A,Not Available,1
WELLSPAN WAYNESBORO HOSPITAL,501 EAST MAIN ST,WAYNESBORO,PA,17268,(717) 765-4000,STANDARD,,535,N/A,Not Available,9
CENTRAL VALLEY MEDICAL CENTER - CAH,48 WEST 1500 NORTH,NEPHI,UT,84648,(435) 623-3000,STANDARD,,535,N/A,Not Available,1
"KANSAS SPINE & SPECIALTY HOSPITAL, LLC",3333 NORTH WEBB ROAD,WICHITA,KS,67226,(316) 462-5310,STANDARD,,534,N/A,Not Available,6
MCPHERSON HOSPITAL,1000 HOSPITAL DRIVE,MCPHERSON,KS,67460,(620) 241-2250,STANDARD,HAC_PENALIZED,534,N/A,Not Available,1
CASS REGIONAL MEDICAL CENTER,2800 E ROCK HAVEN ROAD,HARRISONVILLE,MO,64701,(816) 380-5888,STANDARD,,534,N/A,Not Available,3
CHAN SOON- SHIONG MEDICAL CENTER AT WINDBER,600 SOMERSET AVENUE,WINDBER,PA,15963,(814) 467-3000,STANDARD,,534,N/A,Not Available,2
RUSSELL COUNTY HOSPITAL,58 CARROLL STREET,LEBANON,VA,24266,(276) 883-8000,STANDARD,,533,N/A,Not Available,0
SOUTHERN COOS HOSPITAL & HEALTH CENTER,900 11TH STREET SE,BANDON,OR,97411,(541) 347-2426,STANDARD,,532,N/A,Not Available,3
LONE PEAK HOSPITAL,11925 SOUTH STATE STREET,DRAPER,UT,84020,(801) 545-8000,STANDARD,,532,N/A,Not Available,6
HOWARD YOUNG MEDICAL CENTER,240 MAPLE ST,WOODRUFF,WI,54568,(715) 356-8000,STANDARD,,531,N/A,Not Available,2
CLAY COUNTY HOSPITAL,83825 HIGHWAY 9    P O BOX 1270,ASHLAND,AL,36251,(256) 354-2131,STANDARD,,530,N/A,Not Available,0
SALEM TOWNSHIP HOSPITAL,1201 RICKER DRIVE,SALEM,IL,62881,(618) 548-3194,STANDARD,,530,0.773,No Different than National Benchmark,1
673rd Medical Group (Joint Base Elmendorf-Richardson),673 MDG 5955 Zeamer Ave,JBER,AK,99506,(907) 384-1110,STANDARD,,528,N/A,Not Available,0
HAMILTON HOSPITAL,901 WEST HAMILTON,OLNEY,TX,76374,(940) 564-5521,STANDARD,,528,N/A,Not Available,0
NORTHFIELD HOSPITAL,2000 NORTH AVENUE,NORTHFIELD,MN,55057,(507) 646-1004,STANDARD,,527,N/A,Not Available,0
TEXAS HEALTH PRESBYTERIAN HOSPITAL KAUFMAN,850 ED HALL,KAUFMAN,TX,75142,(972) 932-7200,STANDARD,,527,N/A,Not Available,1
ARTESIA GENERAL HOSPITAL,702 N 13TH STREET,ARTESIA,NM,88210,(575) 748-3333,STANDARD,HAC_PENALIZED,525,N/A,Not Available,3
PEACE HARBOR MEDICAL CENTER,400 9TH STREET,FLORENCE,OR,97439,(541) 997-8412,STANDARD,,525,N/A,Not Available,10
"ROCKCASTLE COUNTY HOSPITAL, INC.",145 NEWCOMB AVENUE,MOUNT VERNON,KY,40456,(606) 256-2195,STANDARD,HAC_PENALIZED,524,N/A,Not Available,1
OLMSTED MEDICAL CENTER,1650 FOURTH STREET SOUTHEAST,ROCHESTER,MN,55904,(507) 288-3443,STANDARD,,523,N/A,Not Available,5
TAHOE FOREST HOSPITAL,10121 PINE AVE,TRUCKEE,CA,96161,(530) 587-6011,STANDARD,,519,N/A,Not Available,4
ADAMS MEMORIAL HOSPITAL,1100 MERCER AVE,DECATUR,IN,46733,(260) 724-2145,STANDARD,,519,N/A,Not Available,8
MAINEHEALTH STEPHENS HOSPITAL,181 MAIN STREET,NORWAY,ME,4268,(207) 743-5933,STANDARD,,518,N/A,Not Available,5
CONNALLY MEMORIAL MEDICAL CENTER,499 10TH STREET,FLORESVILLE,TX,78114,(830) 393-1300,STANDARD,,518,N/A,Not Available,2
ATMORE COMMUNITY HOSPITAL,401 MEDICAL PARK DRIVE,ATMORE,AL,36502,(251) 368-2500,STANDARD,,516,N/A,Not Available,0
HILLCREST HOSPITAL PRYOR,111 NORTH BAILEY STREET,PRYOR,OK,74361,(918) 825-1600,STANDARD,HAC_PENALIZED,516,N/A,Not Available,4
NORTH SUNFLOWER MEDICAL CENTER CAH,840 NORTH OAK AVENUE,RULEVILLE,MS,38771,(662) 756-2711,STANDARD,,515,0,No Different than National Benchmark,0
"BEATRICE COMMUNITY HOSPITAL & HEALTH CENTER, INC","P O BOX 278, 4800 HOSPITAL PARKWAY",BEATRICE,NE,68310,(402) 228-3344,STANDARD,,515,0,No Different than National Benchmark,1
GRACE SURGICAL HOSPITAL,2412 50TH ST,LUBBOCK,TX,79412,(806) 788-4000,STANDARD,,515,N/A,Not Available,5
CARILION FRANKLIN MEMORIAL HOSPITAL,180 FLOYD AVENUE,ROCKY MOUNT,VA,24151,(540) 483-5277,STANDARD,,515,N/A,Not Available,5
BELLEVUE HOSPITAL,1400 WEST MAIN STREET,BELLEVUE,OH,44811,(419) 483-4040,STANDARD,,514,N/A,Not Available,3
ESSENTIA HEALTH NORTHERN PINES MEDICAL CENTER,5211 HIGHWAY 110,AURORA,MN,55705,(218) 229-4222,STANDARD,,513,N/A,Not Available,1
EVERGREENHEALTH MONROE,14701 179TH AVE SE,MONROE,WA,98272,(360) 794-7497,STANDARD,HAC_AT_RISK,513,N/A,Not Available,3
MT SAN RAFAEL HOSPITAL,410 BENEDICTA AVE,TRINIDAD,CO,81082,(719) 846-9213,STANDARD,,510,N/A,Not Available,3
MONROE SURGICAL HOSPITAL,2408 BROADMOOR BLVD,MONROE,LA,71201,(318) 410-0002,STANDARD,,510,N/A,Not Available,3
ST ELIZABETH HOSPITAL,1450 BATTERSBY AVENUE,ENUMCLAW,WA,98022,(360) 825-2505,STANDARD,,510,N/A,Not Available,0
GRAND JUNCTION VA MEDICAL CENTER,2121 N. AVENUE,GRAND JUNCTION,CO,81501,(970) 244-1329,VA,,509,N/A,Not Available,0
PAINTSVILLE ARH HOSPITAL,625 JAMES S TRIMBLE BOULEVARD,PAINTSVILLE,KY,41240,(606) 789-3511,STANDARD,,509,N/A,Not Available,1
MARTHA'S VINEYARD HOSPITAL INC,"ONE HOSPITAL ROAD, FIRST FL, WING 5,  PO BOX 1477",OAK BLUFFS,MA,2557,(508) 693-0410,STANDARD,,509,N/A,Not Available,5
VA CENTRAL ALABAMA HEALTHCARE SYSTEM - MONTGOMERY,215 PERRY HILL ROAD,MONTGOMERY,AL,36109,(334) 260-4100,STANDARD,,507,N/A,Not Available,0
ARH OUR LADY OF THE WAY,11203 MAIN STREET,MARTIN,KY,41649,(606) 285-6400,STANDARD,,507,N/A,Not Available,0
ALICE PECK DAY MEMORIAL HOSPITAL,10 ALICE PECK DAY DRIVE,LEBANON,NH,3766,(603) 448-3121,STANDARD,,507,0,No Different than National Benchmark,5
MARY RUTAN HOSPITAL,205 PALMER AVENUE,BELLEFONTAINE,OH,43311,(937) 651-3257,STANDARD,,507,N/A,Not Available,1
MENDOCINO COAST DISTRICT HOSPITAL,700 RIVER DRIVE,FORT BRAGG,CA,95437,(707) 961-1234,STANDARD,,506,0.809,No Different than National Benchmark,8
"MERCY HOSPITAL KINGFISHER, INC",1000 HOSPITAL DRIVE,KINGFISHER,OK,73750,(405) 375-3141,STANDARD,,505,2.431,No Different than National Benchmark,2
BAYLOR SCOTT & WHITE HOSPITAL BRENHAM,700 MEDICAL PARKWAY,BRENHAM,TX,77833,(979) 836-6173,STANDARD,,504,0,No Different than National Benchmark,3
MID VALLEY HOSPITAL & CLINIC,810 JASMINE STREET,OMAK,WA,98841,(509) 826-1760,STANDARD,,503,0,No Different than National Benchmark,6
HARRISBURG MEDICAL CENTER,100 DOCTOR WARREN TUTTLE DR,HARRISBURG,IL,62946,(618) 253-7671,STANDARD,HAC_PENALIZED,502,N/A,Not Available,2
VA MONTANA HEALTHCARE SYSTEM,3687 VETERANS DRIVE,FORT HARRISON,MT,59636,(406) 447-7900,STANDARD,,502,N/A,Not Available,0
AURORA MEDICAL CTR WASHINGTON COUNTY,1032 E SUMNER ST,HARTFORD,WI,53027,(262) 673-2300,STANDARD,,502,N/A,Not Available,2
DEACONESS ILLINOIS UNION COUNTY,517 NORTH MAIN STREET,ANNA,IL,62906,(618) 833-4511,STANDARD,,500,N/A,Not Available,0
MEMORIAL HOSPITAL AND HEALTH CARE CENTER,800 W 9TH ST,JASPER,IN,47546,(812) 996-2345,STANDARD,,500,N/A,Not Available,11
OHIOHEALTH SHELBY HOSPITAL,199 WEST MAIN STREET,SHELBY,OH,44875,(419) 342-5015,STANDARD,,500,N/A,Not Available,1
81st Medical Group (Keesler AFB),81 MDG 301 Fisher St Suite 109,Biloxi,MS,39534,(228) 377-6393,STANDARD,,499,N/A,Not Available,0
CHI ST LUKES HEALTH MEMORIAL LIVINGSTON,1717 HWY 59 BYPASS,LIVINGSTON,TX,77351,(936) 327-4381,STANDARD,,499,N/A,Not Available,4
LAKEVIEW HOSPITAL,630 EAST MEDICAL DRIVE,BOUNTIFUL,UT,84010,(801) 299-2200,STANDARD,,499,N/A,Not Available,2
NY EYE AND EAR INFIRMARY OF MOUNT SINAI,230 SECOND AVE,NEW YORK,NY,10003,(212) 979-4000,STANDARD,,498,N/A,Not Available,0
"ST MARY CORWIN MED CTR, CENTURA HEALTH",1008 MINNEQUA AVE,PUEBLO,CO,81004,(719) 557-4000,STANDARD,,497,N/A,Not Available,7
ASPIRUS DIVINE SAVIOR HOSPITAL,2817 NEW PINERY ROAD,PORTAGE,WI,53901,(608) 742-4131,STANDARD,,496,N/A,Not Available,0
RIVER FALLS AREA HOSPITAL,1629 E DIVISION ST,RIVER FALLS,WI,54022,(715) 307-6000,STANDARD,,496,N/A,Not Available,2
BECKLEY VA MEDICAL CENTER,200 VETERANS AVENUE,BECKLEY,WV,25801,(304) 255-2121,VA,,496,N/A,Not Available,0
MAYO CLINIC HEALTH SYSTEM - CANNON FALLS,32021 COUNTY 24 BOULEVARD,CANNON FALLS,MN,55009,(507) 263-6000,STANDARD,,494,N/A,Not Available,1
GREENWOOD LEFLORE HOSPITAL,1401 RIVER RD,GREENWOOD,MS,38930,(662) 459-7000,STANDARD,HAC_PENALIZED,494,N/A,Not Available,5
GUNDERSEN TRI-COUNTY HOSPITAL & CLINICS,18601 LINCOLN ST,WHITEHALL,WI,54773,(715) 538-4361,STANDARD,,494,N/A,Not Available,0
MENA REGIONAL HEALTH SYSTEM,311 NORTH MORROW STREET,MENA,AR,71953,(479) 394-6100,STANDARD,,493,N/A,Not Available,1
PRESENCE ST MARYS HOSPITAL,500 W COURT ST,KANKAKEE,IL,60901,(815) 937-2490,STANDARD,,493,N/A,Not Available,7
AMBERWELL ATCHISON ASSOCIATION,800 RAVEN HILL DRIVE,ATCHISON,KS,66002,(913) 367-2131,STANDARD,,491,N/A,Not Available,2
UNITYPOINT HEALTH - MARSHALLTOWN,55 UNITYPOINT WAY,MARSHALLTOWN,IA,50158,(641) 754-5151,STANDARD,,490,N/A,Not Available,3
PRESENCE SAINT JOSEPH HOSPITAL - CHICAGO,2900 NORTH LAKE SHORE DRIVE,CHICAGO,IL,60657,(773) 665-3000,STANDARD,,490,N/A,Not Available,7
"COMMUNITY MEMORIAL HOSPITAL, INC",150 BROAD STREET,HAMILTON,NY,13346,(315) 824-1100,STANDARD,,490,N/A,Not Available,3
ADENA FAYETTE MEDICAL CENTER,1430 COLUMBUS AVENUE,WASHINGTON CH,OH,43160,(740) 335-1210,STANDARD,,490,N/A,Not Available,3
INTERMOUNTAIN HEALTH ALTA VIEW HOSPITAL,9660 SOUTH 1300 EAST,SANDY,UT,84094,(801) 501-2600,STANDARD,,489,N/A,Not Available,13
UCF LAKE NONA HOSPITAL,6700 LAKE NONA BLVD,ORLANDO,FL,32827,(850) 523-2115,STANDARD,,488,N/A,Not Available,1
BAPTIST MEDICAL CENTER-LEAKE,1100 HIGHWAY 16 EAST,CARTHAGE,MS,39051,(601) 267-1422,STANDARD,,486,N/A,Not Available,2
VA MIDDLE TENNESSEE HEALTHCARE SYSTEM - MURFREESBORO,3400 LEBANON PIKE,MURFREESBORO,TN,37129,(615) 867-6000,STANDARD,,486,N/A,Not Available,0
ST LUKE'S HOSPITAL - EASTON CAMPUS,250 SOUTH 21ST STREET,EASTON,PA,18042,(610) 250-4076,STANDARD,,485,N/A,Not Available,6
ESSENTIA HEALTH ST MARYS - DETROIT LAKES,1027 WASHINGTON AVE,DETROIT LAKES,MN,56501,(218) 847-0888,STANDARD,,484,N/A,Not Available,5
SAINT THOMAS RIVER PARK HOSPITAL,1559 SPARTA STREET,MCMINNVILLE,TN,37110,(931) 815-4101,STANDARD,,484,N/A,Not Available,1
DESOTO REGIONAL HEALTH SYSTEM,207 JEFFERSON STREET,MANSFIELD,LA,71052,(318) 872-4610,STANDARD,,483,N/A,Not Available,1
CHI ST LUKES LAKESIDE HOSPITAL,17400 ST LUKES WAY,THE WOODLANDS,TX,77384,(936) 266-4055,STANDARD,,482,N/A,Not Available,3
SELBY GENERAL HOSPITAL,1106 COLEGATE DRIVE,MARIETTA,OH,45750,(740) 568-2000,STANDARD,,481,N/A,Not Available,4
CENTRA BEDFORD MEMORIAL HOSPITAL,1613 OAKWOOD STREET,BEDFORD,VA,24523,(540) 586-2441,STANDARD,,481,N/A,Not Available,3
CASS COUNTY MEMORIAL HOSPITAL,1501 EAST TENTH STREET,ATLANTIC,IA,50022,(712) 243-3250,STANDARD,,479,0,No Different than National Benchmark,5
HSHS ST CLARE MEMORIAL HOSPITAL,855 S MAIN ST,OCONTO FALLS,WI,54154,(920) 846-3444,STANDARD,,479,0,No Different than National Benchmark,2
MERCY HOSPITAL CARTHAGE,3125 DR RUSSELL SMITH WAY,CARTHAGE,MO,64836,(417) 358-8121,STANDARD,,477,N/A,Not Available,2
MEMORIAL HOSPITAL,1110 NORTH SARAH DEWITT DRIVE,GONZALES,TX,78629,(830) 672-7581,STANDARD,,477,N/A,Not Available,2
DAYTON VA MEDICAL CENTER,4100 WEST THIRD STREET,DAYTON,OH,45428,(937) 268-6511,VA,,476,N/A,Not Available,0
JEFFERSON COUNTY HEALTH CENTER,2000 S MAIN,FAIRFIELD,IA,52556,(641) 472-4111,STANDARD,,474,N/A,Not Available,5
OCHSNER ST ANNE GENERAL HOSPITAL,4608 HIGHWAY 1,RACELAND,LA,70394,(985) 537-6841,STANDARD,,474,N/A,Not Available,2
MERCYONE NEWTON MEDICAL CENTER,204 N 4TH AVE E,NEWTON,IA,50208,(641) 792-1273,STANDARD,,473,N/A,Not Available,3
CITIZENS MEDICAL CENTER,7939 U S HWY 165 SOUTH,COLUMBIA,LA,71418,(318) 649-6106,STANDARD,HAC_PENALIZED,473,N/A,Not Available,0
CHI ST ALEXIUS HEALTH WILLISTON,1301 15TH AVE W,WILLISTON,ND,58801,(701) 774-7400,STANDARD,,469,N/A,Not Available,0
TYLER HOLMES MEMORIAL HOSPITAL CAH,409 TYLER HOLMES DRIVE,WINONA,MS,38967,(662) 283-6126,STANDARD,,468,N/A,Not Available,0
"ASPIRUS MEDFORD HOSPITAL & CLINICS, INC",135 S GIBSON ST,MEDFORD,WI,54451,(715) 748-8100,STANDARD,,468,N/A,Not Available,2
MARCUM AND WALLACE MEMORIAL HOSPITAL,60 MERCY COURT,IRVINE,KY,40336,(606) 723-2115,STANDARD,,466,N/A,Not Available,1
SOUTHWEST MEMORIAL HOSPITAL,1311 N MILDRED RD,CORTEZ,CO,81321,(970) 565-6666,STANDARD,,463,N/A,Not Available,8
YOAKUM COMMUNITY HOSPITAL,1200 CARL RAMERT DRIVE,YOAKUM,TX,77995,(361) 293-2321,STANDARD,,463,N/A,Not Available,3
CHI ST VINCENT MORRILTON,#4 HOSPITAL DRIVE,MORRILTON,AR,72110,(501) 977-2300,STANDARD,,462,N/A,Not Available,0
COLUMBUS COMMUNITY HOSPITAL,110 SHULT DR,COLUMBUS,TX,78934,(979) 732-2371,STANDARD,,461,N/A,Not Available,2
SALEM MEMORIAL DISTRICT HOSPITAL,"PO BOX 774,",SALEM,MO,65560,(573) 729-6626,STANDARD,,460,0,No Different than National Benchmark,1
"ASCENSION VIA CHRISTI HOSPITAL MANHATTAN, INC",1823 COLLEGE AVE,MANHATTAN,KS,66502,(785) 776-2831,STANDARD,,458,N/A,Not Available,3
WAVERLY HEALTH CENTER,312  9TH STREET SW,WAVERLY,IA,50677,(319) 352-4120,STANDARD,,457,0,No Different than National Benchmark,6
MOSAIC MEDICAL CENTER - MARYVILLE,2016 SOUTH MAIN ST,MARYVILLE,MO,64468,(660) 562-2600,STANDARD,,457,N/A,Not Available,0
PHELPS MEMORIAL HEALTH CENTER,1215 TIBBALS ST,HOLDREGE,NE,68949,(308) 995-2211,STANDARD,,457,0,No Different than National Benchmark,3
BOONE MEMORIAL HOSPITAL,701 MADISON AVENUE,MADISON,WV,25130,(304) 369-1230,STANDARD,,457,0,No Different than National Benchmark,4
CHRISTUS CENTRAL LOUISIANA SURGICAL HOSPITAL,651 NORTH BOLTON AVE,ALEXANDRIA,LA,71301,(318) 449-6400,STANDARD,,456,N/A,Not Available,6
HOOD MEMORIAL HOSPITAL,301 W WALNUT STREET,AMITE,LA,70422,(985) 748-9485,STANDARD,,456,0.898,No Different than National Benchmark,2
LOGAN HEALTH - WHITEFISH,1600 HOSPITAL WAY,WHITEFISH,MT,59937,(406) 863-3550,STANDARD,,456,0,No Different than National Benchmark,6
CARILION GILES COMMUNITY HOSPITAL,159 HARTLEY WAY,PEARISBURG,VA,24134,(540) 921-6000,STANDARD,,456,N/A,Not Available,4
TRINITY MUSCATINE,1518 MULBERRY AVENUE,MUSCATINE,IA,52761,(563) 264-9100,STANDARD,,455,N/A,Not Available,5
MERCY HOSPITAL GUTHRIE,200 S ACADEMY RD,GUTHRIE,OK,73044,(405) 282-6700,STANDARD,,455,0,No Different than National Benchmark,5
PHOENIX INDIAN MEDICAL CENTER,4212 NORTH 16TH STREET,PHOENIX,AZ,85016,(602) 263-1200,STANDARD,,453,N/A,Not Available,1
GIBSON COMMUNITY HOSPITAL,1120 N MELVIN STREET,GIBSON CITY,IL,60936,(217) 784-4251,STANDARD,,453,N/A,Not Available,3
SMYTH COUNTY COMMUNITY HOSPITAL,245 MEDICAL PARK DRIVE,MARION,VA,24354,(276) 378-1000,STANDARD,,452,N/A,Not Available,0
SIGNATURE HEALTHCARE BROCKTON HOSPITAL,680 CENTER STREET,BROCKTON,MA,2302,(508) 941-7000,STANDARD,HAC_PENALIZED,450,N/A,Not Available,6
UPMC MUNCY,215 EAST WATER STREET,MUNCY,PA,17756,(570) 546-8282,STANDARD,,450,0,No Different than National Benchmark,3
CORYELL MEMORIAL HOSPITAL,1507 W MAIN STREET,GATESVILLE,TX,76528,(254) 865-8251,STANDARD,,450,N/A,Not Available,2
MEMORIAL MEDICAL CENTER,701 N VIRGINIA ST,PORT LAVACA,TX,77979,(361) 552-6713,STANDARD,,450,N/A,Not Available,2
ST JOSEPHS HOSPITAL,9515 HOLY CROSS LN,BREESE,IL,62230,(618) 526-4511,STANDARD,,449,N/A,Not Available,7
PULLMAN REGIONAL HOSPITAL,835 S BISHOP BLVD,PULLMAN,WA,99163,(509) 332-2541,STANDARD,,448,N/A,Not Available,4
GRITMAN MEDICAL CENTER,700 SOUTH MAIN STREET,MOSCOW,ID,83843,(208) 882-4511,STANDARD,,447,N/A,Not Available,3
GRAHAM COUNTY HOSPITAL,304 WEST PROUT STREET,HILL CITY,KS,67642,(785) 421-2121,STANDARD,,447,N/A,Not Available,0
"VIA CHRISTI HOSPITAL WICHITA ST TERESA, INC",14800 WEST ST TERESA,WICHITA,KS,67235,(316) 268-5000,STANDARD,,447,N/A,Not Available,3
BRECKINRIDGE MEMORIAL HOSPITAL,1011 OLD HIGHWAY 60,HARDINSBURG,KY,40143,(270) 756-7000,STANDARD,,447,N/A,Not Available,0
ESSENTIA HEALTH DULUTH,502 EAST SECOND STREET,DULUTH,MN,55805,(218) 786-2652,STANDARD,,447,N/A,Not Available,9
COX BARTON COUNTY HOSPITAL,29 NW 1ST LANE,LAMAR,MO,64759,(417) 682-6081,STANDARD,,447,N/A,Not Available,1
O'CONNOR HOSPITAL,460 ANDES ROAD,DELHI,NY,13753,(607) 746-0300,STANDARD,,447,0,No Different than National Benchmark,6
HOLZER MEDICAL CENTER JACKSON,500 BURLINGTON ROAD,JACKSON,OH,45640,(740) 395-8500,STANDARD,,446,N/A,Not Available,1
MARION GENERAL HOSPITAL,1560 SUMRALL RD,COLUMBIA,MS,39429,(601) 736-6303,STANDARD,HAC_PENALIZED,445,N/A,Not Available,0
BAYLOR SCOTT AND WHITE ORTHOPEDIC AND SPINE HOSPI,707 HIGHLANDER BLVD,ARLINGTON,TX,76015,(817) 583-7100,STANDARD,,445,N/A,Not Available,0
HEREFORD REGIONAL MEDICAL CENTER,801 EAST THIRD,HEREFORD,TX,79045,(806) 364-2141,STANDARD,,445,N/A,Not Available,0
HOPEDALE HOSPITAL,107 TREMONT STREET,HOPEDALE,IL,61747,(309) 449-3321,STANDARD,,443,N/A,Not Available,2
LAKESIDE MEDICAL CENTER,39200 HOOKER HWY,BELLE GLADE,FL,33430,(561) 996-6571,STANDARD,,442,N/A,Not Available,2
PEACEHEALTH KETCHIKAN MEDICAL CENTER,3100 TONGASS AVENUE,KETCHIKAN,AK,99901,(907) 225-5171,STANDARD,,440,N/A,Not Available,3
HANS P PETERSON MEMORIAL HOSPITAL - CAH,503 W PINE  POST OFFICE BOX 790,PHILIP,SD,57567,(605) 859-2511,HIGH_CAUTI,,440,3.724,Worse than the National Benchmark,0
MOBERLY REGIONAL MEDICAL CENTER,1515 UNION AVE,MOBERLY,MO,65270,(660) 263-8400,STANDARD,,439,N/A,Not Available,1
UNIVERSITY OF MD SHORE MEDICAL CTR AT CHESTERTOWN,100 BROWN STREET,CHESTERTOWN,MD,21620,(410) 778-7668,STANDARD,,437,N/A,Not Available,6
PARKVIEW REGIONAL HOSPITAL,600 SOUTH BONHAM STREET,MEXIA,TX,76667,(254) 562-5332,STANDARD,,437,N/A,Not Available,2
ST CHARLES PARISH HOSPITAL,1057 PAUL MAILLARD ROAD,LULING,LA,70070,(985) 785-3644,STANDARD,,436,N/A,Not Available,3
NEVADA REGIONAL MEDICAL CENTER,800 S ASH ST,NEVADA,MO,64772,(417) 667-3355,STANDARD,,436,N/A,Not Available,1
BAPTIST MEDICAL CENTER-YAZOO,823 GRAND AVENUE,YAZOO CITY,MS,39194,(662) 746-2261,STANDARD,,435,N/A,Not Available,1
BIBB MEDICAL CENTER,208 PIERSON AVE,CENTREVILLE,AL,35042,(205) 926-4881,STANDARD,,433,N/A,Not Available,0
ABBEVILLE AREA MEDICAL CENTER,420 THOMSON CIRCLE,ABBEVILLE,SC,29620,(864) 366-5011,STANDARD,,432,0.948,No Different than National Benchmark,0
CLAY COUNTY HOSPITAL,911 STACY BURK DR,FLORA,IL,62839,(618) 662-2131,STANDARD,,431,N/A,Not Available,1
RIVER'S EDGE HOSPITAL & CLINIC,1900 NORTH SUNRISE DRIVE,ST PETER,MN,56082,(507) 931-2200,STANDARD,,430,N/A,Not Available,1
SANFORD THIEF RIVER FALLS MEDICAL CENTER,3001 SANFORD PARKWAY,THIEF RIVER FALLS,MN,56701,(218) 683-2652,STANDARD,,430,0,No Different than National Benchmark,1
SPARTA COMMUNITY HOSPITAL,818 E BROADWAY,SPARTA,IL,62286,(618) 443-2177,STANDARD,,429,N/A,Not Available,1
PARKVIEW WHITLEY HOSPITAL,1260 E SR 205,COLUMBIA CITY,IN,46725,(260) 248-9301,STANDARD,,427,N/A,Not Available,12
"PARKVIEW WABASH HOSPITAL, INC",10 JOHN KISSINGER DRIVE,WABASH,IN,46992,(260) 569-2160,STANDARD,,426,N/A,Not Available,5
SEQUOYAH COUNTY-CITY OF SALLISAW HOSPITAL AUTHORIT,213 EAST REDWOOD,SALLISAW,OK,74955,(918) 774-1100,STANDARD,HAC_PENALIZED,426,N/A,Not Available,0
PROVIDENCE HOOD RIVER MEMORIAL HOSPITAL,810 12TH STREET,HOOD RIVER,OR,97031,(541) 386-3911,STANDARD,,425,N/A,Not Available,4
HIGHPOINT HEALTH-RIVERVIEW WITH ASCENSION SAINT TH,158 HOSPITAL DRIVE,CARTHAGE,TN,37030,(615) 735-9815,STANDARD,,422,N/A,Not Available,0
COMMUNITY HOSPITAL,"P O BOX 1328, 1301 EAST H ST",MCCOOK,NE,69001,(308) 344-2650,STANDARD,,421,N/A,Not Available,4
CROSSING RIVERS HEALTH MEDICAL CENTER,37868 US HWY 18,PRAIRIE DU CHIEN,WI,53821,(608) 357-2000,STANDARD,,420,0,No Different than National Benchmark,2
NOR-LEA HOSPITAL DISTRICT,1600 NORTH MAIN AVE,LOVINGTON,NM,88260,(575) 396-6611,STANDARD,,418,0,No Different than National Benchmark,6
MARSHALL COUNTY HOSPITAL,615 OLD SYMSONIA ROAD,BENTON,KY,42025,(270) 527-4800,STANDARD,,417,N/A,Not Available,1
KNOXVILLE HOSPITAL & CLINICS,1002 SOUTH LINCOLN STREET,KNOXVILLE,IA,50138,(641) 842-2151,STANDARD,,415,0,No Different than National Benchmark,1
CHI ST ALEXIUS HEALTH DEVILS LAKE,1031 7TH ST NE,DEVILS LAKE,ND,58301,(701) 662-2131,STANDARD,,413,N/A,Not Available,0
UINTAH BASIN MEDICAL CENTER,250 WEST 300 NORTH,ROOSEVELT,UT,84066,(435) 722-4691,STANDARD,,413,N/A,Not Available,2
SAMARITAN NORTH LINCOLN HOSPITAL,3043 NE 28TH STREET,LINCOLN CITY,OR,97367,(541) 994-3661,STANDARD,,411,N/A,Not Available,7
HUGGINS HOSPITAL,240 SOUTH MAIN STREET,WOLFEBORO,NH,3894,(603) 569-7500,STANDARD,,410,0,No Different than National Benchmark,13
TITUSVILLE AREA HOSPITAL,406 WEST OAK STREET,TITUSVILLE,PA,16354,(814) 827-1851,STANDARD,,409,N/A,Not Available,2
HALIFAX HEALTH /UF HEALTH MEDICAL CENTER OF DELTON,3300 HALIFAX CROSSINGS BLVD,DELTONA,FL,32725,(386) 425-4806,STANDARD,HAC_PENALIZED,408,N/A,Not Available,1
PARKVIEW NOBLE HOSPITAL,401 SAWYER RD,KENDALLVILLE,IN,46755,(260) 347-8700,STANDARD,,408,N/A,Not Available,4
BMH-CALHOUN,140 BURKE-CALHOUN CITY ROAD,CALHOUN CITY,MS,38916,(662) 628-6611,STANDARD,,408,N/A,Not Available,0
LAFAYETTE SURGICAL SPECIALTY HOSPITAL,1101 KALISTE SALOOM RD,LAFAYETTE,LA,70508,(337) 769-4100,STANDARD,,407,N/A,Not Available,2
DEACONESS ILLINOIS CROSSROADS,8 DOCTORS PARK RD,MOUNT VERNON,IL,62864,(618) 244-5500,STANDARD,,406,N/A,Not Available,2
ST FRANCIS MEMORIAL HOSPITAL,430 NORTH MONITOR ST,WEST POINT,NE,68788,(402) 372-2404,STANDARD,,406,N/A,Not Available,5
ST VINCENT'S ST CLAIR,7063 VETERANS PARKWAY,PELL CITY,AL,35125,(205) 338-3301,STANDARD,,405,N/A,Not Available,1
CONCORD HOSPITAL- FRANKLIN,15 AIKEN AVENUE,FRANKLIN,NH,3235,(603) 934-2060,STANDARD,,405,N/A,Not Available,6
BAPTIST MEMORIAL HOSPITAL BOONEVILLE,100 HOSPITAL STREET,BOONEVILLE,MS,38829,(662) 720-5000,STANDARD,HAC_PENALIZED,404,N/A,Not Available,1
BOUNDARY COMMUNITY HOSPITAL,6640 KANIKSU STREET,BONNERS FERRY,ID,83805,(208) 267-3141,STANDARD,,403,N/A,Not Available,4
HANCOCK COUNTY HEALTH SYSTEM,532 1ST ST NW,BRITT,IA,50423,(641) 843-5000,STANDARD,,402,N/A,Not Available,2
BANNER FORT COLLINS MEDICAL CENTER,4700 LADY MOON DR,FORT COLLINS,CO,80528,(970) 821-4000,STANDARD,,401,N/A,Not Available,5
ST GABRIELS HOSPITAL,815 SOUTHEAST SECOND STREET,LITTLE FALLS,MN,56345,(320) 632-5441,STANDARD,,400,N/A,Not Available,2
FAYETTE MEDICAL CENTER,1653 TEMPLE AVENUE NORTH,FAYETTE,AL,35555,(205) 932-5966,STANDARD,,399,N/A,Not Available,2
"ST JOSEPH HEALTH SYSTEM, LLC",702 VAN BUREN ST.,FORT WAYNE,IN,46802,(260) 425-3000,STANDARD,,399,N/A,Not Available,1
AVERA MARSHALL REGIONAL MEDICAL CTR,300 SOUTH BRUCE STREET,MARSHALL,MN,56258,(507) 537-9661,STANDARD,,399,N/A,Not Available,4
ADVENTIST HEALTH TILLAMOOK,1000 THIRD STREET,TILLAMOOK,OR,97141,(503) 815-2260,STANDARD,,399,N/A,Not Available,4
MOUNT DESERT ISLAND HOSPITAL,"10 WAYMAN LANE, PO BOX 8",BAR HARBOR,ME,4609,(207) 288-5081,STANDARD,,398,N/A,Not Available,2
VA BLACK HILLS HEALTHCARE SYSTEM,113 COMANCHE ROAD,FORT MEADE,SD,57741,(605) 347-2511,STANDARD,,398,N/A,Not Available,0
EAST OHIO REGIONAL HOSPITAL,90 NORTH FOURTH STREET,MARTINS FERRY,OH,43935,(740) 633-1100,STANDARD,,397,N/A,Not Available,0
WEST TENNESSEE HEALTHCARE MILAN HOSPITAL,4039 HIGHLAND ST,MILAN,TN,38358,(731) 686-1591,STANDARD,,397,N/A,Not Available,1
ASCENSION ST FRANCIS HOSPITAL,3237 S 16TH ST,MILWAUKEE,WI,53215,(414) 647-5000,STANDARD,,397,N/A,Not Available,5
CRAWFORD MEMORIAL HOSPITAL,1000 NORTH ALLEN STREET,ROBINSON,IL,62454,(618) 544-3131,STANDARD,,396,N/A,Not Available,5
CHRISTUS COUSHATTA HEALTH CARE CENTER,1635 MARVEL STREET,COUSHATTA,LA,71019,(318) 932-2000,STANDARD,,396,N/A,Not Available,0
SAUK PRAIRIE HOSPITAL,260 26TH STREET,PRAIRIE DU SAC,WI,53578,(608) 643-3311,STANDARD,HAC_AT_RISK,396,N/A,Not Available,3
STERLING SURGICAL HOSPITAL,989 ROBERT BLVD,SLIDELL,LA,70458,(985) 690-8200,STANDARD,,395,N/A,Not Available,0
ENDLESS MOUNTAINS HEALTH SYSTEMS,100 HOSPITAL DRIVE,MONTROSE,PA,18801,(570) 278-3801,STANDARD,,395,N/A,Not Available,1
PRESTON MEMORIAL HOSPITAL,150 MEMORIAL DRIVE,KINGWOOD,WV,26537,(304) 329-1400,STANDARD,,395,N/A,Not Available,4
MERCY HOSPITAL OZARK,801 WEST RIVER STREET,OZARK,AR,72949,(479) 667-4138,STANDARD,,394,N/A,Not Available,0
MAYERS MEMORIAL HOSPITAL,43563 HWY 299 EAST,FALL RIVER MILLS,CA,96028,(530) 336-5511,STANDARD,,394,N/A,Not Available,3
THEDACARE MEDICAL CENTER - NEW LONDON,1405 MILL ST,NEW LONDON,WI,54961,(920) 531-2000,STANDARD,,394,N/A,Not Available,2
96th Medical Group (Eglin AFB),96 MDG 307 Boatner Rd Suite 114,Eglin AFB,FL,32542,(850) 883-8600,STANDARD,,392,N/A,Not Available,0
WASHINGTON COUNTY HOSPITAL AND CLINICS,400 EAST POLK STREET,WASHINGTON,IA,52353,(319) 653-5481,STANDARD,,392,N/A,Not Available,5
RIVERSIDE SHORE MEMORIAL HOSPITAL,20480 MARKET STREET,ONANCOCK,VA,23417,(757) 414-8000,STANDARD,,392,N/A,Not Available,3
COMMUNITY HOSPITAL OF ANACONDA,401 W PENNSYLVANIA,ANACONDA,MT,59711,(406) 563-8500,STANDARD,,391,N/A,Not Available,3
CARILION TAZEWELL COMMUNITY HOSPITAL,388 BEN BOLT AVENUE,TAZEWELL,VA,24651,(276) 988-8700,STANDARD,HAC_PENALIZED,391,N/A,Not Available,0
HARRISON MEMORIAL HOSPITAL,1210 KY HWY 36 E,CYNTHIANA,KY,41031,(859) 234-2300,STANDARD,,390,N/A,Not Available,2
EPHRAIM MCDOWELL FORT LOGAN HOSPITAL,110 METKER TRAIL,STANFORD,KY,40484,(606) 365-4600,STANDARD,,389,N/A,Not Available,2
ALLEN PARISH HOSPITAL,108 6TH AVENUE,KINDER,LA,70648,(337) 738-9489,STANDARD,,388,N/A,Not Available,0
CITIZENS MEDICAL CENTER,100 E COLLEGE DRIVE,COLBY,KS,67701,(785) 462-7511,STANDARD,,387,N/A,Not Available,3
LOWER UMPQUA HOSPITAL DISTRICT,600 RANCH ROAD,REEDSPORT,OR,97467,(541) 271-2171,STANDARD,,387,N/A,Not Available,1
MARY BRECKINRIDGE ARH HOSPITAL,130 KATE IRELAND DRIVE,HYDEN,KY,41749,(606) 672-2901,STANDARD,,386,N/A,Not Available,0
LIFECARE MEDICAL CENTER,715 DELMORE DRIVE,ROSEAU,MN,56751,(218) 463-2500,STANDARD,,386,N/A,Not Available,2
ASANTE ASHLAND COMMUNITY HOSPITAL,280 MAPLE STREET,ASHLAND,OR,97520,(541) 482-2441,STANDARD,,386,N/A,Not Available,8
MEMORIAL HOSPITAL,511 NE 10TH ST,ABILENE,KS,67410,(785) 263-2100,STANDARD,,385,N/A,Not Available,1
COBLESKILL REGIONAL HOSPITAL,178 GRANDVIEW DRIVE,COBLESKILL,NY,12043,(518) 254-3456,STANDARD,,385,N/A,Not Available,5
CONEMAUGH MINERS MEDICAL CENTER,290 HAIDA AVENUE,HASTINGS,PA,16646,(814) 247-3100,STANDARD,,385,N/A,Not Available,2
NORTHEASTERN NEVADA REGIONAL HOSPITAL,2001 ERRECART BLVD,ELKO,NV,89801,(775) 738-5151,STANDARD,HAC_PENALIZED,383,N/A,Not Available,1
"BAILEY MEDICAL CENTER, LLC",10502 NORTH 110TH EAST AVENUE,OWASSO,OK,74055,(918) 376-8500,STANDARD,,383,N/A,Not Available,2
CHEROKEE INDIAN HOSPITAL AUTHORITY,CALLER BOX C268,CHEROKEE,NC,28719,(828) 497-9163,STANDARD,,381,N/A,Not Available,0
MEMORIAL COMMUNITY HOSPITAL & HEALTH SYSTEM,810 NORTH 22ND ST,BLAIR,NE,68008,(402) 426-1502,STANDARD,,378,N/A,Not Available,2
THE MEDICAL CENTER AT FRANKLIN,1100 BROOKHAVEN ROAD,FRANKLIN,KY,42135,(270) 598-4800,STANDARD,,376,N/A,Not Available,1
PRESBYTERIAN SANTA FE MEDICAL CENTER,4801 BECKNER ROAD,SANTA FE,NM,87507,(505) 772-1234,STANDARD,,375,N/A,Not Available,3
YUKON KUSKOKWIM DELTA REG HOSPITAL,PO BOX 287,BETHEL,AK,99559,(907) 543-6000,STANDARD,,374,N/A,Not Available,0
CRENSHAW COMMUNITY HOSPITAL,101 HOSPITAL CIRCLE,LUVERNE,AL,36049,(334) 335-3374,STANDARD,,374,N/A,Not Available,0
SALINA SURGICAL HOSPITAL,401 SOUTH SANTA FE AVENUE,SALINA,KS,67401,(785) 827-0610,STANDARD,HAC_PENALIZED,374,N/A,Not Available,5
PELLA REGIONAL HEALTH CENTER,404 JEFFERSON STREET,PELLA,IA,50219,(641) 628-3150,STANDARD,,373,N/A,Not Available,5
COMMUNITY HOSPITAL OF STAUNTON,400 N CALDWELL ST,STAUNTON,IL,62088,(618) 635-2200,STANDARD,,372,N/A,Not Available,2
FRIO REGIONAL HOSPITAL,200 S IH 35,PEARSALL,TX,78061,(830) 334-3617,STANDARD,,372,N/A,Not Available,0
SAGE MEMORIAL HOSPITAL,HIGHWAY 264 WEST AND 191 SOUTH,GANADO,AZ,86505,(928) 755-4500,STANDARD,,371,N/A,Not Available,0
PRESENCE SAINT JOSEPH HOSPITAL - ELGIN,77 N AIRLITE STREET,ELGIN,IL,60123,(847) 695-3200,STANDARD,,371,N/A,Not Available,5
WOMEN & INFANTS HOSPITAL OF RHODE ISLAND,101 DUDLEY STREET,PROVIDENCE,RI,2905,(401) 274-1100,STANDARD,,371,N/A,Not Available,1
"SUMMIT SURGICAL, LLC",1818 EAST 23RD AVENUE,HUTCHINSON,KS,67502,(620) 663-4800,STANDARD,,370,N/A,Not Available,0
KNOX COUNTY HOSPITAL,80 HOSPITAL DRIVE,BARBOURVILLE,KY,40906,(606) 546-4175,STANDARD,,370,N/A,Not Available,0
MCDOWELL ARH HOSPITAL,9879 KENTUCKY ROUTE 122,MC DOWELL,KY,41647,(606) 377-3400,STANDARD,,369,N/A,Not Available,0
FLAMBEAU HOSPITAL,98 SHERRY AVE,PARK FALLS,WI,54552,(715) 762-7500,STANDARD,,369,N/A,Not Available,4
HORN MEMORIAL HOSPITAL,701 E 2ND ST,IDA GROVE,IA,51445,(712) 364-3311,STANDARD,,368,N/A,Not Available,1
BAYLOR MEDICAL CENTER AT TROPHY CLUB,2850  E STATE HIGHWAY 114,TROPHY CLUB,TX,76262,(817) 837-4600,STANDARD,,368,N/A,Not Available,3
VERNON MEMORIAL HOSPITAL,507 SOUTH MAIN ST,VIROQUA,WI,54665,(608) 637-2101,STANDARD,,368,N/A,Not Available,0
SOUTHWEST REGIONAL MEDICAL CENTER LLC,2001 SOUTH MAIN,HOPE,AR,71801,(870) 722-3800,STANDARD,,367,N/A,Not Available,0
SHOSHONE MEDICAL CENTER,25 JACOBS GULCH ROAD,KELLOGG,ID,83837,(208) 784-1221,STANDARD,,367,N/A,Not Available,3
CHI ST ALEXIUS HEALTH DICKINSON,2500 FAIRWAY STREET,DICKINSON,ND,58601,(701) 456-4000,STANDARD,,367,N/A,Not Available,0
NOCONA GENERAL HOSPITAL,100 PARK ROAD,NOCONA,TX,76255,(940) 825-3235,STANDARD,,367,N/A,Not Available,1
Blanchfield ACH (FT Campbell),650 Joel Dr,Fort Campbell,KY,42223,(270) 798-8400,STANDARD,,366,N/A,Not Available,0
OWATONNA HOSPITAL,2250 26TH STREET NORTHWEST,OWATONNA,MN,55060,(507) 451-3850,STANDARD,,366,N/A,Not Available,1
THEDACARE MEDICAL CENTER - BERLIN INC,225 MEMORIAL DRIVE,BERLIN,WI,54923,(920) 361-1313,STANDARD,,366,N/A,Not Available,2
CHINLE COMPREHENSIVE HEALTH CARE FACILITY,"US HWY 191, HOSPITAL ROAD",CHINLE,AZ,86503,(928) 674-7001,STANDARD,,365,N/A,Not Available,0
STOUGHTON HOSPITAL,900 RIDGE ST,STOUGHTON,WI,53589,(608) 873-6611,STANDARD,,365,N/A,Not Available,1
BURGESS HEALTH CENTER,1600 DIAMOND STREET,ONAWA,IA,51040,(712) 423-2311,STANDARD,,364,N/A,Not Available,1
SPEARE MEMORIAL HOSPITAL,16 HOSPITAL ROAD,PLYMOUTH,NH,3264,(603) 536-1120,STANDARD,,363,N/A,Not Available,5
SOUTH PENINSULA HOSPITAL,4300 BARTLETT ST,HOMER,AK,99603,(907) 235-8101,STANDARD,,362,N/A,Not Available,3
CURRY GENERAL HOSPITAL,94220 FOURTH STREET,GOLD BEACH,OR,97444,(541) 247-3000,STANDARD,,362,N/A,Not Available,4
THE JAMES B. HAGGIN MEMORIAL HOSPITAL,464 LINDEN AVENUE,HARRODSBURG,KY,40330,(859) 734-5441,STANDARD,,361,N/A,Not Available,2
UOFL HEALTH - SHELBYVILLE HOSPITAL,727 HOSPITAL DRIVE,SHELBYVILLE,KY,40065,(502) 647-4000,STANDARD,,361,N/A,Not Available,4
HEDRICK MEDICAL CENTER,2799 NORTH WASHINGTON STREET,CHILLICOTHE,MO,64601,(660) 646-1480,STANDARD,,361,N/A,Not Available,9
MERCYONE OELWEIN MEDICAL CENTER,201 EIGHTH AVENUE SE,OELWEIN,IA,50662,(319) 283-6000,STANDARD,,360,N/A,Not Available,0
HOLMES COUNTY HOSPITAL AND CLINICS,239 BOWLING GREEN ROAD,LEXINGTON,MS,39095,(662) 834-1321,STANDARD,,359,N/A,Not Available,0
GEISINGER MEDICAL CENTER MUNCY,255 ROUTE 220 HIGHWAY,MUNCY,PA,17756,(570) 308-2475,STANDARD,,359,N/A,Not Available,0
BANNER LASSEN MEDICAL CENTER,1800 SPRING RIDGE DRIVE,SUSANVILLE,CA,96130,(530) 252-2000,STANDARD,,358,N/A,Not Available,5
MEMORIAL HOSPITAL,1454 N COUNTY ROAD 2050 E,CARTHAGE,IL,62321,(217) 357-8500,STANDARD,,357,N/A,Not Available,2
ELECTRA MEMORIAL HOSPITAL,1207 S BAILEY STREET,ELECTRA,TX,76360,(940) 495-3981,STANDARD,,356,N/A,Not Available,1
ASTERA HEALTH,421 11TH STREET NW,WADENA,MN,56482,(218) 631-7489,STANDARD,,354,N/A,Not Available,3
ORANGE CITY AREA HEALTH SYSTEM,1000 LINCOLN CIRCLE SE,ORANGE CITY,IA,51041,(712) 737-4984,STANDARD,,353,N/A,Not Available,2
MERCY HOSPITAL LEBANON,100 HOSPITAL DRIVE,LEBANON,MO,65536,(417) 533-6100,STANDARD,,353,N/A,Not Available,2
MONUMENT HEALTH SPEARFISH HOSPITAL,1440 N MAIN ST,SPEARFISH,SD,57783,(605) 644-4000,STANDARD,,353,N/A,Not Available,8
LINCOLN HOSPITAL,10 NICHOLS STREET,DAVENPORT,WA,99122,(509) 725-7101,STANDARD,,352,N/A,Not Available,1
COMMUNITY HOSPITAL INC,805 FRIENDSHIP ROAD,TALLASSEE,AL,36078,(334) 283-6541,STANDARD,,351,N/A,Not Available,0
ADVENTIST HEALTH REEDLEY,372 W CYPRESS AVE,REEDLEY,CA,93654,(559) 638-8155,STANDARD,,351,N/A,Not Available,1
CAMERON MEMORIAL COMMUNITY HOSPITAL INC,416 E MAUMEE ST,ANGOLA,IN,46703,(260) 665-2141,STANDARD,,351,N/A,Not Available,8
FRANKLIN HOSPITAL,201 BAILEY LANE,BENTON,IL,62812,(618) 439-3161,STANDARD,,350,N/A,Not Available,1
RICHARDSON MEDICAL CENTER,254 HIGHWAY 3048,RAYVILLE,LA,71269,(318) 728-8292,STANDARD,HAC_PENALIZED,349,N/A,Not Available,0
MUSC HEALTH MARION MEDICAL CENTER,2829 E HWY 76,MULLINS,SC,29574,(843) 431-2000,STANDARD,HAC_PENALIZED,349,N/A,Not Available,4
BONNER GENERAL HOSPITAL,520 NORTH THIRD AVENUE,SANDPOINT,ID,83864,(208) 263-1441,STANDARD,,348,N/A,Not Available,7
MAYO CLINIC HEALTH SYSTEM - LAKE CITY,500 WEST GRANT STREET,LAKE CITY,MN,55041,(651) 345-5955,STANDARD,,348,N/A,Not Available,1
ST ELIZABETH HOSPITAL,1000 LINCOLN ST,FORT MORGAN,CO,80701,(970) 867-3391,STANDARD,,345,N/A,Not Available,1
FAIRFIELD MEMORIAL HOSPITAL 1,303 N W 11TH STREET,FAIRFIELD,IL,62837,(618) 842-2611,STANDARD,,345,N/A,Not Available,1
PARKVIEW HUNTINGTON HOSPITAL,2001 STULTS RD,HUNTINGTON,IN,46750,(260) 355-3300,STANDARD,,345,N/A,Not Available,7
OKEENE MUNICIPAL HOSPITAL,207 EAST F STREET,OKEENE,OK,73763,(580) 822-4417,STANDARD,,344,N/A,Not Available,0
OCHSNER ST MARTIN HOSPITAL,210 CHAMPAGNE BOULEVARD,BREAUX BRIDGE,LA,70517,(337) 332-2178,STANDARD,,343,N/A,Not Available,7
ARIZONA ORTHOPEDIC AND SURGICAL SPECIALTY HOSPITAL,750 NORTH 40TH STREET,PHOENIX,AZ,85008,(480) 603-9000,STANDARD,,342,N/A,Not Available,1
GREENE COUNTY GENERAL HOSPITAL,1185 N 1000 W,LINTON,IN,47441,(812) 847-2281,STANDARD,,342,N/A,Not Available,3
MONROE COUNTY HOSPITAL,6580 165TH STREET,ALBIA,IA,52531,(641) 932-2134,STANDARD,,341,N/A,Not Available,1
CENTURA ST. CATHERINE-DODGE CITY,3001 AVENUE A,DODGE CITY,KS,67801,(620) 225-8400,STANDARD,,341,N/A,Not Available,2
COMMUNITY HOSPITALS AND WELLNESS CENTERS,433 WEST HIGH STREET,BRYAN,OH,43506,(419) 636-1131,STANDARD,,341,N/A,Not Available,7
MERCY HOSPITAL TISHOMINGO INC,1000 SOUTH BYRD ST,TISHOMINGO,OK,73460,(580) 371-2327,STANDARD,,341,N/A,Not Available,0
ASPIRUS MERRILL HOSPITAL,601 S CENTER AVE,MERRILL,WI,54452,(715) 536-5511,STANDARD,,341,N/A,Not Available,0
MERCY MEDICAL CENTER OF MT SHASTA,914 PINE STREET,MOUNT SHASTA,CA,96067,(530) 926-6111,STANDARD,,339,N/A,Not Available,5
HILLSBORO AREA HOSPITAL,1200 E TREMONT STREET,HILLSBORO,IL,62049,(217) 532-6111,STANDARD,,338,N/A,Not Available,0
AVERA ST ANTHONY'S HOSPITAL,300 NORTH 2ND ST,O' NEILL,NE,68763,(402) 336-2611,STANDARD,,337,N/A,Not Available,1
SIERRA VISTA HOSPITAL,800 EAST 9TH AVENUE,T OR C,NM,87901,(575) 894-2111,STANDARD,,337,N/A,Not Available,2
PHYSICIANS CARE SURGICAL HOSPITAL,454 ENTERPRISE DRIVE,ROYERSFORD,PA,19468,(610) 495-3330,STANDARD,,337,N/A,Not Available,0
BUENA VISTA REGIONAL MEDICAL CENTER,1525 WEST 5TH STREET,STORM LAKE,IA,50588,(712) 732-4030,STANDARD,,336,N/A,Not Available,2
TRINITY HOSPITAL,60 EASTER AVENUE,WEAVERVILLE,CA,96093,(530) 623-5541,STANDARD,,335,N/A,Not Available,2
OHIO VALLEY SURGICAL HOSPITAL,100 WEST MAIN STREET,SPRINGFIELD,OH,45502,(937) 521-3900,STANDARD,,335,N/A,Not Available,5
TJ HEALTH COLUMBIA,901 WESTLAKE DRIVE,COLUMBIA,KY,42728,(270) 384-4753,STANDARD,,334,N/A,Not Available,1
HENRY COUNTY HEALTH CENTER,407 S WHITE ST,MOUNT PLEASANT,IA,52641,(319) 385-3141,STANDARD,,333,N/A,Not Available,4
NORTH CANYON MEDICAL CENTER,267 NORTH CANYON DR,GOODING,ID,83330,(208) 934-4433,STANDARD,,333,N/A,Not Available,3
PUSHMATAHA HOSPITAL,510 EAST MAIN STREET,ANTLERS,OK,74523,(580) 298-3341,STANDARD,,333,N/A,Not Available,0
KERN VALLEY HEALTHCARE DISTRICT,6412 LAUREL AVE,LAKE ISABELLA,CA,93240,(760) 379-2681,STANDARD,,331,N/A,Not Available,0
PERHAM HEALTH,1000 CONEY STREET WEST,PERHAM,MN,56573,(218) 347-4500,STANDARD,,331,N/A,Not Available,2
COLUMBUS COMMUNITY HOSPITAL,1515 PARK AVE,COLUMBUS,WI,53925,(920) 623-2200,STANDARD,,331,N/A,Not Available,4
THE CORE INSTITUTE SPECIALTY HOSP,6501 NORTH 19TH AVENUE,PHOENIX,AZ,85015,(602) 795-6020,STANDARD,,330,N/A,Not Available,0
MYRTUE MEDICAL CENTER,1213 GARFIELD AVENUE,HARLAN,IA,51537,(712) 755-5161,STANDARD,,329,N/A,Not Available,2
ASCENSION ST VINCENT KOKOMO,1907 W SYCAMORE ST,KOKOMO,IN,46904,(765) 452-5611,STANDARD,,329,N/A,Not Available,13
MONROE COUNTY MEDICAL CENTER,529 CAPP HARLAN ROAD,TOMPKINSVILLE,KY,42167,(270) 487-9231,STANDARD,HAC_PENALIZED,329,N/A,Not Available,0
"BROADDUS HOSPITAL ASSOCIATION, INC",1 HEALTHCARE DRIVE MANSFIELD HILL,PHILIPPI,WV,26416,(304) 457-1760,STANDARD,,329,N/A,Not Available,0
CLAY COUNTY MEDICAL CENTER,617 LIBERTY,CLAY CENTER,KS,67432,(785) 632-2144,STANDARD,,328,N/A,Not Available,2
PROVIDENCE ST JOSEPH MEDICAL CENTER,6 13TH AVE E,POLSON,MT,59860,(406) 883-5377,STANDARD,,328,N/A,Not Available,5
ST LUKES HOSPITAL,101 HOSPITAL DRIVE,COLUMBUS,NC,28722,(828) 894-3311,STANDARD,,327,N/A,Not Available,2
LAWRENCE MEDICAL CENTER,202 HOSPITAL STREET,MOULTON,AL,35650,(256) 974-2200,STANDARD,,326,N/A,Not Available,0
MARSHFIELD MEDICAL CENTER - NEILLSVILLE,216 SUNSET PLACE,NEILLSVILLE,WI,54456,(715) 743-3101,STANDARD,,326,N/A,Not Available,3
COX MONETT HOSPITAL,1000 E US HIGHWAY 60,MONETT,MO,65708,(417) 354-1400,STANDARD,,325,N/A,Not Available,2
MERCY HOSPITAL PERRY,434 NORTH WEST STREET,PERRYVILLE,MO,63775,(573) 547-2536,STANDARD,,324,N/A,Not Available,7
POMERENE HOSPITAL,981 WOOSTER ROAD,MILLERSBURG,OH,44654,(330) 674-1015,STANDARD,,324,N/A,Not Available,2
ST CROIX REGIONAL MEDICAL CENTER,235 E STATE STREET,SAINT CROIX FALLS,WI,54024,(715) 483-0247,STANDARD,,324,N/A,Not Available,6
MONTEFIORE MOUNT VERNON HOSPITAL,12 NORTH 7TH AVENUE,MOUNT VERNON,NY,10550,(914) 664-8000,STANDARD,,323,N/A,Not Available,3
VALLEY HEALTH WAR MEMORIAL HOSPITAL,1 HEALTHY WAY,BERKELEY SPRINGS,WV,25411,(304) 258-1234,STANDARD,,323,N/A,Not Available,3
JAMESTOWN REGIONAL MEDICAL CENTER,2422 20TH ST SW,JAMESTOWN,ND,58401,(701) 252-1050,STANDARD,,322,N/A,Not Available,1
PROVIDENCE ST JOSEPH HOSPITAL,500 EAST WEBSTER,CHEWELAH,WA,99109,(509) 935-8211,STANDARD,,322,N/A,Not Available,1
WESTFIELDS HOSPITAL AND CLINIC,535 HOSPITAL RD,NEW RICHMOND,WI,54017,(715) 246-2101,STANDARD,,321,N/A,Not Available,4
SPRING VIEW HOSPITAL,320 LORETTO ROAD,LEBANON,KY,40033,(270) 692-3161,STANDARD,,320,N/A,Not Available,2
PENN HIGHLANDS CONNELLSVILLE,401 EAST MURPHY AVENUE,CONNELLSVILLE,PA,15425,(724) 628-1500,STANDARD,,320,N/A,Not Available,1
TOPS SURGICAL SPECIALTY HOSPITAL,17080 RED OAK DRIVE,HOUSTON,TX,77090,(281) 539-2900,STANDARD,,320,N/A,Not Available,2
MEEKER MEMORIAL HOSPITAL,612 SOUTH SIBLEY AVENUE,LITCHFIELD,MN,55355,(320) 693-4500,STANDARD,,319,N/A,Not Available,0
88th Medical Group (Wright-Patterson AFB),88 MDG 4881 Sugar Maple Dr,Wright-Patterson AFB,OH,45433,(937) 257-9926,STANDARD,,319,N/A,Not Available,0
ARBOR HEALTH MORTON HOSPITAL,521 ADAMS STREET,MORTON,WA,98356,(360) 496-5112,STANDARD,,319,N/A,Not Available,0
BIG BEND REGIONAL MEDICAL CENTER,2600 HIGHWAY 118 NORTH,ALPINE,TX,79830,(432) 837-3447,STANDARD,,317,N/A,Not Available,0
OSF SAINT PAUL MEDICAL CENTER,1401 E 12TH STREET,MENDOTA,IL,61342,(815) 539-7461,STANDARD,,316,N/A,Not Available,2
BERTRAND CHAFFEE HOSPITAL,224 EAST MAIN STREET,SPRINGVILLE,NY,14141,(716) 592-2871,STANDARD,,316,N/A,Not Available,3
SANFORD MEDICAL CENTER ABERDEEN,2905 3RD AVE SE,ABERDEEN,SD,57402,(605) 626-4200,STANDARD,,316,N/A,Not Available,5
GLENCOE REGIONAL HEALTH,1805 HENNEPIN AVENUE NORTH,GLENCOE,MN,55336,(320) 864-3121,STANDARD,,315,N/A,Not Available,1
OAKLEAF SURGICAL HOSPITAL,1000 OAKLEAF WAY,ALTOONA,WI,54720,(715) 895-9435,STANDARD,,315,N/A,Not Available,5
"ROCK REGIONAL HOSPITAL, LLC",3251 NORTH ROCK ROAD,DERBY,KS,67037,(316) 425-2400,STANDARD,,314,N/A,Not Available,0
JEFFERSON COMMUNITY HEALTH & LIFE,"P O BOX 277, 2200 H ST",FAIRBURY,NE,68352,(402) 729-3351,STANDARD,,314,N/A,Not Available,1
COMANCHE COUNTY MEDICAL CENTER,10201 HWY 16,COMANCHE,TX,76442,(254) 879-4900,STANDARD,,314,N/A,Not Available,3
ST. ALPHONSUS MEDICAL CENTER - BAKER CITY,3325 POCAHONTAS ROAD,BAKER CITY,OR,97814,(541) 523-6461,STANDARD,,313,N/A,Not Available,3
ILLINI COMMUNITY HOSPITAL,640 W WASHINGTON,PITTSFIELD,IL,62363,(217) 285-2113,STANDARD,,312,N/A,Not Available,5
HUTCHINSON HEALTH,1095 HIGHWAY 15 SOUTH,HUTCHINSON,MN,55350,(320) 234-5000,STANDARD,,312,N/A,Not Available,3
MINERS' COLFAX MEDICAL CENTER,203 HOSPITAL DRIVE,RATON,NM,87740,(575) 445-3661,STANDARD,,312,N/A,Not Available,0
Darnall AMC (FT Cavazos),590 Medical Center Rd,Fort Cavazos,TX,76544,(254) 288-8000,STANDARD,,312,N/A,Not Available,0
MADISON COUNTY HEALTH CARE SYSTEM,300 WEST HUTCHINGS STREET,WINTERSET,IA,50273,(515) 462-2373,STANDARD,,311,N/A,Not Available,1
TOMAH MEMORIAL HOSPITAL,501 GOPHER DR,TOMAH,WI,54660,(608) 372-2181,STANDARD,,311,N/A,Not Available,2
MAYO CLINIC HEALTH SYSTEM - FAIRMONT,800 MEDICAL CENTER DRIVE,FAIRMONT,MN,56031,(507) 238-5064,STANDARD,,310,N/A,Not Available,4
CLARINDA REGIONAL HEALTH CENTER,220 ESSIE DAVISON DRIVE,CLARINDA,IA,51632,(712) 542-2176,STANDARD,,309,N/A,Not Available,2
MONUMENT HEALTH STURGIS HOSPITAL,2140 JUNCTION AVE,STURGIS,SD,57785,(605) 720-2400,STANDARD,,309,N/A,Not Available,8
MAYO CLINIC HLTH SYSTM FRANCISCAN HLTHCARE SPARTA,310 W MAIN ST,SPARTA,WI,54656,(608) 269-2132,STANDARD,,309,N/A,Not Available,5
REDINGTON FAIRVIEW GENERAL HOSPITAL,46 FAIRVIEW AVE   PO BOX 468,SKOWHEGAN,ME,4976,(207) 474-5121,STANDARD,,308,N/A,Not Available,1
"BRAXTON COUNTY MEMORIAL HOSPITAL, INC",100 HOYLMAN DRIVE,GASSAWAY,WV,26624,(304) 364-5156,STANDARD,,308,N/A,Not Available,0
OAK VALLEY HOSPITAL DISTRICT,350 S OAK AVE,OAKDALE,CA,95361,(209) 847-3011,STANDARD,,307,N/A,Not Available,0
MERCY ALLEN HOSPITAL,200 WEST LORAIN STREET,OBERLIN,OH,44074,(440) 334-7039,STANDARD,,307,N/A,Not Available,3
HEART OF THE ROCKIES REGIONAL MEDICAL CENTER,1000 RUSH DR,SALIDA,CO,81201,(719) 530-2200,STANDARD,,306,N/A,Not Available,4
CENTRACARE HEALTH SYSTEM - MELROSE HOSPITAL,525 WEST MAIN STREET,MELROSE,MN,56352,(320) 256-1805,STANDARD,,306,N/A,Not Available,1
ST FRANCIS MEDICAL CENTER,2400 ST FRANCIS DRIVE,BRECKENRIDGE,MN,56520,(218) 643-3000,STANDARD,,305,N/A,Not Available,0
BLUE RIDGE REGIONAL HOSPITAL,125 HOSPITAL DRIVE,SPRUCE PINE,NC,28777,(828) 765-4201,STANDARD,,305,N/A,Not Available,0
PARKVIEW LAGRANGE HOSPITAL,207 N TOWNLINE RD,LAGRANGE,IN,46761,(260) 463-9000,STANDARD,,304,N/A,Not Available,3
HILLCREST HOSPITAL CUSHING,1027 EAST CHERRY STREET,CUSHING,OK,74023,(918) 225-8152,STANDARD,HAC_PENALIZED,303,N/A,Not Available,1
UT HEALTH EAST TEXAS HENDERSON HOSPITAL,300 WILSON STREET,HENDERSON,TX,75652,(903) 657-7541,STANDARD,,303,N/A,Not Available,2
SUTTER MATERNITY & SURGERY CENTER OF SANTA CRUZ,2900 CHANTICLEER AVENUE,SANTA CRUZ,CA,95065,(831) 477-2200,STANDARD,,302,N/A,Not Available,4
LOGAN MEMORIAL HOSPITAL,1625 NASHVILLE STREET,RUSSELLVILLE,KY,42276,(270) 726-4011,STANDARD,,302,N/A,Not Available,2
PARK PLACE SURGICAL HOSPITAL,4811 AMBASSADOR CAFFERY PARKWAY,LAFAYETTE,LA,70508,(337) 237-8119,STANDARD,,302,N/A,Not Available,9
CHILDRESS REGIONAL MEDICAL CENTER,HWY 83 NORTH,CHILDRESS,TX,79201,(940) 937-6371,STANDARD,,301,N/A,Not Available,1
THEDACARE MEDICAL CENTER-WAUPACA,800 RIVERSIDE DRIVE,WAUPACA,WI,54981,(715) 258-1000,STANDARD,,300,N/A,Not Available,5
RINGGOLD COUNTY HOSPITAL,504 NORTH CLEVELAND STREET,MOUNT AYR,IA,50854,(641) 464-3226,STANDARD,,299,N/A,Not Available,1
WAUPUN MEMORIAL HOSPITAL,620 W BROWN ST,WAUPUN,WI,53963,(920) 324-6512,STANDARD,,299,N/A,Not Available,6
ST JOSEPHS AREA  HEALTH SERVICES,600 PLEASANT AVENUE,PARK RAPIDS,MN,56470,(218) 732-3311,STANDARD,,297,N/A,Not Available,0
PROMEDICA DEFIANCE REGIONAL HOSPITAL,1200 RALSTON AVENUE,DEFIANCE,OH,43512,(419) 783-6955,STANDARD,,297,N/A,Not Available,5
UNITY HEALTH - NEWPORT,1205 MCLAIN STREET,NEWPORT,AR,72112,(870) 523-8911,STANDARD,,296,N/A,Not Available,0
MITCHELL COUNTY REGIONAL HEALTH,616 NORTH EIGHTH STREET,OSAGE,IA,50461,(641) 732-6000,STANDARD,,296,N/A,Not Available,3
PENDER MEMORIAL HOSPITAL,507 E FREMONT ST,BURGAW,NC,28425,(910) 300-4004,STANDARD,,295,N/A,Not Available,2
PENN HIGHLANDS TYRONE,187 HOSPITAL DRIVE,TYRONE,PA,16686,(814) 684-1255,STANDARD,,295,N/A,Not Available,0
KAISER PERMANENTE CENTRAL HOSPITAL,201 - 16TH AVENUE EAST,SEATTLE,WA,98112,(206) 326-3000,STANDARD,,295,N/A,Not Available,0
DECATUR COUNTY HOSPITAL,1405 NW CHURCH STREET,LEON,IA,50144,(641) 446-4871,STANDARD,,294,N/A,Not Available,1
BLACK HILLS SURGICAL HOSPITAL LLC,216 ANAMARIA DR,RAPID CITY,SD,57703,(605) 721-4700,STANDARD,,294,N/A,Not Available,0
AVALA,67252 INDUSTRY LANE,COVINGTON,LA,70433,(985) 809-9888,STANDARD,,293,N/A,Not Available,0
SANFORD WORTHINGTON MEDICAL CENTER,1018 SIXTH AVENUE PO BOX 997,WORTHINGTON,MN,56187,(507) 372-3110,STANDARD,,293,N/A,Not Available,4
GRANT REGIONAL HEALTH CENTER,507 S MONROE ST,LANCASTER,WI,53813,(608) 723-2143,STANDARD,,292,N/A,Not Available,1
SUSAN B ALLEN MEMORIAL HOSPITAL,720 W CENTRAL ST,EL DORADO,KS,67042,(316) 321-3300,STANDARD,HAC_PENALIZED,290,N/A,Not Available,1
ST ELIZABETH MEDICAL CENTER,1200 GRANT BLVD W,WABASHA,MN,55981,(651) 565-4531,STANDARD,,289,N/A,Not Available,0
ESSENTIA HEALTH MOOSE LAKE,4572 COUNTY ROAD 61,MOOSE LAKE,MN,55767,(218) 786-1367,STANDARD,,288,N/A,Not Available,1
MAYO CLINIC HEALTH SYSTEM IN RED WING,701 HEWITT BOULEVARD,RED WING,MN,55066,(651) 267-5000,STANDARD,,288,N/A,Not Available,5
FAITH COMMUNITY HOSPITAL,215 CHISHOLM TRAIL,JACKSBORO,TX,76458,(940) 567-6633,STANDARD,HAC_AT_RISK,288,N/A,Not Available,1
PENOBSCOT VALLEY HOSPITAL,"7 TRANSALPINE ROAD, PO BOX 368",LINCOLN,ME,4457,(207) 794-3321,STANDARD,,287,N/A,Not Available,0
PUTNAM COUNTY MEMORIAL HOSPITAL,"1926 OAK STREET,  PO BOX 389",UNIONVILLE,MO,63565,(660) 947-2411,STANDARD,,287,N/A,Not Available,0
COMMUNITY MEMORIAL HOSPITAL,111 W 10TH AVE  POST OFFICE BOX 420,REDFIELD,SD,57469,(605) 472-1110,STANDARD,,287,N/A,Not Available,2
KOSSUTH REGIONAL HEALTH CENTER,1515 SOUTH PHILLIPS STREET,ALGONA,IA,50511,(515) 295-2451,STANDARD,,286,N/A,Not Available,3
OCHSNER CHOCTAW GENERAL,"401 VANITY FAIR LANE, PO BOX 618",BUTLER,AL,36904,(205) 459-9100,STANDARD,,285,N/A,Not Available,0
MONTGOMERY COUNTY MEMORIAL HOSPITAL,2301 EASTERN AVENUE,RED OAK,IA,51566,(712) 623-7000,STANDARD,,285,N/A,Not Available,1
HOUSTON COUNTY COMMUNITY HOSPITAL,5001 EAST MAIN STREET,ERIN,TN,37061,(931) 289-4211,STANDARD,,285,N/A,Not Available,0
FULTON COUNTY MEDICAL CENTER,214 PEACH ORCHARD ROAD,MCCONNELLSBURG,PA,17233,(717) 485-3155,STANDARD,,284,N/A,Not Available,2
SEVIER VALLEY HOSPITAL,1000 NORTH MAIN STREET,RICHFIELD,UT,84701,(435) 893-4100,STANDARD,,284,N/A,Not Available,1
MERCY MEDICAL CENTER-NEW HAMPTON,308 NORTH MAPLE AVENUE,NEW HAMPTON,IA,50659,(641) 394-4121,STANDARD,,283,N/A,Not Available,0
WINNMED,901 MONTGOMERY STREET,DECORAH,IA,52101,(563) 382-2911,STANDARD,,283,N/A,Not Available,1
CLEARWATER VALLEY HOSPITAL & CLINICS,301 CEDAR STREET,OROFINO,ID,83544,(208) 476-4555,STANDARD,,283,N/A,Not Available,2
WEEKS MEDICAL CENTER,173 MIDDLE STREET,LANCASTER,NH,3584,(603) 788-4911,STANDARD,,283,N/A,Not Available,2
OSF SAINT CLARE MEDICAL CENTER,530 PARK AVENUE EAST,PRINCETON,IL,61356,(815) 875-2811,STANDARD,,282,N/A,Not Available,3
SIOUX CENTER HEALTH,1101 9TH STREET SE,SIOUX CENTER,IA,51250,(712) 722-1271,STANDARD,,281,N/A,Not Available,2
HAMMOND HENRY HOSPITAL,600 N COLLEGE AVENUE,GENESEO,IL,61254,(309) 944-6431,STANDARD,,280,N/A,Not Available,5
ST ANTHONY SUMMIT MEDICAL CENTER,340 PEAK ONE DRIVE,FRISCO,CO,80443,(970) 668-3300,STANDARD,,279,N/A,Not Available,3
ST LUKE'S JEROME,709 NORTH LINCOLN AVENUE,JEROME,ID,83338,(208) 324-4301,STANDARD,,279,N/A,Not Available,3
FAIRVIEW HOSPITAL,29 LEWIS AVENUE,GREAT BARRINGTON,MA,1230,(413) 528-0790,STANDARD,,279,N/A,Not Available,7
BOX BUTTE GENERAL HOSPITAL,"P O BOX 810, 2101 BOX BUTTE AVE",ALLIANCE,NE,69301,(308) 762-6660,STANDARD,,279,N/A,Not Available,2
HEALDSBURG HOSPITAL,1375 UNIVERSITY AVENUE,HEALDSBURG,CA,95448,(707) 431-6500,STANDARD,,278,N/A,Not Available,3
"PINEVILLE COMMUNITY HEALTH CENTER, INC",850 RIVERVIEW AVENUE,PINEVILLE,KY,40977,(606) 337-3051,STANDARD,,278,N/A,Not Available,0
AVERA ST BENEDICT HEALTH CENTER - CAH,401 WEST GLYNN DRIVE,PARKSTON,SD,57366,(605) 928-3311,STANDARD,,277,N/A,Not Available,1
WELCH COMMUNITY HOSPITAL,454 MCDOWELL STREET,WELCH,WV,24801,(304) 436-8461,STANDARD,,277,N/A,Not Available,0
LAKEWOOD HEALTH SYSTEM,49725 COUNTY ROAD 83,STAPLES,MN,56479,(218) 894-1515,STANDARD,,276,N/A,Not Available,1
THE UNIVERSITY OF TEXAS HEALTH SCIENCE CENTER AT TYLER,11937 US HIGHWAY 271,TYLER,TX,75708,(903) 877-7777,STANDARD,,276,N/A,Not Available,8
LEWISGALE HOSPITAL ALLEGHANY,ONE ARH LANE - PO BOX 7,LOW MOOR,VA,24457,(540) 862-6200,STANDARD,,276,N/A,Not Available,3
AMERY HOSPITAL & CLINIC,265 GRIFFIN STREET EAST,AMERY,WI,54001,(715) 268-0300,STANDARD,,273,N/A,Not Available,4
SYRINGA GENERAL HOSPITAL,607 W MAIN STREET,GRANGEVILLE,ID,83530,(208) 983-1700,STANDARD,,272,N/A,Not Available,3
CANNON MEMORIAL HOSPITAL,123 W G ACKER DRIVE,PICKENS,SC,29671,(864) 878-4791,STANDARD,,272,N/A,Not Available,3
LEGENT ORTHOPEDIC HOSPITAL,4201 WILLIAM D TATE AVENUE,GRAPEVINE,TX,76051,(817) 288-1300,STANDARD,,272,N/A,Not Available,0
ASHLEY REGIONAL MEDICAL CENTER,150 WEST 100 NORTH,VERNAL,UT,84078,(435) 789-3342,STANDARD,,271,N/A,Not Available,0
SOUTHWEST HEALTH CENTER,1400 EAST SIDE RD,PLATTEVILLE,WI,53818,(608) 348-2331,STANDARD,,271,N/A,Not Available,7
FRANCES MAHON DEACONESS HOSPITAL,621 3RD ST S,GLASGOW,MT,59230,(406) 228-3500,STANDARD,,270,N/A,Not Available,2
EVERGREEN MEDICAL CENTER,101 CRESTVIEW AVENUE,EVERGREEN,AL,36401,(251) 578-2480,STANDARD,,269,N/A,Not Available,0
DALLAS COUNTY MEDICAL CENTER,201 CLIFTON STREET,FORDYCE,AR,71742,(870) 352-6300,STANDARD,,268,N/A,Not Available,0
BATES COUNTY MEMORIAL HOSPITAL,615 W NURSERY ST,BUTLER,MO,64730,(660) 200-7000,STANDARD,,268,N/A,Not Available,2
UT HEALTH EAST TEXAS CARTHAGE HOSPITAL,409 COTTAGE RD,CARTHAGE,TX,75633,(903) 693-3841,STANDARD,,267,N/A,Not Available,1
EDGERTON HOSPITAL AND HEALTH SERVICES,11101 N SHERMAN ROAD,EDGERTON,WI,53534,(608) 884-3441,STANDARD,,267,N/A,Not Available,2
FOUNDATION SURGICAL HOSPITAL OF SAN ANTONIO,9522 HUEBNER ROAD,SAN ANTONIO,TX,78240,(210) 478-5400,STANDARD,,265,N/A,Not Available,1
MERCY HOSPITAL AURORA,500 PORTER AVENUE,AURORA,MO,65605,(417) 678-2122,STANDARD,,264,N/A,Not Available,0
MONUMENT HEALTH CUSTER HOSPITAL,1220 MONTGOMERY STREET,CUSTER,SD,57730,(605) 673-9400,STANDARD,,264,N/A,Not Available,4
RED BAY HOSPITAL,211 HOSPITAL ROAD,RED BAY,AL,35582,(256) 356-9532,STANDARD,,263,N/A,Not Available,0
LEXINGTON REGIONAL HEALTH CENTER,"P O BOX 980, 1201 NORTH ERIE ST",LEXINGTON,NE,68850,(308) 324-5651,STANDARD,,263,N/A,Not Available,1
LYNN COUNTY HOSPITAL DISTRICT,2600 LOCKWOOD STREET,TAHOKA,TX,79373,(806) 998-4533,STANDARD,,263,N/A,Not Available,0
SUTTER SURGICAL HOSPITAL - NORTH VALLEY,455 PLUMAS BLVD,YUBA CITY,CA,95991,(530) 749-5700,STANDARD,,262,N/A,Not Available,0
ADVENTHEALTH OTTAWA,1301 S MAIN STREET,OTTAWA,KS,66067,(785) 229-8200,STANDARD,HAC_PENALIZED,261,N/A,Not Available,2
CHINESE HOSPITAL,845 JACKSON ST,SAN FRANCISCO,CA,94133,(415) 982-2400,STANDARD,,260,N/A,Not Available,2
RIVERWOOD HEALTHCARE CENTER,200 BUNKER HILL DRIVE,AITKIN,MN,56431,(218) 927-5501,STANDARD,,260,N/A,Not Available,2
ASPIRUS EAGLE RIVER HOSPITAL,201 HOSPITAL ROAD,EAGLE RIVER,WI,54521,(715) 479-7411,STANDARD,,259,N/A,Not Available,0
SMITH COUNTY MEMORIAL HOSPITAL,921 E. HIGHWAY 36,SMITH CENTER,KS,66967,(785) 282-6845,STANDARD,,258,N/A,Not Available,2
BLUEGRASS COMMUNITY HOSPITAL,360 AMSDEN AVENUE,VERSAILLES,KY,40383,(859) 873-3111,STANDARD,,258,N/A,Not Available,1
CHI MERCY HEALTH,570 CHAUTAUQUA BLVD,VALLEY CITY,ND,58072,(701) 845-6400,STANDARD,,258,N/A,Not Available,0
MUSC HEALTH CHESTER MEDICAL CENTER,1 MEDICAL PARK DRIVE,CHESTER,SC,29706,(803) 581-3151,STANDARD,,258,N/A,Not Available,1
SANFORD BAGLEY MEDICAL CENTER,203 4TH STREET NORTHWEST,BAGLEY,MN,56621,(218) 694-6501,STANDARD,,257,N/A,Not Available,0
MERCY HEALTH - WILLARD HOSPITAL,1100 NEAL ZICK ROAD,WILLARD,OH,44890,(419) 964-5000,STANDARD,,257,N/A,Not Available,3
MONTGOMERY GENERAL HOSPITAL,401 SIXTH AVENUE,MONTGOMERY,WV,25136,(304) 442-5151,STANDARD,,257,N/A,Not Available,2
BELLIN HEALTH OCONTO HOSPITAL,820 ARBUTUS AVE,OCONTO,WI,54153,(920) 835-1101,STANDARD,,256,N/A,Not Available,2
BAPTIST HEALTH MEDICAL CENTER HEBER SPRINGS,1800 BYPASS ROAD,HEBER SPRINGS,AR,72543,(501) 887-3000,STANDARD,,255,N/A,Not Available,1
CHRISTUS MOTHER FRANCES HOSPITAL- JACKSONVILLE,2026 S JACKSON STREET,JACKSONVILLE,TX,75766,(903) 541-4500,STANDARD,,255,N/A,Not Available,2
ST CHARLES MEDICAL CENTER PRINEVILLE,384 SE COMBS FLAT ROAD,PRINEVILLE,OR,97754,(541) 447-6254,STANDARD,,254,N/A,Not Available,10
GUNDERSEN ST JOSEPHS HOSPITAL AND CLINICS,400 WATER AVE,HILLSBORO,WI,54634,(608) 489-8000,STANDARD,,254,N/A,Not Available,1
BAPTIST HEALTH MEDICAL CENTER-STUTTGART,1703 NORTH BUERKLE ST,STUTTGART,AR,72160,(870) 673-3511,STANDARD,,253,N/A,Not Available,1
ADVENTHEALTH PALM COAST PARKWAY,1 ADVENTHEALTH WAY,PALM COAST,FL,32137,(386) 302-1800,STANDARD,,253,N/A,Not Available,10
MULTICARE COVINGTON MEDICAL CENTER,17700 SE 272ND ST,COVINGTON,WA,98042,(253) 372-7400,STANDARD,HAC_PENALIZED,253,N/A,Not Available,6
GENESIS MEDICAL CENTER-DEWITT,1118 11TH STREET,DEWITT,IA,52742,(563) 659-4200,STANDARD,,252,N/A,Not Available,6
PALO ALTO COUNTY HOSPITAL,3201 1ST STREET,EMMETSBURG,IA,50536,(712) 852-5500,STANDARD,,252,N/A,Not Available,1
UCHEALTH BROOMFIELD HOSPITAL,11820 DESTINATION DR,BROOMFIELD,CO,80021,(303) 464-4500,STANDARD,,251,N/A,Not Available,13
VAN BUREN COUNTY HOSPITAL,304 FRANKLIN STREET,KEOSAUQUA,IA,52565,(319) 293-3171,STANDARD,,251,N/A,Not Available,1
OSF SAINT LUKE MEDICAL CENTER,1051 WEST SOUTH STREET,KEWANEE,IL,61443,(309) 853-3361,STANDARD,,251,N/A,Not Available,5
METHODIST HOSPITAL UNION COUNTY,4604 US HIGHWAY 60 WEST,MORGANFIELD,KY,42437,(270) 389-5000,STANDARD,,251,N/A,Not Available,2
NORTHERN MAINE MEDICAL CENTER,194 E MAIN STREET,FORT KENT,ME,4743,(207) 834-3195,STANDARD,,251,N/A,Not Available,0
MAGEE GENERAL HOSPITAL,300 3RD AVE SE,MAGEE,MS,39111,(601) 849-5070,STANDARD,HAC_PENALIZED,250,N/A,Not Available,2
BOURBON COMMUNITY HOSPITAL,9 LINVILLE DRIVE,PARIS,KY,40361,(859) 987-3600,STANDARD,,249,N/A,Not Available,3
BROWNFIELD REGIONAL MEDICAL CENTER,705 EAST FELT STREET,BROWNFIELD,TX,79316,(806) 637-8252,STANDARD,,249,N/A,Not Available,0
OHIO COUNTY HOSPITAL,1211 OLD MAIN STREET,HARTFORD,KY,42347,(270) 298-7411,STANDARD,,248,N/A,Not Available,0
TISHOMINGO HEALTH SERVICES INC,1777 CURTIS DRIVE,IUKA,MS,38852,(662) 423-6051,STANDARD,HAC_PENALIZED,248,N/A,Not Available,2
BARRETT HOSPITAL & HEALTHCARE,600 MT HWY 91 S,DILLON,MT,59725,(406) 683-3000,STANDARD,,248,N/A,Not Available,2
SANFORD SHELDON MEDICAL CENTER,118 NORTH 7TH AVENUE,SHELDON,IA,51201,(712) 324-5041,STANDARD,,247,N/A,Not Available,1
PEMISCOT COUNTY MEMORIAL HOSPITAL,946 EAST REED,HAYTI,MO,63851,(573) 359-1372,STANDARD,,247,N/A,Not Available,1
MEMORIAL HEALTH CARE SYSTEMS,300 NORTH COLUMBIA AVE,SEWARD,NE,68434,(402) 643-2971,STANDARD,,247,N/A,Not Available,1
GREENFIELD AREA MEDICAL CENTER,550 MIRABEAU STREET,GREENFIELD,OH,45123,(937) 981-9400,STANDARD,,247,N/A,Not Available,3
MACON COMMUNITY HOSPITAL,204 MEDICAL DRIVE,LAFAYETTE,TN,37083,(615) 666-2147,STANDARD,,247,N/A,Not Available,3
ASPIRUS TOMAHAWK HOSPITAL,401 W MOHAWK DR  SUITE 100,TOMAHAWK,WI,54487,(715) 453-7700,STANDARD,,247,N/A,Not Available,2
REEDSBURG AREA MEDICAL CENTER,2000 N DEWEY AVE,REEDSBURG,WI,53959,(608) 524-6487,STANDARD,,247,N/A,Not Available,4
MEDICAL CENTER BARBOUR,820 W WASHINGTON ST,EUFAULA,AL,36027,(334) 688-7271,STANDARD,,246,N/A,Not Available,0
BAPTIST HEALTH MEDICAL CENTER-ARKADELPHIA,3050 TWIN RIVERS DRIVE,ARKADELPHIA,AR,71923,(870) 245-2622,STANDARD,,244,N/A,Not Available,0
COTEAU DES PRAIRIES HEALTH CARE SYSTEM,205 ORCHARD DR,SISSETON,SD,57262,(605) 698-7647,STANDARD,,243,N/A,Not Available,1
NEW ORLEANS EAST HOSPITAL,5620 READ BLVD,NEW ORLEANS,LA,70127,(504) 592-6600,STANDARD,,242,N/A,Not Available,1
LADD MEMORIAL HOSPITAL,2600 65TH AVENUE,OSCEOLA,WI,54020,(715) 294-2111,STANDARD,,242,N/A,Not Available,1
MERCY HOSPITAL BOONEVILLE,880 WEST MAIN,BOONEVILLE,AR,72927,(479) 675-2800,STANDARD,,241,N/A,Not Available,0
INDIANA UNIVERSITY HEALTH WHITE MEMORIAL HOSPITAL,720 SOUTH SIXTH ST,MONTICELLO,IN,47960,(574) 583-7111,STANDARD,,241,N/A,Not Available,3
SULLIVAN COUNTY COMMUNITY HOSPITAL,2200 N SECTION ST,SULLIVAN,IN,47882,(812) 268-4311,STANDARD,,241,N/A,Not Available,3
ABROM KAPLAN MEMORIAL HOSPITAL,1310 WEST SEVENTH STREET,KAPLAN,LA,70548,(337) 643-8300,STANDARD,,241,N/A,Not Available,4
CHADRON COMMUNITY HOSPITAL AND HEALTH SERVICES,825 CENTENNIAL DRIVE,CHADRON,NE,69337,(308) 432-5586,STANDARD,,241,N/A,Not Available,1
MADISON ST JOSEPH HEALTH CENTER,100 WEST CROSS STREET,MADISONVILLE,TX,77864,(936) 348-2631,STANDARD,,240,N/A,Not Available,0
YOAKUM COUNTY HOSPITAL,412 MUSTANG AVENUE,DENVER CITY,TX,79323,(806) 592-2121,STANDARD,,240,N/A,Not Available,1
LAFAYETTE REGIONAL HEALTH CENTER,1500 STATE STREET,LEXINGTON,MO,64067,(660) 259-2203,STANDARD,,239,N/A,Not Available,1
STE GENEVIEVE COUNTY MEMORIAL HOSPITAL,"800 STE GENEVIEVE DRIVE, PO BOX 468",SAINTE GENEVIEVE,MO,63670,(573) 883-2751,STANDARD,,239,N/A,Not Available,2
WAGONER COMMUNITY HOSPITAL,1200 WEST CHEROKEE STREET,WAGONER,OK,74467,(918) 485-5514,STANDARD,,239,N/A,Not Available,1
SKYLINE HOSPITAL,211 SKYLINE DRIVE,WHITE SALMON,WA,98672,(509) 491-1101,STANDARD,,239,N/A,Not Available,2
POCAHONTAS MEMORIAL HOSPITAL,150 DUNCAN ROAD,BUCKEYE,WV,24924,(304) 799-7400,STANDARD,,239,N/A,Not Available,0
EAMC - LANIER,4800 48TH STREET,VALLEY,AL,36854,(334) 756-9180,STANDARD,,238,N/A,Not Available,0
J ARTHUR DOSHER MEMORIAL HOSPITAL,924 HOWE ST,SOUTHPORT,NC,28461,(910) 457-3800,STANDARD,,238,N/A,Not Available,4
NOVANT HEALTH BALLANTYNE MEDICAL CENTER,10905 PROVIDENCE ROAD W,CHARLOTTE,NC,28277,(704) 384-4000,STANDARD,,238,N/A,Not Available,7
CHICOT MEMORIAL MEDICAL CENTER,2729 SOUTH HIGHWAY 65 & 82,LAKE VILLAGE,AR,71653,(870) 265-5351,STANDARD,,237,N/A,Not Available,0
ELLSWORTH COUNTY MEDICAL CENTER,1604 AYLWARD AVENUE,ELLSWORTH,KS,67439,(785) 472-3111,STANDARD,,237,N/A,Not Available,0
ORTONVILLE AREA HEALTH SERVICES,450 EASTVOLD AVE,ORTONVILLE,MN,56278,(320) 839-2502,STANDARD,,237,N/A,Not Available,1
CHI HEALTH MISSOURI VALLEY,631 N 8TH ST,MISSOURI VALLEY,IA,51555,(712) 642-2784,STANDARD,,236,N/A,Not Available,1
ESSENTIA HEALTH SANDSTONE,705 LUNDORFF DRIVE SOUTH,SANDSTONE,MN,55072,(218) 786-1367,STANDARD,,236,N/A,Not Available,0
HANSEN FAMILY HOSPITAL,920 SOUTH OAK STREET,IOWA FALLS,IA,50126,(641) 648-4631,STANDARD,,235,N/A,Not Available,2
HARRISON COUNTY HOSPITAL,1141 HOSPITAL DR NW,CORYDON,IN,47112,(812) 738-4251,STANDARD,,235,N/A,Not Available,3
COLEMAN COUNTY MEDICAL CENTER COMPANY,310 SOUTH PECOS STREET,COLEMAN,TX,76834,(325) 625-2135,STANDARD,,234,N/A,Not Available,1
INTERMOUNTAIN HEALTH LAYTON HOSPITAL,201 WEST LAYTON PARKWAY,LAYTON,UT,84041,(801) 543-6000,STANDARD,,234,N/A,Not Available,3
HAWARDEN REGIONAL HEALTHCARE,1111 11TH STREET,HAWARDEN,IA,51023,(712) 551-3100,STANDARD,,233,N/A,Not Available,1
BAYLOR SURGICAL HOSPITAL AT LAS COLINAS,400 WEST LYNDON B JOHNSON SUITE 101B,IRVING,TX,75063,(972) 868-4000,STANDARD,,233,N/A,Not Available,3
SOUTHERN MONTEREY COUNTY MEMORIAL HOSPITAL,300 CANAL STREET,KING CITY,CA,93930,(831) 385-6000,STANDARD,,232,N/A,Not Available,2
MORGAN COUNTY ARH HOSPITAL,476 LIBERTY ROAD,WEST LIBERTY,KY,41472,(606) 743-3186,STANDARD,,232,N/A,Not Available,1
BATH COMMUNITY HOSPITAL,106 PARK DRIVE- PO DRAWER Z,HOT SPRINGS,VA,24445,(540) 839-7000,STANDARD,,232,N/A,Not Available,0
FLOYD COUNTY MEDICAL CENTER,800 11TH ST,CHARLES CITY,IA,50616,(641) 228-6830,STANDARD,,230,N/A,Not Available,2
BAYLOR SCOTT AND WHITE MEDICAL CENTER UPTOWN,2727 EAST LEMMON AVENUE BUILDING I,DALLAS,TX,75204,(214) 443-3000,STANDARD,,230,N/A,Not Available,0
MARSHFIELD MEDICAL CENTER - LADYSMITH,900 COLLEGE AVE WEST,LADYSMITH,WI,54848,(715) 532-5561,STANDARD,,230,N/A,Not Available,3
ST JAMES PARISH HOSPITAL,1645 LUTCHER AVENUE,LUTCHER,LA,70071,(225) 869-5512,STANDARD,,229,N/A,Not Available,1
PARK CITY HOSPITAL,900 ROUND VALLEY DRIVE,PARK CITY,UT,84060,(435) 658-6700,STANDARD,,229,N/A,Not Available,4
MONUMENT HEALTH LEAD-DEADWOOD HOSPITAL,61 CHARLES STREET,DEADWOOD,SD,57732,(605) 717-6000,STANDARD,,228,N/A,Not Available,2
LA PAZ REGIONAL HOSPITAL,1200 WEST MOHAVE ROAD,PARKER,AZ,85344,(928) 669-9201,STANDARD,,227,N/A,Not Available,3
KEARNY COUNTY HOSPITAL,500 THORPE STREET,LAKIN,KS,67860,(620) 355-7111,STANDARD,,227,N/A,Not Available,0
WALLOWA MEMORIAL HOSPITAL,601 MEDICAL PARKWAY,ENTERPRISE,OR,97828,(541) 426-3111,STANDARD,,227,N/A,Not Available,2
WILLIAM BEE RIRIE HOSPITAL,1500 AVENUE H,ELY,NV,89301,(775) 289-3001,STANDARD,,226,N/A,Not Available,2
MERCY HEALTH KINGS MILLS HOSPITAL LLC,5440 KINGS ISLAND DRIVE,MASON,OH,45040,(513) 637-9999,STANDARD,,226,N/A,Not Available,5
MARTIN COUNTY HOSPITAL DISTRICT,600 E INTERSTATE 20     PO BOX 640,STANTON,TX,79782,(432) 756-3345,STANDARD,,226,N/A,Not Available,1
GRUNDY COUNTY MEMORIAL HOSPITAL,201 EAST J AVENUE,GRUNDY CENTER,IA,50638,(319) 824-5421,STANDARD,,224,N/A,Not Available,5
GIRARD MEDICAL CENTER,302 NORTH HOSPITAL DRIVE,GIRARD,KS,66743,(620) 724-8291,STANDARD,,224,N/A,Not Available,2
WRIGHT MEMORIAL HOSPITAL,191 IOWA BOULEVARD,TRENTON,MO,64683,(660) 359-5621,STANDARD,,224,N/A,Not Available,3
HILLCREST HOSPITAL HENRYETTA,2401 W MAIN,HENRYETTA,OK,74437,(918) 650-1511,STANDARD,,224,N/A,Not Available,1
CEDAR COUNTY MEMORIAL HOSPITAL,1401 SOUTH PARK STREET,EL DORADO SPRINGS,MO,64744,(417) 876-2511,STANDARD,,223,N/A,Not Available,0
OCEAN BEACH HOSPITAL,174 FIRST AVENUE NORTH,ILWACO,WA,98624,(360) 642-3181,STANDARD,,223,N/A,Not Available,2
ADVENTHEALTH ROLLINS BROOK,608 NORTH KEY AVENUE,LAMPASAS,TX,76550,(512) 556-3682,STANDARD,,222,N/A,Not Available,0
MARION REGIONAL MEDICAL CENTER,1256 MILITARY STREET SOUTH,HAMILTON,AL,35570,(205) 921-6200,STANDARD,,221,N/A,Not Available,1
RIO GRANDE HOSPITAL,310 COUNTY RD 14,DEL NORTE,CO,81132,(719) 657-2510,STANDARD,,221,N/A,Not Available,2
GRAND RIVER HOSPITAL DISTRICT,501 AIRPORT RD,RIFLE,CO,81650,(970) 625-1510,STANDARD,,220,N/A,Not Available,5
STAFFORD COUNTY HOSPITAL,502 S BUCKEYE,STAFFORD,KS,67578,(620) 234-5221,STANDARD,,220,N/A,Not Available,0
CHEROKEE REGIONAL MEDICAL CENTER,300 SIOUX VALLEY DRIVE,CHEROKEE,IA,51012,(712) 225-5101,STANDARD,,219,N/A,Not Available,1
OCHSNER LSU HEALTH SHREVEPORT-ST MARY MEDICAL CENT,1 ST MARY PLACE,SHREVEPORT,LA,71101,(318) 626-4300,STANDARD,,219,N/A,Not Available,12
GLACIAL RIDGE HOSPITAL,10 4TH AVENUE SOUTHEAST,GLENWOOD,MN,56334,(320) 634-4521,STANDARD,,219,N/A,Not Available,2
BRODSTONE HEALTHCARE,"P O BOX 187, 520 EAST 10TH ST",SUPERIOR,NE,68978,(402) 879-3281,STANDARD,,219,N/A,Not Available,1
MEMORIAL HERMANN HOUSTON PHYSICIANS HOSPITAL,"333 N TEXAS AVENUE, SUITE 1000",WEBSTER,TX,77598,(281) 335-1700,STANDARD,,219,N/A,Not Available,6
UNICOI COUNTY  HOSPITAL,2030 TEMPLE HILL ROAD,ERWIN,TN,37650,(423) 743-3141,STANDARD,,218,N/A,Not Available,0
RIPON MEDICAL CENTER,845 PARKSIDE ST,RIPON,WI,54971,(920) 748-3101,STANDARD,,218,N/A,Not Available,3
CENTRACARE - BENSON,1815 WISCONSIN AVENUE,BENSON,MN,56215,(320) 843-4232,STANDARD,,217,N/A,Not Available,1
NORTHWEST HILLS SURGICAL HOSPITAL,6818 AUSTIN CTR BLVD SUITE 100,AUSTIN,TX,78731,(512) 346-1994,STANDARD,HAC_PENALIZED,217,N/A,Not Available,0
ALLINA HEALTH FARIBAULT MEDICAL CENTER,200 STATE AVENUE,FARIBAULT,MN,55021,(507) 497-3733,STANDARD,,216,N/A,Not Available,3
JAMES E. VAN ZANDT VA MEDICAL CENTER (ALTOONA),2907 PLEASANT VALLEY BOULEVARD,ALTOONA,PA,16602,(814) 943-8164,VA,,216,N/A,Not Available,0
P H S INDIAN HOSP AT BELCOURT-QUENTIN N BURDICK,PO BOX 160,BELCOURT,ND,58316,(701) 477-6111,STANDARD,,215,N/A,Not Available,0
CHI HEALTH MIDLANDS,11111 SOUTH 84TH ST,PAPILLION,NE,68046,(402) 593-3000,STANDARD,,215,N/A,Not Available,4
CHI HEALTH PLAINVIEW HOSPITAL,"P O BOX 489, 704 NORTH THIRD ST",PLAINVIEW,NE,68769,(402) 582-4245,STANDARD,,215,N/A,Not Available,2
CHOCTAW NATION HEALTH SERVICES AUTHORITY,1 CHOCTAW WAY,TALIHINA,OK,74571,(918) 567-7000,STANDARD,,215,N/A,Not Available,0
ASPEN VALLEY HOSPITAL,401 CASTLE CREEK RD,ASPEN,CO,81611,(970) 544-1261,STANDARD,,214,N/A,Not Available,6
VETERANS MEMORIAL HOSPITAL,40 1ST STREET SE,WAUKON,IA,52172,(563) 568-3411,VA,,214,N/A,Not Available,2
HARMON MEMORIAL HOSPITAL,400 EAST CHESTNUT STREET,HOLLIS,OK,73550,(580) 688-3363,STANDARD,,214,N/A,Not Available,0
GUTTENBERG MUNICIPAL HOSPITAL,200 MAIN STREET,GUTTENBERG,IA,52052,(563) 252-1121,STANDARD,,213,N/A,Not Available,3
ST LUKE'S DES PERES HOSPITAL,2345 DOUGHERTY FERRY ROAD,ST LOUIS,MO,63122,(314) 966-9100,STANDARD,,213,N/A,Not Available,8
STEELE MEMORIAL MEDICAL CENTER,203 SOUTH DAISY STREET,SALMON,ID,83467,(208) 756-5600,STANDARD,,212,N/A,Not Available,4
COMMUNITY HOSPITAL OF BREMEN INC,1020 HIGH RD,BREMEN,IN,46506,(574) 546-2211,STANDARD,,212,N/A,Not Available,3
LAKE DISTRICT HOSPITAL,700 SOUTH J STREET,LAKEVIEW,OR,97630,(541) 947-2114,STANDARD,,212,N/A,Not Available,3
HARDIN MEDICAL CENTER,935 WAYNE ROAD,SAVANNAH,TN,38372,(731) 926-8121,STANDARD,,212,N/A,Not Available,1
CHRISTUS JASPER MEMORIAL HOSPITAL,1275 MARVIN HANCOCK DRIVE,JASPER,TX,75951,(409) 384-5461,STANDARD,,212,N/A,Not Available,2
LOS ALAMOS MEDICAL CENTER,3917 WEST ROAD,LOS ALAMOS,NM,87544,(505) 662-4201,STANDARD,HAC_PENALIZED,211,N/A,Not Available,3
AVERA HOLY FAMILY HOSPITAL,826 NORTH 8TH STREET,ESTHERVILLE,IA,51334,(712) 362-2631,STANDARD,,210,N/A,Not Available,2
MERCY HOSPITAL - CASSVILLE,94 MAIN STREET,CASSVILLE,MO,65625,(417) 847-6065,STANDARD,,209,N/A,Not Available,0
THE HOSPITAL AT WESTLAKE MEDICAL CENTER,"5656 BEE CAVES ROAD, SUITE M-302",AUSTIN,TX,78746,(512) 327-0000,STANDARD,,209,N/A,Not Available,0
SHENANDOAH MEDICAL CENTER,300 PERSHING AVENUE,SHENANDOAH,IA,51601,(712) 246-1230,STANDARD,,208,N/A,Not Available,2
BURLESON ST JOSEPH HEALTH CENTER,1101 WOODSON DRIVE,CALDWELL,TX,77836,(979) 567-3245,STANDARD,,208,N/A,Not Available,0
MORRISON COMMUNITY HOSPITAL,303 N JACKSON STREET,MORRISON,IL,61270,(815) 772-4003,STANDARD,,207,N/A,Not Available,1
BAYLOR SCOTT AND WHITE SURGICAL HOSPITAL AT SHERMA,3601 CALAIS DRIVE,SHERMAN,TX,75090,(903) 813-3728,STANDARD,,207,N/A,Not Available,2
MERCY HOSPITAL WALDRON,1341 WEST SIXTH STREET,WALDRON,AR,72958,(479) 637-4135,STANDARD,,206,N/A,Not Available,0
PARKVIEW DEKALB HOSPITAL,1316 E SEVENTH ST,AUBURN,IN,46706,(260) 925-4600,STANDARD,HAC_PENALIZED,206,N/A,Not Available,13
PHYSICIANS MEDICAL CENTER,218 CORPORATE DRIVE,HOUMA,LA,70360,(985) 853-1390,STANDARD,HAC_PENALIZED,206,N/A,Not Available,2
P H S INDIAN HOSPITAL AT BROWNING - BLACKFEET,"760 HOSPITAL CIRCLE, POST OFFICE BOX 760",BROWNING,MT,59417,(406) 338-8917,STANDARD,,206,N/A,Not Available,0
LAKE HEALTH BEACHWOOD MEDICAL CENTER,25501 CHAGRIN BOULEVARD,BEACHWOOD,OH,44122,(216) 545-4800,STANDARD,,206,N/A,Not Available,13
LAKELAND COMMUNITY HOSPITAL,42024 HIGHWAY 195 E,HALEYVILLE,AL,35565,(205) 485-7117,STANDARD,,205,N/A,Not Available,0
HUDSON HOSPITAL,405 STAGELINE ROAD,HUDSON,WI,54016,(715) 531-6000,STANDARD,,205,N/A,Not Available,5
EXCELSIOR SPRINGS HOSPITAL,1700 RAINBOW BOULEVARD,EXCELSIOR SPRINGS,MO,64024,(816) 630-6081,STANDARD,,203,N/A,Not Available,3
OCHSNER SCOTT REGIONAL,317 HIGHWAY 13 SOUTH,MORTON,MS,39117,(601) 732-6301,STANDARD,,203,N/A,Not Available,0
JOHN C FREMONT HEALTHCARE DISTRICT,5189 HOSPITAL ROAD,MARIPOSA,CA,95338,(209) 966-3631,STANDARD,,202,N/A,Not Available,4
LITTLE FALLS HOSPITAL,140 BURWELL STREET,LITTLE FALLS,NY,13365,(315) 823-5261,STANDARD,,201,N/A,Not Available,5
SPOONER HEALTH SYSTEM,1280 CHANDLER DR,SPOONER,WI,54801,(715) 635-2111,STANDARD,,201,N/A,Not Available,1
TAMARACK HEALTH HAYWARD MEDICAL CENTER,11040 N STATE RD 77,HAYWARD,WI,54843,(715) 934-4321,STANDARD,,201,N/A,Not Available,1
IROQUOIS MEMORIAL HOSPITAL,200 FAIRMAN STREET,WATSEKA,IL,60970,(815) 432-5201,STANDARD,,200,N/A,Not Available,2
WINNER REGIONAL HEALTHCARE CENTER - CAH,745 EAST 8TH STREET,WINNER,SD,57580,(605) 842-7100,STANDARD,,200,N/A,Not Available,2
EAST ADAMS RURAL HOSPITAL,903 SOUTH ADAMS,RITZVILLE,WA,99169,(509) 659-1200,STANDARD,,200,N/A,Not Available,0
PLUMAS DISTRICT HOSPITAL,1065 BUCKS LAKE ROAD,QUINCY,CA,95971,(530) 283-2121,STANDARD,,199,N/A,Not Available,3
VA HUDSON VALLEY HEALTHCARE SYSTEM,2094 ALBANY POST ROAD,MONTROSE,NY,10548,(914) 737-4400,STANDARD,,199,N/A,Not Available,0
LEGENT ORTHOPEDIC + SPINE,5330 NORTH LOOP 1604 WEST,SAN ANTONIO,TX,78249,(717) 620-2424,STANDARD,,199,N/A,Not Available,0
TEXAS HEALTH HOSPITAL MANSFIELD,2300 LONE STAR ROAD,MANSFIELD,TX,76063,(682) 341-5000,STANDARD,,199,N/A,Not Available,4
NH Camp Pendleton,200 Mercy Cir,Camp Pendleton,CA,92055,(760) 725-1288,STANDARD,,198,N/A,Not Available,0
CENTRACARE HEALTH - MONTICELLO,1013 HART BOULEVARD,MONTICELLO,MN,55362,(763) 295-2945,STANDARD,,197,N/A,Not Available,2
WELIA HEALTH,301 SOUTH HIGHWAY 65,MORA,MN,55051,(320) 679-1212,STANDARD,,197,N/A,Not Available,3
SANFORD CHAMBERLAIN MEDICAL CENTER,300 S BYRON,CHAMBERLAIN,SD,57325,(605) 234-5511,STANDARD,,197,N/A,Not Available,0
"GRAFTON CITY HOSPITAL, INC",1 HOSPITAL PLAZA,GRAFTON,WV,26354,(304) 265-0400,STANDARD,,197,N/A,Not Available,0
ANDERSON REGIONAL MEDICAL CENTER SOUTH CAMPUS,1102 CONSTITUTION AVENUE,MERIDIAN,MS,39301,(601) 484-3590,STANDARD,,196,N/A,Not Available,0
SABINE COUNTY HOSPITAL,"PO BOX 750, 2301 HWY 83 W",HEMPHILL,TX,75948,(409) 787-3300,STANDARD,,196,N/A,Not Available,2
CASSIA REGIONAL HOSPITAL,1501 HILAND AVENUE,BURLEY,ID,83318,(208) 678-4444,STANDARD,,195,N/A,Not Available,3
CHRISTUS OCHSNER LAKE AREA HOSPITAL,4200 NELSON ROAD,LAKE CHARLES,LA,70605,(337) 474-6370,STANDARD,,195,N/A,Not Available,1
ROUNDUP MEMORIAL HEALTHCARE,1202 3RD ST W,ROUNDUP,MT,59072,(406) 323-2301,STANDARD,,195,N/A,Not Available,0
ECU HEALTH BERTIE HOSPITAL,1403 S KING ST,WINDSOR,NC,27983,(252) 794-6600,STANDARD,,195,N/A,Not Available,4
BANNER GOLDFIELD MEDICAL CENTER,2050 WEST SOUTHERN AVENUE,APACHE JUNCTION,AZ,85120,(480) 733-3300,STANDARD,,193,N/A,Not Available,4
MERCY HOSPITAL LINCOLN,1000 EAST CHERRY STREET,TROY,MO,63379,(636) 528-8551,STANDARD,,193,N/A,Not Available,0
JEFFERSON DAVIS COMMUNITY HOSPITAL CAH,1102 ROSE STREET,PRENTISS,MS,39474,(601) 792-4276,STANDARD,,193,N/A,Not Available,0
MERCY HOSPITAL MARIETTA,300 WANDA STREET,MARIETTA,OK,73448,(580) 276-3347,STANDARD,,193,N/A,Not Available,0
ASCENSION ST VINCENT'S ST JOHNS COUNTY,205 TRINITY WAY,ST. JOHNS,FL,32259,(904) 450-6020,STANDARD,,192,N/A,Not Available,6
SAKAKAWEA MEDICAL CENTER - CAH,510 8TH AVENUE NE,HAZEN,ND,58545,(701) 748-2225,STANDARD,,191,N/A,Not Available,2
HENDRY REGIONAL MEDICAL CENTER,524 W SAGAMORE AVE,CLEWISTON,FL,33440,(863) 902-3033,STANDARD,,190,N/A,Not Available,1
OCHSNER STENNIS MEMORIAL HOSPITAL,14365 HIGHWAY 16 WEST,DE KALB,MS,39328,(769) 486-1000,STANDARD,,190,N/A,Not Available,0
INTERMOUNTAIN HEALTH HEBER VALLEY HOSPITAL,454 EAST MEDICAL WAY,HEBER CITY,UT,84032,(435) 654-2500,STANDARD,,190,N/A,Not Available,1
CHOCTAW MEMORIAL HOSPITAL,1405 EAST KIRK ROAD,HUGO,OK,74743,(580) 317-9500,STANDARD,,189,N/A,Not Available,0
WILLAPA HARBOR HOSPITAL,800 ALDER STREET,SOUTH BEND,WA,98586,(360) 875-5526,STANDARD,,189,N/A,Not Available,3
CHI HEALTH - MERCY CORNING,603 ROSARY DRIVE,CORNING,IA,50841,(641) 322-3121,STANDARD,,188,N/A,Not Available,2
CARLE RICHLAND MEMORIAL HOSPITAL,800 EAST LOCUST STREET,OLNEY,IL,62450,(618) 395-2131,STANDARD,,188,N/A,Not Available,1
NEMAHA VALLEY COMMUNITY HOSPITAL,1600 COMMUNITY DR,SENECA,KS,66538,(785) 336-6181,STANDARD,,186,N/A,Not Available,2
BON SECOURS SOUTHAMPTON MEMORIAL HOSPITAL,100 FAIRVIEW DRIVE - PO BOX 817,FRANKLIN,VA,23851,(757) 569-6100,STANDARD,,186,N/A,Not Available,1
ESTES PARK MEDICAL CENTER,555 PROSPECT AVE,ESTES PARK,CO,80517,(970) 577-4470,STANDARD,,185,N/A,Not Available,2
OGALLALA COMMUNITY HOSPITAL,2601 NORTH SPRUCE ST,OGALLALA,NE,69153,(308) 284-4011,STANDARD,,185,N/A,Not Available,2
BUCKTAIL MEDICAL CENTER,1001 PINE STREET,RENOVO,PA,17764,(570) 923-1000,STANDARD,,185,N/A,Not Available,0
TRIGG COUNTY HOSPITAL,254 MAIN STREET,CADIZ,KY,42211,(270) 522-3215,STANDARD,,184,N/A,Not Available,1
FREEMAN NEOSHO HOSPITAL,113 WEST HICKORY STREET,NEOSHO,MO,64850,(417) 451-1234,STANDARD,,184,N/A,Not Available,3
CUMBERLAND MEMORIAL HOSPITAL,1705 16TH AVE,CUMBERLAND,WI,54829,(715) 822-7200,STANDARD,,184,N/A,Not Available,1
"BARNESVILLE HOSPITAL ASSOCIATION, INC",639 WEST MAIN STREET,BARNESVILLE,OH,43713,(740) 425-3941,STANDARD,,183,N/A,Not Available,3
INDIANHEAD MEDICAL CTR,113 4TH AVE,SHELL LAKE,WI,54871,(715) 468-7833,STANDARD,,183,N/A,Not Available,1
UCHEALTH YAMPA VALLEY MEDICAL CENTER,1024 CENTRAL PARK DR,STEAMBOAT SPRINGS,CO,80487,(970) 879-1322,STANDARD,,182,N/A,Not Available,3
PRESENCE SAINTS MARY AND ELIZABETH MEDICAL CENTER,2233 W DIVISION ST,CHICAGO,IL,60622,(312) 770-2000,STANDARD,,182,N/A,Not Available,11
GOTHENBURG HEALTH,PO BOX 469 910 20TH ST,GOTHENBURG,NE,69138,(308) 537-3661,STANDARD,,182,N/A,Not Available,1
WHITMAN HOSPITAL AND MEDICAL CENTER,1200 WEST FAIRVIEW,COLFAX,WA,99111,(509) 397-3435,STANDARD,,182,N/A,Not Available,3
PLAINS MEMORIAL HOSPITAL,310 WEST HALSELL STREET,DIMMITT,TX,79027,(806) 647-2191,STANDARD,,181,N/A,Not Available,0
DAVIS COUNTY HOSPITAL,509 NORTH MADISON STREET,BLOOMFIELD,IA,52537,(641) 664-2145,STANDARD,,180,N/A,Not Available,2
PULASKI MEMORIAL HOSPITAL,616 E 13TH ST,WINAMAC,IN,46996,(574) 946-2100,STANDARD,,180,N/A,Not Available,1
ASHE MEMORIAL HOSPITAL,200 HOSPITAL AVE,JEFFERSON,NC,28640,(336) 246-7101,STANDARD,,179,N/A,Not Available,1
METHODIST MCKINNEY HOSPITAL,8000 W ELDORADO PKWY BLDG C SUITE C,MCKINNEY,TX,75070,(214) 491-5710,STANDARD,,179,N/A,Not Available,2
WEST CARROLL MEMORIAL HOSPITAL,706 ROSS STREET,OAK GROVE,LA,71263,(318) 428-3237,STANDARD,,178,N/A,Not Available,0
BUTLER COUNTY HEALTH,372 SOUTH 9TH STREET,DAVID CITY,NE,68632,(402) 367-1200,STANDARD,,178,N/A,Not Available,1
JENNIE M MELHAM MEMORIAL MEDICAL CENTER,145 MEMORIAL DRIVE,BROKEN BOW,NE,68822,(308) 872-4100,STANDARD,,178,N/A,Not Available,1
MEMORIAL HOSPITAL,1401 WEST LOCUST,STILWELL,OK,74960,(918) 696-3101,STANDARD,,177,N/A,Not Available,0
"MEMORIAL HOSPITAL, THE",750 HOSPITAL LOOP,CRAIG,CO,81625,(970) 824-9411,STANDARD,,176,N/A,Not Available,2
HAMPSHIRE MEMORIAL HOSPITAL,363 SUNRISE BOULEVARD,ROMNEY,WV,26757,(304) 822-4561,STANDARD,,175,N/A,Not Available,7
REGIONAL HEALTH SERVICES OF HOWARD COUNTY,235 8TH AVENUE WEST,CRESCO,IA,52136,(563) 547-2101,STANDARD,,174,N/A,Not Available,1
GOODALL WITCHER HOSPITAL,101 POSEY AVENUE,CLIFTON,TX,76634,(254) 675-8322,STANDARD,,174,N/A,Not Available,4
SUMMERS COUNTY ARH HOSPITAL,115 SUMMERS HOSPITAL ROAD,HINTON,WV,25951,(304) 466-1000,STANDARD,,174,N/A,Not Available,0
HARNEY DISTRICT HOSPITAL,557 W WASHINGTON STREET,BURNS,OR,97720,(541) 573-7281,STANDARD,,173,N/A,Not Available,2
FORT DEFIANCE INDIAN HOSPITAL,PO BOX 649,FT. DEFIANCE,AZ,86504,(928) 729-8000,STANDARD,,171,N/A,Not Available,0
CHI HEALTH SCHUYLER,104 WEST 17TH ST,SCHUYLER,NE,68661,(402) 352-2441,STANDARD,,171,N/A,Not Available,0
REEVES COUNTY HOSPITAL DISTRICT,2323 TEXAS STREET,PECOS,TX,79772,(432) 447-3551,STANDARD,,171,N/A,Not Available,1
COMMUNITY MEMORIAL HOSPITAL,512 SKYLINE BOULEVARD,CLOQUET,MN,55720,(218) 879-4641,STANDARD,,169,N/A,Not Available,2
MASON DISTRICT HOSPITAL,"615 NORTH PROMENADE STREET,P O BOX 530",HAVANA,IL,62644,(309) 543-4431,STANDARD,,168,N/A,Not Available,0
WAGNER COMMUNITY MEMORIAL HOSPITAL - CAH,513 3RD ST SW,WAGNER,SD,57380,(605) 384-3611,STANDARD,,168,N/A,Not Available,1
SAN LUIS VALLEY HEALTH CONEJOS COUNTY HOSPITAL,19021 US HIGHWAY 285,LA JARA,CO,81140,(719) 274-5121,STANDARD,,167,N/A,Not Available,0
YUMA DISTRICT HOSPITAL,1000 W 8TH AVE,YUMA,CO,80759,(970) 848-5405,STANDARD,,167,N/A,Not Available,1
CARLE HOOPESTON REGIONAL HEALTH CENTER,701 EAST ORANGE STREET,HOOPESTON,IL,60942,(217) 283-5531,STANDARD,,167,N/A,Not Available,0
NORTHWEST HEALTH - STARKE,102 E CULVER RD,KNOX,IN,46534,(574) 772-6231,STANDARD,,167,N/A,Not Available,4
GEISINGER JERSEY SHORE HOSPITAL,1020 THOMPSON STREET,JERSEY SHORE,PA,17740,(570) 398-3101,STANDARD,,167,N/A,Not Available,2
VALLEY WEST COMMUNITY HOSPITAL,1301 NORTH MAIN STREET,SANDWICH,IL,60548,(815) 786-8484,STANDARD,,166,N/A,Not Available,2
SAINT JOHN HOSPITAL,3500 SOUTH 4TH STREET,LEAVENWORTH,KS,66048,(913) 680-6000,STANDARD,HAC_PENALIZED,166,N/A,Not Available,2
SURGICAL SPECIALTY CENTER OF BATON ROUGE,8080 BLUEBONNET BLVD,BATON ROUGE,LA,70810,(225) 408-8080,STANDARD,,166,N/A,Not Available,9
LIMESTONE MEDICAL CENTER,701 MCCLINTIC DRIVE,GROESBECK,TX,76642,(254) 729-3281,STANDARD,,166,N/A,Not Available,3
"CALDWELL MEMORIAL HOSPITAL, INC",411 MAIN STREET,COLUMBIA,LA,71418,(318) 649-6111,STANDARD,,165,N/A,Not Available,0
ASPIRUS STANLEY HOSPITAL,1120 PINE ST,STANLEY,WI,54768,(715) 644-5571,STANDARD,,165,N/A,Not Available,1
COFFEY COUNTY HOSPITAL,801 N FOURTH STREET,BURLINGTON,KS,66839,(620) 364-2121,STANDARD,,164,N/A,Not Available,1
CAVERNA MEMORIAL HOSPITAL,1501 SOUTH DIXIE STREET,HORSE CAVE,KY,42749,(270) 786-2191,STANDARD,,164,N/A,Not Available,1
MILLE LACS HEALTH SYSTEM,200 NORTH ELM STREET,ONAMIA,MN,56359,(320) 532-3154,STANDARD,,164,N/A,Not Available,1
WELLSPAN SURGERY AND REHABILITATION HOSPITAL,55 MONUMENT ROAD,YORK,PA,17403,(717) 812-6100,STANDARD,,164,N/A,Not Available,0
MILBANK AREA HOSPITAL/AVERA HEALTH,301 FLYNN DRIVE,MILBANK,SD,57252,(605) 432-4538,STANDARD,,164,N/A,Not Available,2
CAPE FEAR VALLEY HOKE HOSPITAL,210 MEDICAL PAVILION DRIVE,RAEFORD,NC,28376,(910) 904-8000,STANDARD,,163,N/A,Not Available,3
ST LUKE'S ELMORE MEDICAL CENTER,895 NORTH 6TH EAST,MOUNTAIN HOME,ID,83647,(208) 587-8401,STANDARD,,162,N/A,Not Available,5
"FRANCISCAN HEALTH RENSSELAER, INC",1104 E GRACE ST,RENSSELAER,IN,47978,(219) 866-5141,STANDARD,,162,N/A,Not Available,3
GOOD SAMARITAN HOSPITAL,901 OLIVE DRIVE,BAKERSFIELD,CA,93308,(661) 215-7500,STANDARD,,161,N/A,Not Available,0
FREEMAN MEDICAL CENTER - CAH,510 E 8TH ST  POST OFFICE BOX 370,FREEMAN,SD,57029,(605) 925-4000,STANDARD,,161,N/A,Not Available,0
HSHS HOLY FAMILY HOSPITAL INC,200 HEALTH CARE DR,GREENVILLE,IL,62246,(618) 664-1230,STANDARD,,160,N/A,Not Available,2
PHYSICIANS' MEDICAL CENTER LLC,4023 REAS LN,NEW ALBANY,IN,47150,(812) 206-7660,STANDARD,,160,N/A,Not Available,17
MINNEOLA DISTRICT HOSPITAL,212 MAIN,MINNEOLA,KS,67865,(620) 885-4264,STANDARD,,160,N/A,Not Available,0
ESSENTIA HEALTH FOSSTON,900 HILLIGOSS BOULEVARD SE,FOSSTON,MN,56542,(218) 435-1133,STANDARD,,160,N/A,Not Available,0
GLEN ROSE MEDICAL CENTER,1021 HOLDEN STREET,GLEN ROSE,TX,76043,(254) 897-2215,STANDARD,HAC_PENALIZED,160,N/A,Not Available,2
FLOYD CHEROKEE MEDICAL CENTER,400 NORTHWOOD DR,CENTRE,AL,35960,(256) 927-5531,STANDARD,,159,N/A,Not Available,0
ALLENDALE COUNTY HOSPITAL,1787 ALLENDALE FAIRFAX RD,FAIRFAX,SC,29827,(803) 632-3311,STANDARD,,159,N/A,Not Available,2
CRAWFORD COUNTY MEMORIAL HOSPITAL,100 MEDICAL PARKWAY,DENISON,IA,51442,(712) 263-2500,STANDARD,,158,N/A,Not Available,1
Evans ACH (FT Carson),Fort Carson MEDDAC 1650 Cochrane Cir,Fort Carson,CO,80913,(719) 526-7000,STANDARD,,156,N/A,Not Available,0
OCHILTREE GENERAL HOSPITAL,3101 GARRETT DRIVE,PERRYTON,TX,79070,(806) 435-3606,STANDARD,,156,N/A,Not Available,2
INTERMOUNTAIN HEALTH SANPETE VALLEY HOSPITAL,1100 SOUTH MEDICAL DRIVE,MOUNT PLEASANT,UT,84647,(435) 462-4123,STANDARD,,156,N/A,Not Available,2
LAGUNA HONDA HOSPITAL & REHABILITATION CENTER,375 LAGUNA HONDA BLVD,SAN FRANCISCO,CA,94116,(415) 759-2300,STANDARD,,155,N/A,Not Available,1
ST MARY'S HOSPITAL,701 LEWISTON ST,COTTONWOOD,ID,83522,(208) 962-3251,STANDARD,,155,N/A,Not Available,4
HARDIN MEMORIAL HOSPITAL,921 EAST FRANKLIN STREET,KENTON,OH,43326,(419) 673-0761,STANDARD,,155,N/A,Not Available,2
ST CHARLES MADRAS,470 NE A STREET,MADRAS,OR,97741,(541) 475-3882,STANDARD,,155,N/A,Not Available,6
INTERMOUNTAIN HEALTH SPANISH FORK HOSPITAL,765 EAST MARKET PLACE DRIVE,SPANISH FORK,UT,84660,(385) 344-5000,STANDARD,HAC_PENALIZED,155,N/A,Not Available,1
MERCY SPECIALTY HOSPITAL SOUTHEAST KANSAS,1619 K 66,GALENA,KS,66739,(620) 783-1732,STANDARD,,154,N/A,Not Available,1
"STORMONT VAIL HEALTH FLINT HILLS, LLC",1102 ST MARY'S ROAD,JUNCTION CITY,KS,66441,(785) 210-3303,STANDARD,HAC_PENALIZED,154,N/A,Not Available,2
PIPESTONE COUNTY  MEDICAL CENTER,916 4TH AVENUE SOUTHWEST,PIPESTONE,MN,56164,(507) 825-5811,STANDARD,,154,N/A,Not Available,4
SURGICAL HOSPITAL OF OKLAHOMA,100 SOUTHEAST 59TH STREET,OKLAHOMA CITY,OK,73129,(405) 634-9300,STANDARD,,154,N/A,Not Available,0
COON MEMORIAL HOSPITAL,1411 DENVER AVENUE,DALHART,TX,79022,(806) 244-4571,STANDARD,,154,N/A,Not Available,1
IOWA SPECIALTY HOSPITAL - BELMOND,403 FIRST STREET SE,BELMOND,IA,50421,(641) 444-3223,STANDARD,,153,N/A,Not Available,4
MORRILL COUNTY COMMUNITY HOSPITAL,1313 S STREET,BRIDGEPORT,NE,69336,(308) 262-1616,STANDARD,,152,N/A,Not Available,2
JONES REGIONAL MEDICAL CENTER,1795 HIGHWAY 64 EAST,ANAMOSA,IA,52205,(319) 462-6131,STANDARD,,151,N/A,Not Available,7
CARLE EUREKA  HOSPITAL,101 S MAJOR ST,EUREKA,IL,61530,(309) 467-2371,STANDARD,,150,N/A,Not Available,2
GROVE HILL MEMORIAL HOSPITAL,295 JACKSON HWY S,GROVE HILL,AL,36451,(251) 275-3191,STANDARD,,149,N/A,Not Available,2
NORTHWEST SURGICAL HOSPITAL,9204 NORTH MAY AVENUE,OKLAHOMA CITY,OK,73120,(405) 848-1918,STANDARD,,149,N/A,Not Available,7
SURGICAL INSTITUTE OF READING,2752 CENTURY BOULEVARD,WYOMISSING,PA,19610,(717) 999-9999,STANDARD,,149,N/A,Not Available,0
"PHYSICIANS CENTRE,THE",3131 UNIVERSITY DRIVE EAST,BRYAN,TX,77802,(979) 731-3100,STANDARD,,149,N/A,Not Available,1
SCHLEICHER COUNTY MEDICAL CENTER,102 NORTH US HIGHWAY 277,ELDORADO,TX,76936,(325) 853-2507,STANDARD,,149,N/A,Not Available,0
ANNIE JEFFREY MEMORIAL COUNTY HEALTH CENTER,"P O BOX 428, 531 BEEBE ST",OSCEOLA,NE,68651,(402) 747-2031,STANDARD,,148,N/A,Not Available,1
WIREGRASS MEDICAL CENTER,1200 W MAPLE AVENUE,GENEVA,AL,36340,(334) 684-3655,STANDARD,,147,N/A,Not Available,0
INDIANA UNIVERSITY HEALTH PAOLI HOSPITAL,642 W HOSPITAL RD,PAOLI,IN,47454,(812) 723-2811,STANDARD,,147,N/A,Not Available,4
MAINEHEALTH FRANKLIN HOSPITAL,111 FRANKLIN HEALTH COMMONS,FARMINGTON,ME,4938,(207) 778-6031,STANDARD,,147,N/A,Not Available,5
CHARLES A CANNON JR MEMORIAL HOSPITAL,434 HOSPITAL DRIVE,LINVILLE,NC,28646,(828) 737-7000,STANDARD,,147,N/A,Not Available,1
TRI VALLEY HEALTH SYSTEM,1305 WEST HIGHWAY 6/34,CAMBRIDGE,NE,69022,(308) 697-3329,STANDARD,,147,N/A,Not Available,0
ELLENVILLE REGIONAL HOSPITAL,10 HEALTHY WAY,ELLENVILLE,NY,12428,(845) 647-6400,STANDARD,,147,N/A,Not Available,0
RUSH MEMORIAL HOSPITAL,1300 N MAIN ST,RUSHVILLE,IN,46173,(765) 932-4111,STANDARD,,146,N/A,Not Available,0
KETTERING HEALTH GREENE MEMORIAL,1141 NORTH MONROE DRIVE,XENIA,OH,45385,(937) 352-2000,STANDARD,,146,N/A,Not Available,6
"COAL COUNTY GENERAL HOSPITAL, INC.",6 NORTH COVINGTON,COALGATE,OK,74538,(580) 927-2327,STANDARD,,146,N/A,Not Available,0
MIAMI COUNTY MEDICAL CENTER,2100 BAPTISTE DR,PAOLA,KS,66071,(913) 557-4385,STANDARD,,145,N/A,Not Available,2
GUNDERSEN BOSCOBEL AREA HOSPITAL AND CLINICS,205 PARKER ST,BOSCOBEL,WI,53805,(608) 375-4112,STANDARD,,145,N/A,Not Available,0
LUCAS COUNTY HEALTH CENTER,1200 NORTH 7TH STREET,CHARITON,IA,50049,(641) 774-3000,STANDARD,,143,N/A,Not Available,2
SANFORD LUVERNE MEDICAL CENTER,1600 N KNISS AVENUE P O BOX 1019,LUVERNE,MN,56156,(507) 283-2321,STANDARD,,143,N/A,Not Available,2
MACON COUNTY SAMARITAN MEMORIAL HOSPITAL,1205 NORTH MISSOURI ST,MACON,MO,63552,(660) 385-8700,STANDARD,,143,N/A,Not Available,5
DECATUR HEALTH,810 W  COLUMBIA STREET,MONUMENT,KS,67747,(785) 475-2208,STANDARD,,142,N/A,Not Available,0
NORTON COUNTY HOSPITAL,102 E HOLME STREET,NORTON,KS,67654,(785) 877-3351,STANDARD,,142,N/A,Not Available,0
SUNNYVIEW HOSPITAL AND REHABILITATION CENTER,1270 BELMONT AVENUE,SCHENECTADY,NY,12308,(518) 382-4500,STANDARD,HAC_AT_RISK,142,N/A,Not Available,0
SUGAR LAND SURGICAL HOSPITAL LLP,16906 SOUTHWEST FREEWAY,SUGAR LAND,TX,77479,(281) 243-1000,STANDARD,HAC_PENALIZED,142,N/A,Not Available,0
WASHINGTON COUNTY MEMORIAL HOSPITAL,300 HEALTH WAY,POTOSI,MO,63664,(573) 438-5451,STANDARD,,141,N/A,Not Available,1
EDGEFIELD COUNTY HEALTHCARE AN AFFILIATE OF SELF R,300 RIDGE MEDICAL PLAZA,EDGEFIELD,SC,29384,(803) 637-3174,STANDARD,,141,N/A,Not Available,2
OTTO KAISER MEMORIAL HOSPITAL,3349 S HIGHWAY 181,KENEDY,TX,78119,(830) 583-3401,STANDARD,,141,N/A,Not Available,1
SANTA YNEZ VALLEY COTTAGE HOSPITAL,2050 VIBORG RD,SOLVANG,CA,93463,(805) 688-6431,STANDARD,,140,N/A,Not Available,9
WHITFIELD MEDICAL SURGICAL HOSPITAL,"3550 HWY 468 W, BLDG 60",WHITFIELD,MS,39193,(601) 351-8023,STANDARD,,140,N/A,Not Available,0
PEACEHEALTH COTTAGE GROVE COMMUNITY MEDICAL CENTER,1515 VILLAGE DRIVE,COTTAGE GROVE,OR,97424,(541) 942-0511,STANDARD,,140,N/A,Not Available,7
"GENESIS MEDICAL CENTER, ALEDO",409 NW 9TH AVENUE,ALEDO,IL,61231,(309) 582-9100,STANDARD,,139,N/A,Not Available,2
CARROLL COUNTY MEMORIAL HOSPITAL,1502 NORTH JEFFERSON,CARROLLTON,MO,64633,(660) 542-1695,STANDARD,,139,N/A,Not Available,1
CARRINGTON HEALTH CENTER,PO BOX 461,CARRINGTON,ND,58421,(701) 652-3141,STANDARD,,139,N/A,Not Available,1
JACKSON MEDICAL CENTER,220 HOSPITAL DRIVE,JACKSON,AL,36545,(251) 246-9021,STANDARD,,138,N/A,Not Available,1
HARDIN COUNTY GENERAL HOSPITAL & CLINIC,FERRELL ROAD,ROSICLARE,IL,62982,(618) 285-6634,STANDARD,,138,N/A,Not Available,0
WASHINGTON COUNTY HOSPITAL,705 S GRAND AVE,NASHVILLE,IL,62263,(618) 327-8236,STANDARD,,138,N/A,Not Available,0
MERCY HOSPITAL PARIS,500 EAST ACADEMY,PARIS,AR,72855,(479) 963-6101,STANDARD,,137,N/A,Not Available,2
"LIVINGSTON HOSPITAL AND HEALTHCARE SERVICES, INC",131 HOSPITAL DRIVE,SALEM,KY,42078,(270) 988-2299,STANDARD,,137,N/A,Not Available,0
MARGARETVILLE MEMORIAL HOSPITAL,42084 STATE HIGHWAY 28,MARGARETVILLE,NY,12455,(845) 586-2631,STANDARD,,137,N/A,Not Available,0
BRADLEY COUNTY MEDICAL CENTER,404 SOUTH BRADLEY STREET,WARREN,AR,71671,(870) 226-3731,STANDARD,,136,N/A,Not Available,1
HUMBOLDT COUNTY MEMORIAL HOSPITAL,1000 NORTH 15TH STREET,HUMBOLDT,IA,50548,(515) 332-4200,STANDARD,,136,N/A,Not Available,2
EAST CARROLL PARISH HOSPITAL,336 NORTH HOOD STREET,LAKE PROVIDENCE,LA,71254,(318) 559-4023,STANDARD,,136,N/A,Not Available,0
MAMMOTH HOSPITAL,85 SIERRA PARK ROAD PO BOX 660,MAMMOTH LAKES,CA,93546,(760) 934-3311,STANDARD,,135,N/A,Not Available,3
VALOR HEALTH,1202 EAST LOCUST STREET,EMMETT,ID,83617,(208) 365-3561,STANDARD,,135,N/A,Not Available,1
MANHATTAN SURGICAL HOSPITAL LLC,1829 COLLEGE AVENUE,MANHATTAN,KS,66502,(785) 776-5100,STANDARD,,135,N/A,Not Available,2
MOBRIDGE REGIONAL HOSPITAL - CAH,1401 10TH AVE WEST,MOBRIDGE,SD,57601,(605) 845-3692,STANDARD,,135,N/A,Not Available,1
FAYETTE COUNTY HOSPITAL,650 W TAYLOR ST,VANDALIA,IL,62471,(618) 283-1231,STANDARD,,133,N/A,Not Available,1
SLEEPY EYE MEDICAL CENTER,400 FOURTH AVENUE NORTHWEST,SLEEPY EYE,MN,56085,(507) 794-3571,STANDARD,,132,N/A,Not Available,1
ELLETT MEMORIAL HOSPITAL,610 N OHIO STREET,APPLETON CITY,MO,64724,(660) 476-2111,STANDARD,,132,N/A,Not Available,0
"AD HOSPITAL EAST, LLC","12950 EAST FREEWAY, SUITE 100",HOUSTON,TX,77015,(281) 863-2100,STANDARD,,132,N/A,Not Available,0
GRIMES ST JOSEPH HEALTH CENTER,210 JUDSON ST,NAVASOTA,TX,77868,(936) 825-6585,STANDARD,,132,N/A,Not Available,0
HAMILTON GENERAL HOSPITAL,"400 N BROWN, BUILDING 1",HAMILTON,TX,76531,(254) 386-3151,STANDARD,,131,N/A,Not Available,1
WHITE MOUNTAIN REGIONAL MEDICAL CENTER,118 SOUTH MOUNTAIN AVENUE,SPRINGERVILLE,AZ,85938,(928) 333-4368,STANDARD,,130,N/A,Not Available,0
CALDWELL MEDICAL CENTER,100 MEDICAL CENTER DRIVE,PRINCETON,KY,42445,(270) 365-0300,STANDARD,,129,N/A,Not Available,1
CARROLL COUNTY MEMORIAL HOSPITAL,309 ELEVENTH STREET,CARROLLTON,KY,41008,(502) 732-4321,STANDARD,,129,N/A,Not Available,1
BRIGHAM CITY COMMUNITY HOSPITAL,950 SOUTH MEDICAL DRIVE,BRIGHAM CITY,UT,84302,(435) 734-9471,STANDARD,,129,N/A,Not Available,3
MURRAY COUNTY MEMORIAL HOSPITAL,2042 JUNIPER AVENUE,SLAYTON,MN,56172,(507) 836-6111,STANDARD,,128,N/A,Not Available,1
COUNCIL OAK COMPREHENSIVE HEALTHCARE,10109 E 79TH ST,TULSA,OK,74133,(918) 940-7543,STANDARD,,128,N/A,Not Available,0
PRISMA HEALTH  PATEWOOD HOSPITAL,175 PATEWOOD DRIVE,GREENVILLE,SC,29615,(864) 797-1000,STANDARD,,128,N/A,Not Available,15
ST ANTHONY REGIONAL HOSPITAL & NURSING HOME,311 SOUTH CLARK STREET,CARROLL,IA,51401,(712) 792-3581,STANDARD,,127,N/A,Not Available,1
PUTNAM COUNTY HOSPITAL,1542 S BLOOMINGTON ST,GREENCASTLE,IN,46135,(765) 653-5121,STANDARD,,127,N/A,Not Available,3
UPMC GREENE,350 BONAR AVENUE,WAYNESBURG,PA,15370,(724) 627-2602,STANDARD,HAC_PENALIZED,127,N/A,Not Available,4
UPMC KANE,4372 ROUTE 6,KANE,PA,16735,(814) 837-8585,STANDARD,,127,N/A,Not Available,0
AVERA MISSOURI RIVER HEALTH CENTER,606 EAST GARFIELD,GETTYSBURG,SD,57442,(605) 765-2488,STANDARD,,127,N/A,Not Available,0
BOZEMAN HEALTH BIG SKY MEDICAL CENTER,334 TOWN CENTER AVE,BIG SKY,MT,59716,(406) 995-6995,STANDARD,,126,N/A,Not Available,2
AVERA HAND COUNTY MEMORIAL HOSPITAL AND CLINIC,300 W 5TH ST,MILLER,SD,57362,(605) 853-2421,STANDARD,,126,N/A,Not Available,1
MERCY ST FRANCIS HOSPITAL,"100 WEST HIGHWAY 60, PO BOX 82",MOUNTAIN VIEW,MO,65548,(417) 934-7000,STANDARD,,125,N/A,Not Available,1
"HENRY COUNTY HOSPITAL, INC",1600 EAST RIVERVIEW AVENUE,NAPOLEON,OH,43545,(419) 592-4015,STANDARD,,125,N/A,Not Available,1
MARSHALL COUNTY HEALTHCARE CENTER - CAH,413 9TH STREET,BRITTON,SD,57430,(605) 448-2253,STANDARD,,125,N/A,Not Available,2
WEST TENNESSEE HEALTHCARE CAMDEN HOSPITAL,175 HOSPITAL DRIVE,CAMDEN,TN,38320,(731) 593-6300,STANDARD,,125,N/A,Not Available,0
JACKSON COUNTY REGIONAL HEALTH CENTER,700 W GROVE ST,MAQUOKETA,IA,52060,(563) 652-2474,STANDARD,,124,N/A,Not Available,3
MEMORIAL HERMANN SURGICAL HOSPITAL KINGWOOD,300 KINGWOOD MEDICAL DRIVE,KINGWOOD,TX,77339,(281) 312-4000,STANDARD,,124,N/A,Not Available,3
CONEMAUGH MEYERSDALE MEDICAL CENTER,200 HOSPITAL DRIVE,MEYERSDALE,PA,15552,(814) 634-5911,STANDARD,,123,N/A,Not Available,2
GREENE COUNTY MEDICAL CENTER,1000 WEST LINCOLN WAY,JEFFERSON,IA,50129,(515) 386-2114,STANDARD,,122,N/A,Not Available,2
CARIBOU MEDICAL CENTER,300 SOUTH 3RD WEST,SODA SPRINGS,ID,83276,(208) 547-3341,STANDARD,,122,N/A,Not Available,3
PRAIRIE RIDGE HOSPITAL AND HEALTH SERVICES,1411 HIGHWAY 79 E,ELBOW LAKE,MN,56531,(218) 685-7300,STANDARD,,122,N/A,Not Available,1
IRA DAVENPORT MEMORIAL HOSPITAL,7571 STATE ROUTE 54,BATH,NY,14810,(607) 776-8500,STANDARD,,122,N/A,Not Available,0
"MERCY HOSPITAL WATONGA, INC",500 NORTH CLARENCE NASH BOULEVARD,WATONGA,OK,73772,(580) 623-7211,STANDARD,,122,N/A,Not Available,1
NORTH ALABAMA SHOALS HOSPITAL,201 WEST AVALON AVENUE,MUSCLE SHOALS,AL,35661,(256) 386-1601,STANDARD,,121,N/A,Not Available,2
LIBERTY DAYTON REGIONAL MEDICAL CENTER,1353 N TRAVIS ST,LIBERTY,TX,77575,(936) 336-7316,STANDARD,,121,N/A,Not Available,0
ST VINCENTS BLOUNT,150 GILBREATH DRIVE,ONEONTA,AL,35121,(205) 274-3000,STANDARD,,120,N/A,Not Available,0
VA ILLIANA HEALTHCARE SYSTEM - DANVILLE,1900 E. MAIN,DANVILLE,IL,61832,(217) 554-3000,STANDARD,,120,N/A,Not Available,0
BAXTER HEALTH FULTON COUNTY HOSPITAL,679 NORTH MAIN STREET,SALEM,AR,72576,(870) 895-2691,STANDARD,,119,N/A,Not Available,0
LAWTON INDIAN HOSPITAL,1515 LAWRIE TATUM ROAD,LAWTON,OK,73507,(580) 353-0350,STANDARD,,119,N/A,Not Available,0
ST MICHAEL'S HOSPITAL - CAH,410 W 16TH AVE,TYNDALL,SD,57066,(605) 589-2100,STANDARD,,119,N/A,Not Available,0
LAMB HEALTHCARE CENTER,1500 S SUNSET,LITTLEFIELD,TX,79339,(806) 385-6411,STANDARD,HAC_PENALIZED,119,N/A,Not Available,0
INTERMOUNTAIN HEALTH GARFIELD MEMORIAL HOSPITAL,200 NORTH 400 EAST,PANGUITCH,UT,84759,(435) 676-1262,STANDARD,,119,N/A,Not Available,0
DIGNITY HEALTH - ARIZONA GENERAL HOSPITAL,7171 SOUTH 51ST AVENUE,LAVEEN,AZ,85339,(623) 584-5100,STANDARD,,118,N/A,Not Available,0
BENEWAH COMMUNITY HOSPITAL,229 SOUTH 7TH STREET,SAINT MARIES,ID,83861,(208) 245-5551,STANDARD,,118,N/A,Not Available,5
NORTON SCOTT HOSPITAL,1451 N GARDNER ST,SCOTTSBURG,IN,47170,(812) 752-3456,STANDARD,,118,N/A,Not Available,1
CLINTON REGIONAL HOSPITAL,100 N 30TH STREET,CLINTON,OK,73601,(580) 323-0346,STANDARD,,118,N/A,Not Available,0
WASHINGTON COUNTY HOSPITAL,304 E 3RD STREET,WASHINGTON,KS,66968,(785) 325-2211,STANDARD,,117,N/A,Not Available,0
THAYER COUNTY HEALTH SERVICES,120 PARK AVE,HEBRON,NE,68370,(402) 768-6041,STANDARD,,117,N/A,Not Available,1
AVERA GREGORY HOSPITAL,110 S LOGAN AVE,GREGORY,SD,57533,(605) 835-8394,STANDARD,,116,N/A,Not Available,2
PINNACLE HOSPITAL,9301 CONNECTICUT DR,CROWN POINT,IN,46307,(219) 756-2100,STANDARD,,115,N/A,Not Available,1
"SAINT FRANCIS HOSPITAL VINITA, INC",735 NORTH FOREMAN STREET,VINITA,OK,74301,(918) 256-7551,STANDARD,HAC_AT_RISK,115,N/A,Not Available,3
MITCHELL COUNTY HOSPITAL DISTRICT,997 WEST I-20,COLORADO CITY,TX,79512,(325) 728-3431,STANDARD,,115,N/A,Not Available,0
BAPTIST HEALTH MEDICAL CENTER-HOT SPRINGS COUNTY,1001 SCHNEIDER DRIVE,MALVERN,AR,72104,(501) 332-1000,STANDARD,,114,N/A,Not Available,0
GEORGE C GRAPE COMMUNITY HOSPITAL,2959 US HIGHWAY 275,HAMBURG,IA,51640,(712) 382-1515,STANDARD,,114,N/A,Not Available,1
ST LUKE'S WOOD RIVER MEDICAL CENTER,100 HOSPITAL DRIVE,KETCHUM,ID,83340,(208) 727-8800,STANDARD,,113,N/A,Not Available,8
SOCORRO GENERAL HOSPITAL,1202 HIGHWAY 60 WEST,SOCORRO,NM,87801,(575) 835-1140,STANDARD,,113,N/A,Not Available,0
LAVACA MEDICAL CENTER,1400 NORTH TEXANA STREET,HALLETTSVILLE,TX,77964,(361) 798-3671,STANDARD,,112,N/A,Not Available,5
DLP SWAIN COUNTY HOSPITAL LLC,45 PLATEAU STREET,BRYSON CITY,NC,28713,(828) 488-2155,STANDARD,,111,N/A,Not Available,1
ASCENSION SETON HIGHLAND LAKES,HIGHWAY 281 SOUTH,BURNET,TX,78611,(512) 715-3000,STANDARD,,111,N/A,Not Available,2
PENDER COMMUNITY HOSPITAL,"100 HOSPITAL DRIVE, PO BOX 100",PENDER,NE,68047,(402) 385-3083,STANDARD,,110,N/A,Not Available,2
TEXAS HEALTH HARRIS METHODIST HOSPITAL SOUTHLAKE,1545 E SOUTHLAKE BLVD,SOUTHLAKE,TX,76092,(817) 748-8700,STANDARD,,110,N/A,Not Available,0
CLAREMORE INDIAN HOSPITAL,101 SOUTH MOORE AVE,CLAREMORE,OK,74017,(918) 341-8430,STANDARD,,109,N/A,Not Available,0
ST LUKE'S MCCALL,1000 STATE STREET,MCCALL,ID,83638,(208) 630-2395,STANDARD,,108,N/A,Not Available,2
AVERA TYLER HOSPITAL,240 WILLOW STREET,TYLER,MN,56178,(507) 247-5521,STANDARD,,108,N/A,Not Available,1
SANFORD CANTON-INWOOD MEDICAL CENTER - CAH,440 NORTH HIAWATHA DRIVE,CANTON,SD,57013,(605) 764-1500,STANDARD,,108,N/A,Not Available,0
HASKELL MEMORIAL HOSPITAL,1 NORTH AVENUE N  PO BOX 1117,HASKELL,TX,79521,(940) 864-2621,STANDARD,,108,N/A,Not Available,1
GUNDERSEN MOUNDVIEW HOSPITAL AND CLINICS,402 W LAKE ST,FRIENDSHIP,WI,53934,(608) 339-3331,STANDARD,,108,N/A,Not Available,1
SANFORD VERMILLION HOSPITAL,20 SOUTH PLUM STREET,VERMILLION,SD,57069,(605) 624-2611,STANDARD,,107,N/A,Not Available,1
BEAR VALLEY COMMUNITY HOSPITAL,41870 GARSTIN DR,BIG BEAR LAKE,CA,92315,(909) 866-6501,STANDARD,,106,N/A,Not Available,0
TETON VALLEY HOSPITAL,120 EAST HOWARD AVE,DRIGGS,ID,83422,(208) 354-2383,STANDARD,,106,N/A,Not Available,2
SANFORD MAYVILLE,42 6TH AVENUE SE,MAYVILLE,ND,58257,(701) 788-3800,STANDARD,,105,N/A,Not Available,2
COVENANT HOSPITAL LEVELLAND,1900 COLLEGE AVE,LEVELLAND,TX,79336,(806) 894-4963,STANDARD,,105,N/A,Not Available,1
TANNER MEDICAL CENTER-EAST ALABAMA,1032 MAIN STREET SOUTH,WEDOWEE,AL,36278,(256) 357-2111,STANDARD,,104,N/A,Not Available,3
"INDIANA UNIVERSITY HEALTH JAY, INC.",500 W VOTAW ST,PORTLAND,IN,47371,(260) 726-7131,STANDARD,,104,N/A,Not Available,3
"WESTFIELD MEMORIAL HOSPITAL, INC",189 EAST MAIN STREET,WESTFIELD,NY,14787,(716) 326-4921,STANDARD,,104,N/A,Not Available,4
FREESTONE MEDICAL CENTER,125 NEWMAN ST,FAIRFIELD,TX,75840,(903) 389-1612,STANDARD,,104,N/A,Not Available,0
ZUNI COMPREHENSIVE COMMUNITY HEALTH CENTER,ROUTE 301 NORTH B STREET,ZUNI,NM,87327,(505) 782-4431,STANDARD,HAC_PENALIZED,102,N/A,Not Available,0
WRAY COMMUNITY DISTRICT HOSPITAL,1017 W 7TH ST,WRAY,CO,80758,(970) 332-4811,STANDARD,,101,N/A,Not Available,1
CHOCTAW HEALTH CENTER,ROUTE 7 BOX R50,PHILADELPHIA,MS,39350,(601) 656-2211,STANDARD,,100,N/A,Not Available,0
NORTH CAROLINA SPECIALTY HOSPITAL,3916 BEN FRANKLIN BOULEVARD,DURHAM,NC,27704,(919) 956-9300,STANDARD,,100,N/A,Not Available,4
JERSEY COMMUNITY HOSPITAL,400 MAPLE SUMMIT ROAD,JERSEYVILLE,IL,62052,(618) 498-6402,STANDARD,,98,N/A,Not Available,3
DUKES MEMORIAL HOSPITAL,275 W 12TH ST,PERU,IN,46970,(765) 472-8000,STANDARD,,98,N/A,Not Available,3
DOUGLAS GARDENS HOSPITAL,5200 NE 2ND AVE,MIAMI,FL,33137,(305) 751-8626,STANDARD,,97,N/A,Not Available,0
FRANCISCAN HEALTH ORTHOPEDIC HOSPITAL CARMEL,10777 N ILLINOIS ST,CARMEL,IN,46032,(317) 528-5400,STANDARD,,97,N/A,Not Available,0
MEMORIAL HOSPITAL,1423 SEVENTH ST,AURORA,NE,68818,(402) 694-3171,STANDARD,,97,N/A,Not Available,1
MERRICK MEDICAL CENTER,1715  26TH ST,CENTRAL CITY,NE,68826,(308) 946-3015,STANDARD,,97,N/A,Not Available,1
FRISBIE MEMORIAL HOSPITAL,11 WHITEHALL ROAD,ROCHESTER,NH,3867,(603) 332-5211,STANDARD,,97,N/A,Not Available,6
ATOKA COUNTY MEDICAL CENTER,1590 WEST LIBERTY ROAD,ATOKA,OK,74525,(580) 889-3333,STANDARD,,97,N/A,Not Available,1
GUNNISON VALLEY HOSPITAL,711 N TAYLOR ST,GUNNISON,CO,81230,(970) 641-1456,STANDARD,,96,N/A,Not Available,3
ED FRASER MEMORIAL HOSPITAL,159 N 3RD ST,MACCLENNY,FL,32063,(904) 259-3151,STANDARD,,96,N/A,Not Available,5
INDIANA UNIVERSITY HEALTH FRANKFORT INC,1300 S JACKSON ST,FRANKFORT,IN,46041,(765) 656-3000,STANDARD,,95,N/A,Not Available,2
BURNETT MEDICAL CENTER,257 W ST GEORGE AVE,GRANTSBURG,WI,54840,(715) 463-5353,STANDARD,,95,N/A,Not Available,0
ROANE GENERAL HOSPITAL,200 HOSPITAL DRIVE,SPENCER,WV,25276,(304) 927-4444,STANDARD,,95,N/A,Not Available,0
GARRISON MEMORIAL HOSPITAL,407 3RD AVE SE,GARRISON,ND,58540,(701) 463-2275,STANDARD,,94,N/A,Not Available,1
JAY HOSPITAL,14114 ALABAMA ST,JAY,FL,32565,(850) 675-4532,STANDARD,,93,N/A,Not Available,2
HEGG MEMORIAL HEALTH CENTER,1202 21ST AVENUE,ROCK VALLEY,IA,51247,(712) 476-8000,STANDARD,,93,N/A,Not Available,2
MUSCOGEE (CREEK) NATION MEDICAL CENTER,1401 MORRIS DRIVE,OKMULGEE,OK,74447,(918) 756-4233,STANDARD,,93,N/A,Not Available,1
"AHN EMERUS WESTMORELAND, LLC",6321 ROUTE 30,GREENSBURG,PA,15601,(787) 295-4735,STANDARD,,93,N/A,Not Available,0
CLAY COUNTY MEMORIAL HOSPITAL,310 W SOUTH STREET,HENRIETTA,TX,76365,(940) 538-5621,STANDARD,,93,N/A,Not Available,0
MARSHFIELD MEDICAL CENTER - RIVER REGION,4100 STATE HIGHWAY 66,STEVENS POINT,WI,54482,(715) 997-6000,STANDARD,,93,N/A,Not Available,4
COLLINGSWORTH GENERAL HOSPITAL,1013 15TH ST,WELLINGTON,TX,79095,(806) 447-2521,STANDARD,,92,N/A,Not Available,0
MERCY HEALTH - URBANA HOSPITAL,904 SCIOTO STREET,URBANA,OH,43078,(937) 653-5231,STANDARD,,91,N/A,Not Available,2
"MERCY HOSPITAL HEALDTON, INC.",3462 HOSPITAL RD,HEALDTON,OK,73438,(580) 229-0701,STANDARD,,91,N/A,Not Available,0
ASCENSION ST VINCENT FISHERS,13861 OLIO ROAD,FISHERS,IN,46037,(317) 415-9000,STANDARD,,90,N/A,Not Available,6
SAN JUAN HOSPITAL,380 WEST 100 NORTH,MONTICELLO,UT,84535,(435) 587-2116,STANDARD,,90,N/A,Not Available,0
BOONE COUNTY HOSPITAL,1015 UNION STREET,BOONE,IA,50036,(515) 432-3140,STANDARD,,89,N/A,Not Available,3
KIOWA COUNTY MEMORIAL HOSPITAL,721 WEST KANSAS AVE,GREENSBURG,KS,67054,(620) 723-3341,STANDARD,,89,N/A,Not Available,0
FIRSTHEALTH MONTGOMERY MEMORIAL HOSP,520 ALLEN STREET,TROY,NC,27371,(910) 571-5000,STANDARD,,89,N/A,Not Available,0
MEDICAL ARTS HOSPITAL,2200 N BRYAN AVE,LAMESA,TX,79331,(806) 872-2183,STANDARD,,88,N/A,Not Available,1
WARD MEMORIAL HOSPITAL,406 SOUTH GARY ST,MONAHANS,TX,79756,(432) 943-2511,STANDARD,,88,N/A,Not Available,0
HODGEMAN COUNTY HEALTH CENTER,809 BRAMLEY,JETMORE,KS,67854,(620) 357-8361,STANDARD,,87,N/A,Not Available,0
CHI HEALTH ST. MARY'S,1301 GRUNDMAN BLVD,NEBRASKA CITY,NE,68410,(402) 873-3321,STANDARD,,87,N/A,Not Available,1
SAME DAY SURGERY CENTER LLC,651 CATHEDRAL DRIVE,RAPID CITY,SD,57701,(605) 755-9900,STANDARD,,87,N/A,Not Available,1
KINGS DAUGHTERS MEDICAL CENTER OHIO,1901 ARGONNE ROAD,PORTSMOUTH,OH,45662,(740) 991-4000,STANDARD,,86,N/A,Not Available,4
SHARE MEDICAL CENTER,800 SHARE DRIVE,ALVA,OK,73717,(580) 430-3355,STANDARD,,85,N/A,Not Available,3
CACHE VALLEY HOSPITAL,2380 NORTH 400 EAST,NORTH LOGAN,UT,84341,(435) 713-9700,STANDARD,,85,N/A,Not Available,0
HIGHLAND HILLS MEDICAL CENTER,401 GETWELL DRIVE,SENATOBIA,MS,38668,(662) 612-0311,STANDARD,,84,N/A,Not Available,0
ATRIUM HEALTH ANSON,2301 US HIGHWAY 74 WEST,WADESBORO,NC,28170,(704) 694-5131,STANDARD,,84,N/A,Not Available,0
CRANE COUNTY HOSPITAL DISTRICT,1310 S ALFORD ST,CRANE,TX,79731,(432) 558-3555,STANDARD,,84,N/A,Not Available,0
OSCEOLA COMMUNITY HOSPITAL,600 9TH AVENUE NORTH,SIBLEY,IA,51249,(712) 754-2574,STANDARD,,83,N/A,Not Available,1
General Leonard Wood ACH (FT Leonard Wood),4430 Missouri Ave,Fort Leonard Wood,MO,65473,(573) 596-0035,STANDARD,,83,N/A,Not Available,0
ALLIANCEHEALTH MADILL,901 S 5TH AVE,MADILL,OK,73446,(580) 795-3384,STANDARD,,83,N/A,Not Available,1
MERCY HOSPITAL BERRYVILLE,214 CARTER STREET,BERRYVILLE,AR,72616,(870) 423-3355,STANDARD,,82,N/A,Not Available,2
MIDWEST MEDICAL CENTER,1 MEDICAL CENTER DRIVE,GALENA,IL,61036,(815) 777-1340,STANDARD,,82,N/A,Not Available,1
WYANDOT MEMORIAL HOSPITAL,885 NORTH SANDUSKY AVENUE,UPPER SANDUSKY,OH,43351,(419) 294-4991,STANDARD,,82,N/A,Not Available,3
QUINCY VALLEY MEDICAL CENTER,908 10TH AVENUE SOUTHWEST,QUINCY,WA,98848,(509) 787-3531,STANDARD,,82,N/A,Not Available,0
ADAIR COUNTY MEMORIAL HOSPITAL,609 SE KENT,GREENFIELD,IA,50849,(641) 743-2123,STANDARD,,81,N/A,Not Available,1
FAULKTON AREA MEDICAL CENTER,1300 OAK STREET  POST OFFICE BOX 100,FAULKTON,SD,57438,(605) 598-6262,STANDARD,,81,N/A,Not Available,0
LORING HOSPITAL,211 HIGHLAND AVENUE PO BOX 217,SAC CITY,IA,50583,(712) 662-7105,STANDARD,,80,N/A,Not Available,1
POPLAR BLUFF VA MEDICAL CENTER,1500 N. WESTWOOD BLVD.,POPLAR BLUFF,MO,63901,(573) 686-4151,VA,,80,N/A,Not Available,0
BEAVER COUNTY MEMORIAL HOSPITAL,212 EAST 8TH STREET,BEAVER,OK,73932,(580) 625-4551,STANDARD,,80,N/A,Not Available,0
MON HEALTH MARION,140 MIDDLETOWN LOOP,WHITEHALL,WV,26554,(304) 333-1150,STANDARD,,80,N/A,Not Available,4
OCHSNER MEDICAL CENTER-HANCOCK,149 DRINKWATER BLVD,BAY SAINT LOUIS,MS,39520,(228) 467-8600,STANDARD,,79,N/A,Not Available,9
INTERMOUNTAIN HEALTH DELTA COMMUNITY HOSPITAL,126 SOUTH WHITE SAGE AVENUE,DELTA,UT,84624,(435) 864-5591,STANDARD,,79,N/A,Not Available,1
HIRAM W DAVIS MEDICAL CENTER,P O BOX 4030,PETERSBURG,VA,23803,(804) 524-7112,STANDARD,,79,N/A,Not Available,0
UCHEALTH PIKES PEAK REGIONAL HOSPITAL,16420 W US HIGHWAY 24,WOODLAND PARK,CO,80863,(719) 374-6060,STANDARD,,78,N/A,Not Available,7
PURCELL MUNICIPAL HOSPITAL,1500 NORTH GREEN AVENUE,PURCELL,OK,73080,(405) 527-6524,STANDARD,,77,N/A,Not Available,4
DR DAN C TRIGG MEMORIAL HOSPITAL,301 EAST MIEL DE LUNA AVENUE,TUCUMCARI,NM,88401,(575) 461-7007,STANDARD,,76,N/A,Not Available,0
NANTUCKET COTTAGE HOSPITAL,57 PROSPECT STREET,NANTUCKET,MA,2554,(508) 228-1200,STANDARD,,75,N/A,Not Available,7
PARMER COUNTY COMMUNITY HOSPITAL,1307 CLEVELAND STREET,FRIONA,TX,79035,(806) 250-2754,STANDARD,,75,N/A,Not Available,0
ORTHOPAEDIC HOSPITAL OF WISCONSIN,475 W RIVER WOODS PKWY,GLENDALE,WI,53212,(414) 961-6803,STANDARD,,75,N/A,Not Available,0
LANDMANN-JUNGMAN MEMORIAL HOSPITAL - CAH,600 BILLARS ST,SCOTLAND,SD,57059,(605) 583-2226,STANDARD,,73,N/A,Not Available,0
NEMAHA COUNTY HOSPITAL,2022 13TH STREET,AUBURN,NE,68305,(402) 274-4366,STANDARD,,72,N/A,Not Available,1
SANFORD HOSPITAL WEBSTER - CAH,1401 W FIRST ST POST OFFICE BOX 489,WEBSTER,SD,57274,(605) 345-3336,STANDARD,,72,N/A,Not Available,1
W J MANGOLD MEMORIAL HOSPITAL,320 NORTH MAIN,LOCKNEY,TX,79241,(806) 652-3373,STANDARD,,71,N/A,Not Available,0
ODESSA MEMORIAL HEALTHCARE CENTER,502 E AMENDE DRIVE,ODESSA,WA,99159,(509) 982-2611,STANDARD,,71,N/A,Not Available,0
MERCY HARVARD HOSPITAL,901 S GRANT STREET,HARVARD,IL,60033,(815) 943-5431,STANDARD,,70,N/A,Not Available,1
HAWKINS COUNTY MEMORIAL HOSPITAL,851 LOCUST STREET,ROGERSVILLE,TN,37857,(423) 921-7000,STANDARD,,70,N/A,Not Available,0
MELISSA MEMORIAL HOSPITAL,1001 E JOHNSON ST,HOLYOKE,CO,80734,(970) 854-2241,STANDARD,,69,N/A,Not Available,0
PLATTE HEALTH CENTER,601 E 7TH ST  POST OFFICE BOX 200,PLATTE,SD,57369,(605) 337-3364,STANDARD,,69,N/A,Not Available,1
BEAR RIVER VALLEY HOSPITAL,905 NORTH 1000 WEST,TREMONTON,UT,84337,(435) 207-4500,STANDARD,,69,N/A,Not Available,3
KANSAS SURGERY & RECOVERY CENTER,2770 NORTH WEBB ROAD,WICHITA,KS,67226,(316) 634-0090,STANDARD,,68,N/A,Not Available,5
PHS INDIAN HOSPITAL AT ROSEBUD,400 SOLDIER CREEK ROAD,ROSEBUD,SD,57570,(605) 747-2231,STANDARD,,68,N/A,Not Available,0
WHITERIVER PHS INDIAN HOSPITAL,200 WEST HOSPITAL DRIVE  (PO BOX 860),WHITERIVER,AZ,85941,(928) 338-4911,STANDARD,,67,N/A,Not Available,1
SAINT THOMAS HIGHLANDS HOSPITAL,401 SEWELL DR,SPARTA,TN,38583,(931) 738-9211,STANDARD,,67,N/A,Not Available,0
BAPTIST NEIGHBORHOOD HOSPITAL THOUSAND OAKS,16088 SAN PEDRO,SAN ANTONIO,TX,78232,(210) 402-4092,STANDARD,HAC_PENALIZED,67,N/A,Not Available,0
PAGE HOSPITAL,501 NORTH NAVAJO DRIVE,PAGE,AZ,86040,(928) 645-2424,STANDARD,,66,N/A,Not Available,0
GRISELL MEMORIAL HOSPITAL,210 SOUTH VERMONT AVENUE,RANSOM,KS,67572,(785) 731-2231,STANDARD,,66,N/A,Not Available,0
KIT CARSON COUNTY MEMORIAL HOSPITAL,286 16TH ST,BURLINGTON,CO,80807,(719) 346-4824,STANDARD,,65,N/A,Not Available,1
PERSHING MEMORIAL HOSPITAL,130 EAST LOCKLING,BROOKFIELD,MO,64628,(660) 258-2222,STANDARD,,65,N/A,Not Available,1
COMMUNITY MEMORIAL HOSPITAL,809 JACKSON,BURKE,SD,57523,(605) 775-2621,STANDARD,,65,N/A,Not Available,0
THEDACARE MEDICAL CENTER - WILD ROSE,601 GROVE AVE,WILD ROSE,WI,54984,(920) 622-3257,STANDARD,,65,N/A,Not Available,0
SOUTHEAST COLORADO HOSPITAL DISTRICT,373 E TENTH AVE,SPRINGFIELD,CO,81073,(719) 523-4501,STANDARD,,64,N/A,Not Available,0
STEVENS COUNTY HOSPITAL,1006 SOUTH JACKSON STREET,HUGOTON,KS,67951,(620) 544-8511,STANDARD,,64,N/A,Not Available,0
ASCENSION ST JOHN BROKEN ARROW,1000 WEST BOISE CIRCLE,BROKEN ARROW,OK,74012,(918) 994-8100,STANDARD,,64,N/A,Not Available,13
FORKS COMMUNITY HOSPITAL,530 BOGACHIEL WAY,FORKS,WA,98331,(360) 374-6271,STANDARD,,64,N/A,Not Available,1
OTTAWA COUNTY HEALTH CENTER,215 E 8TH STREET,MINNEAPOLIS,KS,67467,(785) 392-2122,STANDARD,,63,N/A,Not Available,0
LAKEWOOD HEALTH CENTER,600 MAIN AVE S,BAUDETTE,MN,56623,(218) 634-2120,STANDARD,,63,N/A,Not Available,0
FISHER COUNTY HOSPITAL DISTRICT,774 STATE HIGHWAY 70 N,ROTAN,TX,79546,(325) 735-2256,STANDARD,,63,N/A,Not Available,0
AVERA MERRILL PIONEER HOSPITAL,1100 S 10TH AVE,ROCK RAPIDS,IA,51246,(712) 472-2591,STANDARD,,62,N/A,Not Available,0
BAYSIDE COMMUNITY HOSPITAL,200 HOSPITAL DRIVE,ANAHUAC,TX,77514,(409) 267-3143,STANDARD,,62,N/A,Not Available,0
FREDONIA REGIONAL HOSPITAL,1527 MADISON,FREDONIA,KS,66736,(620) 378-2121,STANDARD,,61,N/A,Not Available,1
AVERA CREIGHTON HOSPITAL,"P O BOX 186, 1503 MAIN ST",CREIGHTON,NE,68729,(402) 358-5700,STANDARD,,61,N/A,Not Available,1
HARRISON COMMUNITY HOSPITAL,951 EAST MARKET STREET,CADIZ,OH,43907,(740) 942-8625,STANDARD,,61,N/A,Not Available,1
PARKVIEW HOSPITAL,901 S. SWEETWATER,WHEELER,TX,79096,(806) 826-5581,STANDARD,,61,N/A,Not Available,0
ASCENSION CALUMET HOSPITAL,614 MEMORIAL DRIVE,CHILTON,WI,53014,(920) 849-2386,STANDARD,,61,N/A,Not Available,1
MULESHOE AREA MEDICAL CENTER,708 S 1ST ST,MULESHOE,TX,79347,(806) 272-4524,STANDARD,,60,N/A,Not Available,0
BUCHANAN COUNTY HEALTH CENTER,1600 FIRST ST EAST,INDEPENDENCE,IA,50644,(319) 332-0999,STANDARD,,59,N/A,Not Available,3
ALEXANDRIA VA MEDICAL CENTER,2495 SHREVEPORT HIGHWAY 71 N,PINEVILLE,LA,71360,(318) 473-0010,VA,,59,N/A,Not Available,0
RED LAKE HOSPITAL,24760 HOSPITAL DRIVE,REDLAKE,MN,56671,(218) 679-3912,STANDARD,,59,N/A,Not Available,1
LEGENT SURGICAL HOSPITAL PLANO,4100 MAPLESHADE LANE,PLANO,TX,75075,(972) 265-1050,STANDARD,,59,N/A,Not Available,0
UNITY PHYSICIANS HOSPITAL,4455 EDISON LAKES PKWY,MISHAWAKA,IN,46545,(574) 231-6800,STANDARD,,58,N/A,Not Available,1
SANFORD CLEAR LAKE MEDICAL CENTER,701 THIRD AVENUE SOUTH,CLEAR LAKE,SD,57226,(605) 874-2141,STANDARD,,57,N/A,Not Available,0
MINNIE HAMILTON HEALTH SYSTEM,186 HOSPITAL DRIVE,GRANTSVILLE,WV,26147,(304) 354-9244,STANDARD,,57,N/A,Not Available,0
CATALINA ISLAND MEDICAL CENTER,100 FALLS CANYON ROAD,AVALON,CA,90704,(310) 510-0700,STANDARD,,56,N/A,Not Available,0
KEARNEY COUNTY HEALTH SERVICES HOSPITAL,727 EAST 1ST ST,MINDEN,NE,68959,(308) 832-3400,STANDARD,,56,N/A,Not Available,1
"ANIMAS SURGICAL HOSPITAL, LLC","575 RIVERGATE LN, UNIT 100",DURANGO,CO,81301,(970) 247-3537,STANDARD,,55,N/A,Not Available,2
"SUMMIT MEDICAL CENTER, LLC",1800 SOUTH RENAISSANCE BOULEVARD,EDMOND,OK,73034,(405) 359-2400,STANDARD,,55,N/A,Not Available,0
EXCEPTIONAL COMMUNITY HOSPITAL YUMA,2648 SOUTH ARABY RD,YUMA,AZ,85365,(469) 341-7800,STANDARD,,54,N/A,Not Available,0
CLAIBORNE COUNTY HOSPITAL,123 MCCOMB AVENUE,PORT GIBSON,MS,39150,(601) 437-5141,STANDARD,,54,N/A,Not Available,0
NH Jacksonville,2080 Child St,Jacksonville,FL,32214,(904) 542-7300,STANDARD,,53,N/A,Not Available,0
TREASURE VALLEY HOSPITAL,8800 WEST EMERALD STREET,BOISE,ID,83704,(208) 373-5000,STANDARD,,53,N/A,Not Available,4
FALL RIVER HOSPITAL - CAH,1201 HIGHWAY 71 SOUTH,HOT SPRINGS,SD,57747,(605) 745-8910,STANDARD,,53,N/A,Not Available,0
BON SECOURS RICHMOND COMMUNITY HOSPITAL,1500 N. 28TH STREET,RICHMOND,VA,23223,(804) 225-1701,STANDARD,,53,N/A,Not Available,0
FROEDTERT COMMUNITY HOSPITAL,4805 S MOORLAND RD,NEW BERLIN,WI,53151,(262) 796-0001,STANDARD,,53,N/A,Not Available,2
SAINT ROSE DOMINICAN HOSPITALS - ROSE DE LIMA,102 E LAKE MEAD DR,HENDERSON,NV,89015,(702) 616-5000,STANDARD,,52,N/A,Not Available,1
BATH VA MEDICAL CENTER,76 VETERANS AVE.,BATH,NY,14810,(607) 664-4000,VA,,52,N/A,Not Available,0
MIDWEST ORTHOPEDIC SPECIALTY HOSPITAL,10101 SOUTH 27TH ST  2ND FLOOR,FRANKLIN,WI,53132,(414) 817-5800,STANDARD,,52,N/A,Not Available,0
SANFORD WESTBROOK MEDICAL CENTER,920 BELL AVENUE PO BOX 188,WESTBROOK,MN,56183,(507) 274-1119,STANDARD,,50,N/A,Not Available,0
MIDWEST SURGICAL HOSPITAL LLC,7915 FARNAM DRIVE,OMAHA,NE,68114,(402) 399-1900,STANDARD,,50,N/A,Not Available,0
TWIN CITY MEDICAL CENTER,819 NORTH FIRST STREET,DENNISON,OH,44621,(740) 922-2800,STANDARD,,50,N/A,Not Available,1
PIONEER MEMORIAL HOSPITAL (HEPPNER),564 E PIONEER DRIVE,HEPPNER,OR,97836,(541) 676-9133,STANDARD,,50,N/A,Not Available,0
HALE COUNTY HOSPITAL,508 GREENE STREET,GREENSBORO,AL,36744,(334) 624-3024,STANDARD,,49,N/A,Not Available,0
"NORTHERN COCHISE COMMUNITY HOSPITAL, INC.",901 WEST REX ALLEN DRIVE,WILLCOX,AZ,85643,(520) 384-3541,STANDARD,,49,N/A,Not Available,1
ASCENSION SETON EDGAR B DAVIS,130 HAYS STREET,LULING,TX,78648,(830) 875-7000,STANDARD,,49,N/A,Not Available,1
MERCYHEALTH HOSPITAL & PHYSICIAN CLINIC-CRYSTAL LA,875 S ROUTE 31,CRYSTAL LAKE,IL,60014,(792) 220-5500,STANDARD,,48,N/A,Not Available,2
COOK HOSPITAL,10 SE FIFTH ST,COOK,MN,55723,(218) 666-5945,STANDARD,,48,N/A,Not Available,0
MEADE DISTRICT HOSPITAL,510 EAST CARTHAGE,MEADE,KS,67864,(620) 873-2141,STANDARD,,47,N/A,Not Available,0
MEMORIAL HOSPITAL OF TEXAS COUNTY AUTHORITY,520 MEDICAL DRIVE,GUYMON,OK,73942,(580) 338-6515,STANDARD,,47,N/A,Not Available,0
TOMAH VA MEDICAL CENTER,500 EAST VETERANS STREET,TOMAH,WI,54660,(608) 372-3971,VA,,47,N/A,Not Available,0
AUDUBON COUNTY MEMORIAL HOSPITAL,515 PACIFIC AVENUE,AUDUBON,IA,50025,(712) 563-2611,STANDARD,,46,N/A,Not Available,1
BOB WILSON MEMORIAL GRANT COUNTY HOSPITAL,415 N MAIN STREET,ULYSSES,KS,67880,(620) 356-1266,STANDARD,,46,N/A,Not Available,0
WAMEGO HEALTH CENTER,711 GENN DRIVE,WAMEGO,KS,66547,(785) 456-2295,STANDARD,,46,N/A,Not Available,0
UPPER CONNECTICUT VALLEY HOSPITAL,181 CORLISS LANE,COLEBROOK,NH,3576,(603) 237-4971,STANDARD,,46,N/A,Not Available,2
UCHEALTH GRANDVIEW HOSPITAL,5623 PULPIT PEAK VW,COLORADO SPRINGS,CO,80918,(719) 365-3300,STANDARD,,45,N/A,Not Available,7
NORTHWOOD DEACONESS HEALTH CENTER,PO BOX 190,NORTHWOOD,ND,58267,(701) 587-6060,STANDARD,,45,N/A,Not Available,1
HANCOCK COUNTY HOSPITAL,1519 MAIN STREET HWY 33,SNEEDVILLE,TN,37869,(423) 733-5001,STANDARD,,45,N/A,Not Available,0
CULBERSON HOSPITAL,EISENHOWER ROAD AND FM 2185,VAN HORN,TX,79855,(432) 283-2760,STANDARD,,45,N/A,Not Available,0
MEMORIAL HOSPITAL OF LAFAYETTE COUNTY,800 CLAY ST,DARLINGTON,WI,53530,(608) 776-4466,STANDARD,,45,N/A,Not Available,1
AVERA DELLS AREA HOSPITAL  - CAH,909 N IOWA AVE,DELL RAPIDS,SD,57022,(605) 428-5431,STANDARD,,44,N/A,Not Available,0
DEKALB COMMUNITY HOSPITAL,520 W MAIN ST,SMITHVILLE,TN,37166,(615) 215-5000,STANDARD,,44,N/A,Not Available,0
LEE COUNTY COMMUNITY HOSPITAL,127 HEALTH CARE DRIVE,PENNINGTON GAP,VA,24277,(276) 299-5000,STANDARD,,44,N/A,Not Available,0
ROCHELLE COMMUNITY HOSPITAL,900 N 2ND ST,ROCHELLE,IL,61068,(815) 562-2181,STANDARD,,43,N/A,Not Available,3
SULLIVAN COUNTY MEMORIAL HOSPITAL,630 WEST THIRD STREET,MILAN,MO,63556,(660) 265-4212,STANDARD,,43,N/A,Not Available,1
DOUGLAS COUNTY MEMORIAL HOSPITAL-CAH,708 8TH ST,ARMOUR,SD,57313,(605) 724-2159,STANDARD,,42,N/A,Not Available,0
REAGAN MEMORIAL HOSPITAL,1300 N MAIN AVENUE,BIG LAKE,TX,76932,(325) 844-2561,STANDARD,,42,N/A,Not Available,0
NORTHERN INYO HOSPITAL,150 PIONEER LANE,BISHOP,CA,93514,(760) 873-5811,STANDARD,,41,N/A,Not Available,2
AVERA WESKOTA MEMORIAL MEDICAL CENTER - CAH,604 1ST ST NE,WESSINGTON SPRINGS,SD,57382,(605) 539-1201,STANDARD,,41,N/A,Not Available,0
MC CAMEY HOSPITAL,2500 HWY 305 SOUTH,MCCAMEY,TX,79752,(432) 652-8626,STANDARD,,41,N/A,Not Available,0
FILLMORE COMMUNITY HOSPITAL,674 SOUTH HIGHWAY 99,FILLMORE,UT,84631,(435) 743-5591,STANDARD,,41,N/A,Not Available,0
"BAPTIST MEMORIAL HOSPITAL-CRITTENDEN, INC",2100 NORTH SEVENTH STREET,WEST MEMPHIS,AR,72301,(870) 394-7800,STANDARD,,39,N/A,Not Available,0
SANFORD JACKSON MEDICAL CENTER,1430 NORTH HIGHWAY,JACKSON,MN,56143,(507) 847-2420,STANDARD,,39,N/A,Not Available,0
RAY COUNTY MEMORIAL HOSPITAL,904 WOLLARD BOULEVARD,RICHMOND,MO,64085,(816) 470-5432,STANDARD,,39,N/A,Not Available,2
WEST TENNESSEE HEALTHCARE BOLIVAR HOSPITAL,650 NUCKOLLS ROAD,BOLIVAR,TN,38008,(731) 658-3100,STANDARD,,39,N/A,Not Available,0
COMMUNITY MEMORIAL HOSPITAL - OJAI,1306 MARICOPA HWY,OJAI,CA,93023,(805) 646-1401,STANDARD,,38,N/A,Not Available,4
KIRBY MEDICAL CENTER,1000 MEDICAL CENTER DRIVE,MONTICELLO,IL,61856,(217) 762-2115,STANDARD,,38,N/A,Not Available,4
AVERA GRANITE FALLS,345 TENTH AVENUE,GRANITE FALLS,MN,56241,(320) 564-6201,STANDARD,,38,N/A,Not Available,1
P H S INDIAN HOSPITAL CROW / NORTHERN CHEYENNE,"1010 SOUTH 7650 EAST, POST OFFICE BOX 9",CROW AGENCY,MT,59022,(406) 638-2626,STANDARD,,38,N/A,Not Available,0
ASCENSION ST VINCENT WILLIAMSPORT,412 N MONROE ST,WILLIAMSPORT,IN,47993,(765) 762-4001,STANDARD,,37,N/A,Not Available,1
SISTERSVILLE GENERAL HOSPITAL,314 SOUTH WELLS STREET,SISTERSVILLE,WV,26175,(304) 652-2611,STANDARD,,37,N/A,Not Available,4
ST VINCENT'S CHILTON,2030 LAY DAM ROAD,CLANTON,AL,35045,(205) 258-4400,STANDARD,,36,N/A,Not Available,2
HANOVER HOSPITAL,205 S HANOVER STREET,HANOVER,KS,66945,(785) 337-2214,STANDARD,,36,N/A,Not Available,0
INTEGRIS COMMUNITY HOSPITAL - COUNCIL CROSSING,9417 N COUNCIL ROAD,OKLAHOMA CITY,OK,73162,(405) 550-3280,STANDARD,,36,N/A,Not Available,0
ST JOHN OWASSO,12451 EAST 100TH STREET NORTH,OWASSO,OK,74055,(918) 274-5100,STANDARD,HAC_PENALIZED,36,N/A,Not Available,8
WEISER MEMORIAL HOSPITAL,645 EAST 5TH STREET,WEISER,ID,83672,(208) 549-0370,STANDARD,,35,N/A,Not Available,0
SANFORD WHEATON MEDICAL CENTER,401 12TH STREET NORTH,WHEATON,MN,56296,(320) 563-8226,STANDARD,,35,N/A,Not Available,0
HARRISON COUNTY COMMUNITY HOSPITAL,2600 MILLER STREET,BETHANY,MO,64424,(660) 425-2211,STANDARD,,35,N/A,Not Available,2
TOUCHETTE REGIONAL HOSPITAL INC,5900 BOND AVENUE,CENTREVILLE,IL,62207,(618) 332-3060,STANDARD,,34,N/A,Not Available,1
Irwin ACH (FT Riley),650 Huebner Rd,Fort Riley,KS,66442,(785) 239-7000,STANDARD,,34,N/A,Not Available,0
PIONEER MEMORIAL HOSPITAL - CAH,315 N WASHINGTON AVE  POST OFFICE BOX 368,VIBORG,SD,57070,(605) 326-5161,STANDARD,,34,N/A,Not Available,0
KEOKUK COUNTY HEALTH CENTER,23019 HIGHWAY 149,SIGOURNEY,IA,52591,(641) 622-2720,STANDARD,,33,N/A,Not Available,0
SANFORD TRACY MEDICAL CENTER,251 FIFTH STREET EAST,TRACY,MN,56175,(507) 629-8400,STANDARD,,33,N/A,Not Available,1
STEVENS COMMUNITY MEDICAL CENTER,400 EAST FIRST STREET,MORRIS,MN,56267,(320) 589-1313,STANDARD,,33,N/A,Not Available,3
BAYLOR SCOTT & WHITE MEDICAL CENTER -TAYLOR,305 MALLARD,TAYLOR,TX,76574,(512) 352-7611,STANDARD,,33,N/A,Not Available,4
THE WOODLANDS SPECIALTY HOSPITAL,25440 INTERSTATE 45 NORTH,SPRING,TX,77386,(281) 602-8160,STANDARD,,33,N/A,Not Available,0
LINCOLN COUNTY HOSPITAL,624 N SECOND,LINCOLN,KS,67455,(785) 524-4403,STANDARD,,32,N/A,Not Available,0
CALLAWAY DISTRICT HOSPITAL,"P O BOX 100, 211 E KIMBALL",CALLAWAY,NE,68825,(308) 836-2228,STANDARD,,32,N/A,Not Available,0
SIOUX FALLS SPECIALTY HOSPITAL,910 EAST 20TH STREET,SIOUX FALLS,SD,57105,(605) 334-6730,STANDARD,,32,N/A,Not Available,11
HIGHPOINT HEALTH-TROUSDALE WITH ASCENSION SAINT,500 CHURCH STREET,HARTSVILLE,TN,37074,(615) 374-2221,STANDARD,,32,N/A,Not Available,0
COGDELL MEMORIAL HOSPITAL,1700 COGDELL BLVD,SNYDER,TX,79549,(325) 574-7437,STANDARD,,32,N/A,Not Available,1
JACKSON HEALTHCARE CENTER,1013 S WELLS,EDNA,TX,77957,(361) 782-7800,STANDARD,,32,N/A,Not Available,1
ST CHARLES SURGICAL HOSPITAL,1717 ST CHARLES AVE,NEW ORLEANS,LA,70130,(504) 529-6600,STANDARD,,31,N/A,Not Available,0
PEARL RIVER COUNTY HOSPITAL,305 WEST MOODY STREET,POPLARVILLE,MS,39470,(601) 795-4543,STANDARD,,31,N/A,Not Available,0
CROWNPOINT HEALTHCARE FACILITY,JUNCTION OF HWY 371,CROWNPOINT,NM,87313,(505) 786-5291,STANDARD,HAC_PENALIZED,31,N/A,Not Available,0
ENNIS REGIONAL MEDICAL CENTER,2201 WEST LAMPASAS STREET,ENNIS,TX,75119,(972) 875-0900,STANDARD,,30,N/A,Not Available,1
MARINERS HOSPITAL,91500 OVERSEAS HIGHWAY,TAVERNIER,FL,33070,(305) 434-3000,STANDARD,,29,N/A,Not Available,10
DALLAS COUNTY HOSPITAL,610 TENTH STREET,PERRY,IA,50220,(515) 465-3547,STANDARD,,29,N/A,Not Available,1
JOHNSON COUNTY HOSPITAL,202 HIGH ST,TECUMSEH,NE,68450,(402) 335-3361,STANDARD,,29,N/A,Not Available,1
AVERA DE SMET MEMORIAL HOSPITAL - CAH,306 PRAIRIE AVENUE SW  POST OFFICE BOX 160,DE SMET,SD,57231,(605) 854-3329,STANDARD,,29,N/A,Not Available,1
TEXAS ORTHOPEDIC HOSPITAL,7401 SOUTH MAIN STREET,HOUSTON,TX,77030,(713) 799-8600,STANDARD,,29,N/A,Not Available,2
MEMORIAL HOSPITAL,1900 STATE ST,CHESTER,IL,62233,(618) 826-4581,STANDARD,,28,N/A,Not Available,0
OSMOND GENERAL HOSPITAL,402 NORTH MAPLE ST,OSMOND,NE,68765,(402) 748-3393,STANDARD,,28,N/A,Not Available,1
MINIDOKA MEMORIAL HOSPITAL,1224 8TH STREET,RUPERT,ID,83350,(208) 436-0481,STANDARD,,26,N/A,Not Available,2
ROOSEVELT GENERAL HOSPITAL,42121 US HIGHWAY 70,PORTALES,NM,88130,(575) 356-3412,STANDARD,,26,N/A,Not Available,1
ASHLAND HEALTH CENTER,625 SOUTH KENTUCKY STREET,ASHLAND,KS,67831,(620) 635-2241,STANDARD,,25,N/A,Not Available,0
SAMUEL SIMMONDS MEMORIAL HOSPITAL,7000 UULA ST,BARROW,AK,99723,(907) 852-4611,STANDARD,,24,N/A,Not Available,0
MIDDLE PARK MEDICAL CENTER,214 S 4TH ST,KREMMLING,CO,80459,(970) 724-3442,STANDARD,,24,N/A,Not Available,3
TMC- BONHAM HOSPITAL,504 LIPSCOMB STREET,BONHAM,TX,75418,(903) 640-7311,STANDARD,,24,N/A,Not Available,1
GREENE COUNTY HOSPITAL,509 WILSON AVENUE,EUTAW,AL,35462,(205) 372-3388,STANDARD,,23,N/A,Not Available,0
ESSENTIA HEALTH HOLY TRINITY HOSPITAL,"115  SECOND STREET WEST, BOX 157",GRACEVILLE,MN,56240,(320) 748-7223,STANDARD,,22,N/A,Not Available,0
JEROLD PHELPS COMMUNITY HOSPITAL,733 CEDAR ST,GARBERVILLE,CA,95542,(707) 923-3921,STANDARD,,21,N/A,Not Available,0
EUREKA COMMUNITY HEALTH SERVICES - CAH,200 J AVE POST OFFICE BOX 517,EUREKA,SD,57437,(605) 284-2661,STANDARD,,21,N/A,Not Available,0
THE HOSPITALS OF PROVIDENCE HORIZON CITY CAMPUS,"13600 HORIZON STREET, SUITE 100",HORIZON CITY,TX,79928,(915) 407-7878,STANDARD,,21,N/A,Not Available,0
ASCENSION ST VINCENT CLAY,1206 E NATIONAL AVE,BRAZIL,IN,47834,(812) 442-2500,STANDARD,,20,N/A,Not Available,1
ASCENSION SETON  SOUTHWEST,7900 FM 1826,AUSTIN,TX,78737,(512) 324-9000,STANDARD,,20,N/A,Not Available,0
BELLVILLE MEDICAL CENTER,44 N CUMMINGS ST,BELLVILLE,TX,77418,(979) 865-3141,STANDARD,,20,N/A,Not Available,1
PEACEHEALTH PEACE ISLAND MEDICAL CENTER,1117 SPRING STREET,FRIDAY HARBOR,WA,98250,(360) 378-2141,STANDARD,,20,N/A,Not Available,4
NORTH ARKANSAS REGIONAL MEDICAL CENTER,620 NORTH MAIN STREET,HARRISON,AR,72601,(870) 414-4000,STANDARD,,19,N/A,Not Available,2
SENECA DISTRICT HOSPITAL,130 BRENTWOOD DRIVE,CHESTER,CA,96020,(530) 258-2151,STANDARD,,19,N/A,Not Available,1
NESS COUNTY HOSPITAL DISTRICT #2,312 CUSTER STREET,NESS CITY,KS,67560,(785) 798-2291,STANDARD,,19,N/A,Not Available,0
CHIPPEWA COUNTY HOSPITAL,824 NORTH 11TH STREET,MONTEVIDEO,MN,56265,(320) 269-8877,STANDARD,,19,N/A,Not Available,2
ESSENTIA HEALTH ADA,201 9TH STREET WEST,ADA,MN,56510,(218) 784-5000,STANDARD,,19,N/A,Not Available,0
BLUFFTON HOSPITAL,139 GARAU STREET,BLUFFTON,OH,45817,(419) 358-9010,STANDARD,,19,N/A,Not Available,3
BAYLOR EMERGENCY MEDICAL CENTER AT AUBREY,26791 HIGHWAY 380,AUBREY,TX,76227,(972) 347-2525,STANDARD,,19,N/A,Not Available,0
LISBON AREA HEALTH SERVICES,905 MAIN ST,LISBON,ND,58054,(701) 683-6400,STANDARD,,18,N/A,Not Available,0
ASCENSION SETON SMITHVILLE,1201 HILL RD ATTN: FIN DIR,SMITHVILLE,TX,78957,(512) 237-3214,STANDARD,,18,N/A,Not Available,1
OTHELLO COMMUNITY HOSPITAL,315 NORTH 14TH AVENUE,OTHELLO,WA,99344,(509) 488-2636,STANDARD,,18,N/A,Not Available,0
UNITY HEALTH - JACKSONVILLE,1400 BRADEN STREET,JACKSONVILLE,AR,72076,(501) 453-5000,STANDARD,,17,N/A,Not Available,0
SEDGWICK COUNTY MEMORIAL HOSPITAL,900 CEDAR ST,JULESBURG,CO,80737,(970) 474-3323,STANDARD,,17,N/A,Not Available,0
MASSAC MEMORIAL HOSPITAL,"28 CHICK STREET, PO BOX 850",METROPOLIS,IL,62960,(618) 524-2176,STANDARD,,17,N/A,Not Available,0
INDIANA UNIVERSITY HEALTH TIPTON HOSPITAL INC,1000 S MAIN ST,TIPTON,IN,46072,(765) 675-8500,STANDARD,,17,N/A,Not Available,4
TEXAS INSTITUTE FOR SURGERY AT PRESBYTERIAN HOSPIT,7115 GREENVILLE AVENUE SUITE 100,DALLAS,TX,75231,(214) 647-5300,STANDARD,,17,N/A,Not Available,2
PATIENTS' HOSPITAL OF REDDING,2900 EUREKA WAY,REDDING,CA,96001,(530) 225-8700,STANDARD,,16,N/A,Not Available,0
ST FRANCIS HOSPITAL - INTERQUEST,10860 NEW ALLEGIANCE DR,COLORADO SPRINGS,CO,80921,(719) 757-7000,STANDARD,,16,N/A,Not Available,0
ASCENSION ST VINCENT WARRICK,1116 MILLIS AVE,BOONVILLE,IN,47601,(812) 897-4800,STANDARD,,16,N/A,Not Available,6
NORTH RUNNELS HOSPITAL,7821 EAST HIGHWAY 153,WINTERS,TX,79567,(375) 754-4553,STANDARD,,15,N/A,Not Available,0
CHI OAKES HOSPITAL,1200 N 7TH ST,OAKES,ND,58474,(701) 742-3291,STANDARD,,14,N/A,Not Available,0
EDGEWOOD SURGICAL HOSPITAL,239 EDGEWOOD DRIVE EXTENSION,TRANSFER,PA,16154,(724) 646-0400,STANDARD,,14,N/A,Not Available,0
Bassett ACH (FT Wainwright),4076 Neely Rd,Fort Wainwright,AK,99703,(907) 361-4000,STANDARD,,13,N/A,Not Available,0
COLORADO RIVER MEDICAL CENTER,1401 BAILEY AVE,NEEDLES,CA,92363,(760) 326-7162,STANDARD,,13,N/A,Not Available,0
STANISLAUS SURGICAL HOSPITAL,1421 OAKDALE ROAD,MODESTO,CA,95355,(209) 572-2700,STANDARD,,13,N/A,Not Available,0
J PAUL JONES HOSPITAL,317 MCWILLIAMS AVENUE,CAMDEN,AL,36726,(334) 682-4131,STANDARD,,12,N/A,Not Available,0
BLUFFTON REGIONAL MEDICAL CENTER,303 S MAIN ST,BLUFFTON,IN,46714,(260) 824-3210,STANDARD,,12,N/A,Not Available,4
KIMBLE HOSPITAL,349 REID ROAD,JUNCTION,TX,76849,(325) 446-3321,STANDARD,,12,N/A,Not Available,1
SOUTHERN INYO HOSPITAL,501 EAST LOCUST STREET,LONE PINE,CA,93545,(760) 876-5501,STANDARD,,11,N/A,Not Available,1
ASCENSION SACRED HEART GULF,3801 E HWY 98,PORT SAINT JOE,FL,32456,(850) 229-5600,STANDARD,,11,N/A,Not Available,4
ASCENSION ST VINCENT MERCY,1331 S A ST,ELWOOD,IN,46036,(765) 552-4743,STANDARD,,11,N/A,Not Available,1
ASCENSION ST VINCENT SALEM,911 N SHELBY ST,SALEM,IN,47167,(812) 883-5881,STANDARD,,11,N/A,Not Available,3
JEFFERSON COUNTY HOSPITAL,INTERSECTION HYWS 81 & 70,WAURIKA,OK,73573,(580) 228-2344,STANDARD,,11,N/A,Not Available,1
BAYLOR SCOTT AND WHITE EMERGENCY HOSPITAL,12500 SOUTH FREEWAY SUITE 100,BURLESON,TX,76028,(214) 294-6250,STANDARD,,11,N/A,Not Available,0
EASTERN PLUMAS HOSPITAL - PORTOLA CAMPUS,500 FIRST AVENUE,PORTOLA,CA,96122,(530) 832-6500,STANDARD,,10,N/A,Not Available,2
JOHNSON MEMORIAL HOSPITAL,1282 WALNUT STREET,DAWSON,MN,56232,(320) 769-4323,STANDARD,,10,N/A,Not Available,1
SAINT ROSE DOMINICAN HOSPITALS - NORTH LAS VEGAS,1550 W CRAIG RANCH,NORTH LAS VEGAS,NV,89031,(702) 777-3615,STANDARD,,10,N/A,Not Available,0
ALTUS LUMBERTON HOSPITAL,220 BLANCO ST,LUMBERTON,TX,77657,(409) 227-0520,STANDARD,HAC_PENALIZED,9,N/A,Not Available,0
GIBSON GENERAL HOSPITAL,1808 SHERMAN DR,PRINCETON,IN,47670,(812) 385-3401,STANDARD,,8,N/A,Not Available,8
MADELIA HEALTH,121 DREW AVENUE SOUTHEAST,MADELIA,MN,56062,(507) 642-3255,STANDARD,,8,N/A,Not Available,1
STONES RIVER HOSPITAL,324 DOOLITTLE ROAD,WOODBURY,TN,37190,(615) 563-4001,STANDARD,,8,N/A,Not Available,0
THREE RIVERS HOSPITAL,507 HOSPITAL WAY,BREWSTER,WA,98812,(509) 689-2517,STANDARD,,8,N/A,Not Available,0
ASCENTIST HOSPITAL LLC,4901 COLLEGE BLVD,LEAWOOD,KS,66211,(913) 529-1801,STANDARD,,7,N/A,Not Available,0
ERIE VA MEDICAL CENTER,135 EAST 38TH STREET,ERIE,PA,16504,(814) 860-2576,VA,,7,N/A,Not Available,0
FISHERMEN'S COMMUNITY HOSPITAL,3301 OVERSEAS HWY,MARATHON,FL,33050,(305) 434-1000,STANDARD,,6,N/A,Not Available,9
ASCENSION ST VINCENT JENNINGS,301 HENRY ST,NORTH VERNON,IN,47265,(812) 352-4228,STANDARD,,6,N/A,Not Available,2
ASCENSION ST VINCENT RANDOLPH,473 E GREENVILLE AVE,WINCHESTER,IN,47394,(765) 584-0004,STANDARD,,6,N/A,Not Available,2
YALOBUSHA GENERAL HOSPITAL,630 SOUTH MAIN STREET,WATER VALLEY,MS,38965,(662) 473-1411,STANDARD,,6,N/A,Not Available,0
VALLEY FORGE MEDICAL CENTER,1033 WEST GERMANTOWN PIKE,NORRISTOWN,PA,19403,(610) 539-8500,STANDARD,HAC_PENALIZED,6,N/A,Not Available,0
EXCEPTIONAL COMMUNITY HOSPITAL - MARICOPA,19060 NORTH JOHN WAYNE PARKWAY,MARICOPA,AZ,85139,(910) 988-9080,STANDARD,,5,N/A,Not Available,0
MERCYONE PRIMGHAR MEDICAL CENTER,255 N WELCH AVENUE,PRIMGHAR,IA,51245,(712) 957-2300,STANDARD,,5,N/A,Not Available,0
ST FRANCIS HOSPITAL,1215 FRANCISCAN DR,LITCHFIELD,IL,62056,(217) 324-2191,STANDARD,,5,N/A,Not Available,3
ASCENSION WISCONSIN HOSP MENOMONEE FALLS CAMPUS,"N88W14275 MAIN STREET, SUITE 100",MENOMONEE FALLS,WI,53051,(262) 415-2001,STANDARD,,5,N/A,Not Available,0
Bayne-Jones ACH (Ft Johnson),1585 3rd St,Fort Johnson,LA,71459,(337) 531-3118,STANDARD,,4,N/A,Not Available,0
PERMIAN REGIONAL MEDICAL CENTER ANDREWS COUNTY HO,720 HOSPITAL DRIVE,ANDREWS,TX,79714,(432) 523-2200,STANDARD,,4,N/A,Not Available,1
EAST VALLEY ER & HOSPITAL,5656 SOUTH POWER RD,GILBERT,AZ,85295,(713) 660-0557,STANDARD,,3,N/A,Not Available,0
DILEY RIDGE MEDICAL CENTER,7911 DILEY ROAD,CANAL WINCHESTER,OH,43110,(614) 838-7911,STANDARD,,3,N/A,Not Available,2
CAMC CHARLESTON SURGICAL HOSPITAL,1306 KANAWHA BOULEVARD EAST,CHARLESTON,WV,25301,(304) 343-4371,STANDARD,,3,N/A,Not Available,0
NH Twentynine Palms,1145 Sturgis Rd,Twentynine Palms,CA,92278,(760) 830-2190,STANDARD,,2,N/A,Not Available,0
CHI ST ALEXIUS HEALTH TURTLE LAKE,220 5TH AVE W,TURTLE LAKE,ND,58575,(701) 448-2331,STANDARD,,2,N/A,Not Available,0
TWELVE CLANS UNITY HOSPITAL,225 S BLUFF STREET,WINNEBAGO,NE,68071,(402) 878-2231,STANDARD,,2,N/A,Not Available,0
PALACIOS COMMUNITY MEDICAL CENTER,311 GREEN AVENUE,PALACIOS,TX,77465,(361) 972-2511,STANDARD,,2,N/A,Not Available,0
UCHICAGO MEDICINE NORTHWEST INDIANA,10855 VIRGINIA STREET,CROWN POINT,IN,46307,(312) 755-4706,STANDARD,,1,N/A,Not Available,6
BRISTOL BAY AREA HEALTH CORPORATION,P O BOX 130,DILLINGHAM,AK,99576,(907) 842-5201,STANDARD,,0,N/A,Not Available,0
CORDOVA COMMUNITY MEDICAL CENTER,PO BOX 160 - 602 CHASE AVENUE,CORDOVA,AK,99574,(907) 424-8000,STANDARD,,0,N/A,Not Available,0
MANIILAQ HEALTH CENTER,PO BOX 43,KOTZEBUE,AK,99752,(907) 442-3321,STANDARD,,0,N/A,Not Available,1
NORTON SOUND REGIONAL HOSPITAL,1000 GREG KRUSCHEK AVENUE (P O BOX 966),NOME,AK,99762,(907) 443-3311,STANDARD,,0,N/A,Not Available,0
PETERSBURG MEDICAL CENTER,PO BOX 589,PETERSBURG,AK,99833,(907) 772-4291,STANDARD,,0,N/A,Not Available,1
PROVIDENCE KODIAK ISLAND MEDICAL CTR,1915 EAST REZANOF DRIVE,KODIAK,AK,99615,(907) 486-3281,STANDARD,,0,N/A,Not Available,1
PROVIDENCE SEWARD HOSPITAL,"417 FIRST AVENUE, PO BOX 365",SEWARD,AK,99664,(907) 224-5205,STANDARD,,0,N/A,Not Available,0
PROVIDENCE VALDEZ MEDICAL CENTER,PO BOX 550,VALDEZ,AK,99686,(907) 835-2249,STANDARD,,0,N/A,Not Available,0
SEARHC WRANGELL MEDICAL CENTER-CAH,232 WOOD STREET,WRANGELL,AK,99929,(907) 874-7000,STANDARD,,0,N/A,Not Available,0
SOUTHEAST ALASKA REGIONAL HEALTH CONSORTIUM,222 TONGASS DR,SITKA,AK,99835,(907) 966-2411,STANDARD,,0,N/A,Not Available,7
BULLOCK COUNTY HOSPITAL,102 WEST CONECUH AVENUE,UNION SPRINGS,AL,36089,(334) 738-2140,STANDARD,,0,N/A,Not Available,0
CALLAHAN EYE HOSPITAL,1720 UNIVERSITY BLVD STE 305,BIRMINGHAM,AL,35233,(205) 325-8596,STANDARD,,0,N/A,Not Available,1
ELMORE COMMUNITY HOSPITAL,500 HOSPITAL DRIVE,WETUMPKA,AL,36092,(334) 567-4311,STANDARD,,0,N/A,Not Available,1
HILL HOSPITAL OF SUMTER COUNTY,751 DERBY DRIVE,YORK,AL,36925,(205) 392-5263,STANDARD,,0,N/A,Not Available,0
JACK HUGHSTON MEMORIAL HOSPITAL,4401 RIVER CHASE DRIVE,PHENIX CITY,AL,36867,(334) 732-3000,STANDARD,,0,N/A,Not Available,0
THE CHILDREN'S HOSPITAL OF ALABAMA,1600 SEVENTH AVENUE SOUTH,BIRMINGHAM,AL,35233,(205) 939-9100,STANDARD,,0,N/A,Not Available,2
TUSCALOOSA VA MEDICAL CENTER,3701 LOOP ROAD EAST,TUSCALOOSA,AL,35404,(205) 554-2000,VA,,0,N/A,Not Available,0
USA HEALTH CHILDREN'S & WOMEN'S HOSPITAL,1700 CENTER STREET,MOBILE,AL,36604,(251) 415-1000,STANDARD,,0,N/A,Not Available,0
WASHINGTON COUNTY HOSPITAL,14600 ST. STEPHENS AVENUE,CHATOM,AL,36518,(251) 847-2223,STANDARD,,0,N/A,Not Available,1
ARKANSAS CHILDREN'S HOSPITAL,"1 CHILDREN'S WAY, SLOT 301",LITTLE ROCK,AR,72202,(501) 364-1100,STANDARD,,0,N/A,Not Available,1
"ARKANSAS CHILDREN'S NORTHWEST, INC",2601 GENE GEORGE BOULEVARD,SPRINGDALE,AR,72762,(479) 725-6800,STANDARD,,0,N/A,Not Available,0
BAPTIST HEALTH - VAN BUREN,211 CRAWFORD MEMORIAL DRIVE,VAN BUREN,AR,72956,(479) 474-3401,STANDARD,,0,N/A,Not Available,0
CROSSRIDGE COMMUNITY HOSPITAL,310 SOUTH FALLS BOULEVARD,WYNNE,AR,72396,(870) 238-3300,STANDARD,,0,N/A,Not Available,0
DARDANELLE REGIONAL MEDICAL CENTER,200 NORTH THIRD STREET,DARDANELLE,AR,72834,(479) 229-4677,STANDARD,,0,N/A,Not Available,0
DELTA MEMORIAL HOSPITAL,811 HIGHWAY 65 SOUTH,DUMAS,AR,71639,(870) 382-4303,STANDARD,,0,N/A,Not Available,0
IZARD REGIONAL HOSPITAL LLC,61 GRASSE STREET,CALICO ROCK,AR,72519,(870) 297-2400,STANDARD,,0,N/A,Not Available,0
LAWRENCE MEMORIAL HOSPITAL,1309 WEST MAIN STREET,WALNUT RIDGE,AR,72476,(870) 886-1200,STANDARD,,0,N/A,Not Available,3
LEO N LEVI MEMORIAL HOSPITAL,300 PROSPECT AVE,HOT SPRINGS,AR,71901,(501) 624-1281,STANDARD,,0,N/A,Not Available,0
LITTLE RIVER MEMORIAL HOSPITAL,451 WEST LOCKE STREET,ASHDOWN,AR,71822,(870) 898-5011,STANDARD,,0,N/A,Not Available,0
MCGEHEE HOSPITAL,900 SOUTH THIRD STREET,MCGEHEE,AR,71654,(870) 222-5600,STANDARD,,0,N/A,Not Available,0
OZARKS COMMUNITY HOSPITAL OF GRAVETTE,1101 JACKSON STREET SW,GRAVETTE,AR,72736,(479) 787-5291,STANDARD,,0,N/A,Not Available,0
PIGGOTT COMMUNITY HOSPITAL,1206 GORDON DUCKWORTH DRIVE,PIGGOTT,AR,72454,(870) 598-3881,STANDARD,,0,N/A,Not Available,0
SEVIER COUNTY MEDICAL CENTER,960 HWY 71 N,DE QUEEN,AR,71832,(870) 642-6420,STANDARD,,0,N/A,Not Available,0
STONE COUNTY MEDICAL CENTER,2106 EAST MAIN STREET,MOUNTAIN VIEW,AR,72560,(870) 269-4361,STANDARD,,0,N/A,Not Available,2
ARIZONA SPINE AND JOINT HOSPITAL,4620 EAST BASELINE ROAD,MESA,AZ,85206,(480) 832-4770,STANDARD,,0,N/A,Not Available,0
BENSON HOSPITAL,450 SOUTH OCOTILLO AVENUE,BENSON,AZ,85602,(520) 586-2261,STANDARD,,0,N/A,Not Available,2
COBRE VALLEY REGIONAL MEDICAL CENTER,5880 SOUTH HOSPITAL DRIVE,GLOBE,AZ,85501,(928) 402-1122,STANDARD,,0,N/A,Not Available,5
COPPER QUEEN COMMUNITY HOSPITAL,101 COLE AVENUE,BISBEE,AZ,85603,(520) 432-6401,STANDARD,,0,N/A,Not Available,4
EXCEPTIONAL COMMUNITY HOSPITAL BULLHEAD CITY,2365 HIGHWAY 95,BULLHEAD CITY,AZ,86442,(469) 341-7800,STANDARD,,0,N/A,Not Available,0
HOLY CROSS HOSPITAL,1171 WEST TARGET RANGE ROAD,NOGALES,AZ,85621,(520) 285-3000,STANDARD,,0,N/A,Not Available,1
HOPI HEALTH CARE CENTER,"HIGHWAY 264, MILEPOST 388",POLACCA,AZ,86042,(928) 737-6000,STANDARD,,0,N/A,Not Available,0
HUHU KAM MEMORIAL HOSPITAL,483 WEST SEED FARM ROAD,SACATON,AZ,85147,(520) 562-3321,STANDARD,,0,N/A,Not Available,3
LITTLE COLORADO MEDICAL CENTER,1501 NORTH WILLIAMSON AVENUE,WINSLOW,AZ,86047,(928) 289-4691,STANDARD,,0,N/A,Not Available,1
MT. GRAHAM REGIONAL MEDICAL CENTER,1600 SOUTH 20TH AVENUE,SAFFORD,AZ,85546,(928) 348-4000,STANDARD,,0,N/A,Not Available,2
PARKER INDIAN HEALTH CENTER,12033 AGENCY ROAD,PARKER,AZ,85344,(928) 669-2137,STANDARD,,0,N/A,Not Available,0
PHOENIX CHILDREN'S HOSPITAL,1919 EAST THOMAS ROAD,PHOENIX,AZ,85016,(602) 933-1000,STANDARD,,0,N/A,Not Available,0
SAN CARLOS APACHE HEALTHCARE CORPORATION,103 MEDICINE WAY ROAD,PERIDOT,AZ,85542,(928) 475-1200,STANDARD,,0,N/A,Not Available,3
SELLS HOSPITAL,"HIGHWAY 86, AT TOPAWA ROAD",SELLS,AZ,85634,(520) 362-7003,STANDARD,,0,N/A,Not Available,0
WESTERN REGIONAL MEDICAL CENTER,14200 WEST CELEBRATE LIFE WAY,GOODYEAR,AZ,85338,(623) 207-3000,STANDARD,,0,N/A,Not Available,3
WICKENBURG COMMUNITY HOSPITAL,520 ROSE LANE,WICKENBURG,AZ,85390,(928) 684-5421,STANDARD,,0,N/A,Not Available,8
ADVENTIST HEALTH WHITE MEMORIAL MONTEBELLO,309 W BEVERLY BLVD,MONTEBELLO,CA,90640,(323) 726-1222,STANDARD,,0,N/A,Not Available,0
"ANAHEIM COMMUNITY HOSPITAL, LLC",3350 W BALL RD,ANAHEIM,CA,92804,(248) 905-5091,STANDARD,,0,N/A,Not Available,0
CHILDREN'S HOSP OF LOS ANGELES,"4650 SUNSET BLVD, MS 108",LOS ANGELES,CA,90027,(323) 669-2164,STANDARD,,0,N/A,Not Available,0
CHILDREN'S HOSPITAL AT MISSION,"27700 MEDICAL CENTER RD, 5TH FLOOR",MISSION VIEJO,CA,92691,(949) 365-2408,STANDARD,,0,N/A,Not Available,0
CHILDREN'S HOSPITAL OF ORANGE COUNTY,1201 W LA VETA AVE,ORANGE,CA,92868,(714) 997-3000,STANDARD,,0,N/A,Not Available,0
COALINGA REGIONAL MEDICAL CENTER,1191 PHELPS AVENUE,COALINGA,CA,93210,(559) 821-6202,STANDARD,,0,N/A,Not Available,0
COLLEGE HOSPITAL COSTA MESA,301 VICTORIA STREET,COSTA MESA,CA,92627,(949) 642-2734,STANDARD,,0,N/A,Not Available,0
DOCS SURGICAL HOSPITAL,6000 SAN VICENTE BLVD,LOS ANGELES,CA,90036,(323) 930-1040,STANDARD,,0,N/A,Not Available,0
HAZEL HAWKINS MEMORIAL HOSPITAL,911 SUNSET DRIVE,HOLLISTER,CA,95032,(831) 637-5711,STANDARD,,0,N/A,Not Available,4
HEALTHBRIDGE CHILDREN'S HOSPITAL - ORANGE,393 S TUSTIN STREET,ORANGE,CA,92866,(714) 289-2400,STANDARD,,0,N/A,Not Available,0
HOAG ORTHOPEDIC INSTITUTE,16250 SAND CANYON AVENUE,IRVINE,CA,92618,(949) 727-5000,STANDARD,,0,N/A,Not Available,2
LUCILE SALTER PACKARD CHILDREN'S HSP AT STANFORD,725 WELCH ROAD,PALO ALTO,CA,94304,(650) 497-8000,STANDARD,,0,N/A,Not Available,0
MEMORIAL CARE MILLER CHILDREN'S &  WOMEN'S HOSP LB,2801 ATLANTIC AVENUE,LONG BEACH,CA,90806,(562) 933-8001,STANDARD,,0,N/A,Not Available,2
MODOC MEDICAL CENTER,1111 N NAGLE STREET,ALTURAS,CA,96101,(530) 233-5131,STANDARD,,0,N/A,Not Available,0
MOUNTAINS COMMUNITY HOSPITAL,29101 HOSPITAL ROAD,LAKE ARROWHEAD,CA,92352,(909) 336-3651,STANDARD,,0,N/A,Not Available,0
ORCHARD HOSPITAL,240 SPRUCE STREET,GRIDLEY,CA,95948,(530) 846-5671,STANDARD,,0,N/A,Not Available,2
PALO VERDE HOSPITAL,250 NORTH FIRST STREET,BLYTHE,CA,92225,(760) 922-4115,STANDARD,,0,N/A,Not Available,0
PORTERVILLE DEVELOPMENTAL CENTER,26501 AVENUE 140,PORTERVILLE,CA,93258,(559) 782-2222,STANDARD,,0,N/A,Not Available,0
RADY CHILDREN'S HOSPITAL - SAN DIEGO,3020 CHILDRENS WAY,SAN DIEGO,CA,92123,(858) 576-1700,STANDARD,,0,N/A,Not Available,0
RIDGECREST REGIONAL HOSPITAL,1081 NORTH CHINA LAKE BLVD,RIDGECREST,CA,93555,(760) 446-3551,STANDARD,,0,N/A,Not Available,8
SHRINERS HOSPITALS FOR CHILDREN NORTHERN CALIF,2425 STOCKTON BOULEVARD,SACRAMENTO,CA,95817,(916) 453-2000,STANDARD,,0,N/A,Not Available,0
SURPRISE VALLEY COMMUNITY HOSPITAL,741 NORTH MAIN STREET,CEDARVILLE,CA,96104,(530) 279-6111,STANDARD,,0,N/A,Not Available,0
UCSF BENIOFF CHILDREN'S HOSPITAL OAKLAND,747 52ND STREET,OAKLAND,CA,94609,(510) 428-3000,STANDARD,,0,N/A,Not Available,0
VALLEY CHILDREN'S HOSPITAL,9300 VALLEY CHILDRENS PLACE,MADERA,CA,93636,(559) 353-5116,STANDARD,,0,N/A,Not Available,0
Weed ACH (FT Irwin),390 N Loop Rd,Fort Irwin,CA,92310,(866) 957-9224,STANDARD,,0,N/A,Not Available,0
ARKANSAS VALLEY REGIONAL MEDICAL CENTER,1100 CARSON AVENUE,LAJUNA,CO,81050,(719) 363-1428,STANDARD,,0,N/A,Not Available,2
CHILDREN'S HOSPITAL COLORADO,13123 E 16TH AVE,AURORA,CO,80045,(720) 777-1234,STANDARD,,0,N/A,Not Available,1
CHILDREN'S HOSPITAL COLORADO - COLORADO SPRINGS,4090 BRIARGATE PKWY,COLORADO SPRINGS,CO,80920,(719) 305-9590,STANDARD,,0,N/A,Not Available,0
EAST MORGAN COUNTY HOSPITAL,2400 W EDISON ST,BRUSH,CO,80723,(970) 842-6222,STANDARD,,0,N/A,Not Available,4
EASTERN RIO BLANCO COUNTY HEALTH SERVICE DISTRICT,100 PIONEERS MEDICAL CENTER DR,MEEKER,CO,81641,(970) 878-5047,STANDARD,,0,N/A,Not Available,3
FAMILY HEALTH WEST HOSPITAL,300 W OTTLEY AVE,FRUITA,CO,81521,(970) 858-9871,STANDARD,,0,N/A,Not Available,1
HAXTUN HOSPITAL DISTRICT,235 W FLETCHER ST,HAXTUN,CO,80731,(970) 774-6123,STANDARD,,0,N/A,Not Available,0
KEEFE MEMORIAL HOSPITAL,602 N 6TH ST W,CHEYENNE WELLS,CO,80810,(719) 767-5661,STANDARD,,0,N/A,Not Available,0
LINCOLN HEALTH HOSPITAL,111 6TH ST,HUGO,CO,80821,(719) 743-2421,STANDARD,,0,N/A,Not Available,0
NATIONAL JEWISH HEALTH,1400 JACKSON ST,DENVER,CO,80206,(303) 388-4461,STANDARD,,0,N/A,Not Available,4
PAGOSA SPRINGS MEDICAL CENTER,95 S PAGOSA BLVD,PAGOSA SPRINGS,CO,81147,(970) 731-3700,STANDARD,,0,N/A,Not Available,6
PROWERS MEDICAL CENTER,401 KENDALL DR,LAMAR,CO,81052,(719) 336-4343,STANDARD,,0,N/A,Not Available,2
RANGELY DISTRICT HOSPITAL,225 EAGLE CREST ST,RANGELY,CO,81648,(970) 675-5011,STANDARD,,0,N/A,Not Available,0
SPANISH PEAKS REGIONAL HEALTH CENTER,23500 US HIGHWAY 160,WALSENBURG,CO,81089,(719) 738-5100,STANDARD,,0,N/A,Not Available,4
ST VINCENT GENERAL HOSPITAL DISTRICT,816 W 4TH ST,LEADVILLE,CO,80461,(719) 486-0230,STANDARD,,0,N/A,Not Available,1
WEISBROD MEMORIAL COUNTY HOSPITAL,1208 LUTHER ST,EADS,CO,81036,(719) 438-5401,STANDARD,,0,N/A,Not Available,0
CONNECTICUT CHILDRENS MEDICAL CENTER,282 WASHINGTON STREET,HARTFORD,CT,6106,(860) 545-9000,STANDARD,,0,N/A,Not Available,0
ROCKVILLE GENERAL HOSPITAL,31 UNION ST,VERNON,CT,6066,(860) 872-5160,STANDARD,,0,N/A,Not Available,2
SHARON HOSPITAL,50 HOSPITAL HILL ROAD,SHARON,CT,6069,(860) 364-4228,STANDARD,,0,N/A,Not Available,7
THE CONNECTICUT HOSPICE INC.,100 DOUBLE BEACH ROAD,BRANFORD,CT,6405,(203) 315-7500,STANDARD,,0,N/A,Not Available,0
CHILDREN'S NATIONAL HOSPITAL,"111 MICHIGAN AVE, NW",WASHINGTON,DC,20010,(202) 476-5000,STANDARD,,0,N/A,Not Available,0
"NEMOURS CHILDREN'S HOSPITAL, DELAWARE",1600 ROCKLAND RD PO BOX 269,WILMINGTON,DE,19899,(302) 651-4000,STANDARD,,0,N/A,Not Available,0
ADVENTHEALTH RIVERVIEW,9330 US HWY 301 S,RIVERVIEW,FL,33578,(813) 929-5962,STANDARD,,0,N/A,Not Available,9
ADVENTHEALTH WAUCHULA,735 S 5TH AVE,WAUCHULA,FL,33873,(863) 773-3101,STANDARD,,0,N/A,Not Available,5
CALHOUN-LIBERTY HOSPITAL,20370 NE BURNS AVE,BLOUNTSTOWN,FL,32424,(850) 674-5411,STANDARD,,0,N/A,Not Available,2
DOCTORS MEMORIAL HOSPITAL,2600 HOSPITAL DR,BONIFAY,FL,32425,(850) 547-1120,STANDARD,,0,N/A,Not Available,0
DOCTORS MEMORIAL HOSPITAL INC,333 N BYRON BUTLER PKWY,PERRY,FL,32347,(850) 584-0800,STANDARD,,0,N/A,Not Available,1
FLORIDA STATE HOSPITAL UNIT 31 MED,100 N MAIN ST,CHATTAHOOCHEE,FL,32324,(850) 663-7536,STANDARD,HAC_PENALIZED,0,N/A,Not Available,0
GEORGE E WEEMS MEMORIAL HOSPITAL,135 AVE G,APALACHICOLA,FL,32320,(850) 653-8853,STANDARD,,0,N/A,Not Available,0
JOHNS HOPKINS ALL CHILDREN'S HOSPITAL,501 SIXTH AVENUE SOUTH,SAINT PETERSBURG,FL,33701,(713) 898-7451,STANDARD,,0,N/A,Not Available,0
LAKE BUTLER HOSPITAL,850 E MAIN ST,LAKE BUTLER,FL,32054,(386) 496-2323,STANDARD,,0,N/A,Not Available,2
MADISON COUNTY MEMORIAL HOSPITAL,224 NW CRANE AVE,MADISON,FL,32340,(850) 973-2271,STANDARD,,0,N/A,Not Available,1
"NEMOURS CHILDRENS HOSPITAL, FLORIDA",6535 NEMOURS PKWY,ORLANDO,FL,32827,(407) 567-4000,STANDARD,,0,N/A,Not Available,0
NICKLAUS CHILDREN'S HOSPITAL,3100 SW 62ND AVE,MIAMI,FL,33155,(305) 666-6511,STANDARD,,0,N/A,Not Available,0
NORTH WALTON DOCTORS HOSPITAL,4413 US HWY 331 S,DEFUNIAK SPRINGS,FL,32435,(850) 920-2065,STANDARD,,0,N/A,Not Available,0
CLARKE COUNTY HOSPITAL,800 S FILLMORE ST,OSCEOLA,IA,50213,(641) 342-2184,STANDARD,,0,N/A,Not Available,1
COMMUNITY MEMORIAL HOSPITAL MEDICAL CENTER,909 WEST FIRST STREET,SUMNER,IA,50674,(563) 578-3275,STANDARD,,0,N/A,Not Available,3
COMPASS MEMORIAL HEALTHCARE,300 W MAY ST,MARENGO,IA,52301,(319) 642-5543,STANDARD,,0,N/A,Not Available,4
FLOYD VALLEY HEALTHCARE,714 LINCOLN ST NE,LE MARS,IA,51031,(712) 546-7871,STANDARD,,0,N/A,Not Available,2
FRANKLIN GENERAL HOSPITAL,1720 CENTRAL AVENUE EAST,HAMPTON,IA,50441,(641) 456-5000,STANDARD,,0,N/A,Not Available,0
GUNDERSEN PALMER LUTHERAN HOSPITAL AND CLINICS,112 JEFFERSON STREET,WEST UNION,IA,52175,(563) 422-3811,STANDARD,,0,N/A,Not Available,0
GUTHRIE COUNTY HOSPITAL,710 NORTH 12TH STREET,GUTHRIE CENTER,IA,50115,(641) 747-2201,STANDARD,,0,N/A,Not Available,1
IOWA SPECIALTY HOSPITAL - CLARION,1316 SOUTH MAIN STREET,CLARION,IA,50525,(515) 532-2811,STANDARD,,0,N/A,Not Available,1
MANNING REGIONAL HEALTHCARE CENTER,1550 SIXTH STREET,MANNING,IA,51455,(712) 655-2072,STANDARD,,0,N/A,Not Available,1
MERCYONE CENTERVILLE MEDICAL CENTER,ONE ST JOSEPH'S DRIVE,CENTERVILLE,IA,52544,(641) 437-4111,STANDARD,,0,N/A,Not Available,2
MERCYONE DYERSVILLE MEDICAL CENTER,1111 3RD STREET SW,DYERSVILLE,IA,52040,(563) 875-2900,STANDARD,,0,N/A,Not Available,1
MERCYONE ELKADER MEDICAL CENTER,901 DAVIDSON STREET NW,ELKADER,IA,52043,(563) 245-7000,STANDARD,,0,N/A,Not Available,1
POCAHONTAS COMMUNITY HOSPITAL,606 N W 7TH STREET,POCAHONTAS,IA,50574,(712) 335-3501,STANDARD,,0,N/A,Not Available,0
REGIONAL MEDICAL CENTER,709 W MAIN STREET,MANCHESTER,IA,52057,(563) 927-3232,STANDARD,,0,N/A,Not Available,4
STEWART MEMORIAL COMMUNITY HOSPITAL,1301 WEST MAIN STREET,LAKE CITY,IA,51449,(712) 464-3171,STANDARD,,0,N/A,Not Available,2
STORY COUNTY HOSPITAL,640 SOUTH 19TH STREET,NEVADA,IA,50201,(515) 382-2111,STANDARD,,0,N/A,Not Available,0
VAN DIEST MEDICAL CENTER,2350 HOSPITAL DRIVE,WEBSTER CITY,IA,50595,(515) 832-9400,STANDARD,,0,N/A,Not Available,0
VIRGINIA GAY HOSPITAL,502 NORTH 9TH AVENUE,VINTON,IA,52349,(319) 472-6200,STANDARD,,0,N/A,Not Available,3
WAYNE COUNTY HOSPITAL,417 SOUTH EAST STREET,CORYDON,IA,50060,(641) 872-2260,STANDARD,,0,N/A,Not Available,1
BEAR LAKE MEMORIAL HOSPITAL,164 SOUTH FIFTH STREET,MONTPELIER,ID,83254,(208) 847-1630,STANDARD,,0,N/A,Not Available,3
CASCADE MEDICAL CENTER,402 LAKE CASCADE PARKWAY,CASCADE,ID,83611,(208) 382-4242,STANDARD,,0,N/A,Not Available,0
FRANKLIN COUNTY MEDICAL CENTER,44 NORTH FIRST EAST,PRESTON,ID,83263,(208) 852-0137,STANDARD,,0,N/A,Not Available,1
GROVE CREEK MEDICAL CENTER,350 NORTH MERIDIAN STREET,BLACKFOOT,ID,83221,(208) 782-2900,STANDARD,,0,N/A,Not Available,0
LOST RIVERS MEDICAL CENTER,551 HIGHLAND DRIVE,ARCO,ID,83213,(208) 252-7654,STANDARD,,0,N/A,Not Available,0
NELL J REDFIELD MEMORIAL HOSPITAL,150 NORTH 200 WEST,MALAD CITY,ID,83252,(208) 766-2231,STANDARD,,0,N/A,Not Available,1
POWER COUNTY HOSPITAL DISTRICT,510 ROOSEVELT STREET,AMERICAN FALLS,ID,83211,(208) 226-3200,STANDARD,,0,N/A,Not Available,1
ABRAHAM LINCOLN MEMORIAL HOSPITAL,200 STAHLHUT DRIVE,LINCOLN,IL,62656,(217) 732-2161,STANDARD,,0,N/A,Not Available,1
ANN & ROBERT H LURIE CHILDRENS HOSPITAL OF CHICAGO,"225 E CHICAGO AVE, BOX 140",CHICAGO,IL,60611,(312) 227-4000,STANDARD,,0,N/A,Not Available,0
CARLINVILLE AREA HOSPITAL,20733 N BROAD STREET,CARLINVILLE,IL,62626,(217) 854-3141,STANDARD,,0,N/A,Not Available,4
HAMILTON MEMORIAL HOSPITAL,611 S MARSHALL AVENUE,MCLEANSBORO,IL,62859,(618) 643-2361,STANDARD,,0,N/A,Not Available,0
HSHS GOOD SHEPHERD HOSPITAL INC,200 S CEDAR ST,SHELBYVILLE,IL,62565,(217) 774-3961,STANDARD,,0,N/A,Not Available,1
JACKSONVILLE MEMORIAL HOSPITAL,1600 W WALNUT ST,JACKSONVILLE,IL,62650,(217) 245-9551,STANDARD,,0,N/A,Not Available,4
LARABIDA CHILDRENS HOSPITAL I,E 65TH ST AT LAKE MICHIGAN,CHICAGO,IL,60649,(773) 363-6700,STANDARD,,0,N/A,Not Available,0
LAWRENCE COUNTY MEMORIAL HOSPITAL,2200 STATE ST,LAWRENCEVILLE,IL,62439,(618) 943-1000,STANDARD,,0,N/A,Not Available,1
METHODIST HOSPITAL OF CHICAGO,5025 N PAULINA STREET,CHICAGO,IL,60640,(773) 271-9040,STANDARD,,0,N/A,Not Available,0
"MIDWESTERN REGION MED CENTER, INC",2520 ELISHA AVENUE,ZION,IL,60099,(847) 872-4561,STANDARD,HAC_AT_RISK,0,N/A,Not Available,5
OSF HOLY FAMILY MEDICAL CENTER,1000 W HARLEM AVENUE,MONMOUTH,IL,61462,(309) 734-3141,STANDARD,,0,N/A,Not Available,1
PANA COMMUNITY HOSPITAL,101 E NINTH STREET,PANA,IL,62557,(217) 562-2131,STANDARD,,0,N/A,Not Available,2
PINCKNEYVILLE COMMUNITY HOSPITAL,5383 STATE ROUTE 154,PINCKNEYVILLE,IL,62274,(618) 357-2187,STANDARD,,0,N/A,Not Available,0
"RUSH SPECIALTY HOSPITAL, LLC",516 S LOOMIS ST,CHICAGO,IL,60607,(872) 298-9199,STANDARD,,0,N/A,Not Available,0
SARAH D CULBERTSON MEMORIAL HOSPITAL,238 SOUTH CONGRESS STREET,RUSHVILLE,IL,62681,(217) 322-4321,STANDARD,,0,N/A,Not Available,3
SHRINERS HOSPITAL FOR CHILDREN,2211 NORTH OAK PARK AVE,CHICAGO,IL,60707,(773) 622-5400,STANDARD,,0,N/A,Not Available,0
TAYLORVILLE MEMORIAL HOSPITAL,201 EAST PLEASANT STREET,TAYLORVILLE,IL,62568,(217) 824-3331,STANDARD,,0,N/A,Not Available,8
THOMAS H BOYD MEMORIAL HOSPITAL,800 SCHOOL ST,CARROLLTON,IL,62016,(217) 942-6946,STANDARD,,0,N/A,Not Available,0
WARNER HOSPITAL AND HEALTH SERVICES,422 W WHITE ST,CLINTON,IL,61727,(217) 935-9571,STANDARD,,0,N/A,Not Available,0
FAIRBANKS,8102 CLEARVISTA PARKWAY,INDIANAPOLIS,IN,46256,(317) 849-8222,STANDARD,,0,N/A,Not Available,0
ORTHOINDY HOSPITAL,8400 NORTHWEST BLVD,INDIANAPOLIS,IN,46278,(317) 956-1000,STANDARD,,0,N/A,Not Available,0
ORTHOPAEDIC HOSPITAL AT PARKVIEW NORTH,11130 PARKVIEW CIRCLE DR,FORT WAYNE,IN,46845,(260) 672-5000,STANDARD,,0,N/A,Not Available,0
THE ORTHOPAEDIC HOSPITAL OF LUTHERAN HEALTH NETWOR,7952 W JEFFERSON BLVD,FT WAYNE,IN,46804,(260) 435-2999,STANDARD,,0,N/A,Not Available,1
THE WOMEN'S HOSPITAL,4199 GATEWAY BLVD,NEWBURGH,IN,47630,(812) 842-4200,STANDARD,HAC_AT_RISK,0,N/A,Not Available,0
UNION HOSPITAL CLINTON,801 S MAIN ST,CLINTON,IN,47842,(765) 832-1234,STANDARD,,0,N/A,Not Available,2
VA N. INDIANA HEALTHCARE SYSTEM,1700 E. 38TH STREET,MARION,IN,46953,(765) 674-3321,STANDARD,,0,N/A,Not Available,0
ALLEN COUNTY REGIONAL HOSPITAL,3066 NORTH KENTUCKY STREET,IOLA,KS,66749,(620) 365-1021,STANDARD,,0,N/A,Not Available,4
ANDERSON COUNTY HOSPITAL,421 S MAPLE,GARNETT,KS,66032,(785) 448-3131,STANDARD,,0,N/A,Not Available,2
CALDWELL REGIONAL MEDICAL CENTER,761 W 175TH ST S,CALDWELL,KS,67022,(620) 845-6492,STANDARD,,0,N/A,Not Available,0
CHEYENNE COUNTY HOSPITAL,210 WEST 1ST STREET,ST FRANCIS,KS,67756,(785) 332-2104,STANDARD,,0,N/A,Not Available,0
CHILDREN'S MERCY SOUTH,5808 W 110TH STREET,OVERLAND PARK,KS,66211,(913) 696-8000,STANDARD,,0,N/A,Not Available,0
CLARA BARTON HOSPITAL,250 W 9TH STREET,HOISINGTON,KS,67544,(620) 653-2114,STANDARD,,0,N/A,Not Available,1
CLOUD COUNTY HEALTH CENTER,155 WEST COLLEGE DRIVE,CONCORDIA,KS,66901,(785) 243-1234,STANDARD,,0,N/A,Not Available,1
COMANCHE COUNTY HOSPITAL,202 S FRISCO STREET,COLDWATER,KS,67029,(620) 582-2144,STANDARD,,0,N/A,Not Available,0
"COMMUNITY HOSPITAL, ONAGA AND ST MARYS CAMPUS",120 WEST 8TH STREET,ONAGA,KS,66521,(785) 889-4272,STANDARD,,0,N/A,Not Available,0
"COMMUNITY MEMORIAL HEALTHCARE, INC.",708 N 18TH STREET,MARYSVILLE,KS,66508,(785) 562-2311,STANDARD,,0,N/A,Not Available,1
EDWARDS COUNTY MEDICAL CENTER,620 WEST EIGHTH STREET,KINSLEY,KS,67547,(620) 659-3621,STANDARD,,0,N/A,Not Available,0
ELLINWOOD DISTRICT HOSPITAL,605 N MAIN STREET,ELLINWOOD,KS,67526,(620) 564-2548,STANDARD,,0,N/A,Not Available,0
F W HUSTON MEDICAL CENTER,408 DELAWARE STREET,WINCHESTER,KS,66097,(913) 774-4340,STANDARD,,0,N/A,Not Available,0
GOODLAND REGIONAL MEDICAL CENTER,220 WEST SECOND STREET,GOODLAND,KS,67735,(785) 890-3625,STANDARD,,0,N/A,Not Available,1
GOVE COUNTY MEDICAL CENTER,520 WEST 5TH STREET,QUINTER,KS,67752,(785) 754-3341,STANDARD,,0,N/A,Not Available,0
GREAT PLAINS OF SABETHA,603 S 14TH STREET,SABETHA,KS,66534,(785) 284-2121,STANDARD,,0,N/A,Not Available,2
GREELEY COUNTY HEALTH SERVICES,506 3RD STREET,TRIBUNE,KS,67879,(620) 376-4221,STANDARD,,0,N/A,Not Available,0
GREENWOOD COUNTY HOSPITAL,100 W 16TH STREET,EUREKA,KS,67045,(620) 583-7451,STANDARD,,0,N/A,Not Available,0
HAMILTON COUNTY HOSPITAL,700 NORTH HUSER STREET,SYRACUSE,KS,67878,(620) 384-7461,STANDARD,,0,N/A,Not Available,0
HIAWATHA COMMUNITY HOSPITAL,300 UTAH STREET,HIAWATHA,KS,66434,(785) 742-2131,STANDARD,,0,N/A,Not Available,1
HILLSBORO COMMUNITY HOSPITAL,101 INDUSTRIAL ROAD,HILLSBORO,KS,67063,(620) 947-3114,STANDARD,,0,N/A,Not Available,1
HOLTON COMMUNITY HOSPITAL,1110 COLUMBINE DRIVE,HOLTON,KS,66436,(785) 364-2116,STANDARD,,0,N/A,Not Available,1
HOSPITAL DISTRICT #1 OF RICE COUNTY,619 SOUTH CLARK AVENUE,LYONS,KS,67554,(620) 257-5173,STANDARD,,0,N/A,Not Available,0
HOSPITAL DISTRICT #6 PATTERSON HEALTH CENTER,485 N. KS HWY 2,ANTHONY,KS,67003,(620) 914-1200,STANDARD,,0,N/A,Not Available,2
JEWELL COUNTY HOSPITAL,100 CRESTVUE AVE,MANKATO,KS,66956,(785) 378-3137,STANDARD,,0,N/A,Not Available,0
KANSAS CITY ORTHOPAEDIC INSTITUTE,3651 COLLEGE BLVD,LEAWOOD,KS,66211,(913) 319-7633,STANDARD,,0,N/A,Not Available,2
KINGMAN HEALTHCARE CENTER,750 W AVE D,KINGMAN,KS,67068,(620) 532-3147,STANDARD,,0,N/A,Not Available,0
KIOWA DISTRICT HOSPITAL,1002 SOUTH 4TH STREET,KIOWA,KS,67070,(620) 825-4131,STANDARD,,0,N/A,Not Available,0
LANE COUNTY HOSPITAL,235 WEST VINE  PO BOX 969,DIGHTON,KS,67839,(620) 397-5321,STANDARD,,0,N/A,Not Available,0
LINDSBORG COMMUNITY HOSPITAL,605 W LINCOLN STREET,LINDSBORG,KS,67456,(785) 227-3308,STANDARD,,0,N/A,Not Available,2
LOGAN COUNTY HOSPITAL,211 CHERRY AVENUE,OAKLEY,KS,67748,(785) 672-3211,STANDARD,,0,N/A,Not Available,1
MEDICINE LODGE MEMORIAL HOSPITAL,710 N WALNUT STREET,MEDICINE LODGE,KS,67104,(620) 886-3771,STANDARD,,0,N/A,Not Available,0
MERCY HOSPITAL COLUMBUS,220 N PENNSYLVANIA AVENUE,COLUMBUS,KS,66725,(620) 429-2545,STANDARD,,0,N/A,Not Available,1
MINIMALLY INVASIVE SURGERY HOSPITAL,11217 LAKEVIEW AVENUE,LENEXA,KS,66219,(913) 322-7401,STANDARD,,0,N/A,Not Available,0
MORRIS COUNTY HOSPITAL,600 N WASHINGTON ST,COUNCIL GROVE,KS,66846,(620) 767-6811,STANDARD,,0,N/A,Not Available,1
MORTON COUNTY HOSPITAL,445 HILLTOP STREET,ELKHART,KS,67950,(620) 697-2141,STANDARD,,0,N/A,Not Available,0
NEWMAN REGIONAL HEALTH,1201 WEST 12TH AVENUE,EMPORIA,KS,66801,(620) 343-6800,STANDARD,,0,N/A,Not Available,3
OSBORNE COUNTY MEMORIAL HOSPITAL,237 W HARRISON STREET SUITE 100,OSBORNE,KS,67473,(785) 346-2121,STANDARD,,0,N/A,Not Available,1
PAWNEE VALLEY COMMUNITY HOSPITAL,923 CARROLL AVENUE,LARNED,KS,67550,(620) 285-3162,STANDARD,,0,N/A,Not Available,1
PHILLIPS COUNTY HOSPITAL,1150 STATE STREET,PHILLIPSBURG,KS,67661,(785) 543-5226,STANDARD,,0,N/A,Not Available,0
RAWLINS COUNTY HEALTH CENTER,707 GRANT ST,ATWOOD,KS,67730,(785) 626-3211,STANDARD,,0,N/A,Not Available,0
REPUBLIC COUNTY HOSPITAL,2420 G STREET,BELLEVILLE,KS,66935,(785) 527-2254,STANDARD,,0,N/A,Not Available,1
ROOKS COUNTY HEALTH CENTER,1210 NORTH WASHINGTON,PLAINVILLE,KS,67663,(785) 688-4401,STANDARD,,0,N/A,Not Available,2
RUSSELL REGIONAL HOSPITAL,200 S MAIN STREET,RUSSELL,KS,67665,(785) 483-3131,STANDARD,,0,N/A,Not Available,0
"SATANTA DISTRICT HOSPITAL, CLINICS, & LTCU",401 CHEYENNE,SATANTA,KS,67870,(620) 682-8414,STANDARD,,0,N/A,Not Available,0
SCOTT COUNTY HOSPITAL,201 ALBERT AVENUE,SCOTT CITY,KS,67871,(620) 872-5811,STANDARD,,0,N/A,Not Available,0
SEDAN CITY HOSPITAL,300 W NORTH STREET,SEDAN,KS,67361,(620) 725-3115,STANDARD,,0,N/A,Not Available,1
SHERIDAN COUNTY HOSPITAL,826  18TH STREET,HOXIE,KS,67740,(785) 675-3281,STANDARD,,0,N/A,Not Available,0
ST LUKE HOSPITAL & LIVING CENTER,535 SOUTH FREEBORN,MARION,KS,66861,(620) 382-2177,STANDARD,,0,N/A,Not Available,1
STANTON COUNTY HOSPITAL,404 N CHESTNUT,JOHNSON,KS,67855,(620) 492-6250,STANDARD,,0,N/A,Not Available,0
TREGO COUNTY LEMKE MEMORIAL HOSPITAL,320 N THIRTEENTH ST,WAKEENEY,KS,67672,(785) 743-2182,STANDARD,,0,N/A,Not Available,1
WICHITA COUNTY HEALTH CENTER,211 E EARL STREET,LEOTI,KS,67861,(620) 375-2233,STANDARD,,0,N/A,Not Available,0
WILSON MEDICAL CENTER,2600 OTTAWA ROAD,NEODESHA,KS,66757,(620) 325-2611,STANDARD,,0,N/A,Not Available,1
FLEMING COUNTY HOSPITAL,55 FOUNDATION DRIVE,FLEMINGSBURG,KY,41041,(606) 849-2351,STANDARD,,0,N/A,Not Available,0
KENTUCKY RIVER MEDICAL CENTER,540 JETT DRIVE,JACKSON,KY,41339,(606) 666-6000,STANDARD,,0,N/A,Not Available,0
ST ELIZABETH GRANT,238 BARNES ROAD,WILLIAMSTOWN,KY,41097,(859) 824-8105,STANDARD,,0,N/A,Not Available,8
THE MEDICAL CENTER AT ALBANY,723 BURKESVILLE ROAD,ALBANY,KY,42602,(606) 387-3651,STANDARD,,0,N/A,Not Available,0
ACADIA ST LANDRY,810 SOUTH BROADWAY STREET,CHURCH POINT,LA,70525,(337) 684-5435,STANDARD,,0,N/A,Not Available,1
ALEXANDRIA EMERGENCY HOSPITAL,5900 COLISEUM BLVD,ALEXANDRIA,LA,71303,(318) 386-8110,STANDARD,,0,N/A,Not Available,0
BIENVILLE MEDICAL CENTER,1175 PINE STREET,ARCADIA,LA,71001,(318) 263-4700,STANDARD,,0,N/A,Not Available,0
BUNKIE GENERAL HOSPITAL,427 EVERGREEN STREET,BUNKIE,LA,71322,(318) 346-6681,STANDARD,,0,N/A,Not Available,0
CHILDRENS HOSPITAL,200 HENRY CLAY AVE,NEW ORLEANS,LA,70118,(504) 899-9511,STANDARD,,0,N/A,Not Available,1
CYPRESS POINTE SURGICAL HOSPITAL,42570 SOUTH AIRPORT RD,HAMMOND,LA,70403,(985) 510-6200,STANDARD,,0,N/A,Not Available,4
DEQUINCY MEMORIAL HOSPITAL,110 WEST 4TH STREET,DEQUINCY,LA,70633,(337) 786-1200,STANDARD,,0,N/A,Not Available,0
JACKSON PARISH HOSPITAL,165 BEECH SPRINGS ROAD,JONESBORO,LA,71251,(318) 259-4435,STANDARD,,0,N/A,Not Available,1
LADY OF THE SEA GENERAL HOSPITAL,200 WEST 134TH PLACE,CUT OFF,LA,70345,(985) 632-6401,STANDARD,,0,N/A,Not Available,0
LALLIE KEMP MEDICAL CENTER,52579 HIGHWAY 51 SOUTH,INDEPENDENCE,LA,70443,(985) 878-1333,STANDARD,,0,N/A,Not Available,1
MADISON PARISH HOSPITAL,900 JOHNSON STREET,TALLULAH,LA,71282,(318) 574-2374,STANDARD,,0,N/A,Not Available,0
NORTH CADDO MEDICAL CENTER,815 SOUTH PINE STREET,VIVIAN,LA,71082,(318) 375-3235,STANDARD,,0,N/A,Not Available,0
"OMEGA HOSPITAL, LLC",2525 SEVERN AVENUE,METAIRIE,LA,70002,(504) 616-3897,STANDARD,,0,N/A,Not Available,4
POINTE COUPEE GENERAL HOSPITAL,2202 FALSE RIVER DRIVE,NEW ROADS,LA,70760,(225) 638-6331,STANDARD,,0,N/A,Not Available,1
PREVOST MEMORIAL HOSPITAL,301 MEMORIAL DR,DONALDSONVILLE,LA,70346,(225) 473-7931,STANDARD,,0,N/A,Not Available,0
REEVES MEMORIAL MEDICAL CENTER,409 FIRST STREET,BERNICE,LA,71222,(318) 285-9066,STANDARD,,0,N/A,Not Available,0
RICHLAND PARISH HOSPITAL-DELHI,407 CINCINNATI STREET,DELHI,LA,71232,(318) 878-5171,STANDARD,,0,N/A,Not Available,0
RIVERLAND MEDICAL CENTER,6569 HWY 84,FERRIDAY,LA,71334,(318) 757-6551,STANDARD,,0,N/A,Not Available,2
RIVERSIDE MEDICAL CENTER,1900 SOUTH MAIN ST,FRANKLINTON,LA,70438,(985) 795-4431,STANDARD,,0,N/A,Not Available,2
ST HELENA PARISH HOSPITAL,16874 HIGHWAY 43,GREENSBURG,LA,70441,(225) 222-6111,STANDARD,,0,N/A,Not Available,0
THE SPINE HOSPITAL OF LOUISIANA,"10105 PARK ROW CIRCLE, SUITE 250",BATON ROUGE,LA,70810,(225) 763-9900,STANDARD,,0,N/A,Not Available,0
UNION GENERAL HOSPITAL,901 JAMES AVE,FARMERVILLE,LA,71241,(318) 368-9751,STANDARD,,0,N/A,Not Available,1
WEST FELICIANA PARISH HOSPITAL,"5266 COMMERCE STREET, BUILDING B",SAINT FRANCISVILLE,LA,70775,(225) 635-3811,STANDARD,,0,N/A,Not Available,0
ADCARE HOSPITAL OF WORCESTER INC,107 LINCOLN STREET,WORCESTER,MA,1605,(508) 799-9000,STANDARD,,0,N/A,Not Available,0
ATHOL MEMORIAL HOSPITAL,2033 MAIN STREET,ATHOL,MA,1331,(978) 249-3511,STANDARD,,0,N/A,Not Available,3
BEDFORD VA MEDICAL CENTER,200 SPRINGS ROAD,BEDFORD,MA,1730,(781) 275-7500,VA,,0,N/A,Not Available,0
BOSTON CHILDREN'S HOSPITAL,300 LONGWOOD AVENUE,BOSTON,MA,2115,(617) 735-6000,STANDARD,,0,N/A,Not Available,2
CARNEY HOSPITAL,2100 DORCHESTER AVENUE,BOSTON,MA,2124,(617) 506-2000,STANDARD,,0,N/A,Not Available,0
FRANCISCAN CHILDREN'S HOSPITAL & REHAB CENTER,30 WARREN STREET,BRIGHTON,MA,2135,(617) 254-3800,STANDARD,,0,N/A,Not Available,0
NASHOBA VALLEY MEDICAL CENTER,200 GROTON ROAD,AYER,MA,1432,(978) 784-9000,STANDARD,HAC_AT_RISK,0,N/A,Not Available,0
NORTH ADAMS REGIONAL HOSPITAL CORPORATION,71 HOSPITAL AVENUE,NORTH ADAMS,MA,1247,(413) 664-5000,STANDARD,,0,N/A,Not Available,9
NORTHAMPTON VA MEDICAL CENTER,421 N MAIN ST,LEEDS,MA,1053,(413) 584-4040,VA,,0,N/A,Not Available,0
NORWOOD HOSPITAL,800 WASHINGTON STREET,NORWOOD,MA,2062,(781) 769-4000,STANDARD,,0,N/A,Not Available,0
THE SHRINERS' HOSPITAL FOR CHILDREN - BOSTON,51 BLOSSOM STREET,BOSTON,MA,2114,(617) 722-3000,STANDARD,,0,N/A,Not Available,0
KENNEDY KRIEGER INSTITUTE,707 NORTH  BROADWAY,BALTIMORE,MD,21205,(443) 923-9301,STANDARD,,0,N/A,Not Available,0
LEVINDALE HEBREW GERIATRIC CENTER AND HOSPITAL,2434 WEST BELVEDERE AVENUE,BALTIMORE,MD,21209,(410) 601-2400,STANDARD,HAC_AT_RISK,0,N/A,Not Available,2
MOUNT WASHINGTON PEDIATRIC HOSPITAL,1708 WEST ROGERS AVENUE,BALTIMORE,MD,21209,(410) 578-5050,STANDARD,,0,N/A,Not Available,0
UMD REHABILITATION &  ORTHOPAEDIC INSTITUTE,2200 KERNAN DRIVE,BALTIMORE,MD,21207,(410) 448-6701,STANDARD,HAC_AT_RISK,0,N/A,Not Available,2
VA MARYLAND HEALTHCARE SYSTEM - PERRY POINT,VA MEDICAL CENTER,PERRY POINT,MD,21902,(410) 642-2411,STANDARD,,0,N/A,Not Available,0
BRIDGTON HOSPITAL,10 HOSPITAL DRIVE,BRIDGTON,ME,4009,(207) 647-6000,STANDARD,,0,N/A,Not Available,2
CALAIS COMMUNITY HOSPITAL,24 HOSPITAL LANE,CALAIS,ME,4619,(207) 454-7521,STANDARD,,0,N/A,Not Available,0
CHARLES A DEAN MEMORIAL HOSPITAL,PO BOX 1129,GREENVILLE,ME,4441,(207) 695-5200,STANDARD,,0,N/A,Not Available,1
DOWN EAST COMMUNITY HOSPITAL,11 HOSPITAL DRIVE,MACHIAS,ME,4654,(207) 255-3356,STANDARD,,0,N/A,Not Available,3
LINCOLNHEALTH,35 MILES STREET,DAMARISCOTTA,ME,4543,(207) 563-1234,STANDARD,,0,N/A,Not Available,6
MILLINOCKET REGIONAL HOSPITAL,200 SOMERSET STREET,MILLINOCKET,ME,4462,(207) 723-5161,STANDARD,,0,N/A,Not Available,2
NORTHERN LIGHT BLUE HILL MEMORIAL HOSPITAL,57 WATER STREET,BLUE HILL,ME,4614,(207) 374-2836,STANDARD,,0,N/A,Not Available,1
NORTHERN LIGHT MAYO HOSPITAL,897 WEST MAIN STREET,DOVER FOXCROFT,ME,4426,(207) 564-4251,STANDARD,,0,N/A,Not Available,2
NORTHERN MAINE MEDICAL CENTER,194 E MAIN STREET,FORT KENT,ME,4743,(207) 834-3195,STANDARD,,0,N/A,Not Available,2
RUMFORD  HOSPITAL,420 FRANKLIN STREET,RUMFORD,ME,4276,(207) 369-1000,STANDARD,,0,N/A,Not Available,4
APPLETON AREA HEALTH,30 S BEHL ST,APPLETON,MN,56208,(320) 289-1580,STANDARD,,0,N/A,Not Available,1
BIGFORK VALLEY HOSPITAL,258 PINE TREE DRIVE,BIGFORK,MN,56628,(218) 743-3177,STANDARD,,0,N/A,Not Available,0
CASS LAKE INDIAN HEALTH SERVICES HOSPITAL,425 7TH STREET NW,CASS LAKE,MN,56633,(218) 335-3205,STANDARD,,0,N/A,Not Available,0
CENTRACARE - REDWOOD,100 FALLWOOD ROAD,REDWOOD FALLS,MN,56283,(507) 637-4500,STANDARD,,0,N/A,Not Available,1
CENTRACARE HEALTH PAYNESVILLE HOSPITAL,200 1ST STREET WEST,PAYNESVILLE,MN,56362,(320) 243-3767,STANDARD,,0,N/A,Not Available,4
CENTRACARE HEALTH SYSTEM - LONG PRAIRIE,50 CENTRACARE DRIVE,LONG PRAIRIE,MN,56347,(320) 732-2141,STANDARD,,0,N/A,Not Available,1
CENTRACARE HEALTH SYSTEM - SAUK CENTRE,425 NORTH ELM STREET,SAUK CENTRE,MN,56378,(320) 352-2221,STANDARD,,0,N/A,Not Available,2
CHILDREN'S HOSPITALS & CLINICS OF MN,2525 CHICAGO AVENUE SOUTH,MINNEAPOLIS,MN,55404,(612) 813-6112,STANDARD,,0,N/A,Not Available,0
CUYUNA REGIONAL MEDICAL CENTER,320 EAST MAIN STREET,CROSBY,MN,56441,(218) 546-2300,STANDARD,,0,N/A,Not Available,1
ELY - BLOOMENSON COMMUNITY HOSPITAL,328 WEST CONAN STREET,ELY,MN,55731,(218) 365-8765,STANDARD,,0,N/A,Not Available,0
GILLETTE CHILDRENS SPECIALTY HOSPITAL,200 UNIVERSITY AVENUE EAST,SAINT PAUL,MN,55106,(651) 578-5611,STANDARD,,0,N/A,Not Available,1
HENDRICKS COMMUNITY HOSPITAL,503 E LINCOLN STREET,HENDRICKS,MN,56136,(507) 275-3134,STANDARD,,0,N/A,Not Available,1
KITTSON HEALTHCARE,1010 SOUTH BIRCH AVENUE,HALLOCK,MN,56728,(218) 843-3612,STANDARD,,0,N/A,Not Available,0
LAKE VIEW MEMORIAL HOSPITAL,325 ELEVENTH AVE,TWO HARBORS,MN,55616,(218) 834-7300,STANDARD,,0,N/A,Not Available,3
MADISON HOSPITAL,820 THIRD AVENUE,MADISON,MN,56256,(320) 598-7536,STANDARD,,0,N/A,Not Available,0
MAYO CLINIC HEALTH SYSTEM - WASECA,501 NORTH STATE STREET,WASECA,MN,56093,(507) 835-1210,STANDARD,,0,N/A,Not Available,3
MAYO CLINIC HEALTH SYSTEM ST. JAMES,1101 MOULTON AND PARSONS DRIVE,ST JAMES,MN,56081,(507) 375-8602,STANDARD,,0,N/A,Not Available,1
MINNESOTA VALLEY HEALTH CENTER  INC,621 SOUTH FOURTH STREET,LE SUEUR,MN,56058,(507) 665-3375,STANDARD,,0,N/A,Not Available,0
NORTH SHORE HEALTH,515 5TH AVE WEST,GRAND MARAIS,MN,55604,(218) 387-3040,STANDARD,,0,N/A,Not Available,4
NORTH VALLEY HEALTH CENTER,300 WEST GOOD SAMARITAN DRIVE,WARREN,MN,56762,(218) 745-4211,STANDARD,,0,N/A,Not Available,0
OLIVIA HOSPITAL & CLINIC,100 HEALTHY WAY,OLIVIA,MN,56277,(320) 523-1261,STANDARD,,0,N/A,Not Available,2
RIDGEVIEW SIBLEY MEDICAL CENTER,601 WEST CHANDLER,ARLINGTON,MN,55307,(507) 964-8415,STANDARD,,0,N/A,Not Available,4
RIVERVIEW HOSPITAL,323 SOUTH MINNESOTA,CROOKSTON,MN,56716,(218) 281-9200,STANDARD,,0,N/A,Not Available,1
SANFORD CANBY MEDICAL CENTER,112 ST OLAF AVENUE SOUTH,CANBY,MN,56220,(507) 223-7277,STANDARD,,0,N/A,Not Available,2
ST CLOUD VA MEDICAL CENTER,4801 VETERANS DRIVE,ST. CLOUD,MN,56303,(320) 252-1670,VA,,0,N/A,Not Available,0
UNITED HOSPITAL DISTRICT,515 SOUTH MOORE STREET,BLUE EARTH,MN,56013,(507) 526-3273,STANDARD,,0,N/A,Not Available,1
WINDOM AREA HEALTH,"2150 HOSPITAL DRIVE, PO BOX 339",WINDOM,MN,56101,(507) 831-2400,STANDARD,,0,N/A,Not Available,4
COMMUNITY HOSPITAL ASSOCIATION,"26136 US HIGHWAY 59, PO BOX 107",FAIRFAX,MO,64446,(660) 686-2211,STANDARD,,0,N/A,Not Available,1
HERMANN AREA DISTRICT HOSPITAL,509 W 18TH ST,HERMANN,MO,65041,(573) 486-2191,STANDARD,,0,N/A,Not Available,0
IRON COUNTY MEDICAL CENTER,301 NORTH HIGHWAY 21,PILOT KNOB,MO,63663,(573) 546-1260,STANDARD,,0,N/A,Not Available,1
MADISON MEDICAL CENTER,611 W MAIN ST,FREDERICKTOWN,MO,63645,(573) 781-3341,STANDARD,,0,N/A,Not Available,1
MOSAIC MEDICAL CENTER ALBANY,705 N COLLEGE STREET,ALBANY,MO,64402,(660) 726-3941,STANDARD,,0,N/A,Not Available,0
PIKE COUNTY MEMORIAL HOSPITAL,2305 WEST GEORGIA STREET,LOUISIANA,MO,63353,(573) 754-5531,STANDARD,,0,N/A,Not Available,2
RANKEN JORDAN PEDIATRIC BRIDGE HOSPITAL,11365 DORSETT ROAD,MARYLAND HEIGHTS,MO,63043,(314) 872-6400,STANDARD,,0,N/A,Not Available,0
SCOTLAND COUNTY  HOSPITAL,450 E SIGLER AVENUE,MEMPHIS,MO,63555,(660) 465-8511,STANDARD,,0,N/A,Not Available,2
SHRINERS HOSPITALS FOR CHILDREN,4400 CLAYTON AVE,SAINT LOUIS,MO,63110,(314) 432-3600,STANDARD,,0,N/A,Not Available,0
ST LOUIS CHILDRENS HOSPITAL,ONE CHILDRENS PLACE,SAINT LOUIS,MO,63110,(314) 454-6000,STANDARD,,0,N/A,Not Available,0
THE CHILDREN'S MERCY HOSPITAL,2401 GILLHAM ROAD,KANSAS CITY,MO,64108,(816) 234-3000,STANDARD,,0,N/A,Not Available,0
ALLIANCE HEALTH CENTER,5000 HIGHWAY 39 NORTH,MERIDIAN,MS,39301,(601) 483-6211,STANDARD,,0,N/A,Not Available,0
"ALLIANCE HEALTHCARE SYSTEM, INC",1430 MS HIGHWAY 4 E,HOLLY SPRINGS,MS,38635,(662) 252-1212,STANDARD,,0,N/A,Not Available,0
BAPTIST MEDICAL CENTER ATTALA,220 HWY 12 WEST,KOSCIUSKO,MS,39090,(662) 289-4311,STANDARD,,0,N/A,Not Available,2
BEACHAM MEMORIAL HOSPITAL,205 N CHERRY STREET / PO BOX 351,MAGNOLIA,MS,39652,(601) 783-2353,STANDARD,HAC_PENALIZED,0,N/A,Not Available,0
CHOCTAW REGIONAL MEDICAL CENTER,8613 MS HWY 12,ACKERMAN,MS,39735,(662) 285-6235,STANDARD,,0,N/A,Not Available,0
COPIAH COUNTY MEDICAL CENTER,21790 HIGHWAY 28,HAZLEHURST,MS,39083,(601) 894-4541,STANDARD,,0,N/A,Not Available,1
COVINGTON COUNTY HOSPITAL CAH,701 SOUTH HOLLY AVENUE,COLLINS,MS,39428,(601) 765-6711,STANDARD,,0,N/A,Not Available,2
FRANKLIN COUNTY MEMORIAL HOSPITAL,40 UNION CHURCH RD,MEADVILLE,MS,39653,(601) 384-5801,STANDARD,,0,N/A,Not Available,0
JASPER GENERAL HOSPITAL,15 SOUTH 6TH STREET,BAY SPRINGS,MS,39422,(601) 764-2101,STANDARD,,0,N/A,Not Available,0
LAWRENCE COUNTY HOSPITAL CAH,1065 EAST BROAD ST,MONTICELLO,MS,39654,(601) 587-4051,STANDARD,,0,N/A,Not Available,0
MERIT HEALTH WOMEN'S HOSPITAL,1026 RIVER OAKS DRIVE,FLOWOOD,MS,39232,(601) 932-1000,STANDARD,,0,N/A,Not Available,0
MISSISSIPPI METHODIST REHAB CTR,1350 E WOODROW WILSON DR,JACKSON,MS,39216,(601) 981-2611,STANDARD,,0,N/A,Not Available,0
MONROE REGIONAL HOSPITAL,400 SOUTH CHESTNUT STREET,ABERDEEN,MS,39730,(662) 369-2455,STANDARD,,0,N/A,Not Available,0
NESHOBA COUNTY GENERAL HOSPITAL,1001 HOLLAND AVENUE,PHILADELPHIA,MS,39350,(601) 663-1200,STANDARD,,0,N/A,Not Available,0
NORTHWEST MISSISSISSIPPI REGIONAL MEDICAL CENTER,1970 HOSPITAL DRIVE,CLARKSDALE,MS,38614,(662) 627-3211,STANDARD,,0,N/A,Not Available,1
NOXUBEE GENERAL CRITICAL ACCESS HOSP,78 HOSPITAL ROAD,MACON,MS,39341,(662) 726-4231,STANDARD,,0,N/A,Not Available,0
OCHSNER WATKINS HOSPITAL,605 SOUTH ARCHUSA AVENUE,QUITMAN,MS,39355,(601) 776-6925,STANDARD,,0,N/A,Not Available,1
PONTOTOC HEALTH SERVICE INC CAH,176 SOUTH MAIN STREET,PONTOTOC,MS,38863,(662) 489-5510,STANDARD,,0,N/A,Not Available,0
PROGRESSIVE HEALTH GROUP OF HOUSTON,1002 EAST MADISON STREET,HOUSTON,MS,38851,(662) 456-3700,STANDARD,,0,N/A,Not Available,0
QUITMAN COMMUNITY HOSPITAL,340 GETWELL DRIVE,MARKS,MS,38646,(662) 712-2370,STANDARD,,0,N/A,Not Available,0
S E LACKEY MEMORIAL HOSPITAL,330 N BROAD STREET,FOREST,MS,39074,(601) 469-4151,STANDARD,,0,N/A,Not Available,1
SIMPSON GENERAL HOSPITAL CAH,1842 SIMPSON HIGHWAY 149,MENDENHALL,MS,39114,(601) 847-2221,STANDARD,,0,N/A,Not Available,1
WALTHALL COUNTY GENERAL HOSPITAL CAH,100 HOSPITAL DRIVE,TYLERTOWN,MS,39667,(601) 876-2122,STANDARD,,0,N/A,Not Available,2
WINSTON MEDICAL CENTER,17550 EAST MAIN STREET,LOUISVILLE,MS,39339,(662) 779-5124,STANDARD,HAC_PENALIZED,0,N/A,Not Available,2
BEARTOOTH BILLINGS CLINIC,2525 N BROADWAY,RED LODGE,MT,59068,(406) 446-2345,STANDARD,,0,N/A,Not Available,2
BENEFIS TETON MEDICAL CENTER,915 4TH ST NW,CHOTEAU,MT,59422,(406) 466-5763,STANDARD,,0,N/A,Not Available,2
BIG HORN HOSPITAL,17 N MILES,HARDIN,MT,59034,(406) 665-2310,STANDARD,,0,N/A,Not Available,1
BIG SANDY MEDICAL CENTER,166 MONTANA AVE E,BIG SANDY,MT,59520,(406) 378-2188,STANDARD,,0,N/A,Not Available,1
BILLINGS CLINIC BROADWATER,110 N OAK ST,TOWNSEND,MT,59644,(406) 266-3186,STANDARD,,0,N/A,Not Available,0
CABINET PEAKS MEDICAL CENTER,209 HEALTH PARK DR,LIBBY,MT,59923,(406) 283-7000,STANDARD,,0,N/A,Not Available,3
CENTRAL MONTANA MEDICAL CENTER,408 WENDELL AVE,LEWISTOWN,MT,59457,(406) 535-7711,STANDARD,,0,N/A,Not Available,4
CLARK FORK VALLEY HOSPITAL,10 KRUGER RD,PLAINS,MT,59859,(406) 826-4800,STANDARD,,0,N/A,Not Available,2
DAHL MEMORIAL HEALTHCARE ASSOCIATION INC,215 SANDY ST,EKALAKA,MT,59324,(406) 775-8739,STANDARD,,0,N/A,Not Available,0
DANIELS MEMORIAL HOSPITAL,105 5TH AVE E,SCOBEY,MT,59263,(406) 487-2296,STANDARD,,0,N/A,Not Available,0
DEER LODGE MEDICAL CENTER,1100 HOLLENBACK LN,DEER LODGE,MT,59722,(406) 846-2212,STANDARD,,0,N/A,Not Available,1
FALLON MEDICAL COMPLEX HOSPITAL,202 S 4TH ST W,BAKER,MT,59313,(406) 778-3331,STANDARD,,0,N/A,Not Available,0
GARFIELD COUNTY HEALTH CENTER,332 LEAVITT AVE,JORDAN,MT,59337,(406) 557-2500,STANDARD,,0,N/A,Not Available,0
GLENDIVE MEDICAL CENTER,202 PROSPECT DR,GLENDIVE,MT,59330,(406) 345-3306,STANDARD,,0,N/A,Not Available,2
GRANITE COUNTY MEDICAL CENTER,310 SANSOME ST,PHILIPSBURG,MT,59858,(406) 859-3271,STANDARD,,0,N/A,Not Available,0
LIVINGSTON HEALTHCARE,320 ALPENGLOW LANE,LIVINGSTON,MT,59047,(406) 222-3541,STANDARD,,0,N/A,Not Available,6
LOGAN HEALTH - CHESTER,315 W MADISON AVE,CHESTER,MT,59522,(406) 759-5181,STANDARD,,0,N/A,Not Available,1
LOGAN HEALTH - SHELBY,640 PARK AVE,SHELBY,MT,59474,(406) 434-3200,STANDARD,,0,N/A,Not Available,0
MADISON VALLEY MEDICAL CENTER,305 N MAIN,ENNIS,MT,59729,(406) 682-4222,STANDARD,,0,N/A,Not Available,2
MCCONE COUNTY HEALTH CENTER,605 SULLIVAN AVE,CIRCLE,MT,59215,(406) 485-3381,STANDARD,,0,N/A,Not Available,0
MINERAL COMMUNITY HOSPITAL,1208 6TH AVE E,SUPERIOR,MT,59872,(406) 822-4841,STANDARD,,0,N/A,Not Available,0
MISSOURI RIVER MEDICAL CENTER,1501 ST CHARLES ST,FORT BENTON,MT,59442,(406) 622-3331,STANDARD,,0,N/A,Not Available,0
MOUNTAINVIEW MEDICAL CENTER,16 W MAIN ST,WHITE SULPHUR SPRING,MT,59645,(406) 547-3321,STANDARD,,0,N/A,Not Available,0
NORTHERN MONTANA HOSPITAL,30 13TH ST,HAVRE,MT,59501,(406) 265-2211,STANDARD,,0,N/A,Not Available,5
NORTHERN ROCKIES MEDICAL CENTER,802 2ND ST SE,CUT BANK,MT,59427,(406) 873-2251,STANDARD,,0,N/A,Not Available,0
P H S INDIAN HOSPITAL-FT BELKNAP AT HARLEM - CAH,"456 GROS VENTRE AVE, RR 1",HARLEM,MT,59526,(406) 353-3100,STANDARD,,0,N/A,Not Available,0
PHILLIPS COUNTY HOSPITAL - CAH,311 S 8TH AVE E,MALTA,MT,59538,(406) 654-1100,STANDARD,,0,N/A,Not Available,0
PIONEER MEDICAL CENTER,301 W 7TH AVE,BIG TIMBER,MT,59011,(406) 932-4603,STANDARD,,0,N/A,Not Available,0
PONDERA MEDICAL CENTER,805 SUNSET BLVD,CONRAD,MT,59425,(406) 271-3211,STANDARD,,0,N/A,Not Available,0
POPLAR COMMUNITY HOSPITAL,211 H ST E,POPLAR,MT,59255,(406) 768-6100,STANDARD,,0,N/A,Not Available,0
PRAIRIE COMMUNITY CAH,312 S ADAMS,TERRY,MT,59349,(406) 635-5511,STANDARD,,0,N/A,Not Available,0
ROOSEVELT MEDICAL CENTER,818 2ND AVE E,CULBERTSON,MT,59218,(406) 787-6401,STANDARD,,0,N/A,Not Available,0
ROSEBUD HEALTH CARE CENTER,383 N 17TH AV,FORSYTH,MT,59327,(406) 346-2161,STANDARD,,0,N/A,Not Available,0
RUBY VALLEY MEDICAL CENTER,321 MADISON ST,SHERIDAN,MT,59749,(406) 842-5453,STANDARD,,0,N/A,Not Available,2
SHERIDAN MEMORIAL HOSPTIAL,440 W LAUREL AVE,PLENTYWOOD,MT,59254,(406) 765-3700,STANDARD,,0,N/A,Not Available,0
ST LUKE COMMUNITY HOSPITAL,107 6TH AVE SW,RONAN,MT,59864,(406) 676-4441,STANDARD,,0,N/A,Not Available,2
STILLWATER BILLINGS CLINIC,710 N 11TH ST,COLUMBUS,MT,59019,(406) 322-5316,STANDARD,,0,N/A,Not Available,3
TRINITY HOSPITAL,315 KNAPP ST,WOLF POINT,MT,59201,(406) 653-2100,STANDARD,,0,N/A,Not Available,0
WHEATLAND MEMORIAL HOSPITAL,530 3RD ST NW,HARLOWTON,MT,59036,(406) 632-4351,STANDARD,,0,N/A,Not Available,0
ALLEGHANY  MEMORIAL HOSPITAL,233 DOCTORS STREET,SPARTA,NC,28675,(336) 372-5511,STANDARD,,0,N/A,Not Available,1
ANGEL MEDICAL CENTER,124 CENTER COURT PO BOX 1209,FRANKLIN,NC,28734,(828) 524-8411,STANDARD,,0,N/A,Not Available,2
CHATHAM HOSPITAL INC,475 PROGRESS BLVD,SILER CITY,NC,27344,(919) 799-4000,STANDARD,,0,N/A,Not Available,1
HIGHLANDS CASHIERS HOSPITAL,190 HOSPITAL DRIVE,HIGHLANDS,NC,28741,(828) 526-1200,STANDARD,,0,N/A,Not Available,0
LIFEBRITE COMMUNITY HOSPITAL OF STOKES,1570 NC 8 & 89 HWY NORTH,DANBURY,NC,27016,(336) 593-2831,STANDARD,,0,N/A,Not Available,0
WASHINGTON COUNTY HOSP INC,958 US HWY 64 EAST,PLYMOUTH,NC,27962,(252) 793-4135,STANDARD,,0,N/A,Not Available,0
WILMINGTON TREATMENT CENTER,2520 TROY DRIVE,WILMINGTON,NC,28401,(910) 762-2727,STANDARD,HAC_PENALIZED,0,N/A,Not Available,0
ASHLEY MEDICAL CENTER,612 CENTER AVENUE N,ASHLEY,ND,58413,(701) 288-3433,STANDARD,,0,N/A,Not Available,0
CAVALIER COUNTY MEMORIAL HOSPITAL ASSOCIATION,909 2ND ST,LANGDON,ND,58249,(701) 256-6100,STANDARD,,0,N/A,Not Available,0
COOPERSTOWN MEDICAL CENTER,1200 ROBERTS AVE NE,COOPERSTOWN,ND,58425,(701) 797-2221,STANDARD,,0,N/A,Not Available,0
FIRST CARE HEALTH CENTER,115 VIVIAN ST,PARK RIVER,ND,58270,(701) 284-7500,STANDARD,,0,N/A,Not Available,0
HEART OF AMERICA MEDICAL CENTER,800 S MAIN AVE,RUGBY,ND,58368,(701) 776-5261,STANDARD,,0,N/A,Not Available,1
JACOBSON MEMORIAL HOSPITAL CARE CENTER,601 EAST ST N,ELGIN,ND,58533,(701) 584-2792,STANDARD,,0,N/A,Not Available,0
LINTON HOSPITAL - CAH,111 ELM AVE W,LINTON,ND,58552,(701) 254-4511,STANDARD,,0,N/A,Not Available,0
MCKENZIE COUNTY HEALTHCARE SYSTEMS INC,709 4TH AVE NE,WATFORD CITY,ND,58854,(701) 842-3000,STANDARD,,0,N/A,Not Available,2
MOUNTRAIL COUNTY MEDICAL CENTER INC,615 6TH ST SE,STANLEY,ND,58784,(701) 628-2424,STANDARD,,0,N/A,Not Available,0
NELSON COUNTY HEALTH SYSTEM,200 N MAIN ST,MCVILLE,ND,58254,(701) 322-4328,STANDARD,,0,N/A,Not Available,0
PEMBINA COUNTY MEMORIAL HOSPITAL,BOX 380,CAVALIER,ND,58220,(701) 265-8461,STANDARD,,0,N/A,Not Available,2
PRESENTATION MEDICAL CENTER,213 SECOND AVE NE,ROLLA,ND,58367,(701) 477-3161,STANDARD,,0,N/A,Not Available,0
SANFORD HILLSBORO,12 THIRD STREET SE,HILLSBORO,ND,58045,(701) 636-3200,STANDARD,,0,N/A,Not Available,0
SMP HEALTH ST ALOISIUS,325 E BREWSTER ST,HARVEY,ND,58341,(701) 324-4651,STANDARD,,0,N/A,Not Available,1
SOUTH CENTRAL HEALTH,1007 4TH AVE S,WISHEK,ND,58495,(701) 452-2326,STANDARD,,0,N/A,Not Available,0
SOUTHWEST HEALTHCARE SERVICES,802 2ND ST NW,BOWMAN,ND,58623,(701) 523-6555,STANDARD,,0,N/A,Not Available,0
ST ANDREW'S HOSPITAL,316 OHMER STREET,BOTTINEAU,ND,58318,(701) 228-9300,STANDARD,,0,N/A,Not Available,0
ST LUKE'S HOSPITAL,702 1ST ST SW,CROSBY,ND,58730,(701) 965-6384,STANDARD,,0,N/A,Not Available,0
STANDING ROCK SERVICE UNIT,10 NORTH RIVER ROAD,"FORT YATES,",ND,58538,(701) 854-3831,STANDARD,,0,N/A,Not Available,0
TIOGA MEDICAL CENTER,810 N WELO ST,TIOGA,ND,58852,(701) 664-3305,STANDARD,,0,N/A,Not Available,0
TOWNER COUNTY MEDICAL CENTER,7448 HWY 281 N,CANDO,ND,58324,(701) 968-4411,STANDARD,,0,N/A,Not Available,1
TRINITY KENMARE COMMUNITY HOSPITAL,PO BOX 697,KENMARE,ND,58746,(701) 385-4296,STANDARD,,0,N/A,Not Available,0
UNITY MEDICAL CENTER,164 W 13TH STREET,GRAFTON,ND,58237,(701) 352-1620,STANDARD,,0,N/A,Not Available,0
WEST RIVER REGIONAL MEDICAL CENTER,1000 HIGHWAY 12,HETTINGER,ND,58639,(701) 567-4561,STANDARD,,0,N/A,Not Available,1
ANTELOPE MEMORIAL HOSPITAL,"P O BOX 229, 102 WEST 9TH ST",NELIGH,NE,68756,(402) 887-4151,STANDARD,,0,N/A,Not Available,3
BOONE COUNTY HEALTH CENTER,"P O BOX 151, 723 WEST FAIRVIEW ST",ALBION,NE,68620,(402) 395-2191,STANDARD,,0,N/A,Not Available,3
BOYS TOWN NATIONAL RESEARCH HOSPITAL,14000 BOYS TOWN HOSPITAL ROAD,BOYS TOWN,NE,68010,(531) 355-6594,STANDARD,,0,N/A,Not Available,2
BROWN COUNTY HOSPITAL,945 EAST ZERO ST,AINSWORTH,NE,69210,(402) 387-2800,STANDARD,,0,N/A,Not Available,0
CHASE COUNTY COMMUNITY HOSPITAL,"P O BOX 819, 600 W 12TH ST",IMPERIAL,NE,69033,(308) 882-7111,STANDARD,,0,N/A,Not Available,1
CHERRY COUNTY HOSPITAL,510 NORTH GREEN ST,VALENTINE,NE,69201,(402) 376-2525,STANDARD,,0,N/A,Not Available,1
CHI HEALTH NEBRASKA HEART,7500 SOUTH 91ST ST,LINCOLN,NE,68526,(402) 328-3000,STANDARD,,0,N/A,Not Available,1
CHILDREN'S NEBRASKA,8200 DODGE ST,OMAHA,NE,68114,(402) 955-5400,STANDARD,,0,N/A,Not Available,0
"COMMUNITY MEDICAL CENTER, INC","P O BOX 399, 3307 BILL SCHOCK BOULEVARD",FALLS CITY,NE,68355,(402) 245-2428,STANDARD,,0,N/A,Not Available,2
COZAD COMMUNITY HOSPITAL,"P O BOX 108, 300 EAST 12TH ST",COZAD,NE,69130,(308) 784-2261,STANDARD,,0,N/A,Not Available,1
CRETE AREA MEDICAL CENTER,2910 BETTEN DR,CRETE,NE,68333,(402) 826-2102,STANDARD,,0,N/A,Not Available,1
DUNDY COUNTY HOSPITAL,"P O BOX 626, 1313 NORTH CHEYENNE ST",BENKELMAN,NE,69021,(308) 423-2204,STANDARD,,0,N/A,Not Available,0
FILLMORE COUNTY HOSPITAL,"P O BOX 193, 1900 F STREET",GENEVA,NE,68361,(402) 759-3167,STANDARD,,0,N/A,Not Available,1
FRANKLIN COUNTY MEMORIAL HOSPITAL,1406 Q ST,FRANKLIN,NE,68939,(308) 425-6221,STANDARD,,0,N/A,Not Available,0
GARDEN COUNTY HEALTH SERVICES,1100 WEST 2ND ST,OSHKOSH,NE,69154,(308) 772-3283,STANDARD,,0,N/A,Not Available,0
GENOA COMMUNITY HOSPITAL,"P O BOX 310, 706 EWING AVE",GENOA,NE,68640,(402) 993-2283,STANDARD,,0,N/A,Not Available,0
GORDON MEMORIAL HOSPITAL DISTRICT,300 EAST 8TH ST,GORDON,NE,69343,(308) 282-0401,STANDARD,,0,N/A,Not Available,1
HARLAN COUNTY HEALTH SYSTEM,717 BROWN ST,ALMA,NE,68920,(308) 928-2151,STANDARD,,0,N/A,Not Available,0
HENDERSON COMMUNITY HOSPITAL,1621 FRONT STREET,HENDERSON,NE,68371,(402) 723-4512,STANDARD,,0,N/A,Not Available,1
HOWARD COUNTY MEDICAL CENTER,"P O BOX 406, 1113 SHERMAN ST",ST PAUL,NE,68873,(308) 754-4421,STANDARD,,0,N/A,Not Available,1
KIMBALL HEALTH SERVICES,505 SOUTH BURG ST,KIMBALL,NE,69145,(308) 235-1952,STANDARD,,0,N/A,Not Available,1
LINCOLN SURGICAL HOSPITAL,1710 SOUTH 70TH STREET,LINCOLN,NE,68506,(402) 484-9090,STANDARD,,0,N/A,Not Available,5
METHODIST FREMONT HEALTH,450 EAST 23RD ST,FREMONT,NE,68025,(402) 721-1610,STANDARD,,0,N/A,Not Available,7
NEBRASKA ORTHOPAEDIC HOSPITAL,2808 SOUTH 143RD PLAZA,OMAHA,NE,68144,(402) 609-3000,STANDARD,,0,N/A,Not Available,0
"NEBRASKA SPINE HOSPITAL, LLC","6901 NORTH 72ND ST, STE 20300",OMAHA,NE,68122,(402) 572-3000,STANDARD,,0,N/A,Not Available,0
NIOBRARA VALLEY HOSPITAL,"P O BOX 118, 401 SOUTH 5TH STREET",LYNCH,NE,68746,(402) 569-2451,STANDARD,,0,N/A,Not Available,1
PAWNEE COUNTY MEMORIAL HOSPITAL,600 I STREET,PAWNEE CITY,NE,68420,(402) 852-2231,STANDARD,,0,N/A,Not Available,1
PERKINS COUNTY HEALTH SERVICES,900 LINCOLN AVE,GRANT,NE,69140,(308) 352-7200,STANDARD,,0,N/A,Not Available,3
PROVIDENCE MEDICAL CENTER,1200 PROVIDENCE RD,WAYNE,NE,68787,(402) 375-3800,STANDARD,,0,N/A,Not Available,2
ROCK COUNTY HOSPITAL,102 EAST SOUTH STREET,BASSETT,NE,68714,(402) 684-3366,STANDARD,,0,N/A,Not Available,0
SAUNDERS MEDICAL CENTER,1760 COUNTY RD J,WAHOO,NE,68066,(402) 443-4191,STANDARD,,0,N/A,Not Available,1
SIDNEY REGIONAL MEDICAL CENTER,1000 POLE CREEK CROSSING,SIDNEY,NE,69162,(308) 254-5825,STANDARD,,0,N/A,Not Available,2
SYRACUSE AREA HEALTH,2731 HEALTHCARE DR,SYRACUSE,NE,68446,(402) 269-2011,STANDARD,,0,N/A,Not Available,1
VALLEY COUNTY HEALTH SYSTEM,2707 L STREET,ORD,NE,68862,(308) 728-4200,STANDARD,,0,N/A,Not Available,2
WEBSTER COUNTY COMMUNITY HOSPITAL,"P O BOX 465, 621 N FRANKLIN ST",RED CLOUD,NE,68970,(402) 746-5600,STANDARD,,0,N/A,Not Available,0
WEST HOLT MEMORIAL HOSPITAL,406 W NEELY ST,ATKINSON,NE,68713,(402) 925-2811,STANDARD,,0,N/A,Not Available,0
YORK GENERAL HEALTH CARE SERVICES,2222 LINCOLN AVE,YORK,NE,68467,(402) 362-6671,STANDARD,,0,N/A,Not Available,1
"MEMORIAL HOSPITAL, THE",3073 WHITE MOUNTAIN HIGHWAY,NORTH CONWAY,NH,3860,(603) 356-5461,STANDARD,,0,N/A,Not Available,2
CHILDREN'S SPECIALIZED HOSPITAL,200 SOMERSET ST,NEW BRUNSWICK,NJ,8901,(732) 258-7050,STANDARD,,0,N/A,Not Available,0
WEISMAN CHILDRENS REHABILITATION HOSPITAL,"92 BRICK ROAD, 3RD FLOOR",MARLTON,NJ,8053,(856) 489-4520,STANDARD,,0,N/A,Not Available,0
ALTA VISTA REGIONAL HOSPITAL,104 LEGION DRIVE,LAS VEGAS,NM,87701,(505) 426-3930,STANDARD,,0,N/A,Not Available,0
REHOBOTH MCKINLEY CHRISTIAN HEALTH CARE SERVICES,1901 RED ROCK DRIVE,GALLUP,NM,87301,(505) 863-7000,STANDARD,,0,N/A,Not Available,1
SANTA FE PHS INDIAN HOSPITAL,1700 CERRILLOS ROAD,SANTA FE,NM,87501,(505) 988-9821,STANDARD,HAC_PENALIZED,0,N/A,Not Available,0
UNION COUNTY GENERAL HOSPITAL,300 WILSON STREET,CLAYTON,NM,88415,(575) 374-7001,STANDARD,,0,N/A,Not Available,0
BATTLE MOUNTAIN GENERAL HOSPITAL,535 SOUTH HUMBOLDT STREET,BATTE MTN,NV,89820,(775) 635-2550,STANDARD,,0,N/A,Not Available,0
BOULDER CITY HOSPITAL,901 ADAMS BLVD,BOULDER CITY,NV,89005,(702) 293-4111,STANDARD,,0,N/A,Not Available,0
DESERT VIEW HOSPITAL,360 SOUTH LOLA LANE,PAHRUMP,NV,89048,(775) 751-7500,STANDARD,,0,N/A,Not Available,0
GROVER C DILS MEDICAL CENTER,"700 N SPRING ST, BOX 1010-C-ADM BLDG",CALIENTE,NV,89008,(775) 726-3171,STANDARD,,0,N/A,Not Available,0
HARMON HOSPITAL,2170 EAST HARMON AVENUE,LAS VEGAS,NV,89119,(702) 794-0100,STANDARD,HAC_PENALIZED,0,N/A,Not Available,0
HUMBOLDT GENERAL HOSPITAL,118 EAST HASKELL STREET,WINNEMUCCA,NV,89445,(775) 623-5222,STANDARD,,0,N/A,Not Available,0
INCLINE VILLAGE COMMUNITY HOSPITAL,880 ALDER STREET,INCLINE VILLAGE,NV,89451,(775) 833-4100,STANDARD,,0,N/A,Not Available,3
MOUNT GRANT GENERAL HOSPITAL,200 SOUTH A ST,HAWTHORNE,NV,89415,(702) 945-2461,STANDARD,,0,N/A,Not Available,0
PERSHING GENERAL HOSPITAL,855 6TH STREET/PO BOX 661,LOVELOCK,NV,89419,(775) 273-2621,STANDARD,,0,N/A,Not Available,0
SOUTH LYON MEDICAL CENTER,213 S WHITACRE/PO BOX 940,YERINGTON,NV,89447,(775) 781-3761,STANDARD,,0,N/A,Not Available,1
BLYTHEDALE CHILDREN'S HOSPITAL,95 BRADHURST AVENUE,VALHALLA,NY,10595,(914) 592-7555,STANDARD,,0,N/A,Not Available,0
"CARTHAGE AREA HOSPITAL, INC",1001 WEST STREET,CARTHAGE,NY,13619,(315) 493-1000,STANDARD,,0,N/A,Not Available,2
"CUBA MEMORIAL HOSPITAL, INC",140 WEST MAIN STREET,CUBA,NY,14727,(585) 961-2000,STANDARD,,0,N/A,Not Available,0
GARNET HEALTH MEDICAL CENTER CATSKILLS,8081 STATE ROUTE 97,CALLICOON,NY,12723,(845) 887-5530,STANDARD,,0,N/A,Not Available,0
HELEN HAYES HOSPITAL,51 NORTH ROUTE 9W,WEST HAVERSTRAW,NY,10993,(845) 786-4000,STANDARD,,0,N/A,Not Available,0
Keller ACH (West Point),900 Washington Rd,West Point,NY,10996,(845) 938-4034,STANDARD,,0,N/A,Not Available,0
LEWIS COUNTY GENERAL HOSPITAL,7785 NORTH STATE STREET,LOWVILLE,NY,13367,(315) 376-5200,STANDARD,,0,N/A,Not Available,4
MEDINA MEMORIAL HOSPITAL,200 OHIO STREET,MEDINA,NY,14103,(585) 798-8111,STANDARD,,0,N/A,Not Available,1
RIVER HOSPITAL CLINICS,4 FULLER STREET,ALEXANDRIA BAY,NY,13607,(315) 482-2511,STANDARD,,0,N/A,Not Available,6
SCHUYLER HOSPITAL,220 STEUBEN STREET,MONTOUR FALLS,NY,14865,(607) 530-7121,STANDARD,,0,N/A,Not Available,3
"SLHS MASSENA, INC",1 HOSPITAL DRIVE,MASSENA,NY,13662,(315) 769-4234,STANDARD,,0,N/A,Not Available,4
UNITY SPECIALTY HOSPITAL,89 GENESEE STREET,ROCHESTER,NY,14611,(585) 723-7000,STANDARD,HAC_PENALIZED,0,N/A,Not Available,0
VA NEW YORK HARBOR HEALTHCARE SYSTEM - NY DIV.,423 EAST 23RD STREET,NEW YORK,NY,10010,(212) 686-7500,STANDARD,,0,N/A,Not Available,0
WYOMING COUNTY,400 NORTH MAIN STREET,WARSAW,NY,14569,(585) 786-8940,STANDARD,,0,N/A,Not Available,2
ADAMS COUNTY REGIONAL MEDICAL CENTER,230 MEDICAL CENTER DRIVE,SEAMAN,OH,45679,(937) 386-3400,STANDARD,,0,N/A,Not Available,1
AKRON CHILDREN'S HOSPITAL,1 PERKINS SQUARE,AKRON,OH,44308,(330) 543-8290,STANDARD,,0,N/A,Not Available,0
AULTMAN ORRVILLE HOSPITAL,832 SOUTH MAIN STREET,ORRVILLE,OH,44667,(330) 682-3010,STANDARD,,0,N/A,Not Available,5
CHILLICOTHE VA MEDICAL CENTER,17273 STATE ROUTE 104,CHILLICOTHE,OH,45601,(740) 773-1141,VA,,0,N/A,Not Available,0
CINCINNATI CHILDREN'S HOSPITAL MEDICAL CENTER,3333 BURNET AVENUE,CINCINNATI,OH,45229,(513) 636-3333,STANDARD,,0,N/A,Not Available,3
CLEVELAND CLINIC CHILDREN'S HOSPITAL FOR REHAB,"2801 MARTIN LUTHER KING, JR DRIVE",CLEVELAND,OH,44104,(216) 448-6400,STANDARD,,0,N/A,Not Available,0
COMMUNITY HOSPITALS AND WELLNESS CENTERS,909 EAST SNYDER AVENUE,MONTPELIER,OH,43543,(419) 636-1131,STANDARD,,0,N/A,Not Available,0
CRYSTAL CLINIC ORTHOPAEDIC CENTER,444 NORTH MAIN STREET,AKRON,OH,44310,(330) 670-4152,STANDARD,,0,N/A,Not Available,1
DAYTON CHILDRENS HOSPITAL,1 CHILDRENS PLZ,DAYTON,OH,45404,(937) 641-5509,STANDARD,,0,N/A,Not Available,0
GLENBEIGH HEALTH SOURCES,2863 STATE ROUTE 45,ROCK CREEK,OH,44084,(440) 563-3400,STANDARD,,0,N/A,Not Available,0
HIGHLAND DISTRICT HOSPITAL,1275 NORTH HIGH STREET,HILLSBORO,OH,45133,(937) 393-6100,STANDARD,,0,N/A,Not Available,5
HOCKING VALLEY COMMUNITY HOSPITAL,601 STATE ROUTE 664N,LOGAN,OH,43138,(740) 380-8000,STANDARD,,0,N/A,Not Available,6
INSTITUTE FOR ORTHOPAEDIC SURGERY,"801 MEDICAL DRIVE, SUITE B",LIMA,OH,45804,(419) 224-7586,STANDARD,,0,N/A,Not Available,1
LODI COMMUNITY HOSPITAL,225 ELYRIA STREET,LODI,OH,44254,(330) 948-1222,STANDARD,,0,N/A,Not Available,3
MEMORIAL HOSPITAL,715 SOUTH TAFT AVENUE,FREMONT,OH,43420,(419) 334-6617,STANDARD,HAC_PENALIZED,0,N/A,Not Available,8
MERCY HEALTH - DEFIANCE HOSPITAL,1404 EAST SECOND STREET,DEFIANCE,OH,43512,(419) 782-8444,STANDARD,,0,N/A,Not Available,3
MORROW COUNTY HOSPITAL,651 WEST MARION ROAD,MOUNT GILEAD,OH,43338,(419) 946-5015,STANDARD,,0,N/A,Not Available,1
MOUNT CARMEL NEW ALBANY SURGICAL HOSPITAL,7333 SMITH'S MILL ROAD,NEW ALBANY,OH,43054,(614) 775-6600,STANDARD,,0,N/A,Not Available,2
NATIONWIDE CHILDREN'S HOSPITAL,700 CHILDREN'S DRIVE,COLUMBUS,OH,43205,(614) 722-2000,STANDARD,,0,N/A,Not Available,0
"NATIONWIDE CHILDREN'S HOSPITAL TOLEDO, LLC",2213 CHERRY STREET,TOLEDO,OH,43608,(419) 251-3232,STANDARD,,0,N/A,Not Available,0
PAULDING COUNTY HOSPITAL,1035 WEST WAYNE ST.,PAULDING,OH,45879,(419) 399-4080,STANDARD,,0,N/A,Not Available,1
RAINBOW BABIES AND CHILDRENS HOSPITAL,11100 EUCLID AVENUE,CLEVELAND,OH,44106,(216) 844-1000,STANDARD,,0,N/A,Not Available,0
SHRINERS HOSPITALS FOR CHILDREN,"1 CHILDREN'S PLAZA, 2 WEST",DAYTON,OH,45404,(513) 872-6000,STANDARD,,0,N/A,Not Available,0
UNIVERSITY HOSPITALS CONNEAUT MEDICAL CENTER,158 WEST MAIN ROAD,CONNEAUT,OH,44030,(440) 593-1131,STANDARD,,0,N/A,Not Available,2
ARBUCKLE MEMORIAL HOSPITAL,2011 WEST BROADWAY,SULPHUR,OK,73086,(580) 622-2161,STANDARD,,0,N/A,Not Available,5
ASCENSION ST JOHN NOWATA,237 SOUTH LOCUST STREET,NOWATA,OK,74048,(918) 273-3102,STANDARD,,0,N/A,Not Available,0
ASCENSION ST JOHN SAPULPA,1004 EAST BRYAN,SAPULPA,OK,74066,(918) 224-4280,STANDARD,,0,N/A,Not Available,0
CARNEGIE TRI-COUNTY MUNICIPAL HOSPITAL,102 NORTH BROADWAY,CARNEGIE,OK,73015,(580) 654-1050,STANDARD,,0,N/A,Not Available,0
CARRUS LAKESIDE HOSPITAL,700 WEST 7TH STREET,BRISTOW,OK,74010,(918) 367-2215,STANDARD,,0,N/A,Not Available,0
CIMARRON MEMORIAL HOSPITAL,100 SOUTH ELLIS,BOISE CITY,OK,73933,(580) 544-2501,STANDARD,,0,N/A,Not Available,0
CORDELL MEMORIAL HOSPITAL,1220 NORTH GLENN ENGLISH STREET,CORDELL,OK,73632,(580) 832-3339,STANDARD,,0,N/A,Not Available,1
CREEK NATION COMMUNITY HOSPITAL,1800 E COPLIN,OKEMAH,OK,74859,(918) 623-1424,STANDARD,,0,N/A,Not Available,0
DRUMRIGHT REGIONAL HOSPITAL,610 WEST BYPASS,DRUMRIGHT,OK,74030,(918) 382-2300,STANDARD,,0,N/A,Not Available,0
EASTERN OKLAHOMA MEDICAL CENTER,105 WALL STREET,POTEAU,OK,74953,(918) 647-8161,STANDARD,,0,N/A,Not Available,1
EXCEPTIONAL COMMUNITY HOSPITAL ARDMORE,1641 WOERZ WAY,ARDMORE,OK,73401,(469) 341-7800,STANDARD,,0,N/A,Not Available,0
FAIRVIEW REGIONAL MEDICAL CENTER AUTHORITY,523 EAST STATE ROAD,FAIRVIEW,OK,73737,(580) 227-3721,STANDARD,,0,N/A,Not Available,3
"HASKELL REGIONAL HOSPITAL, INC",401 NORTHWEST H STREET,STIGLER,OK,74462,(918) 967-4682,STANDARD,,0,N/A,Not Available,0
HOLDENVILLE GENERAL HOSPITAL,100 MCDOUGAL DRIVE,HOLDENVILLE,OK,74848,(405) 379-4200,STANDARD,,0,N/A,Not Available,1
J D MCCARTY CENTER FOR CHILDREN,2002 EAST ROBINSON,NORMAN,OK,73071,(405) 307-2800,STANDARD,,0,N/A,Not Available,0
"LAKESIDE WOMEN'S HOSPITAL, A MEMBER OF INTEGRIS HE",11200 NORTH PORTLAND AVENUE,OKLAHOMA CITY,OK,73120,(405) 936-1500,STANDARD,,0,N/A,Not Available,1
LINDSAY MUNICIPAL HOSPITAL,1305 W CHEROKEE STREET - HIGHWAY 19 WEST,LINDSAY,OK,73052,(405) 756-1404,STANDARD,HAC_PENALIZED,0,N/A,Not Available,0
MANGUM REGIONAL MEDICAL CENTER,1 WICKERSHAM DRIVE,MANGUM,OK,73554,(580) 782-3353,STANDARD,,0,N/A,Not Available,0
MCBRIDE ORTHOPEDIC HOSPITAL,9600 NORTH BROADWAY EXTENSION,OKLAHOMA CITY,OK,73114,(405) 486-2100,STANDARD,,0,N/A,Not Available,2
OKLAHOMA CENTER FOR ORTHOPAEDIC & MULTI-SP,8100 SOUTH WALKER BLDG C,OKLAHOMA CITY,OK,73139,(405) 602-6500,STANDARD,,0,N/A,Not Available,12
OKLAHOMA SPINE HOSPITAL,14101 PARKWAY COMMONS DRIVE,OKLAHOMA CITY,OK,73134,(405) 749-2700,STANDARD,,0,N/A,Not Available,1
ONECORE HEALTH,100 NE 85TH STREET,OKLAHOMA CITY,OK,73114,(405) 631-3085,STANDARD,,0,N/A,Not Available,8
"PAWHUSKA HOSPITAL, INC",1101 EAST 15TH STREET,PAWHUSKA,OK,74056,(918) 287-3232,STANDARD,,0,N/A,Not Available,0
PRAGUE REGIONAL MEMORIAL HOSPITAL,1322 KLABZUBA AVENUE,PRAGUE,OK,74864,(405) 567-4922,STANDARD,,0,N/A,Not Available,0
ROGER MILLS MEMORIAL HOSPITAL,501 SOUTH L L MALES AVENUE,CHEYENNE,OK,73628,(580) 497-3336,STANDARD,,0,N/A,Not Available,0
RURAL WELLNESS FAIRFAX HOSPITAL,40 HOSPITAL ROAD,FAIRFAX,OK,74637,(918) 642-3291,STANDARD,,0,N/A,Not Available,0
RURAL WELLNESS STROUD HOSPITAL,2308 HIGHWAY 66 WEST,STROUD,OK,74079,(918) 968-3571,STANDARD,,0,N/A,Not Available,0
SEILING MUNICIPAL HOSPITAL,809 NE HIGHWAY 60,SEILING,OK,73663,(580) 922-7361,STANDARD,,0,N/A,Not Available,0
"THE CHILDREN'S CENTER, INC",6800 NW 39TH EXPRESSWAY,BETHANY,OK,73008,(405) 789-6711,STANDARD,,0,N/A,Not Available,0
THE PHYSICIANS' HOSPITAL IN ANADARKO,1002 E CENTRAL BLVD,ANADARKO,OK,73005,(405) 247-8236,STANDARD,,0,N/A,Not Available,0
VALLEY COMMUNITY HOSPITAL,100 VALLEY DRIVE,PAULS VALLEY,OK,73075,(405) 866-5100,STANDARD,HAC_PENALIZED,0,N/A,Not Available,0
"WEATHERFORD REGIONAL HOSPITAL, INC OF WEATHERFORD",3701 E MAIN,WEATHERFORD,OK,73096,(580) 772-5551,STANDARD,,0,N/A,Not Available,3
BLUE MOUNTAIN HOSPITAL,170 FORD ROAD,JOHN DAY,OR,97845,(541) 575-1311,STANDARD,,0,N/A,Not Available,2
COLUMBIA MEMORIAL HOSPITAL,2111 EXCHANGE STREET,ASTORIA,OR,97103,(503) 325-4321,STANDARD,,0,N/A,Not Available,5
COQUILLE VALLEY HOSPITAL,940 EAST 5TH STREET,COQUILLE,OR,97423,(541) 396-3101,STANDARD,,0,N/A,Not Available,0
SALEM HEALTH WEST VALLEY HOSPITAL,525 SE WASHINGTON STREET,DALLAS,OR,97338,(503) 623-8301,STANDARD,,0,N/A,Not Available,6
SHRINERS HOSPITAL FOR CHILDREN - PORTLAND,3101 SW SAM JACKSON PARK ROAD,PORTLAND,OR,97239,(541) 241-5090,STANDARD,,0,N/A,Not Available,0
VA ROSEBURG HEALTHCARE SYSTEM,913 NW GARDEN VALLEY BLVD.,ROSEBURG,OR,97471,(541) 440-1000,STANDARD,,0,N/A,Not Available,0
ADVANCED SURGICAL HOSPITAL,100 TRICH DRIVE,WASHINGTON,PA,15301,(724) 884-0710,STANDARD,,0,N/A,Not Available,0
CHILDREN'S HOME OF PITTSBURGH,5324 PENN AVENUE,PITTSBURGH,PA,15224,(412) 441-4884,STANDARD,,0,N/A,Not Available,0
CHILDREN'S HOSPITAL OF PHILADELPHIA,3401 CIVIC CENTER BLVD,PHILADELPHIA,PA,19104,(215) 590-1000,STANDARD,,0,N/A,Not Available,0
COATESVILLE VA MEDICAL CENTER,1400 BLACK HORSE HILL ROAD,COATESVILLE,PA,19320,(610) 384-7711,VA,,0,N/A,Not Available,0
EAGLEVILLE HOSPITAL,100 EAGLEVILLE RD,EAGLEVILLE,PA,19403,(610) 539-6000,STANDARD,,0,N/A,Not Available,0
KENSINGTON HOSPITAL,136 W DIAMOND STREET,PHILADELPHIA,PA,19122,(215) 426-8100,STANDARD,HAC_PENALIZED,0,N/A,Not Available,0
LEHIGH VALLEY HOSPITAL - MACUNGIE,3369 STATE ROUTE 100,MACUNGIE,PA,18062,(835) 215-5500,STANDARD,,0,N/A,Not Available,2
OSS ORTHOPAEDIC HOSPITAL,1861 POWDER MILL RD,YORK,PA,17402,(717) 718-2000,STANDARD,,0,N/A,Not Available,0
ROTHMAN ORTHOPAEDIC SPECIALTY HOSPITAL,3300 TILLMAN DRIVE,BENSALEM,PA,19020,(215) 244-7400,STANDARD,,0,N/A,Not Available,0
SHRINERS HOSPITALS FOR CHILDREN - PHILADELPHIA,3551 N BROAD STREET,PHILADELPHIA,PA,19104,(215) 430-4000,STANDARD,,0,N/A,Not Available,0
ST CHRISTOPHER'S HOSPITAL FOR CHILDREN,160 EAST ERIE AVE,PHILADELPHIA,PA,19134,(215) 427-5000,STANDARD,,0,N/A,Not Available,0
UPMC CHILDREN'S HOSPITAL OF PITTSBURGH,ONE CHILDREN'S HOSPITAL DRIVE,PITTSBURGH,PA,15224,(412) 692-5325,STANDARD,,0,N/A,Not Available,0
WILLS EYE HOSPITAL,840 WALNUT STREET,PHILADELPHIA,PA,19107,(215) 440-3100,STANDARD,,0,N/A,Not Available,0
NH Beaufort,1 Pinckney Blvd,Beaufort,SC,29902,(843) 228-5200,STANDARD,,0,N/A,Not Available,0
SHRINERS HOSPITALS FOR CHILDREN,950 WEST FARIS ROAD,GREENVILLE,SC,29605,(864) 271-3444,STANDARD,,0,N/A,Not Available,0
UNION MEDICAL CENTER,322 WEST SOUTH STREET,UNION,SC,29379,(864) 301-2000,STANDARD,HAC_PENALIZED,0,N/A,Not Available,9
AVERA FLANDREAU HOSPITAL - CAH,214 NORTH PRAIRIE STREET,FLANDREAU,SD,57028,(605) 997-2433,STANDARD,,0,N/A,Not Available,0
AVERA HEART HOSPITAL OF SOUTH DAKOTA,4500 W 69TH ST,SIOUX FALLS,SD,57108,(605) 977-7000,STANDARD,,0,N/A,Not Available,2
AVERA QUEEN OF PEACE,525 NORTH FOSTER STREET,MITCHELL,SD,57301,(605) 995-2000,STANDARD,,0,N/A,Not Available,2
BENNETT COUNTY HOSPITAL AND NURSING HOME - CAH,102 MAJOR ALLEN   POST OFFICE BOX 70D,MARTIN,SD,57551,(605) 685-6622,STANDARD,,0,N/A,Not Available,0
BOWDLE HOSPITAL - CAH,8001 W 5TH  POST OFFICE BOX 556,BOWDLE,SD,57428,(605) 285-6146,STANDARD,,0,N/A,Not Available,0
EAGLE BUTTE INDIAN HEALTH SERVICE HOSPITAL,24276 166TH AIRPORT ROAD,EAGLE BUTTE,SD,57625,(605) 964-3005,STANDARD,,0,N/A,Not Available,0
LIFESCAPE,2501 W 26TH ST,SIOUX FALLS,SD,57105,(605) 444-9500,STANDARD,,0,N/A,Not Available,0
REHAB & CRITICAL CARE HOSPITAL OF THE BLACK HILLS,2115 PROMISE ROAD,RAPID CITY,SD,57701,(605) 646-6040,STANDARD,,0,N/A,Not Available,0
ASCENSION SAINT THOMAS THREE RIVERS,451 HIGHWAY 13 SOUTH,WAVERLY,TN,37185,(931) 296-4203,STANDARD,,0,N/A,Not Available,0
BIG SOUTH FORK MEDICAL CENTER,18797 ALBERTA STREET,ONEIDA,TN,37841,(423) 286-5300,STANDARD,,0,N/A,Not Available,0
DELTA SPECIALTY HOSPITAL,3000 GETWELL RD,MEMPHIS,TN,38118,(901) 369-8100,STANDARD,,0,N/A,Not Available,0
EAST TENNESSEE CHILDRENS HOSPITAL,2018 CLINCH AVE SW,KNOXVILLE,TN,37916,(865) 541-8000,STANDARD,,0,N/A,Not Available,0
ERLANGER BLEDSOE HOSPITAL,71 WHEELERTOWN AVENUE,PIKEVILLE,TN,37367,(423) 447-2112,STANDARD,,0,N/A,Not Available,2
HAYWOOD COUNTY COMMUNITY HOSPITAL,2545 NORTH WASHINGTON AVENUE,BROWNSVILLE,TN,38012,(731) 968-3646,STANDARD,HAC_PENALIZED,0,N/A,Not Available,0
JOHNSON COUNTY COMMUNITY HOSPITAL,1901 S SHADY ST,MOUNTAIN CITY,TN,37683,(423) 727-1110,STANDARD,,0,N/A,Not Available,1
LAUDERDALE COMMUNITY HOSPITAL,340 ASBURY AVENUE,RIPLEY,TN,38063,(731) 221-2200,STANDARD,,0,N/A,Not Available,0
MARSHALL MEDICAL CENTER,1080 NORTH ELLINGTON PARKWAY,LEWISBURG,TN,37091,(931) 359-6276,STANDARD,,0,N/A,Not Available,4
SAINT THOMAS HICKMAN HOSPITAL,135 EAST SWAN STREET,CENTERVILLE,TN,37033,(931) 729-4271,STANDARD,,0,N/A,Not Available,0
SAINT THOMAS HOSPITAL FOR SPINAL SURGERY,2011 MURPHY AVENUE,NASHVILLE,TN,37203,(615) 515-8200,STANDARD,HAC_PENALIZED,0,N/A,Not Available,0
ST JUDE CHILDRENS RESEARCH HOSPITAL,262 DANNY THOMAS PLACE,MEMPHIS,TN,38105,(901) 495-3300,STANDARD,,0,N/A,Not Available,0
TRUSTPOINT HOSPITAL,1009 NORTH THOMPSON LANE,MURFREESBORO,TN,37129,(615) 867-1111,STANDARD,,0,N/A,Not Available,0
ADVANCED DALLAS HOSPITALS AND CLINICS,7502 GREENVILLE AVENUE,DALLAS,TX,75231,(214) 221-6000,STANDARD,HAC_PENALIZED,0,N/A,Not Available,0
ALTUS BAYTOWN HOSPITAL,1626 W BAKER ROAD,BAYTOWN,TX,77521,(281) 837-7600,STANDARD,,0,N/A,Not Available,0
"ALTUS HOUSTON HOSPITAL, LP",6011 W SAM HOUSTON PKWY SOUTH,HOUSTON,TX,77072,(713) 773-0556,STANDARD,,0,N/A,Not Available,0
ASPIRE HOSPITAL,"2006 SOUTH LOOP 336 WEST, SUITE 500",CONROE,TX,77304,(936) 647-3500,STANDARD,,0,N/A,Not Available,8
BALLINGER MEMORIAL HOSPITAL,608 AVENUE B,BALLINGER,TX,76821,(325) 365-2531,STANDARD,,0,N/A,Not Available,0
BAYLOR SCOTT & WHITE HEART & VASCULAR HOSPITAL - DALLAS,621 NORTH HALL STREET,DALLAS,TX,75226,(214) 820-0670,STANDARD,,0,N/A,Not Available,6
BAYLOR SCOTT & WHITE MEDICAL CENTER - BUDA,5330 OVERPASS ROAD SUITE 110,BUDA,TX,78610,(737) 999-6200,STANDARD,,0,N/A,Not Available,1
BAYLOR SCOTT & WHITE MEDICAL CENTER PFLUGERVILLE,2600 EAST  PFLUGERVILLE  PARKWAY,PFLUGERVILLE,TX,78660,(512) 654-6100,STANDARD,,0,N/A,Not Available,4
BAYLOR SCOTT & WHITE MEDICAL CENTER- AUSTIN,5245 W US 290,AUSTIN,TX,78735,(512) 654-2100,STANDARD,,0,N/A,Not Available,2
BAYLOR SCOTT & WHITE MEDICAL CENTER- WAXAHACHIE,2400 N INTERSTATE HIGHWAY 35E,WAXAHACHIE,TX,75165,(972) 923-7000,STANDARD,HAC_PENALIZED,0,N/A,Not Available,9
BAYLOR SOTT & WHITE THE HEART HOSPITAL PLANO,1100 ALLIED DRIVE,PLANO,TX,75093,(469) 814-3278,STANDARD,,0,N/A,Not Available,8
BRUSHY CREEK FAMILY HOSPITAL LLC,230 DEER RIDGE DR,ROUND ROCK,TX,78681,(512) 766-1400,STANDARD,,0,N/A,Not Available,0
CHILDREN'S HOSPITAL OF SAN ANTONIO,333 N SANTA ROSA ST,SAN ANTONIO,TX,78207,(210) 704-3342,STANDARD,,0,N/A,Not Available,1
CHILDRENS MEDICAL CENTER PLANO,7601 PRESTON ROAD,PLANO,TX,75024,(214) 456-1792,STANDARD,,0,N/A,Not Available,0
CHILDRENS MEDICAL CTR OF DALLAS,1935 MEDICAL DISTRICT DRIVE,DALLAS,TX,75235,(214) 456-7000,STANDARD,,0,N/A,Not Available,0
CHRISTUS GOOD SHEPHERD MEDICAL CENTER,700 E MARSHALL AVE,LONGVIEW,TX,75601,(903) 927-6712,STANDARD,,0,N/A,Not Available,8
CHRISTUS MOTHER FRANCES HOSPITAL- WINNSBORO,719 WEST COKE ROAD,WINNSBORO,TX,75494,(903) 342-5227,STANDARD,,0,N/A,Not Available,0
CLEVELAND EMERGENCY HOSPITAL,"8901 FM 1960 BYPASS RD W, SUITE 105",HUMBLE,TX,77338,(281) 592-5400,STANDARD,,0,N/A,Not Available,0
COCHRAN MEMORIAL HOSPITAL,205 E GRANT STREET,MORTON,TX,79346,(806) 266-5565,STANDARD,,0,N/A,Not Available,0
CONCHO COUNTY HOSPITAL,614 EAKER STREET,EDEN,TX,76837,(915) 869-5911,STANDARD,,0,N/A,Not Available,0
COOK CHILDRENS MEDICAL CENTER,801 SEVENTH AVENUE,FORT WORTH,TX,76104,(682) 885-4000,STANDARD,,0,N/A,Not Available,1
COOK CHILDRENS MEDICAL CENTER PROSPER,4100 W UNIVERSITY DRIVE,PROSPER,TX,75078,(945) 204-4100,STANDARD,,0,N/A,Not Available,0
CORNERSTONE REGIONAL HOSPITAL,2302 CORNERSTONE BOULEVARD,EDINBURG,TX,78539,(956) 618-4444,STANDARD,,0,N/A,Not Available,0
COVENANT CHILDRENS HOSPITAL,4015 22ND PLACE,LUBBOCK,TX,79410,(806) 725-7975,STANDARD,,0,N/A,Not Available,10
CROCKETT MEDICAL CENTER,1100 E LOOP 304,CROCKETT,TX,75835,(936) 546-3890,STANDARD,,0,N/A,Not Available,1
DELL CHILDREN'S MEDICAL CENTER,4900 MUELLER BLVD,AUSTIN,TX,78723,(512) 324-0000,STANDARD,,0,N/A,Not Available,0
DIMMIT REGIONAL HOSPITAL,704 HOSPITAL DRIVE,CARRIZO SPRINGS,TX,78834,(830) 876-2424,STANDARD,,0,N/A,Not Available,0
DRISCOLL CHILDREN'S HOSPITAL RIO GRANDE VALLEY,2820 W MICHAELANGELO DRIVE,EDINBURG,TX,78539,(361) 694-5041,STANDARD,,0,N/A,Not Available,0
DRISCOLL CHILDRENS HOSPITAL,3533 S ALAMEDA,CORPUS CHRISTI,TX,78411,(361) 739-4846,STANDARD,,0,N/A,Not Available,0
EAST HOUSTON MEDICAL CENTER,15149 WALLISVILLE ROAD,HOUSTON,TX,77049,(281) 988-9800,STANDARD,HAC_PENALIZED,0,N/A,Not Available,1
EASTLAND MEMORIAL HOSPITAL,304 S DAUGHERTY STREET,EASTLAND,TX,76448,(254) 631-5342,STANDARD,,0,N/A,Not Available,3
EL PASO CHILDREN'S HOSPITAL,4845 ALAMEDA AVENUE,EL PASO,TX,79905,(915) 521-7148,STANDARD,,0,N/A,Not Available,0
ELITE HOSPITAL KINGWOOD,23330 HIGHWAY 59 N,KINGWOOD,TX,77339,(832) 777-6165,STANDARD,HAC_PENALIZED,0,N/A,Not Available,0
EXCEPTIONAL COMMUNITY HOSPITAL LUBBOCK,6401 SPUR 327,LUBBOCK,TX,79424,(469) 341-7800,STANDARD,,0,N/A,Not Available,0
GOLDEN PLAINS COMMUNITY HOSPITAL,100 MEDICAL DRIVE,BORGER,TX,79007,(806) 273-1100,STANDARD,,0,N/A,Not Available,0
GRAHAM REGIONAL MEDICAL CENTER,1301 MONTGOMERY ROAD,GRAHAM,TX,76450,(940) 549-3400,STANDARD,,0,N/A,Not Available,3
HANSFORD COUNTY HOSPITAL,707 ROLAND ST,SPEARMAN,TX,79081,(806) 659-2535,STANDARD,,0,N/A,Not Available,0
HARDEMAN COUNTY MEMORIAL HOSPITAL,402 MERCER ST,QUANAH,TX,79252,(940) 663-2795,STANDARD,,0,N/A,Not Available,0
HEALTHBRIDGE CHILDRENS'S HOSPITAL OF HOUSTON,2929 WOODLAND PARK DRIVE,HOUSTON,TX,77082,(281) 293-7774,STANDARD,,0,N/A,Not Available,0
HEART OF TEXAS MEMORIAL HOSPITAL,2008 NINE ROAD,BRADY,TX,76825,(325) 597-2901,STANDARD,,0,N/A,Not Available,3
HEMPHILL COUNTY HOSPITAL,1020 S 4TH ST,CANADIAN,TX,79014,(806) 323-6622,STANDARD,,0,N/A,Not Available,0
IRAAN GENERAL HOSPITAL,600 HIGHWAY 349 NORTH,IRAAN,TX,79744,(432) 639-2575,STANDARD,,0,N/A,Not Available,0
KNOX COUNTY HOSPITAL,701 SOUTHEAST 5TH STREET,KNOX CITY,TX,79529,(940) 657-3535,STANDARD,,0,N/A,Not Available,0
LILLIAN M HUDSPETH MEMORIAL HOSPITAL,308 HUDSPETH,SONORA,TX,76950,(325) 387-2521,STANDARD,,0,N/A,Not Available,1
MAYHILL HOSPITAL,2809 SOUTH MAYHILL ROAD,DENTON,TX,76208,(940) 239-3000,STANDARD,HAC_AT_RISK,0,N/A,Not Available,0
MEDICAL CITY DECATUR,609 MEDICAL CENTER DRIVE,DECATUR,TX,76234,(940) 627-5921,STANDARD,,0,N/A,Not Available,0
MEDINA REGIONAL HOSPITAL,3100 AVENUE E,HONDO,TX,78861,(830) 426-7700,STANDARD,,0,N/A,Not Available,1
MEMORIAL HOSPITAL,209 NORTHWEST 8TH STREET,SEMINOLE,TX,79360,(432) 758-5811,STANDARD,,0,N/A,Not Available,0
MID COAST MEDICAL CENTER - CENTRAL,200 W OLLIE,LLANO,TX,78643,(325) 247-5040,STANDARD,,0,N/A,Not Available,0
MID COAST MEDICAL CENTER-TRINITY,317 PROSPECT DRIVE,TRINITY,TX,75862,(936) 744-1256,STANDARD,,0,N/A,Not Available,0
MUENSTER MEMORIAL HOSPITAL,605 N MAPLE STREET,MUENSTER,TX,76252,(940) 759-2271,STANDARD,,0,N/A,Not Available,0
NEXUS CHILDRENS HOSPITAL DALLAS,9525 GREENVILLE AVENUE,DALLAS,TX,75243,(945) 258-7900,STANDARD,,0,N/A,Not Available,0
PAMPA REGIONAL MEDICAL CENTER,1 MEDICAL PLAZA,PAMPA,TX,79065,(806) 665-3721,STANDARD,,0,N/A,Not Available,0
PECOS COUNTY MEMORIAL HOSPITAL,387 WEST I 10,FORT STOCKTON,TX,79735,(432) 336-2004,STANDARD,,0,N/A,Not Available,0
RANKIN HOSPITAL MEDICAL CLINIC,1611 SPUR 576,RANKIN,TX,79778,(432) 693-2443,STANDARD,,0,N/A,Not Available,0
REFUGIO COUNTY MEMORIAL HOSPITAL,107 SWIFT STREET,REFUGIO,TX,78377,(361) 526-2321,STANDARD,,0,N/A,Not Available,0
RICE MEDICAL CENTER,600 SOUTH AUSTIN ROAD,EAGLE LAKE,TX,77434,(979) 234-5571,STANDARD,,0,N/A,Not Available,0
RICELAND MEDICAL CENTER,538 BROADWAY,WINNIE,TX,77665,(409) 296-6000,STANDARD,,0,N/A,Not Available,1
SAINT CAMILLUS MEDICAL CENTER,1612 HURST TOWN CENTER DRIVE,HURST,TX,76054,(817) 519-3700,STANDARD,HAC_PENALIZED,0,N/A,Not Available,0
SEYMOUR HOSPITAL,200 STADIUM DRIVE,SEYMOUR,TX,76380,(940) 889-5572,STANDARD,,0,N/A,Not Available,1
SHAMROCK GENERAL HOSPITAL,1000 SOUTH MAIN STREET,SHAMROCK,TX,79079,(806) 256-2114,STANDARD,,0,N/A,Not Available,0
SHRINERS HOSPITALS FOR CHILDREN,815 MARKET STREET,GALVESTON,TX,77550,(409) 770-6600,STANDARD,,0,N/A,Not Available,0
ST MICHAELS MEDICAL HOSPITAL LLC,"16000 SOUTHWEST FREEWAY, SUITE 100",SUGAR LAND,TX,77479,(281) 980-4357,STANDARD,,0,N/A,Not Available,0
STARR COUNTY MEMORIAL HOSPITAL,128  N FM RD 3167,RIO GRANDE CITY,TX,78582,(956) 487-5561,STANDARD,HAC_PENALIZED,0,N/A,Not Available,0
STEPHENS MEMORIAL HOSPITAL,200 SOUTH GENEVA STREET,BRECKENRIDGE,TX,76424,(254) 559-2241,STANDARD,,0,N/A,Not Available,0
STONEWALL MEMORIAL HOSPITAL DISTRICT,821 NORTH BROADWAY,ASPERMONT,TX,79502,(940) 989-3551,STANDARD,,0,N/A,Not Available,0
SURGERY SPECIALTY HOSPITALS OF AMERICA SE HOUSTON,4301 B VISTA,PASADENA,TX,77504,(713) 378-3000,STANDARD,,0,N/A,Not Available,0
SWEENY COMMUNITY HOSPITAL,305 NORTH MCKINNEY,SWEENY,TX,77480,(979) 548-3311,STANDARD,,0,N/A,Not Available,1
SWISHER MEMORIAL HOSPITAL,539 SOUTHEAST 2ND,TULIA,TX,79088,(806) 995-3581,STANDARD,,0,N/A,Not Available,1
TEXAS CENTER FOR INFECTIOUS DISEASE,2303 SE MILITARY DR P O BOX 23340,SAN ANTONIO,TX,78223,(210) 534-8857,STANDARD,HAC_PENALIZED,0,N/A,Not Available,0
TEXAS CHILDRENS HOSPITAL,6621 FANNIN STREET,HOUSTON,TX,77030,(832) 824-1000,STANDARD,,0,N/A,Not Available,0
TEXAS CHILDRENS HOSPITAL NORTH AUSTIN CAMPUS,9835 NORTH LAKE CREEK PARKWAY BLDG A,AUSTIN,TX,78717,(832) 824-1100,STANDARD,,0,N/A,Not Available,0
TEXAS SCOTTISH RITE HOSPITAL FOR CHILDREN,2222 WELBORN STREET,DALLAS,TX,75219,(214) 559-5000,STANDARD,,0,N/A,Not Available,0
THE HEART HOSPITAL BAYLOR DENTON,2801 SOUTH MAYHILL ROAD,DENTON,TX,76208,(940) 220-0600,STANDARD,,0,N/A,Not Available,0
THROCKMORTON COUNTY MEMORIAL HOSPITAL,802 N MINTER AVENUE,THROCKMORTON,TX,76483,(940) 849-2151,STANDARD,,0,N/A,Not Available,0
TOWNSEN MEMORIAL HOSPITAL,1475 FM 1960 BYPASS E,HUMBLE,TX,77338,(281) 369-9001,STANDARD,,0,N/A,Not Available,1
TYLER COUNTY HOSPITAL,1100 WEST BLUFF,WOODVILLE,TX,75979,(409) 283-8141,STANDARD,,0,N/A,Not Available,2
WADLEY REGIONAL MEDICAL CENTER,1000 PINE STREET,TEXARKANA,TX,75501,(903) 798-8000,STANDARD,,0,N/A,Not Available,0
WESTOVER HILLS BAPTIST HOSPITAL,3011 W LOOP 1604 N,SAN ANTONIO,TX,78251,(726) 266-8100,STANDARD,,0,N/A,Not Available,2
WINKLER COUNTY MEMORIAL HOSPITAL,821 JEFFEE DRIVE,KERMIT,TX,79745,(432) 586-5865,STANDARD,,0,N/A,Not Available,0
BEAVER VALLEY HOSPITAL,1109 NORTH 100 WEST,BEAVER,UT,84713,(435) 438-7100,STANDARD,,0,N/A,Not Available,0
BLUE MOUNTAIN HOSPITAL,802 SOUTH 200 WEST,BLANDING,UT,84511,(435) 678-3993,STANDARD,,0,N/A,Not Available,0
GUNNISON VALLEY HOSPITAL,64 EAST 100 NORTH,GUNNISON,UT,84634,(435) 528-2114,STANDARD,,0,N/A,Not Available,2
KANE COUNTY HOSPITAL,355 NORTH MAIN STREET,KANAB,UT,84741,(435) 644-5811,STANDARD,,0,N/A,Not Available,1
MOAB REGIONAL HOSPITAL,450 WEST WILLIAMS WAY,MOAB,UT,84532,(435) 719-3500,STANDARD,,0,N/A,Not Available,2
OREM COMMUNITY HOSPITAL,331 NORTH 400 WEST,OREM,UT,84057,(801) 714-3307,STANDARD,,0,N/A,Not Available,2
PRIMARY CHILDREN'S HOSPITAL,100 NORTH MARIO CAPECCHI DRIVE,SALT LAKE CITY,UT,84113,(801) 662-1000,STANDARD,,0,N/A,Not Available,0
BON SECOURS SOUTHERN VIRGINIA MEDICAL CENTER,727 NORTH MAIN STREET,EMPORIA,VA,23847,(434) 348-4400,STANDARD,,0,N/A,Not Available,3
CHILDRENS HOSPITAL OF THE KINGS DAUGHTERS INC,601 CHILDREN'S LANE,NORFOLK,VA,23507,(757) 668-9647,STANDARD,,0,N/A,Not Available,0
CUMBERLAND HOSPITAL LLC,9407 CUMBERLAND ROAD,NEW KENT,VA,23124,(804) 966-2242,STANDARD,,0,N/A,Not Available,0
DICKENSON COMMUNITY HOSPITAL,312 HOSPITAL DRIVE,CLINTWOOD,VA,24228,(276) 926-0300,STANDARD,,0,N/A,Not Available,0
RAPPAHANNOCK GENERAL HOSPITAL,101 HARRIS ROAD,KILMARNOCK,VA,22482,(804) 435-8000,STANDARD,,0,N/A,Not Available,4
GIFFORD MEDICAL CENTER,44 SOUTH MAIN STREET,RANDOLPH,VT,5060,(802) 728-4441,STANDARD,,0,N/A,Not Available,1
GRACE COTTAGE HOSPITAL,po box 216,TOWNSHEND,VT,5353,(802) 365-7920,STANDARD,,0,N/A,Not Available,1
NORTH COUNTRY HOSPITAL AND HEALTH CENTER,189 PROUTY DRIVE,NEWPORT,VT,5855,(802) 334-7331,STANDARD,,0,N/A,Not Available,2
SPRINGFIELD HOSPITAL,PO BOX 2003,SPRINGFIELD,VT,5156,(802) 885-2151,STANDARD,,0,N/A,Not Available,3
CASCADE MEDICAL CENTER,817 COMMERCIAL STREET,LEAVENWORTH,WA,98826,(509) 548-5815,STANDARD,,0,N/A,Not Available,1
COLUMBIA BASIN HOSPITAL,200 NAT WASHINGTON WAY,EPHRATA,WA,98823,(509) 754-4631,STANDARD,,0,N/A,Not Available,1
DAYTON GENERAL HOSPITAL,1012 SOUTH 3RD STREET,DAYTON,WA,99328,(509) 382-2531,STANDARD,,0,N/A,Not Available,2
FERRY COUNTY MEMORIAL HOSPITAL,36 KLONDIKE ROAD,REPUBLIC,WA,99166,(509) 775-3333,STANDARD,,0,N/A,Not Available,1
GARFIELD COUNTY PUBLIC HOSPITAL DISTRICT #1,66 NORTH SIXTH STREET,POMEROY,WA,99347,(509) 843-1591,STANDARD,,0,N/A,Not Available,1
KLICKITAT VALLEY HOSPITAL,310 SOUTH ROOSEVELT,GOLDENDALE,WA,98620,(509) 773-4022,STANDARD,,0,N/A,Not Available,2
LAKE CHELAN COMMUNITY HOSPITAL,110 S APPLE BLOSSOM DR,CHELAN,WA,98816,(509) 682-3300,STANDARD,,0,N/A,Not Available,4
LOURDES MEDICAL CENTER,520 N FOURTH AVENUE,PASCO,WA,99301,(509) 546-2278,STANDARD,,0,N/A,Not Available,3
MARY BRIDGE CHILDREN'S HOSPITAL,317 MARTIN LUTHER KING JR W BOX 5299,TACOMA,WA,98415,(253) 403-1400,STANDARD,,0,N/A,Not Available,0
NEWPORT COMMUNITY HOSPITAL,714 WEST PINE STREET,NEWPORT,WA,99156,(509) 447-2441,STANDARD,,0,N/A,Not Available,7
SEATTLE CHILDREN'S HOSPITAL,"4800 SAND POINT WAY NE, PO BOX C-5371",SEATTLE,WA,98105,(206) 987-2000,STANDARD,,0,N/A,Not Available,3
SHRINERS HOSPITAL FOR CHILDREN,911 WEST 5TH AVENUE,SPOKANE,WA,99204,(509) 623-0422,STANDARD,,0,N/A,Not Available,0
SUMMIT PACIFIC MEDICAL CENTER,600 EAST MAIN STREET,ELMA,WA,98541,(360) 346-2222,STANDARD,,0,N/A,Not Available,3
TRI-STATE MEMORIAL HOSPITAL,1221 HIGHLAND AVENUE,CLARKSTON,WA,99403,(509) 758-5511,STANDARD,,0,N/A,Not Available,4
CHILDRENS HOSPITAL OF WISCONSIN,9000 W WISCONSIN AVE,MILWAUKEE,WI,53226,(414) 266-3954,STANDARD,,0,N/A,Not Available,0
CHILDRENS HOSPITAL OF WISCONSIN FOX VALLEY,130 SECOND ST,NEENAH,WI,54956,(920) 969-7900,STANDARD,,0,N/A,Not Available,0
CHIPPEWA VALLEY HOSPITAL,1220 3RD AVE W,DURAND,WI,54736,(715) 672-4211,STANDARD,,0,N/A,Not Available,1
WESTERN WISCONSIN HEALTH,730 10TH AVE,BALDWIN,WI,54002,(715) 684-1111,STANDARD,,0,N/A,Not Available,2
THOMAS MEMORIAL HOSPITAL,4605 MACCORKLE AVENUE SW,SOUTH CHARLESTON,WV,25309,(304) 766-3600,STANDARD,HAC_PENALIZED,0,N/A,Not Available,5
WEBSTER MEMORIAL HOSPITAL,125 DIANA DRIVE,WEBSTER SPRINGS,WV,26288,(304) 847-5682,STANDARD,,0,N/A,Not Available,0
WILLIAMSON MEMORIAL INC,859 ALDERSON ST,WILLIAMSON,WV,25661,(304) 235-2500,STANDARD,,0,N/A,Not Available,0
